trip_id,vehicle_id,route_id,stop_id,stop_sequence,arrival_time,departure_time
м3-20260923-000,vehicle-742,м3,10707555437,1,2026-09-23T07:00:00Z,2026-09-23T07:00:30Z
м3-20260923-000,vehicle-742,м3,10702781016,2,2026-09-23T07:01:24Z,2026-09-23T07:01:54Z
м3-20260923-000,vehicle-742,м3,1383980899,3,2026-09-23T07:02:55Z,2026-09-23T07:03:25Z
м3-20260923-000,vehicle-742,м3,1383980929,4,2026-09-23T07:04:39Z,2026-09-23T07:05:09Z
м3-20260923-000,vehicle-742,м3,1373930865,5,2026-09-23T07:06:00Z,2026-09-23T07:06:30Z
м3-20260923-000,vehicle-742,м3,10703096932,6,2026-09-23T07:07:19Z,2026-09-23T07:07:49Z
м3-20260923-000,vehicle-742,м3,10707555493,7,2026-09-23T07:08:31Z,2026-09-23T07:09:01Z
м3-20260923-000,vehicle-742,м3,10707555492,8,2026-09-23T07:09:30Z,2026-09-23T07:10:00Z
м3-20260923-000,vehicle-742,м3,10707555490,9,2026-09-23T07:10:38Z,2026-09-23T07:11:08Z
м3-20260923-000,vehicle-742,м3,10707555486,10,2026-09-23T07:11:49Z,2026-09-23T07:12:19Z
м3-20260923-000,vehicle-742,м3,3206635914,11,2026-09-23T07:12:50Z,2026-09-23T07:13:20Z
м3-20260923-000,vehicle-742,м3,7935565268,12,2026-09-23T07:13:44Z,2026-09-23T07:14:14Z
м3-20260923-000,vehicle-742,м3,10703241118,13,2026-09-23T07:15:20Z,2026-09-23T07:15:50Z
м3-20260923-000,vehicle-742,м3,10703241115,14,2026-09-23T07:16:41Z,2026-09-23T07:17:11Z
м3-20260923-000,vehicle-742,м3,10703241112,15,2026-09-23T07:17:48Z,2026-09-23T07:18:18Z
м3-20260923-000,vehicle-742,м3,256021218,16,2026-09-23T07:19:04Z,2026-09-23T07:19:34Z
м3-20260923-000,vehicle-742,м3,3048754295,17,2026-09-23T07:20:14Z,2026-09-23T07:20:44Z
м3-20260923-000,vehicle-742,м3,3048753691,18,2026-09-23T07:21:38Z,2026-09-23T07:22:08Z
м3-20260923-000,vehicle-742,м3,10707555485,19,2026-09-23T07:23:01Z,2026-09-23T07:23:31Z
м3-20260923-000,vehicle-742,м3,10707555483,20,2026-09-23T07:24:24Z,2026-09-23T07:24:54Z
м3-20260923-000,vehicle-742,м3,336215380,21,2026-09-23T07:25:41Z,2026-09-23T07:26:11Z
м3-20260923-000,vehicle-742,м3,10707555443,22,2026-09-23T07:26:53Z,2026-09-23T07:27:23Z
м3-20260923-000,vehicle-742,м3,4436980877,23,2026-09-23T07:28:12Z,2026-09-23T07:28:42Z
м3-20260923-000,vehicle-742,м3,10030517809,24,2026-09-23T07:29:57Z,2026-09-23T07:30:27Z
м3-20260923-000,vehicle-742,м3,5279327451,25,2026-09-23T07:30:49Z,2026-09-23T07:31:19Z
м3-20260923-000,vehicle-742,м3,5279327450,26,2026-09-23T07:32:22Z,2026-09-23T07:32:52Z
м3-20260923-000,vehicle-742,м3,1402324087,27,2026-09-23T07:33:46Z,2026-09-23T07:34:16Z
м3-20260923-000,vehicle-742,м3,10740305146,28,2026-09-23T07:34:56Z,2026-09-23T07:35:26Z
м3-20260923-000,vehicle-742,м3,10740305145,29,2026-09-23T07:36:10Z,2026-09-23T07:36:40Z
м3-20260923-000,vehicle-742,м3,10601114149,30,2026-09-23T07:37:30Z,2026-09-23T07:38:00Z
м3-20260923-000,vehicle-742,м3,1456333360,31,2026-09-23T07:38:33Z,2026-09-23T07:39:03Z
м3-20260923-000,vehicle-742,м3,1456333361,32,2026-09-23T07:39:54Z,2026-09-23T07:40:24Z
м3-20260923-000,vehicle-742,м3,10879083010,33,2026-09-23T07:41:26Z,2026-09-23T07:41:56Z
м3-20260923-000,vehicle-742,м3,1456333365,34,2026-09-23T07:42:19Z,2026-09-23T07:42:49Z
м3-20260923-000,vehicle-742,м3,1456333369,35,2026-09-23T07:43:42Z,2026-09-23T07:44:12Z
м3-20260923-000,vehicle-742,м3,1456333356,36,2026-09-23T07:45:37Z,2026-09-23T07:46:07Z
м3-20260923-000,vehicle-742,м3,6242129325,37,2026-09-23T07:52:12Z,2026-09-23T07:52:42Z
м3-20260923-000,vehicle-742,м3,1456333357,38,2026-09-23T07:53:23Z,2026-09-23T07:53:53Z
м3-20260923-000,vehicle-742,м3,612522387,39,2026-09-23T07:54:17Z,2026-09-23T07:54:47Z
м3-20260923-000,vehicle-742,м3,1390556596,40,2026-09-23T07:57:49Z,2026-09-23T07:58:19Z
м3-20260923-000,vehicle-742,м3,1390556629,41,2026-09-23T07:59:21Z,2026-09-23T07:59:51Z
м3-20260923-000,vehicle-742,м3,1965401179,42,2026-09-23T08:00:47Z,2026-09-23T08:01:17Z
м3-20260923-000,vehicle-742,м3,1390556607,43,2026-09-23T08:01:50Z,2026-09-23T08:02:20Z
м3-20260923-000,vehicle-742,м3,2026719241,44,2026-09-23T08:02:51Z,2026-09-23T08:03:21Z
м3-20260923-000,vehicle-742,м3,12959534601,45,2026-09-23T08:04:12Z,2026-09-23T08:04:42Z
м3-20260923-001,vehicle-801,м3,10707555437,1,2026-09-23T06:56:30Z,2026-09-23T06:57:00Z
м3-20260923-001,vehicle-801,м3,10702781016,2,2026-09-23T06:57:54Z,2026-09-23T06:58:24Z
м3-20260923-001,vehicle-801,м3,1383980899,3,2026-09-23T06:59:25Z,2026-09-23T06:59:55Z
м3-20260923-001,vehicle-801,м3,1383980929,4,2026-09-23T07:01:09Z,2026-09-23T07:01:39Z
м3-20260923-001,vehicle-801,м3,1373930865,5,2026-09-23T07:02:30Z,2026-09-23T07:03:00Z
м3-20260923-001,vehicle-801,м3,10703096932,6,2026-09-23T07:03:49Z,2026-09-23T07:04:19Z
м3-20260923-001,vehicle-801,м3,10707555493,7,2026-09-23T07:05:01Z,2026-09-23T07:05:31Z
м3-20260923-001,vehicle-801,м3,10707555492,8,2026-09-23T07:06:00Z,2026-09-23T07:06:30Z
м3-20260923-001,vehicle-801,м3,10707555490,9,2026-09-23T07:07:08Z,2026-09-23T07:07:38Z
м3-20260923-001,vehicle-801,м3,10707555486,10,2026-09-23T07:08:19Z,2026-09-23T07:08:49Z
м3-20260923-001,vehicle-801,м3,3206635914,11,2026-09-23T07:09:20Z,2026-09-23T07:09:50Z
м3-20260923-001,vehicle-801,м3,7935565268,12,2026-09-23T07:10:14Z,2026-09-23T07:10:44Z
м3-20260923-001,vehicle-801,м3,10703241118,13,2026-09-23T07:11:50Z,2026-09-23T07:12:20Z
м3-20260923-001,vehicle-801,м3,10703241115,14,2026-09-23T07:13:11Z,2026-09-23T07:13:41Z
м3-20260923-001,vehicle-801,м3,10703241112,15,2026-09-23T07:14:18Z,2026-09-23T07:14:48Z
м3-20260923-001,vehicle-801,м3,256021218,16,2026-09-23T07:15:34Z,2026-09-23T07:16:04Z
м3-20260923-001,vehicle-801,м3,3048754295,17,2026-09-23T07:16:44Z,2026-09-23T07:17:14Z
м3-20260923-001,vehicle-801,м3,3048753691,18,2026-09-23T07:18:08Z,2026-09-23T07:18:38Z
м3-20260923-001,vehicle-801,м3,10707555485,19,2026-09-23T07:19:31Z,2026-09-23T07:20:01Z
м3-20260923-001,vehicle-801,м3,10707555483,20,2026-09-23T07:20:54Z,2026-09-23T07:21:24Z
м3-20260923-001,vehicle-801,м3,336215380,21,2026-09-23T07:22:11Z,2026-09-23T07:22:41Z
м3-20260923-001,vehicle-801,м3,10707555443,22,2026-09-23T07:23:23Z,2026-09-23T07:23:53Z
м3-20260923-001,vehicle-801,м3,4436980877,23,2026-09-23T07:24:42Z,2026-09-23T07:25:12Z
м3-20260923-001,vehicle-801,м3,10030517809,24,2026-09-23T07:26:27Z,2026-09-23T07:26:57Z
м3-20260923-001,vehicle-801,м3,5279327451,25,2026-09-23T07:27:19Z,2026-09-23T07:27:49Z
м3-20260923-001,vehicle-801,м3,5279327450,26,2026-09-23T07:28:52Z,2026-09-23T07:29:22Z
м3-20260923-001,vehicle-801,м3,1402324087,27,2026-09-23T07:30:16Z,2026-09-23T07:30:46Z
м3-20260923-001,vehicle-801,м3,10740305146,28,2026-09-23T07:31:26Z,2026-09-23T07:31:56Z
м3-20260923-001,vehicle-801,м3,10740305145,29,2026-09-23T07:32:40Z,2026-09-23T07:33:10Z
м3-20260923-001,vehicle-801,м3,10601114149,30,2026-09-23T07:34:00Z,2026-09-23T07:34:30Z
м3-20260923-001,vehicle-801,м3,1456333360,31,2026-09-23T07:35:03Z,2026-09-23T07:35:33Z
м3-20260923-001,vehicle-801,м3,1456333361,32,2026-09-23T07:36:24Z,2026-09-23T07:36:54Z
м3-20260923-001,vehicle-801,м3,10879083010,33,2026-09-23T07:37:56Z,2026-09-23T07:38:26Z
м3-20260923-001,vehicle-801,м3,1456333365,34,2026-09-23T07:38:49Z,2026-09-23T07:39:19Z
м3-20260923-001,vehicle-801,м3,1456333369,35,2026-09-23T07:40:12Z,2026-09-23T07:40:42Z
м3-20260923-001,vehicle-801,м3,1456333356,36,2026-09-23T07:42:07Z,2026-09-23T07:42:37Z
м3-20260923-001,vehicle-801,м3,6242129325,37,2026-09-23T07:48:42Z,2026-09-23T07:49:12Z
м3-20260923-001,vehicle-801,м3,1456333357,38,2026-09-23T07:49:53Z,2026-09-23T07:50:23Z
м3-20260923-001,vehicle-801,м3,612522387,39,2026-09-23T07:50:47Z,2026-09-23T07:51:17Z
м3-20260923-001,vehicle-801,м3,1390556596,40,2026-09-23T07:54:19Z,2026-09-23T07:54:49Z
м3-20260923-001,vehicle-801,м3,1390556629,41,2026-09-23T07:55:51Z,2026-09-23T07:56:21Z
м3-20260923-001,vehicle-801,м3,1965401179,42,2026-09-23T07:57:17Z,2026-09-23T07:57:47Z
м3-20260923-001,vehicle-801,м3,1390556607,43,2026-09-23T07:58:20Z,2026-09-23T07:58:50Z
м3-20260923-001,vehicle-801,м3,2026719241,44,2026-09-23T07:59:21Z,2026-09-23T07:59:51Z
м3-20260923-001,vehicle-801,м3,12959534601,45,2026-09-23T08:00:42Z,2026-09-23T08:01:12Z
м3-20260923-002,vehicle-802,м3,10707555437,1,2026-09-23T06:53:00Z,2026-09-23T06:53:30Z
м3-20260923-002,vehicle-802,м3,10702781016,2,2026-09-23T06:54:24Z,2026-09-23T06:54:54Z
м3-20260923-002,vehicle-802,м3,1383980899,3,2026-09-23T06:55:55Z,2026-09-23T06:56:25Z
м3-20260923-002,vehicle-802,м3,1383980929,4,2026-09-23T06:57:39Z,2026-09-23T06:58:09Z
м3-20260923-002,vehicle-802,м3,1373930865,5,2026-09-23T06:59:00Z,2026-09-23T06:59:30Z
м3-20260923-002,vehicle-802,м3,10703096932,6,2026-09-23T07:00:19Z,2026-09-23T07:00:49Z
м3-20260923-002,vehicle-802,м3,10707555493,7,2026-09-23T07:01:31Z,2026-09-23T07:02:01Z
м3-20260923-002,vehicle-802,м3,10707555492,8,2026-09-23T07:02:30Z,2026-09-23T07:03:00Z
м3-20260923-002,vehicle-802,м3,10707555490,9,2026-09-23T07:03:38Z,2026-09-23T07:04:08Z
м3-20260923-002,vehicle-802,м3,10707555486,10,2026-09-23T07:04:49Z,2026-09-23T07:05:19Z
м3-20260923-002,vehicle-802,м3,3206635914,11,2026-09-23T07:05:50Z,2026-09-23T07:06:20Z
м3-20260923-002,vehicle-802,м3,7935565268,12,2026-09-23T07:06:44Z,2026-09-23T07:07:14Z
м3-20260923-002,vehicle-802,м3,10703241118,13,2026-09-23T07:08:20Z,2026-09-23T07:08:50Z
м3-20260923-002,vehicle-802,м3,10703241115,14,2026-09-23T07:09:41Z,2026-09-23T07:10:11Z
м3-20260923-002,vehicle-802,м3,10703241112,15,2026-09-23T07:10:48Z,2026-09-23T07:11:18Z
м3-20260923-002,vehicle-802,м3,256021218,16,2026-09-23T07:12:04Z,2026-09-23T07:12:34Z
м3-20260923-002,vehicle-802,м3,3048754295,17,2026-09-23T07:13:14Z,2026-09-23T07:13:44Z
м3-20260923-002,vehicle-802,м3,3048753691,18,2026-09-23T07:14:38Z,2026-09-23T07:15:08Z
м3-20260923-002,vehicle-802,м3,10707555485,19,2026-09-23T07:16:01Z,2026-09-23T07:16:31Z
м3-20260923-002,vehicle-802,м3,10707555483,20,2026-09-23T07:17:24Z,2026-09-23T07:17:54Z
м3-20260923-002,vehicle-802,м3,336215380,21,2026-09-23T07:18:41Z,2026-09-23T07:19:11Z
м3-20260923-002,vehicle-802,м3,10707555443,22,2026-09-23T07:19:53Z,2026-09-23T07:20:23Z
м3-20260923-002,vehicle-802,м3,4436980877,23,2026-09-23T07:21:12Z,2026-09-23T07:21:42Z
м3-20260923-002,vehicle-802,м3,10030517809,24,2026-09-23T07:22:57Z,2026-09-23T07:23:27Z
м3-20260923-002,vehicle-802,м3,5279327451,25,2026-09-23T07:23:49Z,2026-09-23T07:24:19Z
м3-20260923-002,vehicle-802,м3,5279327450,26,2026-09-23T07:25:22Z,2026-09-23T07:25:52Z
м3-20260923-002,vehicle-802,м3,1402324087,27,2026-09-23T07:26:46Z,2026-09-23T07:27:16Z
м3-20260923-002,vehicle-802,м3,10740305146,28,2026-09-23T07:27:56Z,2026-09-23T07:28:26Z
м3-20260923-002,vehicle-802,м3,10740305145,29,2026-09-23T07:29:10Z,2026-09-23T07:29:40Z
м3-20260923-002,vehicle-802,м3,10601114149,30,2026-09-23T07:30:30Z,2026-09-23T07:31:00Z
м3-20260923-002,vehicle-802,м3,1456333360,31,2026-09-23T07:31:33Z,2026-09-23T07:32:03Z
м3-20260923-002,vehicle-802,м3,1456333361,32,2026-09-23T07:32:54Z,2026-09-23T07:33:24Z
м3-20260923-002,vehicle-802,м3,10879083010,33,2026-09-23T07:34:26Z,2026-09-23T07:34:56Z
м3-20260923-002,vehicle-802,м3,1456333365,34,2026-09-23T07:35:19Z,2026-09-23T07:35:49Z
м3-20260923-002,vehicle-802,м3,1456333369,35,2026-09-23T07:36:42Z,2026-09-23T07:37:12Z
м3-20260923-002,vehicle-802,м3,1456333356,36,2026-09-23T07:38:37Z,2026-09-23T07:39:07Z
м3-20260923-002,vehicle-802,м3,6242129325,37,2026-09-23T07:45:12Z,2026-09-23T07:45:42Z
м3-20260923-002,vehicle-802,м3,1456333357,38,2026-09-23T07:46:23Z,2026-09-23T07:46:53Z
м3-20260923-002,vehicle-802,м3,612522387,39,2026-09-23T07:47:17Z,2026-09-23T07:47:47Z
м3-20260923-002,vehicle-802,м3,1390556596,40,2026-09-23T07:50:49Z,2026-09-23T07:51:19Z
м3-20260923-002,vehicle-802,м3,1390556629,41,2026-09-23T07:52:21Z,2026-09-23T07:52:51Z
м3-20260923-002,vehicle-802,м3,1965401179,42,2026-09-23T07:53:47Z,2026-09-23T07:54:17Z
м3-20260923-002,vehicle-802,м3,1390556607,43,2026-09-23T07:54:50Z,2026-09-23T07:55:20Z
м3-20260923-002,vehicle-802,м3,2026719241,44,2026-09-23T07:55:51Z,2026-09-23T07:56:21Z
м3-20260923-002,vehicle-802,м3,12959534601,45,2026-09-23T07:57:12Z,2026-09-23T07:57:42Z
м3-20260923-003,vehicle-803,м3,10707555437,1,2026-09-23T06:49:30Z,2026-09-23T06:50:00Z
м3-20260923-003,vehicle-803,м3,10702781016,2,2026-09-23T06:50:54Z,2026-09-23T06:51:24Z
м3-20260923-003,vehicle-803,м3,1383980899,3,2026-09-23T06:52:25Z,2026-09-23T06:52:55Z
м3-20260923-003,vehicle-803,м3,1383980929,4,2026-09-23T06:54:09Z,2026-09-23T06:54:39Z
м3-20260923-003,vehicle-803,м3,1373930865,5,2026-09-23T06:55:30Z,2026-09-23T06:56:00Z
м3-20260923-003,vehicle-803,м3,10703096932,6,2026-09-23T06:56:49Z,2026-09-23T06:57:19Z
м3-20260923-003,vehicle-803,м3,10707555493,7,2026-09-23T06:58:01Z,2026-09-23T06:58:31Z
м3-20260923-003,vehicle-803,м3,10707555492,8,2026-09-23T06:59:00Z,2026-09-23T06:59:30Z
м3-20260923-003,vehicle-803,м3,10707555490,9,2026-09-23T07:00:08Z,2026-09-23T07:00:38Z
м3-20260923-003,vehicle-803,м3,10707555486,10,2026-09-23T07:01:19Z,2026-09-23T07:01:49Z
м3-20260923-003,vehicle-803,м3,3206635914,11,2026-09-23T07:02:20Z,2026-09-23T07:02:50Z
м3-20260923-003,vehicle-803,м3,7935565268,12,2026-09-23T07:03:14Z,2026-09-23T07:03:44Z
м3-20260923-003,vehicle-803,м3,10703241118,13,2026-09-23T07:04:50Z,2026-09-23T07:05:20Z
м3-20260923-003,vehicle-803,м3,10703241115,14,2026-09-23T07:06:11Z,2026-09-23T07:06:41Z
м3-20260923-003,vehicle-803,м3,10703241112,15,2026-09-23T07:07:18Z,2026-09-23T07:07:48Z
м3-20260923-003,vehicle-803,м3,256021218,16,2026-09-23T07:08:34Z,2026-09-23T07:09:04Z
м3-20260923-003,vehicle-803,м3,3048754295,17,2026-09-23T07:09:44Z,2026-09-23T07:10:14Z
м3-20260923-003,vehicle-803,м3,3048753691,18,2026-09-23T07:11:08Z,2026-09-23T07:11:38Z
м3-20260923-003,vehicle-803,м3,10707555485,19,2026-09-23T07:12:31Z,2026-09-23T07:13:01Z
м3-20260923-003,vehicle-803,м3,10707555483,20,2026-09-23T07:13:54Z,2026-09-23T07:14:24Z
м3-20260923-003,vehicle-803,м3,336215380,21,2026-09-23T07:15:11Z,2026-09-23T07:15:41Z
м3-20260923-003,vehicle-803,м3,10707555443,22,2026-09-23T07:16:23Z,2026-09-23T07:16:53Z
м3-20260923-003,vehicle-803,м3,4436980877,23,2026-09-23T07:17:42Z,2026-09-23T07:18:12Z
м3-20260923-003,vehicle-803,м3,10030517809,24,2026-09-23T07:19:27Z,2026-09-23T07:19:57Z
м3-20260923-003,vehicle-803,м3,5279327451,25,2026-09-23T07:20:19Z,2026-09-23T07:20:49Z
м3-20260923-003,vehicle-803,м3,5279327450,26,2026-09-23T07:21:52Z,2026-09-23T07:22:22Z
м3-20260923-003,vehicle-803,м3,1402324087,27,2026-09-23T07:23:16Z,2026-09-23T07:23:46Z
м3-20260923-003,vehicle-803,м3,10740305146,28,2026-09-23T07:24:26Z,2026-09-23T07:24:56Z
м3-20260923-003,vehicle-803,м3,10740305145,29,2026-09-23T07:25:40Z,2026-09-23T07:26:10Z
м3-20260923-003,vehicle-803,м3,10601114149,30,2026-09-23T07:27:00Z,2026-09-23T07:27:30Z
м3-20260923-003,vehicle-803,м3,1456333360,31,2026-09-23T07:28:03Z,2026-09-23T07:28:33Z
м3-20260923-003,vehicle-803,м3,1456333361,32,2026-09-23T07:29:24Z,2026-09-23T07:29:54Z
м3-20260923-003,vehicle-803,м3,10879083010,33,2026-09-23T07:30:56Z,2026-09-23T07:31:26Z
м3-20260923-003,vehicle-803,м3,1456333365,34,2026-09-23T07:31:49Z,2026-09-23T07:32:19Z
м3-20260923-003,vehicle-803,м3,1456333369,35,2026-09-23T07:33:12Z,2026-09-23T07:33:42Z
м3-20260923-003,vehicle-803,м3,1456333356,36,2026-09-23T07:35:07Z,2026-09-23T07:35:37Z
м3-20260923-003,vehicle-803,м3,6242129325,37,2026-09-23T07:41:42Z,2026-09-23T07:42:12Z
м3-20260923-003,vehicle-803,м3,1456333357,38,2026-09-23T07:42:53Z,2026-09-23T07:43:23Z
м3-20260923-003,vehicle-803,м3,612522387,39,2026-09-23T07:43:47Z,2026-09-23T07:44:17Z
м3-20260923-003,vehicle-803,м3,1390556596,40,2026-09-23T07:47:19Z,2026-09-23T07:47:49Z
м3-20260923-003,vehicle-803,м3,1390556629,41,2026-09-23T07:48:51Z,2026-09-23T07:49:21Z
м3-20260923-003,vehicle-803,м3,1965401179,42,2026-09-23T07:50:17Z,2026-09-23T07:50:47Z
м3-20260923-003,vehicle-803,м3,1390556607,43,2026-09-23T07:51:20Z,2026-09-23T07:51:50Z
м3-20260923-003,vehicle-803,м3,2026719241,44,2026-09-23T07:52:21Z,2026-09-23T07:52:51Z
м3-20260923-003,vehicle-803,м3,12959534601,45,2026-09-23T07:53:42Z,2026-09-23T07:54:12Z
м3-20260923-004,vehicle-804,м3,10707555437,1,2026-09-23T06:46:00Z,2026-09-23T06:46:30Z
м3-20260923-004,vehicle-804,м3,10702781016,2,2026-09-23T06:47:24Z,2026-09-23T06:47:54Z
м3-20260923-004,vehicle-804,м3,1383980899,3,2026-09-23T06:48:55Z,2026-09-23T06:49:25Z
м3-20260923-004,vehicle-804,м3,1383980929,4,2026-09-23T06:50:39Z,2026-09-23T06:51:09Z
м3-20260923-004,vehicle-804,м3,1373930865,5,2026-09-23T06:52:00Z,2026-09-23T06:52:30Z
м3-20260923-004,vehicle-804,м3,10703096932,6,2026-09-23T06:53:19Z,2026-09-23T06:53:49Z
м3-20260923-004,vehicle-804,м3,10707555493,7,2026-09-23T06:54:31Z,2026-09-23T06:55:01Z
м3-20260923-004,vehicle-804,м3,10707555492,8,2026-09-23T06:55:30Z,2026-09-23T06:56:00Z
м3-20260923-004,vehicle-804,м3,10707555490,9,2026-09-23T06:56:38Z,2026-09-23T06:57:08Z
м3-20260923-004,vehicle-804,м3,10707555486,10,2026-09-23T06:57:49Z,2026-09-23T06:58:19Z
м3-20260923-004,vehicle-804,м3,3206635914,11,2026-09-23T06:58:50Z,2026-09-23T06:59:20Z
м3-20260923-004,vehicle-804,м3,7935565268,12,2026-09-23T06:59:44Z,2026-09-23T07:00:14Z
м3-20260923-004,vehicle-804,м3,10703241118,13,2026-09-23T07:01:20Z,2026-09-23T07:01:50Z
м3-20260923-004,vehicle-804,м3,10703241115,14,2026-09-23T07:02:41Z,2026-09-23T07:03:11Z
м3-20260923-004,vehicle-804,м3,10703241112,15,2026-09-23T07:03:48Z,2026-09-23T07:04:18Z
м3-20260923-004,vehicle-804,м3,256021218,16,2026-09-23T07:05:04Z,2026-09-23T07:05:34Z
м3-20260923-004,vehicle-804,м3,3048754295,17,2026-09-23T07:06:14Z,2026-09-23T07:06:44Z
м3-20260923-004,vehicle-804,м3,3048753691,18,2026-09-23T07:07:38Z,2026-09-23T07:08:08Z
м3-20260923-004,vehicle-804,м3,10707555485,19,2026-09-23T07:09:01Z,2026-09-23T07:09:31Z
м3-20260923-004,vehicle-804,м3,10707555483,20,2026-09-23T07:10:24Z,2026-09-23T07:10:54Z
м3-20260923-004,vehicle-804,м3,336215380,21,2026-09-23T07:11:41Z,2026-09-23T07:12:11Z
м3-20260923-004,vehicle-804,м3,10707555443,22,2026-09-23T07:12:53Z,2026-09-23T07:13:23Z
м3-20260923-004,vehicle-804,м3,4436980877,23,2026-09-23T07:14:12Z,2026-09-23T07:14:42Z
м3-20260923-004,vehicle-804,м3,10030517809,24,2026-09-23T07:15:57Z,2026-09-23T07:16:27Z
м3-20260923-004,vehicle-804,м3,5279327451,25,2026-09-23T07:16:49Z,2026-09-23T07:17:19Z
м3-20260923-004,vehicle-804,м3,5279327450,26,2026-09-23T07:18:22Z,2026-09-23T07:18:52Z
м3-20260923-004,vehicle-804,м3,1402324087,27,2026-09-23T07:19:46Z,2026-09-23T07:20:16Z
м3-20260923-004,vehicle-804,м3,10740305146,28,2026-09-23T07:20:56Z,2026-09-23T07:21:26Z
м3-20260923-004,vehicle-804,м3,10740305145,29,2026-09-23T07:22:10Z,2026-09-23T07:22:40Z
м3-20260923-004,vehicle-804,м3,10601114149,30,2026-09-23T07:23:30Z,2026-09-23T07:24:00Z
м3-20260923-004,vehicle-804,м3,1456333360,31,2026-09-23T07:24:33Z,2026-09-23T07:25:03Z
м3-20260923-004,vehicle-804,м3,1456333361,32,2026-09-23T07:25:54Z,2026-09-23T07:26:24Z
м3-20260923-004,vehicle-804,м3,10879083010,33,2026-09-23T07:27:26Z,2026-09-23T07:27:56Z
м3-20260923-004,vehicle-804,м3,1456333365,34,2026-09-23T07:28:19Z,2026-09-23T07:28:49Z
м3-20260923-004,vehicle-804,м3,1456333369,35,2026-09-23T07:29:42Z,2026-09-23T07:30:12Z
м3-20260923-004,vehicle-804,м3,1456333356,36,2026-09-23T07:31:37Z,2026-09-23T07:32:07Z
м3-20260923-004,vehicle-804,м3,6242129325,37,2026-09-23T07:38:12Z,2026-09-23T07:38:42Z
м3-20260923-004,vehicle-804,м3,1456333357,38,2026-09-23T07:39:23Z,2026-09-23T07:39:53Z
м3-20260923-004,vehicle-804,м3,612522387,39,2026-09-23T07:40:17Z,2026-09-23T07:40:47Z
м3-20260923-004,vehicle-804,м3,1390556596,40,2026-09-23T07:43:49Z,2026-09-23T07:44:19Z
м3-20260923-004,vehicle-804,м3,1390556629,41,2026-09-23T07:45:21Z,2026-09-23T07:45:51Z
м3-20260923-004,vehicle-804,м3,1965401179,42,2026-09-23T07:46:47Z,2026-09-23T07:47:17Z
м3-20260923-004,vehicle-804,м3,1390556607,43,2026-09-23T07:47:50Z,2026-09-23T07:48:20Z
м3-20260923-004,vehicle-804,м3,2026719241,44,2026-09-23T07:48:51Z,2026-09-23T07:49:21Z
м3-20260923-004,vehicle-804,м3,12959534601,45,2026-09-23T07:50:12Z,2026-09-23T07:50:42Z
м3-20260923-005,vehicle-805,м3,10707555437,1,2026-09-23T06:42:30Z,2026-09-23T06:43:00Z
м3-20260923-005,vehicle-805,м3,10702781016,2,2026-09-23T06:43:54Z,2026-09-23T06:44:24Z
м3-20260923-005,vehicle-805,м3,1383980899,3,2026-09-23T06:45:25Z,2026-09-23T06:45:55Z
м3-20260923-005,vehicle-805,м3,1383980929,4,2026-09-23T06:47:09Z,2026-09-23T06:47:39Z
м3-20260923-005,vehicle-805,м3,1373930865,5,2026-09-23T06:48:30Z,2026-09-23T06:49:00Z
м3-20260923-005,vehicle-805,м3,10703096932,6,2026-09-23T06:49:49Z,2026-09-23T06:50:19Z
м3-20260923-005,vehicle-805,м3,10707555493,7,2026-09-23T06:51:01Z,2026-09-23T06:51:31Z
м3-20260923-005,vehicle-805,м3,10707555492,8,2026-09-23T06:52:00Z,2026-09-23T06:52:30Z
м3-20260923-005,vehicle-805,м3,10707555490,9,2026-09-23T06:53:08Z,2026-09-23T06:53:38Z
м3-20260923-005,vehicle-805,м3,10707555486,10,2026-09-23T06:54:19Z,2026-09-23T06:54:49Z
м3-20260923-005,vehicle-805,м3,3206635914,11,2026-09-23T06:55:20Z,2026-09-23T06:55:50Z
м3-20260923-005,vehicle-805,м3,7935565268,12,2026-09-23T06:56:14Z,2026-09-23T06:56:44Z
м3-20260923-005,vehicle-805,м3,10703241118,13,2026-09-23T06:57:50Z,2026-09-23T06:58:20Z
м3-20260923-005,vehicle-805,м3,10703241115,14,2026-09-23T06:59:11Z,2026-09-23T06:59:41Z
м3-20260923-005,vehicle-805,м3,10703241112,15,2026-09-23T07:00:18Z,2026-09-23T07:00:48Z
м3-20260923-005,vehicle-805,м3,256021218,16,2026-09-23T07:01:34Z,2026-09-23T07:02:04Z
м3-20260923-005,vehicle-805,м3,3048754295,17,2026-09-23T07:02:44Z,2026-09-23T07:03:14Z
м3-20260923-005,vehicle-805,м3,3048753691,18,2026-09-23T07:04:08Z,2026-09-23T07:04:38Z
м3-20260923-005,vehicle-805,м3,10707555485,19,2026-09-23T07:05:31Z,2026-09-23T07:06:01Z
м3-20260923-005,vehicle-805,м3,10707555483,20,2026-09-23T07:06:54Z,2026-09-23T07:07:24Z
м3-20260923-005,vehicle-805,м3,336215380,21,2026-09-23T07:08:11Z,2026-09-23T07:08:41Z
м3-20260923-005,vehicle-805,м3,10707555443,22,2026-09-23T07:09:23Z,2026-09-23T07:09:53Z
м3-20260923-005,vehicle-805,м3,4436980877,23,2026-09-23T07:10:42Z,2026-09-23T07:11:12Z
м3-20260923-005,vehicle-805,м3,10030517809,24,2026-09-23T07:12:27Z,2026-09-23T07:12:57Z
м3-20260923-005,vehicle-805,м3,5279327451,25,2026-09-23T07:13:19Z,2026-09-23T07:13:49Z
м3-20260923-005,vehicle-805,м3,5279327450,26,2026-09-23T07:14:52Z,2026-09-23T07:15:22Z
м3-20260923-005,vehicle-805,м3,1402324087,27,2026-09-23T07:16:16Z,2026-09-23T07:16:46Z
м3-20260923-005,vehicle-805,м3,10740305146,28,2026-09-23T07:17:26Z,2026-09-23T07:17:56Z
м3-20260923-005,vehicle-805,м3,10740305145,29,2026-09-23T07:18:40Z,2026-09-23T07:19:10Z
м3-20260923-005,vehicle-805,м3,10601114149,30,2026-09-23T07:20:00Z,2026-09-23T07:20:30Z
м3-20260923-005,vehicle-805,м3,1456333360,31,2026-09-23T07:21:03Z,2026-09-23T07:21:33Z
м3-20260923-005,vehicle-805,м3,1456333361,32,2026-09-23T07:22:24Z,2026-09-23T07:22:54Z
м3-20260923-005,vehicle-805,м3,10879083010,33,2026-09-23T07:23:56Z,2026-09-23T07:24:26Z
м3-20260923-005,vehicle-805,м3,1456333365,34,2026-09-23T07:24:49Z,2026-09-23T07:25:19Z
м3-20260923-005,vehicle-805,м3,1456333369,35,2026-09-23T07:26:12Z,2026-09-23T07:26:42Z
м3-20260923-005,vehicle-805,м3,1456333356,36,2026-09-23T07:28:07Z,2026-09-23T07:28:37Z
м3-20260923-005,vehicle-805,м3,6242129325,37,2026-09-23T07:34:42Z,2026-09-23T07:35:12Z
м3-20260923-005,vehicle-805,м3,1456333357,38,2026-09-23T07:35:53Z,2026-09-23T07:36:23Z
м3-20260923-005,vehicle-805,м3,612522387,39,2026-09-23T07:36:47Z,2026-09-23T07:37:17Z
м3-20260923-005,vehicle-805,м3,1390556596,40,2026-09-23T07:40:19Z,2026-09-23T07:40:49Z
м3-20260923-005,vehicle-805,м3,1390556629,41,2026-09-23T07:41:51Z,2026-09-23T07:42:21Z
м3-20260923-005,vehicle-805,м3,1965401179,42,2026-09-23T07:43:17Z,2026-09-23T07:43:47Z
м3-20260923-005,vehicle-805,м3,1390556607,43,2026-09-23T07:44:20Z,2026-09-23T07:44:50Z
м3-20260923-005,vehicle-805,м3,2026719241,44,2026-09-23T07:45:21Z,2026-09-23T07:45:51Z
м3-20260923-005,vehicle-805,м3,12959534601,45,2026-09-23T07:46:42Z,2026-09-23T07:47:12Z
м3-20260923-006,vehicle-806,м3,10707555437,1,2026-09-23T06:39:00Z,2026-09-23T06:39:30Z
м3-20260923-006,vehicle-806,м3,10702781016,2,2026-09-23T06:40:24Z,2026-09-23T06:40:54Z
м3-20260923-006,vehicle-806,м3,1383980899,3,2026-09-23T06:41:55Z,2026-09-23T06:42:25Z
м3-20260923-006,vehicle-806,м3,1383980929,4,2026-09-23T06:43:39Z,2026-09-23T06:44:09Z
м3-20260923-006,vehicle-806,м3,1373930865,5,2026-09-23T06:45:00Z,2026-09-23T06:45:30Z
м3-20260923-006,vehicle-806,м3,10703096932,6,2026-09-23T06:46:19Z,2026-09-23T06:46:49Z
м3-20260923-006,vehicle-806,м3,10707555493,7,2026-09-23T06:47:31Z,2026-09-23T06:48:01Z
м3-20260923-006,vehicle-806,м3,10707555492,8,2026-09-23T06:48:30Z,2026-09-23T06:49:00Z
м3-20260923-006,vehicle-806,м3,10707555490,9,2026-09-23T06:49:38Z,2026-09-23T06:50:08Z
м3-20260923-006,vehicle-806,м3,10707555486,10,2026-09-23T06:50:49Z,2026-09-23T06:51:19Z
м3-20260923-006,vehicle-806,м3,3206635914,11,2026-09-23T06:51:50Z,2026-09-23T06:52:20Z
м3-20260923-006,vehicle-806,м3,7935565268,12,2026-09-23T06:52:44Z,2026-09-23T06:53:14Z
м3-20260923-006,vehicle-806,м3,10703241118,13,2026-09-23T06:54:20Z,2026-09-23T06:54:50Z
м3-20260923-006,vehicle-806,м3,10703241115,14,2026-09-23T06:55:41Z,2026-09-23T06:56:11Z
м3-20260923-006,vehicle-806,м3,10703241112,15,2026-09-23T06:56:48Z,2026-09-23T06:57:18Z
м3-20260923-006,vehicle-806,м3,256021218,16,2026-09-23T06:58:04Z,2026-09-23T06:58:34Z
м3-20260923-006,vehicle-806,м3,3048754295,17,2026-09-23T06:59:14Z,2026-09-23T06:59:44Z
м3-20260923-006,vehicle-806,м3,3048753691,18,2026-09-23T07:00:38Z,2026-09-23T07:01:08Z
м3-20260923-006,vehicle-806,м3,10707555485,19,2026-09-23T07:02:01Z,2026-09-23T07:02:31Z
м3-20260923-006,vehicle-806,м3,10707555483,20,2026-09-23T07:03:24Z,2026-09-23T07:03:54Z
м3-20260923-006,vehicle-806,м3,336215380,21,2026-09-23T07:04:41Z,2026-09-23T07:05:11Z
м3-20260923-006,vehicle-806,м3,10707555443,22,2026-09-23T07:05:53Z,2026-09-23T07:06:23Z
м3-20260923-006,vehicle-806,м3,4436980877,23,2026-09-23T07:07:12Z,2026-09-23T07:07:42Z
м3-20260923-006,vehicle-806,м3,10030517809,24,2026-09-23T07:08:57Z,2026-09-23T07:09:27Z
м3-20260923-006,vehicle-806,м3,5279327451,25,2026-09-23T07:09:49Z,2026-09-23T07:10:19Z
м3-20260923-006,vehicle-806,м3,5279327450,26,2026-09-23T07:11:22Z,2026-09-23T07:11:52Z
м3-20260923-006,vehicle-806,м3,1402324087,27,2026-09-23T07:12:46Z,2026-09-23T07:13:16Z
м3-20260923-006,vehicle-806,м3,10740305146,28,2026-09-23T07:13:56Z,2026-09-23T07:14:26Z
м3-20260923-006,vehicle-806,м3,10740305145,29,2026-09-23T07:15:10Z,2026-09-23T07:15:40Z
м3-20260923-006,vehicle-806,м3,10601114149,30,2026-09-23T07:16:30Z,2026-09-23T07:17:00Z
м3-20260923-006,vehicle-806,м3,1456333360,31,2026-09-23T07:17:33Z,2026-09-23T07:18:03Z
м3-20260923-006,vehicle-806,м3,1456333361,32,2026-09-23T07:18:54Z,2026-09-23T07:19:24Z
м3-20260923-006,vehicle-806,м3,10879083010,33,2026-09-23T07:20:26Z,2026-09-23T07:20:56Z
м3-20260923-006,vehicle-806,м3,1456333365,34,2026-09-23T07:21:19Z,2026-09-23T07:21:49Z
м3-20260923-006,vehicle-806,м3,1456333369,35,2026-09-23T07:22:42Z,2026-09-23T07:23:12Z
м3-20260923-006,vehicle-806,м3,1456333356,36,2026-09-23T07:24:37Z,2026-09-23T07:25:07Z
м3-20260923-006,vehicle-806,м3,6242129325,37,2026-09-23T07:31:12Z,2026-09-23T07:31:42Z
м3-20260923-006,vehicle-806,м3,1456333357,38,2026-09-23T07:32:23Z,2026-09-23T07:32:53Z
м3-20260923-006,vehicle-806,м3,612522387,39,2026-09-23T07:33:17Z,2026-09-23T07:33:47Z
м3-20260923-006,vehicle-806,м3,1390556596,40,2026-09-23T07:36:49Z,2026-09-23T07:37:19Z
м3-20260923-006,vehicle-806,м3,1390556629,41,2026-09-23T07:38:21Z,2026-09-23T07:38:51Z
м3-20260923-006,vehicle-806,м3,1965401179,42,2026-09-23T07:39:47Z,2026-09-23T07:40:17Z
м3-20260923-006,vehicle-806,м3,1390556607,43,2026-09-23T07:40:50Z,2026-09-23T07:41:20Z
м3-20260923-006,vehicle-806,м3,2026719241,44,2026-09-23T07:41:51Z,2026-09-23T07:42:21Z
м3-20260923-006,vehicle-806,м3,12959534601,45,2026-09-23T07:43:12Z,2026-09-23T07:43:42Z
м3-20260923-007,vehicle-807,м3,10707555437,1,2026-09-23T06:35:30Z,2026-09-23T06:36:00Z
м3-20260923-007,vehicle-807,м3,10702781016,2,2026-09-23T06:36:54Z,2026-09-23T06:37:24Z
м3-20260923-007,vehicle-807,м3,1383980899,3,2026-09-23T06:38:25Z,2026-09-23T06:38:55Z
м3-20260923-007,vehicle-807,м3,1383980929,4,2026-09-23T06:40:09Z,2026-09-23T06:40:39Z
м3-20260923-007,vehicle-807,м3,1373930865,5,2026-09-23T06:41:30Z,2026-09-23T06:42:00Z
м3-20260923-007,vehicle-807,м3,10703096932,6,2026-09-23T06:42:49Z,2026-09-23T06:43:19Z
м3-20260923-007,vehicle-807,м3,10707555493,7,2026-09-23T06:44:01Z,2026-09-23T06:44:31Z
м3-20260923-007,vehicle-807,м3,10707555492,8,2026-09-23T06:45:00Z,2026-09-23T06:45:30Z
м3-20260923-007,vehicle-807,м3,10707555490,9,2026-09-23T06:46:08Z,2026-09-23T06:46:38Z
м3-20260923-007,vehicle-807,м3,10707555486,10,2026-09-23T06:47:19Z,2026-09-23T06:47:49Z
м3-20260923-007,vehicle-807,м3,3206635914,11,2026-09-23T06:48:20Z,2026-09-23T06:48:50Z
м3-20260923-007,vehicle-807,м3,7935565268,12,2026-09-23T06:49:14Z,2026-09-23T06:49:44Z
м3-20260923-007,vehicle-807,м3,10703241118,13,2026-09-23T06:50:50Z,2026-09-23T06:51:20Z
м3-20260923-007,vehicle-807,м3,10703241115,14,2026-09-23T06:52:11Z,2026-09-23T06:52:41Z
м3-20260923-007,vehicle-807,м3,10703241112,15,2026-09-23T06:53:18Z,2026-09-23T06:53:48Z
м3-20260923-007,vehicle-807,м3,256021218,16,2026-09-23T06:54:34Z,2026-09-23T06:55:04Z
м3-20260923-007,vehicle-807,м3,3048754295,17,2026-09-23T06:55:44Z,2026-09-23T06:56:14Z
м3-20260923-007,vehicle-807,м3,3048753691,18,2026-09-23T06:57:08Z,2026-09-23T06:57:38Z
м3-20260923-007,vehicle-807,м3,10707555485,19,2026-09-23T06:58:31Z,2026-09-23T06:59:01Z
м3-20260923-007,vehicle-807,м3,10707555483,20,2026-09-23T06:59:54Z,2026-09-23T07:00:24Z
м3-20260923-007,vehicle-807,м3,336215380,21,2026-09-23T07:01:11Z,2026-09-23T07:01:41Z
м3-20260923-007,vehicle-807,м3,10707555443,22,2026-09-23T07:02:23Z,2026-09-23T07:02:53Z
м3-20260923-007,vehicle-807,м3,4436980877,23,2026-09-23T07:03:42Z,2026-09-23T07:04:12Z
м3-20260923-007,vehicle-807,м3,10030517809,24,2026-09-23T07:05:27Z,2026-09-23T07:05:57Z
м3-20260923-007,vehicle-807,м3,5279327451,25,2026-09-23T07:06:19Z,2026-09-23T07:06:49Z
м3-20260923-007,vehicle-807,м3,5279327450,26,2026-09-23T07:07:52Z,2026-09-23T07:08:22Z
м3-20260923-007,vehicle-807,м3,1402324087,27,2026-09-23T07:09:16Z,2026-09-23T07:09:46Z
м3-20260923-007,vehicle-807,м3,10740305146,28,2026-09-23T07:10:26Z,2026-09-23T07:10:56Z
м3-20260923-007,vehicle-807,м3,10740305145,29,2026-09-23T07:11:40Z,2026-09-23T07:12:10Z
м3-20260923-007,vehicle-807,м3,10601114149,30,2026-09-23T07:13:00Z,2026-09-23T07:13:30Z
м3-20260923-007,vehicle-807,м3,1456333360,31,2026-09-23T07:14:03Z,2026-09-23T07:14:33Z
м3-20260923-007,vehicle-807,м3,1456333361,32,2026-09-23T07:15:24Z,2026-09-23T07:15:54Z
м3-20260923-007,vehicle-807,м3,10879083010,33,2026-09-23T07:16:56Z,2026-09-23T07:17:26Z
м3-20260923-007,vehicle-807,м3,1456333365,34,2026-09-23T07:17:49Z,2026-09-23T07:18:19Z
м3-20260923-007,vehicle-807,м3,1456333369,35,2026-09-23T07:19:12Z,2026-09-23T07:19:42Z
м3-20260923-007,vehicle-807,м3,1456333356,36,2026-09-23T07:21:07Z,2026-09-23T07:21:37Z
м3-20260923-007,vehicle-807,м3,6242129325,37,2026-09-23T07:27:42Z,2026-09-23T07:28:12Z
м3-20260923-007,vehicle-807,м3,1456333357,38,2026-09-23T07:28:53Z,2026-09-23T07:29:23Z
м3-20260923-007,vehicle-807,м3,612522387,39,2026-09-23T07:29:47Z,2026-09-23T07:30:17Z
м3-20260923-007,vehicle-807,м3,1390556596,40,2026-09-23T07:33:19Z,2026-09-23T07:33:49Z
м3-20260923-007,vehicle-807,м3,1390556629,41,2026-09-23T07:34:51Z,2026-09-23T07:35:21Z
м3-20260923-007,vehicle-807,м3,1965401179,42,2026-09-23T07:36:17Z,2026-09-23T07:36:47Z
м3-20260923-007,vehicle-807,м3,1390556607,43,2026-09-23T07:37:20Z,2026-09-23T07:37:50Z
м3-20260923-007,vehicle-807,м3,2026719241,44,2026-09-23T07:38:21Z,2026-09-23T07:38:51Z
м3-20260923-007,vehicle-807,м3,12959534601,45,2026-09-23T07:39:42Z,2026-09-23T07:40:12Z
с344-20260923-000,vehicle-810,с344,1253685275,1,2026-09-23T07:00:00Z,2026-09-23T07:00:30Z
с344-20260923-000,vehicle-810,с344,10030517809,2,2026-09-23T07:01:21Z,2026-09-23T07:01:51Z
с344-20260923-000,vehicle-810,с344,5279327451,3,2026-09-23T07:02:13Z,2026-09-23T07:02:43Z
с344-20260923-000,vehicle-810,с344,5279327450,4,2026-09-23T07:03:46Z,2026-09-23T07:04:16Z
с344-20260923-000,vehicle-810,с344,1402324087,5,2026-09-23T07:05:10Z,2026-09-23T07:05:40Z
с344-20260923-000,vehicle-810,с344,10740305146,6,2026-09-23T07:06:20Z,2026-09-23T07:06:50Z
с344-20260923-000,vehicle-810,с344,10740305145,7,2026-09-23T07:07:34Z,2026-09-23T07:08:04Z
с344-20260923-000,vehicle-810,с344,10601114149,8,2026-09-23T07:08:54Z,2026-09-23T07:09:24Z
с344-20260923-000,vehicle-810,с344,1456333360,9,2026-09-23T07:09:57Z,2026-09-23T07:10:27Z
с344-20260923-000,vehicle-810,с344,1456333361,10,2026-09-23T07:11:18Z,2026-09-23T07:11:48Z
с344-20260923-000,vehicle-810,с344,10879083010,11,2026-09-23T07:12:50Z,2026-09-23T07:13:20Z
с344-20260923-000,vehicle-810,с344,9166910707,12,2026-09-23T07:14:22Z,2026-09-23T07:14:52Z
с344-20260923-000,vehicle-810,с344,9166910709,13,2026-09-23T07:15:36Z,2026-09-23T07:16:06Z
с344-20260923-000,vehicle-810,с344,9166910710,14,2026-09-23T07:17:33Z,2026-09-23T07:18:03Z
с344-20260923-000,vehicle-810,с344,9166910708,15,2026-09-23T07:18:56Z,2026-09-23T07:19:26Z
с344-20260923-000,vehicle-810,с344,10775025215,16,2026-09-23T07:20:04Z,2026-09-23T07:20:34Z
с344-20260923-000,vehicle-810,с344,10775025213,17,2026-09-23T07:21:39Z,2026-09-23T07:22:09Z
с344-20260923-000,vehicle-810,с344,569680554,18,2026-09-23T07:22:41Z,2026-09-23T07:23:11Z
с344-20260923-000,vehicle-810,с344,10774195373,19,2026-09-23T07:24:01Z,2026-09-23T07:24:31Z
с344-20260923-000,vehicle-810,с344,10774195375,20,2026-09-23T07:25:34Z,2026-09-23T07:26:04Z
с344-20260923-000,vehicle-810,с344,10774195377,21,2026-09-23T07:26:49Z,2026-09-23T07:27:19Z
с344-20260923-000,vehicle-810,с344,10774195380,22,2026-09-23T07:28:02Z,2026-09-23T07:28:32Z
с344-20260923-000,vehicle-810,с344,11806849062,23,2026-09-23T07:29:20Z,2026-09-23T07:29:50Z
с344-20260923-000,vehicle-810,с344,10774195371,24,2026-09-23T07:30:50Z,2026-09-23T07:31:20Z
с344-20260923-000,vehicle-810,с344,9931372114,25,2026-09-23T07:31:44Z,2026-09-23T07:32:14Z
с344-20260923-000,vehicle-810,с344,10774195370,26,2026-09-23T07:32:55Z,2026-09-23T07:33:25Z
с344-20260923-000,vehicle-810,с344,10774195369,27,2026-09-23T07:33:55Z,2026-09-23T07:34:25Z
с344-20260923-000,vehicle-810,с344,10599880587,28,2026-09-23T07:36:53Z,2026-09-23T07:37:23Z
с344-20260923-000,vehicle-810,с344,7490301538,29,2026-09-23T07:37:56Z,2026-09-23T07:38:26Z
с344-20260923-000,vehicle-810,с344,4730949135,30,2026-09-23T07:39:15Z,2026-09-23T07:39:45Z
с344-20260923-000,vehicle-810,с344,4730949137,31,2026-09-23T07:40:29Z,2026-09-23T07:40:59Z
с344-20260923-000,vehicle-810,с344,4730949140,32,2026-09-23T07:41:55Z,2026-09-23T07:42:25Z
с344-20260923-000,vehicle-810,с344,10775025211,33,2026-09-23T07:43:46Z,2026-09-23T07:44:16Z
с344-20260923-000,vehicle-810,с344,10775025210,34,2026-09-23T07:45:21Z,2026-09-23T07:45:51Z
с344-20260923-000,vehicle-810,с344,10310549827,35,2026-09-23T07:46:14Z,2026-09-23T07:46:44Z
с344-20260923-001,vehicle-811,с344,1253685275,1,2026-09-23T06:56:30Z,2026-09-23T06:57:00Z
с344-20260923-001,vehicle-811,с344,10030517809,2,2026-09-23T06:57:51Z,2026-09-23T06:58:21Z
с344-20260923-001,vehicle-811,с344,5279327451,3,2026-09-23T06:58:43Z,2026-09-23T06:59:13Z
с344-20260923-001,vehicle-811,с344,5279327450,4,2026-09-23T07:00:16Z,2026-09-23T07:00:46Z
с344-20260923-001,vehicle-811,с344,1402324087,5,2026-09-23T07:01:40Z,2026-09-23T07:02:10Z
с344-20260923-001,vehicle-811,с344,10740305146,6,2026-09-23T07:02:50Z,2026-09-23T07:03:20Z
с344-20260923-001,vehicle-811,с344,10740305145,7,2026-09-23T07:04:04Z,2026-09-23T07:04:34Z
с344-20260923-001,vehicle-811,с344,10601114149,8,2026-09-23T07:05:24Z,2026-09-23T07:05:54Z
с344-20260923-001,vehicle-811,с344,1456333360,9,2026-09-23T07:06:27Z,2026-09-23T07:06:57Z
с344-20260923-001,vehicle-811,с344,1456333361,10,2026-09-23T07:07:48Z,2026-09-23T07:08:18Z
с344-20260923-001,vehicle-811,с344,10879083010,11,2026-09-23T07:09:20Z,2026-09-23T07:09:50Z
с344-20260923-001,vehicle-811,с344,9166910707,12,2026-09-23T07:10:52Z,2026-09-23T07:11:22Z
с344-20260923-001,vehicle-811,с344,9166910709,13,2026-09-23T07:12:06Z,2026-09-23T07:12:36Z
с344-20260923-001,vehicle-811,с344,9166910710,14,2026-09-23T07:14:03Z,2026-09-23T07:14:33Z
с344-20260923-001,vehicle-811,с344,9166910708,15,2026-09-23T07:15:26Z,2026-09-23T07:15:56Z
с344-20260923-001,vehicle-811,с344,10775025215,16,2026-09-23T07:16:34Z,2026-09-23T07:17:04Z
с344-20260923-001,vehicle-811,с344,10775025213,17,2026-09-23T07:18:09Z,2026-09-23T07:18:39Z
с344-20260923-001,vehicle-811,с344,569680554,18,2026-09-23T07:19:11Z,2026-09-23T07:19:41Z
с344-20260923-001,vehicle-811,с344,10774195373,19,2026-09-23T07:20:31Z,2026-09-23T07:21:01Z
с344-20260923-001,vehicle-811,с344,10774195375,20,2026-09-23T07:22:04Z,2026-09-23T07:22:34Z
с344-20260923-001,vehicle-811,с344,10774195377,21,2026-09-23T07:23:19Z,2026-09-23T07:23:49Z
с344-20260923-001,vehicle-811,с344,10774195380,22,2026-09-23T07:24:32Z,2026-09-23T07:25:02Z
с344-20260923-001,vehicle-811,с344,11806849062,23,2026-09-23T07:25:50Z,2026-09-23T07:26:20Z
с344-20260923-001,vehicle-811,с344,10774195371,24,2026-09-23T07:27:20Z,2026-09-23T07:27:50Z
с344-20260923-001,vehicle-811,с344,9931372114,25,2026-09-23T07:28:14Z,2026-09-23T07:28:44Z
с344-20260923-001,vehicle-811,с344,10774195370,26,2026-09-23T07:29:25Z,2026-09-23T07:29:55Z
с344-20260923-001,vehicle-811,с344,10774195369,27,2026-09-23T07:30:25Z,2026-09-23T07:30:55Z
с344-20260923-001,vehicle-811,с344,10599880587,28,2026-09-23T07:33:23Z,2026-09-23T07:33:53Z
с344-20260923-001,vehicle-811,с344,7490301538,29,2026-09-23T07:34:26Z,2026-09-23T07:34:56Z
с344-20260923-001,vehicle-811,с344,4730949135,30,2026-09-23T07:35:45Z,2026-09-23T07:36:15Z
с344-20260923-001,vehicle-811,с344,4730949137,31,2026-09-23T07:36:59Z,2026-09-23T07:37:29Z
с344-20260923-001,vehicle-811,с344,4730949140,32,2026-09-23T07:38:25Z,2026-09-23T07:38:55Z
с344-20260923-001,vehicle-811,с344,10775025211,33,2026-09-23T07:40:16Z,2026-09-23T07:40:46Z
с344-20260923-001,vehicle-811,с344,10775025210,34,2026-09-23T07:41:51Z,2026-09-23T07:42:21Z
с344-20260923-001,vehicle-811,с344,10310549827,35,2026-09-23T07:42:44Z,2026-09-23T07:43:14Z
с344-20260923-002,vehicle-812,с344,1253685275,1,2026-09-23T06:53:00Z,2026-09-23T06:53:30Z
с344-20260923-002,vehicle-812,с344,10030517809,2,2026-09-23T06:54:21Z,2026-09-23T06:54:51Z
с344-20260923-002,vehicle-812,с344,5279327451,3,2026-09-23T06:55:13Z,2026-09-23T06:55:43Z
с344-20260923-002,vehicle-812,с344,5279327450,4,2026-09-23T06:56:46Z,2026-09-23T06:57:16Z
с344-20260923-002,vehicle-812,с344,1402324087,5,2026-09-23T06:58:10Z,2026-09-23T06:58:40Z
с344-20260923-002,vehicle-812,с344,10740305146,6,2026-09-23T06:59:20Z,2026-09-23T06:59:50Z
с344-20260923-002,vehicle-812,с344,10740305145,7,2026-09-23T07:00:34Z,2026-09-23T07:01:04Z
с344-20260923-002,vehicle-812,с344,10601114149,8,2026-09-23T07:01:54Z,2026-09-23T07:02:24Z
с344-20260923-002,vehicle-812,с344,1456333360,9,2026-09-23T07:02:57Z,2026-09-23T07:03:27Z
с344-20260923-002,vehicle-812,с344,1456333361,10,2026-09-23T07:04:18Z,2026-09-23T07:04:48Z
с344-20260923-002,vehicle-812,с344,10879083010,11,2026-09-23T07:05:50Z,2026-09-23T07:06:20Z
с344-20260923-002,vehicle-812,с344,9166910707,12,2026-09-23T07:07:22Z,2026-09-23T07:07:52Z
с344-20260923-002,vehicle-812,с344,9166910709,13,2026-09-23T07:08:36Z,2026-09-23T07:09:06Z
с344-20260923-002,vehicle-812,с344,9166910710,14,2026-09-23T07:10:33Z,2026-09-23T07:11:03Z
с344-20260923-002,vehicle-812,с344,9166910708,15,2026-09-23T07:11:56Z,2026-09-23T07:12:26Z
с344-20260923-002,vehicle-812,с344,10775025215,16,2026-09-23T07:13:04Z,2026-09-23T07:13:34Z
с344-20260923-002,vehicle-812,с344,10775025213,17,2026-09-23T07:14:39Z,2026-09-23T07:15:09Z
с344-20260923-002,vehicle-812,с344,569680554,18,2026-09-23T07:15:41Z,2026-09-23T07:16:11Z
с344-20260923-002,vehicle-812,с344,10774195373,19,2026-09-23T07:17:01Z,2026-09-23T07:17:31Z
с344-20260923-002,vehicle-812,с344,10774195375,20,2026-09-23T07:18:34Z,2026-09-23T07:19:04Z
с344-20260923-002,vehicle-812,с344,10774195377,21,2026-09-23T07:19:49Z,2026-09-23T07:20:19Z
с344-20260923-002,vehicle-812,с344,10774195380,22,2026-09-23T07:21:02Z,2026-09-23T07:21:32Z
с344-20260923-002,vehicle-812,с344,11806849062,23,2026-09-23T07:22:20Z,2026-09-23T07:22:50Z
с344-20260923-002,vehicle-812,с344,10774195371,24,2026-09-23T07:23:50Z,2026-09-23T07:24:20Z
с344-20260923-002,vehicle-812,с344,9931372114,25,2026-09-23T07:24:44Z,2026-09-23T07:25:14Z
с344-20260923-002,vehicle-812,с344,10774195370,26,2026-09-23T07:25:55Z,2026-09-23T07:26:25Z
с344-20260923-002,vehicle-812,с344,10774195369,27,2026-09-23T07:26:55Z,2026-09-23T07:27:25Z
с344-20260923-002,vehicle-812,с344,10599880587,28,2026-09-23T07:29:53Z,2026-09-23T07:30:23Z
с344-20260923-002,vehicle-812,с344,7490301538,29,2026-09-23T07:30:56Z,2026-09-23T07:31:26Z
с344-20260923-002,vehicle-812,с344,4730949135,30,2026-09-23T07:32:15Z,2026-09-23T07:32:45Z
с344-20260923-002,vehicle-812,с344,4730949137,31,2026-09-23T07:33:29Z,2026-09-23T07:33:59Z
с344-20260923-002,vehicle-812,с344,4730949140,32,2026-09-23T07:34:55Z,2026-09-23T07:35:25Z
с344-20260923-002,vehicle-812,с344,10775025211,33,2026-09-23T07:36:46Z,2026-09-23T07:37:16Z
с344-20260923-002,vehicle-812,с344,10775025210,34,2026-09-23T07:38:21Z,2026-09-23T07:38:51Z
с344-20260923-002,vehicle-812,с344,10310549827,35,2026-09-23T07:39:14Z,2026-09-23T07:39:44Z
с344-20260923-003,vehicle-813,с344,1253685275,1,2026-09-23T06:49:30Z,2026-09-23T06:50:00Z
с344-20260923-003,vehicle-813,с344,10030517809,2,2026-09-23T06:50:51Z,2026-09-23T06:51:21Z
с344-20260923-003,vehicle-813,с344,5279327451,3,2026-09-23T06:51:43Z,2026-09-23T06:52:13Z
с344-20260923-003,vehicle-813,с344,5279327450,4,2026-09-23T06:53:16Z,2026-09-23T06:53:46Z
с344-20260923-003,vehicle-813,с344,1402324087,5,2026-09-23T06:54:40Z,2026-09-23T06:55:10Z
с344-20260923-003,vehicle-813,с344,10740305146,6,2026-09-23T06:55:50Z,2026-09-23T06:56:20Z
с344-20260923-003,vehicle-813,с344,10740305145,7,2026-09-23T06:57:04Z,2026-09-23T06:57:34Z
с344-20260923-003,vehicle-813,с344,10601114149,8,2026-09-23T06:58:24Z,2026-09-23T06:58:54Z
с344-20260923-003,vehicle-813,с344,1456333360,9,2026-09-23T06:59:27Z,2026-09-23T06:59:57Z
с344-20260923-003,vehicle-813,с344,1456333361,10,2026-09-23T07:00:48Z,2026-09-23T07:01:18Z
с344-20260923-003,vehicle-813,с344,10879083010,11,2026-09-23T07:02:20Z,2026-09-23T07:02:50Z
с344-20260923-003,vehicle-813,с344,9166910707,12,2026-09-23T07:03:52Z,2026-09-23T07:04:22Z
с344-20260923-003,vehicle-813,с344,9166910709,13,2026-09-23T07:05:06Z,2026-09-23T07:05:36Z
с344-20260923-003,vehicle-813,с344,9166910710,14,2026-09-23T07:07:03Z,2026-09-23T07:07:33Z
с344-20260923-003,vehicle-813,с344,9166910708,15,2026-09-23T07:08:26Z,2026-09-23T07:08:56Z
с344-20260923-003,vehicle-813,с344,10775025215,16,2026-09-23T07:09:34Z,2026-09-23T07:10:04Z
с344-20260923-003,vehicle-813,с344,10775025213,17,2026-09-23T07:11:09Z,2026-09-23T07:11:39Z
с344-20260923-003,vehicle-813,с344,569680554,18,2026-09-23T07:12:11Z,2026-09-23T07:12:41Z
с344-20260923-003,vehicle-813,с344,10774195373,19,2026-09-23T07:13:31Z,2026-09-23T07:14:01Z
с344-20260923-003,vehicle-813,с344,10774195375,20,2026-09-23T07:15:04Z,2026-09-23T07:15:34Z
с344-20260923-003,vehicle-813,с344,10774195377,21,2026-09-23T07:16:19Z,2026-09-23T07:16:49Z
с344-20260923-003,vehicle-813,с344,10774195380,22,2026-09-23T07:17:32Z,2026-09-23T07:18:02Z
с344-20260923-003,vehicle-813,с344,11806849062,23,2026-09-23T07:18:50Z,2026-09-23T07:19:20Z
с344-20260923-003,vehicle-813,с344,10774195371,24,2026-09-23T07:20:20Z,2026-09-23T07:20:50Z
с344-20260923-003,vehicle-813,с344,9931372114,25,2026-09-23T07:21:14Z,2026-09-23T07:21:44Z
с344-20260923-003,vehicle-813,с344,10774195370,26,2026-09-23T07:22:25Z,2026-09-23T07:22:55Z
с344-20260923-003,vehicle-813,с344,10774195369,27,2026-09-23T07:23:25Z,2026-09-23T07:23:55Z
с344-20260923-003,vehicle-813,с344,10599880587,28,2026-09-23T07:26:23Z,2026-09-23T07:26:53Z
с344-20260923-003,vehicle-813,с344,7490301538,29,2026-09-23T07:27:26Z,2026-09-23T07:27:56Z
с344-20260923-003,vehicle-813,с344,4730949135,30,2026-09-23T07:28:45Z,2026-09-23T07:29:15Z
с344-20260923-003,vehicle-813,с344,4730949137,31,2026-09-23T07:29:59Z,2026-09-23T07:30:29Z
с344-20260923-003,vehicle-813,с344,4730949140,32,2026-09-23T07:31:25Z,2026-09-23T07:31:55Z
с344-20260923-003,vehicle-813,с344,10775025211,33,2026-09-23T07:33:16Z,2026-09-23T07:33:46Z
с344-20260923-003,vehicle-813,с344,10775025210,34,2026-09-23T07:34:51Z,2026-09-23T07:35:21Z
с344-20260923-003,vehicle-813,с344,10310549827,35,2026-09-23T07:35:44Z,2026-09-23T07:36:14Z
с344-20260923-004,vehicle-814,с344,1253685275,1,2026-09-23T06:46:00Z,2026-09-23T06:46:30Z
с344-20260923-004,vehicle-814,с344,10030517809,2,2026-09-23T06:47:21Z,2026-09-23T06:47:51Z
с344-20260923-004,vehicle-814,с344,5279327451,3,2026-09-23T06:48:13Z,2026-09-23T06:48:43Z
с344-20260923-004,vehicle-814,с344,5279327450,4,2026-09-23T06:49:46Z,2026-09-23T06:50:16Z
с344-20260923-004,vehicle-814,с344,1402324087,5,2026-09-23T06:51:10Z,2026-09-23T06:51:40Z
с344-20260923-004,vehicle-814,с344,10740305146,6,2026-09-23T06:52:20Z,2026-09-23T06:52:50Z
с344-20260923-004,vehicle-814,с344,10740305145,7,2026-09-23T06:53:34Z,2026-09-23T06:54:04Z
с344-20260923-004,vehicle-814,с344,10601114149,8,2026-09-23T06:54:54Z,2026-09-23T06:55:24Z
с344-20260923-004,vehicle-814,с344,1456333360,9,2026-09-23T06:55:57Z,2026-09-23T06:56:27Z
с344-20260923-004,vehicle-814,с344,1456333361,10,2026-09-23T06:57:18Z,2026-09-23T06:57:48Z
с344-20260923-004,vehicle-814,с344,10879083010,11,2026-09-23T06:58:50Z,2026-09-23T06:59:20Z
с344-20260923-004,vehicle-814,с344,9166910707,12,2026-09-23T07:00:22Z,2026-09-23T07:00:52Z
с344-20260923-004,vehicle-814,с344,9166910709,13,2026-09-23T07:01:36Z,2026-09-23T07:02:06Z
с344-20260923-004,vehicle-814,с344,9166910710,14,2026-09-23T07:03:33Z,2026-09-23T07:04:03Z
с344-20260923-004,vehicle-814,с344,9166910708,15,2026-09-23T07:04:56Z,2026-09-23T07:05:26Z
с344-20260923-004,vehicle-814,с344,10775025215,16,2026-09-23T07:06:04Z,2026-09-23T07:06:34Z
с344-20260923-004,vehicle-814,с344,10775025213,17,2026-09-23T07:07:39Z,2026-09-23T07:08:09Z
с344-20260923-004,vehicle-814,с344,569680554,18,2026-09-23T07:08:41Z,2026-09-23T07:09:11Z
с344-20260923-004,vehicle-814,с344,10774195373,19,2026-09-23T07:10:01Z,2026-09-23T07:10:31Z
с344-20260923-004,vehicle-814,с344,10774195375,20,2026-09-23T07:11:34Z,2026-09-23T07:12:04Z
с344-20260923-004,vehicle-814,с344,10774195377,21,2026-09-23T07:12:49Z,2026-09-23T07:13:19Z
с344-20260923-004,vehicle-814,с344,10774195380,22,2026-09-23T07:14:02Z,2026-09-23T07:14:32Z
с344-20260923-004,vehicle-814,с344,11806849062,23,2026-09-23T07:15:20Z,2026-09-23T07:15:50Z
с344-20260923-004,vehicle-814,с344,10774195371,24,2026-09-23T07:16:50Z,2026-09-23T07:17:20Z
с344-20260923-004,vehicle-814,с344,9931372114,25,2026-09-23T07:17:44Z,2026-09-23T07:18:14Z
с344-20260923-004,vehicle-814,с344,10774195370,26,2026-09-23T07:18:55Z,2026-09-23T07:19:25Z
с344-20260923-004,vehicle-814,с344,10774195369,27,2026-09-23T07:19:55Z,2026-09-23T07:20:25Z
с344-20260923-004,vehicle-814,с344,10599880587,28,2026-09-23T07:22:53Z,2026-09-23T07:23:23Z
с344-20260923-004,vehicle-814,с344,7490301538,29,2026-09-23T07:23:56Z,2026-09-23T07:24:26Z
с344-20260923-004,vehicle-814,с344,4730949135,30,2026-09-23T07:25:15Z,2026-09-23T07:25:45Z
с344-20260923-004,vehicle-814,с344,4730949137,31,2026-09-23T07:26:29Z,2026-09-23T07:26:59Z
с344-20260923-004,vehicle-814,с344,4730949140,32,2026-09-23T07:27:55Z,2026-09-23T07:28:25Z
с344-20260923-004,vehicle-814,с344,10775025211,33,2026-09-23T07:29:46Z,2026-09-23T07:30:16Z
с344-20260923-004,vehicle-814,с344,10775025210,34,2026-09-23T07:31:21Z,2026-09-23T07:31:51Z
с344-20260923-004,vehicle-814,с344,10310549827,35,2026-09-23T07:32:14Z,2026-09-23T07:32:44Z
с344-20260923-005,vehicle-815,с344,1253685275,1,2026-09-23T06:42:30Z,2026-09-23T06:43:00Z
с344-20260923-005,vehicle-815,с344,10030517809,2,2026-09-23T06:43:51Z,2026-09-23T06:44:21Z
с344-20260923-005,vehicle-815,с344,5279327451,3,2026-09-23T06:44:43Z,2026-09-23T06:45:13Z
с344-20260923-005,vehicle-815,с344,5279327450,4,2026-09-23T06:46:16Z,2026-09-23T06:46:46Z
с344-20260923-005,vehicle-815,с344,1402324087,5,2026-09-23T06:47:40Z,2026-09-23T06:48:10Z
с344-20260923-005,vehicle-815,с344,10740305146,6,2026-09-23T06:48:50Z,2026-09-23T06:49:20Z
с344-20260923-005,vehicle-815,с344,10740305145,7,2026-09-23T06:50:04Z,2026-09-23T06:50:34Z
с344-20260923-005,vehicle-815,с344,10601114149,8,2026-09-23T06:51:24Z,2026-09-23T06:51:54Z
с344-20260923-005,vehicle-815,с344,1456333360,9,2026-09-23T06:52:27Z,2026-09-23T06:52:57Z
с344-20260923-005,vehicle-815,с344,1456333361,10,2026-09-23T06:53:48Z,2026-09-23T06:54:18Z
с344-20260923-005,vehicle-815,с344,10879083010,11,2026-09-23T06:55:20Z,2026-09-23T06:55:50Z
с344-20260923-005,vehicle-815,с344,9166910707,12,2026-09-23T06:56:52Z,2026-09-23T06:57:22Z
с344-20260923-005,vehicle-815,с344,9166910709,13,2026-09-23T06:58:06Z,2026-09-23T06:58:36Z
с344-20260923-005,vehicle-815,с344,9166910710,14,2026-09-23T07:00:03Z,2026-09-23T07:00:33Z
с344-20260923-005,vehicle-815,с344,9166910708,15,2026-09-23T07:01:26Z,2026-09-23T07:01:56Z
с344-20260923-005,vehicle-815,с344,10775025215,16,2026-09-23T07:02:34Z,2026-09-23T07:03:04Z
с344-20260923-005,vehicle-815,с344,10775025213,17,2026-09-23T07:04:09Z,2026-09-23T07:04:39Z
с344-20260923-005,vehicle-815,с344,569680554,18,2026-09-23T07:05:11Z,2026-09-23T07:05:41Z
с344-20260923-005,vehicle-815,с344,10774195373,19,2026-09-23T07:06:31Z,2026-09-23T07:07:01Z
с344-20260923-005,vehicle-815,с344,10774195375,20,2026-09-23T07:08:04Z,2026-09-23T07:08:34Z
с344-20260923-005,vehicle-815,с344,10774195377,21,2026-09-23T07:09:19Z,2026-09-23T07:09:49Z
с344-20260923-005,vehicle-815,с344,10774195380,22,2026-09-23T07:10:32Z,2026-09-23T07:11:02Z
с344-20260923-005,vehicle-815,с344,11806849062,23,2026-09-23T07:11:50Z,2026-09-23T07:12:20Z
с344-20260923-005,vehicle-815,с344,10774195371,24,2026-09-23T07:13:20Z,2026-09-23T07:13:50Z
с344-20260923-005,vehicle-815,с344,9931372114,25,2026-09-23T07:14:14Z,2026-09-23T07:14:44Z
с344-20260923-005,vehicle-815,с344,10774195370,26,2026-09-23T07:15:25Z,2026-09-23T07:15:55Z
с344-20260923-005,vehicle-815,с344,10774195369,27,2026-09-23T07:16:25Z,2026-09-23T07:16:55Z
с344-20260923-005,vehicle-815,с344,10599880587,28,2026-09-23T07:19:23Z,2026-09-23T07:19:53Z
с344-20260923-005,vehicle-815,с344,7490301538,29,2026-09-23T07:20:26Z,2026-09-23T07:20:56Z
с344-20260923-005,vehicle-815,с344,4730949135,30,2026-09-23T07:21:45Z,2026-09-23T07:22:15Z
с344-20260923-005,vehicle-815,с344,4730949137,31,2026-09-23T07:22:59Z,2026-09-23T07:23:29Z
с344-20260923-005,vehicle-815,с344,4730949140,32,2026-09-23T07:24:25Z,2026-09-23T07:24:55Z
с344-20260923-005,vehicle-815,с344,10775025211,33,2026-09-23T07:26:16Z,2026-09-23T07:26:46Z
с344-20260923-005,vehicle-815,с344,10775025210,34,2026-09-23T07:27:51Z,2026-09-23T07:28:21Z
с344-20260923-005,vehicle-815,с344,10310549827,35,2026-09-23T07:28:44Z,2026-09-23T07:29:14Z
с344-20260923-006,vehicle-816,с344,1253685275,1,2026-09-23T06:39:00Z,2026-09-23T06:39:30Z
с344-20260923-006,vehicle-816,с344,10030517809,2,2026-09-23T06:40:21Z,2026-09-23T06:40:51Z
с344-20260923-006,vehicle-816,с344,5279327451,3,2026-09-23T06:41:13Z,2026-09-23T06:41:43Z
с344-20260923-006,vehicle-816,с344,5279327450,4,2026-09-23T06:42:46Z,2026-09-23T06:43:16Z
с344-20260923-006,vehicle-816,с344,1402324087,5,2026-09-23T06:44:10Z,2026-09-23T06:44:40Z
с344-20260923-006,vehicle-816,с344,10740305146,6,2026-09-23T06:45:20Z,2026-09-23T06:45:50Z
с344-20260923-006,vehicle-816,с344,10740305145,7,2026-09-23T06:46:34Z,2026-09-23T06:47:04Z
с344-20260923-006,vehicle-816,с344,10601114149,8,2026-09-23T06:47:54Z,2026-09-23T06:48:24Z
с344-20260923-006,vehicle-816,с344,1456333360,9,2026-09-23T06:48:57Z,2026-09-23T06:49:27Z
с344-20260923-006,vehicle-816,с344,1456333361,10,2026-09-23T06:50:18Z,2026-09-23T06:50:48Z
с344-20260923-006,vehicle-816,с344,10879083010,11,2026-09-23T06:51:50Z,2026-09-23T06:52:20Z
с344-20260923-006,vehicle-816,с344,9166910707,12,2026-09-23T06:53:22Z,2026-09-23T06:53:52Z
с344-20260923-006,vehicle-816,с344,9166910709,13,2026-09-23T06:54:36Z,2026-09-23T06:55:06Z
с344-20260923-006,vehicle-816,с344,9166910710,14,2026-09-23T06:56:33Z,2026-09-23T06:57:03Z
с344-20260923-006,vehicle-816,с344,9166910708,15,2026-09-23T06:57:56Z,2026-09-23T06:58:26Z
с344-20260923-006,vehicle-816,с344,10775025215,16,2026-09-23T06:59:04Z,2026-09-23T06:59:34Z
с344-20260923-006,vehicle-816,с344,10775025213,17,2026-09-23T07:00:39Z,2026-09-23T07:01:09Z
с344-20260923-006,vehicle-816,с344,569680554,18,2026-09-23T07:01:41Z,2026-09-23T07:02:11Z
с344-20260923-006,vehicle-816,с344,10774195373,19,2026-09-23T07:03:01Z,2026-09-23T07:03:31Z
с344-20260923-006,vehicle-816,с344,10774195375,20,2026-09-23T07:04:34Z,2026-09-23T07:05:04Z
с344-20260923-006,vehicle-816,с344,10774195377,21,2026-09-23T07:05:49Z,2026-09-23T07:06:19Z
с344-20260923-006,vehicle-816,с344,10774195380,22,2026-09-23T07:07:02Z,2026-09-23T07:07:32Z
с344-20260923-006,vehicle-816,с344,11806849062,23,2026-09-23T07:08:20Z,2026-09-23T07:08:50Z
с344-20260923-006,vehicle-816,с344,10774195371,24,2026-09-23T07:09:50Z,2026-09-23T07:10:20Z
с344-20260923-006,vehicle-816,с344,9931372114,25,2026-09-23T07:10:44Z,2026-09-23T07:11:14Z
с344-20260923-006,vehicle-816,с344,10774195370,26,2026-09-23T07:11:55Z,2026-09-23T07:12:25Z
с344-20260923-006,vehicle-816,с344,10774195369,27,2026-09-23T07:12:55Z,2026-09-23T07:13:25Z
с344-20260923-006,vehicle-816,с344,10599880587,28,2026-09-23T07:15:53Z,2026-09-23T07:16:23Z
с344-20260923-006,vehicle-816,с344,7490301538,29,2026-09-23T07:16:56Z,2026-09-23T07:17:26Z
с344-20260923-006,vehicle-816,с344,4730949135,30,2026-09-23T07:18:15Z,2026-09-23T07:18:45Z
с344-20260923-006,vehicle-816,с344,4730949137,31,2026-09-23T07:19:29Z,2026-09-23T07:19:59Z
с344-20260923-006,vehicle-816,с344,4730949140,32,2026-09-23T07:20:55Z,2026-09-23T07:21:25Z
с344-20260923-006,vehicle-816,с344,10775025211,33,2026-09-23T07:22:46Z,2026-09-23T07:23:16Z
с344-20260923-006,vehicle-816,с344,10775025210,34,2026-09-23T07:24:21Z,2026-09-23T07:24:51Z
с344-20260923-006,vehicle-816,с344,10310549827,35,2026-09-23T07:25:14Z,2026-09-23T07:25:44Z
с344-20260923-007,vehicle-817,с344,1253685275,1,2026-09-23T06:35:30Z,2026-09-23T06:36:00Z
с344-20260923-007,vehicle-817,с344,10030517809,2,2026-09-23T06:36:51Z,2026-09-23T06:37:21Z
с344-20260923-007,vehicle-817,с344,5279327451,3,2026-09-23T06:37:43Z,2026-09-23T06:38:13Z
с344-20260923-007,vehicle-817,с344,5279327450,4,2026-09-23T06:39:16Z,2026-09-23T06:39:46Z
с344-20260923-007,vehicle-817,с344,1402324087,5,2026-09-23T06:40:40Z,2026-09-23T06:41:10Z
с344-20260923-007,vehicle-817,с344,10740305146,6,2026-09-23T06:41:50Z,2026-09-23T06:42:20Z
с344-20260923-007,vehicle-817,с344,10740305145,7,2026-09-23T06:43:04Z,2026-09-23T06:43:34Z
с344-20260923-007,vehicle-817,с344,10601114149,8,2026-09-23T06:44:24Z,2026-09-23T06:44:54Z
с344-20260923-007,vehicle-817,с344,1456333360,9,2026-09-23T06:45:27Z,2026-09-23T06:45:57Z
с344-20260923-007,vehicle-817,с344,1456333361,10,2026-09-23T06:46:48Z,2026-09-23T06:47:18Z
с344-20260923-007,vehicle-817,с344,10879083010,11,2026-09-23T06:48:20Z,2026-09-23T06:48:50Z
с344-20260923-007,vehicle-817,с344,9166910707,12,2026-09-23T06:49:52Z,2026-09-23T06:50:22Z
с344-20260923-007,vehicle-817,с344,9166910709,13,2026-09-23T06:51:06Z,2026-09-23T06:51:36Z
с344-20260923-007,vehicle-817,с344,9166910710,14,2026-09-23T06:53:03Z,2026-09-23T06:53:33Z
с344-20260923-007,vehicle-817,с344,9166910708,15,2026-09-23T06:54:26Z,2026-09-23T06:54:56Z
с344-20260923-007,vehicle-817,с344,10775025215,16,2026-09-23T06:55:34Z,2026-09-23T06:56:04Z
с344-20260923-007,vehicle-817,с344,10775025213,17,2026-09-23T06:57:09Z,2026-09-23T06:57:39Z
с344-20260923-007,vehicle-817,с344,569680554,18,2026-09-23T06:58:11Z,2026-09-23T06:58:41Z
с344-20260923-007,vehicle-817,с344,10774195373,19,2026-09-23T06:59:31Z,2026-09-23T07:00:01Z
с344-20260923-007,vehicle-817,с344,10774195375,20,2026-09-23T07:01:04Z,2026-09-23T07:01:34Z
с344-20260923-007,vehicle-817,с344,10774195377,21,2026-09-23T07:02:19Z,2026-09-23T07:02:49Z
с344-20260923-007,vehicle-817,с344,10774195380,22,2026-09-23T07:03:32Z,2026-09-23T07:04:02Z
с344-20260923-007,vehicle-817,с344,11806849062,23,2026-09-23T07:04:50Z,2026-09-23T07:05:20Z
с344-20260923-007,vehicle-817,с344,10774195371,24,2026-09-23T07:06:20Z,2026-09-23T07:06:50Z
с344-20260923-007,vehicle-817,с344,9931372114,25,2026-09-23T07:07:14Z,2026-09-23T07:07:44Z
с344-20260923-007,vehicle-817,с344,10774195370,26,2026-09-23T07:08:25Z,2026-09-23T07:08:55Z
с344-20260923-007,vehicle-817,с344,10774195369,27,2026-09-23T07:09:25Z,2026-09-23T07:09:55Z
с344-20260923-007,vehicle-817,с344,10599880587,28,2026-09-23T07:12:23Z,2026-09-23T07:12:53Z
с344-20260923-007,vehicle-817,с344,7490301538,29,2026-09-23T07:13:26Z,2026-09-23T07:13:56Z
с344-20260923-007,vehicle-817,с344,4730949135,30,2026-09-23T07:14:45Z,2026-09-23T07:15:15Z
с344-20260923-007,vehicle-817,с344,4730949137,31,2026-09-23T07:15:59Z,2026-09-23T07:16:29Z
с344-20260923-007,vehicle-817,с344,4730949140,32,2026-09-23T07:17:25Z,2026-09-23T07:17:55Z
с344-20260923-007,vehicle-817,с344,10775025211,33,2026-09-23T07:19:16Z,2026-09-23T07:19:46Z
с344-20260923-007,vehicle-817,с344,10775025210,34,2026-09-23T07:20:51Z,2026-09-23T07:21:21Z
с344-20260923-007,vehicle-817,с344,10310549827,35,2026-09-23T07:21:44Z,2026-09-23T07:22:14Z
е70-20260923-000,vehicle-820,е70,10712546308,1,2026-09-23T07:00:00Z,2026-09-23T07:00:30Z
е70-20260923-000,vehicle-820,е70,10712546307,2,2026-09-23T07:01:27Z,2026-09-23T07:01:57Z
е70-20260923-000,vehicle-820,е70,10712546306,3,2026-09-23T07:02:50Z,2026-09-23T07:03:20Z
е70-20260923-000,vehicle-820,е70,10712442570,4,2026-09-23T07:04:39Z,2026-09-23T07:05:09Z
е70-20260923-000,vehicle-820,е70,10712546234,5,2026-09-23T07:05:54Z,2026-09-23T07:06:24Z
е70-20260923-000,vehicle-820,е70,10712442568,6,2026-09-23T07:06:53Z,2026-09-23T07:07:23Z
е70-20260923-000,vehicle-820,е70,10712442566,7,2026-09-23T07:07:55Z,2026-09-23T07:08:25Z
е70-20260923-000,vehicle-820,е70,10712868207,8,2026-09-23T07:12:22Z,2026-09-23T07:12:52Z
е70-20260923-000,vehicle-820,е70,10712868103,9,2026-09-23T07:14:47Z,2026-09-23T07:15:17Z
е70-20260923-000,vehicle-820,е70,10712868081,10,2026-09-23T07:16:29Z,2026-09-23T07:16:59Z
е70-20260923-000,vehicle-820,е70,10712868065,11,2026-09-23T07:18:36Z,2026-09-23T07:19:06Z
е70-20260923-000,vehicle-820,е70,4902990471,12,2026-09-23T07:23:24Z,2026-09-23T07:23:54Z
е70-20260923-000,vehicle-820,е70,10712868049,13,2026-09-23T07:27:41Z,2026-09-23T07:28:11Z
е70-20260923-000,vehicle-820,е70,10712868040,14,2026-09-23T07:32:23Z,2026-09-23T07:32:53Z
е70-20260923-000,vehicle-820,е70,10712868036,15,2026-09-23T07:35:00Z,2026-09-23T07:35:30Z
е70-20260923-000,vehicle-820,е70,10712868035,16,2026-09-23T07:36:03Z,2026-09-23T07:36:33Z
е70-20260923-000,vehicle-820,е70,9868431738,17,2026-09-23T07:37:17Z,2026-09-23T07:37:47Z
е70-20260923-000,vehicle-820,е70,10702029920,18,2026-09-23T07:38:31Z,2026-09-23T07:39:01Z
е70-20260923-000,vehicle-820,е70,3218033070,19,2026-09-23T07:39:41Z,2026-09-23T07:40:11Z
е70-20260923-000,vehicle-820,е70,10702029938,20,2026-09-23T07:41:08Z,2026-09-23T07:41:38Z
е70-20260923-000,vehicle-820,е70,10712546309,21,2026-09-23T07:42:20Z,2026-09-23T07:42:50Z
е70-20260923-001,vehicle-821,е70,10712546308,1,2026-09-23T06:56:30Z,2026-09-23T06:57:00Z
е70-20260923-001,vehicle-821,е70,10712546307,2,2026-09-23T06:57:57Z,2026-09-23T06:58:27Z
е70-20260923-001,vehicle-821,е70,10712546306,3,2026-09-23T06:59:20Z,2026-09-23T06:59:50Z
е70-20260923-001,vehicle-821,е70,10712442570,4,2026-09-23T07:01:09Z,2026-09-23T07:01:39Z
е70-20260923-001,vehicle-821,е70,10712546234,5,2026-09-23T07:02:24Z,2026-09-23T07:02:54Z
е70-20260923-001,vehicle-821,е70,10712442568,6,2026-09-23T07:03:23Z,2026-09-23T07:03:53Z
е70-20260923-001,vehicle-821,е70,10712442566,7,2026-09-23T07:04:25Z,2026-09-23T07:04:55Z
е70-20260923-001,vehicle-821,е70,10712868207,8,2026-09-23T07:08:52Z,2026-09-23T07:09:22Z
е70-20260923-001,vehicle-821,е70,10712868103,9,2026-09-23T07:11:17Z,2026-09-23T07:11:47Z
е70-20260923-001,vehicle-821,е70,10712868081,10,2026-09-23T07:12:59Z,2026-09-23T07:13:29Z
е70-20260923-001,vehicle-821,е70,10712868065,11,2026-09-23T07:15:06Z,2026-09-23T07:15:36Z
е70-20260923-001,vehicle-821,е70,4902990471,12,2026-09-23T07:19:54Z,2026-09-23T07:20:24Z
е70-20260923-001,vehicle-821,е70,10712868049,13,2026-09-23T07:24:11Z,2026-09-23T07:24:41Z
е70-20260923-001,vehicle-821,е70,10712868040,14,2026-09-23T07:28:53Z,2026-09-23T07:29:23Z
е70-20260923-001,vehicle-821,е70,10712868036,15,2026-09-23T07:31:30Z,2026-09-23T07:32:00Z
е70-20260923-001,vehicle-821,е70,10712868035,16,2026-09-23T07:32:33Z,2026-09-23T07:33:03Z
е70-20260923-001,vehicle-821,е70,9868431738,17,2026-09-23T07:33:47Z,2026-09-23T07:34:17Z
е70-20260923-001,vehicle-821,е70,10702029920,18,2026-09-23T07:35:01Z,2026-09-23T07:35:31Z
е70-20260923-001,vehicle-821,е70,3218033070,19,2026-09-23T07:36:11Z,2026-09-23T07:36:41Z
е70-20260923-001,vehicle-821,е70,10702029938,20,2026-09-23T07:37:38Z,2026-09-23T07:38:08Z
е70-20260923-001,vehicle-821,е70,10712546309,21,2026-09-23T07:38:50Z,2026-09-23T07:39:20Z
е70-20260923-002,vehicle-822,е70,10712546308,1,2026-09-23T06:53:00Z,2026-09-23T06:53:30Z
е70-20260923-002,vehicle-822,е70,10712546307,2,2026-09-23T06:54:27Z,2026-09-23T06:54:57Z
е70-20260923-002,vehicle-822,е70,10712546306,3,2026-09-23T06:55:50Z,2026-09-23T06:56:20Z
е70-20260923-002,vehicle-822,е70,10712442570,4,2026-09-23T06:57:39Z,2026-09-23T06:58:09Z
е70-20260923-002,vehicle-822,е70,10712546234,5,2026-09-23T06:58:54Z,2026-09-23T06:59:24Z
е70-20260923-002,vehicle-822,е70,10712442568,6,2026-09-23T06:59:53Z,2026-09-23T07:00:23Z
е70-20260923-002,vehicle-822,е70,10712442566,7,2026-09-23T07:00:55Z,2026-09-23T07:01:25Z
е70-20260923-002,vehicle-822,е70,10712868207,8,2026-09-23T07:05:22Z,2026-09-23T07:05:52Z
е70-20260923-002,vehicle-822,е70,10712868103,9,2026-09-23T07:07:47Z,2026-09-23T07:08:17Z
е70-20260923-002,vehicle-822,е70,10712868081,10,2026-09-23T07:09:29Z,2026-09-23T07:09:59Z
е70-20260923-002,vehicle-822,е70,10712868065,11,2026-09-23T07:11:36Z,2026-09-23T07:12:06Z
е70-20260923-002,vehicle-822,е70,4902990471,12,2026-09-23T07:16:24Z,2026-09-23T07:16:54Z
е70-20260923-002,vehicle-822,е70,10712868049,13,2026-09-23T07:20:41Z,2026-09-23T07:21:11Z
е70-20260923-002,vehicle-822,е70,10712868040,14,2026-09-23T07:25:23Z,2026-09-23T07:25:53Z
е70-20260923-002,vehicle-822,е70,10712868036,15,2026-09-23T07:28:00Z,2026-09-23T07:28:30Z
е70-20260923-002,vehicle-822,е70,10712868035,16,2026-09-23T07:29:03Z,2026-09-23T07:29:33Z
е70-20260923-002,vehicle-822,е70,9868431738,17,2026-09-23T07:30:17Z,2026-09-23T07:30:47Z
е70-20260923-002,vehicle-822,е70,10702029920,18,2026-09-23T07:31:31Z,2026-09-23T07:32:01Z
е70-20260923-002,vehicle-822,е70,3218033070,19,2026-09-23T07:32:41Z,2026-09-23T07:33:11Z
е70-20260923-002,vehicle-822,е70,10702029938,20,2026-09-23T07:34:08Z,2026-09-23T07:34:38Z
е70-20260923-002,vehicle-822,е70,10712546309,21,2026-09-23T07:35:20Z,2026-09-23T07:35:50Z
е70-20260923-003,vehicle-823,е70,10712546308,1,2026-09-23T06:49:30Z,2026-09-23T06:50:00Z
е70-20260923-003,vehicle-823,е70,10712546307,2,2026-09-23T06:50:57Z,2026-09-23T06:51:27Z
е70-20260923-003,vehicle-823,е70,10712546306,3,2026-09-23T06:52:20Z,2026-09-23T06:52:50Z
е70-20260923-003,vehicle-823,е70,10712442570,4,2026-09-23T06:54:09Z,2026-09-23T06:54:39Z
е70-20260923-003,vehicle-823,е70,10712546234,5,2026-09-23T06:55:24Z,2026-09-23T06:55:54Z
е70-20260923-003,vehicle-823,е70,10712442568,6,2026-09-23T06:56:23Z,2026-09-23T06:56:53Z
е70-20260923-003,vehicle-823,е70,10712442566,7,2026-09-23T06:57:25Z,2026-09-23T06:57:55Z
е70-20260923-003,vehicle-823,е70,10712868207,8,2026-09-23T07:01:52Z,2026-09-23T07:02:22Z
е70-20260923-003,vehicle-823,е70,10712868103,9,2026-09-23T07:04:17Z,2026-09-23T07:04:47Z
е70-20260923-003,vehicle-823,е70,10712868081,10,2026-09-23T07:05:59Z,2026-09-23T07:06:29Z
е70-20260923-003,vehicle-823,е70,10712868065,11,2026-09-23T07:08:06Z,2026-09-23T07:08:36Z
е70-20260923-003,vehicle-823,е70,4902990471,12,2026-09-23T07:12:54Z,2026-09-23T07:13:24Z
е70-20260923-003,vehicle-823,е70,10712868049,13,2026-09-23T07:17:11Z,2026-09-23T07:17:41Z
е70-20260923-003,vehicle-823,е70,10712868040,14,2026-09-23T07:21:53Z,2026-09-23T07:22:23Z
е70-20260923-003,vehicle-823,е70,10712868036,15,2026-09-23T07:24:30Z,2026-09-23T07:25:00Z
е70-20260923-003,vehicle-823,е70,10712868035,16,2026-09-23T07:25:33Z,2026-09-23T07:26:03Z
е70-20260923-003,vehicle-823,е70,9868431738,17,2026-09-23T07:26:47Z,2026-09-23T07:27:17Z
е70-20260923-003,vehicle-823,е70,10702029920,18,2026-09-23T07:28:01Z,2026-09-23T07:28:31Z
е70-20260923-003,vehicle-823,е70,3218033070,19,2026-09-23T07:29:11Z,2026-09-23T07:29:41Z
е70-20260923-003,vehicle-823,е70,10702029938,20,2026-09-23T07:30:38Z,2026-09-23T07:31:08Z
е70-20260923-003,vehicle-823,е70,10712546309,21,2026-09-23T07:31:50Z,2026-09-23T07:32:20Z
е70-20260923-004,vehicle-824,е70,10712546308,1,2026-09-23T06:46:00Z,2026-09-23T06:46:30Z
е70-20260923-004,vehicle-824,е70,10712546307,2,2026-09-23T06:47:27Z,2026-09-23T06:47:57Z
е70-20260923-004,vehicle-824,е70,10712546306,3,2026-09-23T06:48:50Z,2026-09-23T06:49:20Z
е70-20260923-004,vehicle-824,е70,10712442570,4,2026-09-23T06:50:39Z,2026-09-23T06:51:09Z
е70-20260923-004,vehicle-824,е70,10712546234,5,2026-09-23T06:51:54Z,2026-09-23T06:52:24Z
е70-20260923-004,vehicle-824,е70,10712442568,6,2026-09-23T06:52:53Z,2026-09-23T06:53:23Z
е70-20260923-004,vehicle-824,е70,10712442566,7,2026-09-23T06:53:55Z,2026-09-23T06:54:25Z
е70-20260923-004,vehicle-824,е70,10712868207,8,2026-09-23T06:58:22Z,2026-09-23T06:58:52Z
е70-20260923-004,vehicle-824,е70,10712868103,9,2026-09-23T07:00:47Z,2026-09-23T07:01:17Z
е70-20260923-004,vehicle-824,е70,10712868081,10,2026-09-23T07:02:29Z,2026-09-23T07:02:59Z
е70-20260923-004,vehicle-824,е70,10712868065,11,2026-09-23T07:04:36Z,2026-09-23T07:05:06Z
е70-20260923-004,vehicle-824,е70,4902990471,12,2026-09-23T07:09:24Z,2026-09-23T07:09:54Z
е70-20260923-004,vehicle-824,е70,10712868049,13,2026-09-23T07:13:41Z,2026-09-23T07:14:11Z
е70-20260923-004,vehicle-824,е70,10712868040,14,2026-09-23T07:18:23Z,2026-09-23T07:18:53Z
е70-20260923-004,vehicle-824,е70,10712868036,15,2026-09-23T07:21:00Z,2026-09-23T07:21:30Z
е70-20260923-004,vehicle-824,е70,10712868035,16,2026-09-23T07:22:03Z,2026-09-23T07:22:33Z
е70-20260923-004,vehicle-824,е70,9868431738,17,2026-09-23T07:23:17Z,2026-09-23T07:23:47Z
е70-20260923-004,vehicle-824,е70,10702029920,18,2026-09-23T07:24:31Z,2026-09-23T07:25:01Z
е70-20260923-004,vehicle-824,е70,3218033070,19,2026-09-23T07:25:41Z,2026-09-23T07:26:11Z
е70-20260923-004,vehicle-824,е70,10702029938,20,2026-09-23T07:27:08Z,2026-09-23T07:27:38Z
е70-20260923-004,vehicle-824,е70,10712546309,21,2026-09-23T07:28:20Z,2026-09-23T07:28:50Z
е70-20260923-005,vehicle-825,е70,10712546308,1,2026-09-23T06:42:30Z,2026-09-23T06:43:00Z
е70-20260923-005,vehicle-825,е70,10712546307,2,2026-09-23T06:43:57Z,2026-09-23T06:44:27Z
е70-20260923-005,vehicle-825,е70,10712546306,3,2026-09-23T06:45:20Z,2026-09-23T06:45:50Z
е70-20260923-005,vehicle-825,е70,10712442570,4,2026-09-23T06:47:09Z,2026-09-23T06:47:39Z
е70-20260923-005,vehicle-825,е70,10712546234,5,2026-09-23T06:48:24Z,2026-09-23T06:48:54Z
е70-20260923-005,vehicle-825,е70,10712442568,6,2026-09-23T06:49:23Z,2026-09-23T06:49:53Z
е70-20260923-005,vehicle-825,е70,10712442566,7,2026-09-23T06:50:25Z,2026-09-23T06:50:55Z
е70-20260923-005,vehicle-825,е70,10712868207,8,2026-09-23T06:54:52Z,2026-09-23T06:55:22Z
е70-20260923-005,vehicle-825,е70,10712868103,9,2026-09-23T06:57:17Z,2026-09-23T06:57:47Z
е70-20260923-005,vehicle-825,е70,10712868081,10,2026-09-23T06:58:59Z,2026-09-23T06:59:29Z
е70-20260923-005,vehicle-825,е70,10712868065,11,2026-09-23T07:01:06Z,2026-09-23T07:01:36Z
е70-20260923-005,vehicle-825,е70,4902990471,12,2026-09-23T07:05:54Z,2026-09-23T07:06:24Z
е70-20260923-005,vehicle-825,е70,10712868049,13,2026-09-23T07:10:11Z,2026-09-23T07:10:41Z
е70-20260923-005,vehicle-825,е70,10712868040,14,2026-09-23T07:14:53Z,2026-09-23T07:15:23Z
е70-20260923-005,vehicle-825,е70,10712868036,15,2026-09-23T07:17:30Z,2026-09-23T07:18:00Z
е70-20260923-005,vehicle-825,е70,10712868035,16,2026-09-23T07:18:33Z,2026-09-23T07:19:03Z
е70-20260923-005,vehicle-825,е70,9868431738,17,2026-09-23T07:19:47Z,2026-09-23T07:20:17Z
е70-20260923-005,vehicle-825,е70,10702029920,18,2026-09-23T07:21:01Z,2026-09-23T07:21:31Z
е70-20260923-005,vehicle-825,е70,3218033070,19,2026-09-23T07:22:11Z,2026-09-23T07:22:41Z
е70-20260923-005,vehicle-825,е70,10702029938,20,2026-09-23T07:23:38Z,2026-09-23T07:24:08Z
е70-20260923-005,vehicle-825,е70,10712546309,21,2026-09-23T07:24:50Z,2026-09-23T07:25:20Z
е70-20260923-006,vehicle-826,е70,10712546308,1,2026-09-23T06:39:00Z,2026-09-23T06:39:30Z
е70-20260923-006,vehicle-826,е70,10712546307,2,2026-09-23T06:40:27Z,2026-09-23T06:40:57Z
е70-20260923-006,vehicle-826,е70,10712546306,3,2026-09-23T06:41:50Z,2026-09-23T06:42:20Z
е70-20260923-006,vehicle-826,е70,10712442570,4,2026-09-23T06:43:39Z,2026-09-23T06:44:09Z
е70-20260923-006,vehicle-826,е70,10712546234,5,2026-09-23T06:44:54Z,2026-09-23T06:45:24Z
е70-20260923-006,vehicle-826,е70,10712442568,6,2026-09-23T06:45:53Z,2026-09-23T06:46:23Z
е70-20260923-006,vehicle-826,е70,10712442566,7,2026-09-23T06:46:55Z,2026-09-23T06:47:25Z
е70-20260923-006,vehicle-826,е70,10712868207,8,2026-09-23T06:51:22Z,2026-09-23T06:51:52Z
е70-20260923-006,vehicle-826,е70,10712868103,9,2026-09-23T06:53:47Z,2026-09-23T06:54:17Z
е70-20260923-006,vehicle-826,е70,10712868081,10,2026-09-23T06:55:29Z,2026-09-23T06:55:59Z
е70-20260923-006,vehicle-826,е70,10712868065,11,2026-09-23T06:57:36Z,2026-09-23T06:58:06Z
е70-20260923-006,vehicle-826,е70,4902990471,12,2026-09-23T07:02:24Z,2026-09-23T07:02:54Z
е70-20260923-006,vehicle-826,е70,10712868049,13,2026-09-23T07:06:41Z,2026-09-23T07:07:11Z
е70-20260923-006,vehicle-826,е70,10712868040,14,2026-09-23T07:11:23Z,2026-09-23T07:11:53Z
е70-20260923-006,vehicle-826,е70,10712868036,15,2026-09-23T07:14:00Z,2026-09-23T07:14:30Z
е70-20260923-006,vehicle-826,е70,10712868035,16,2026-09-23T07:15:03Z,2026-09-23T07:15:33Z
е70-20260923-006,vehicle-826,е70,9868431738,17,2026-09-23T07:16:17Z,2026-09-23T07:16:47Z
е70-20260923-006,vehicle-826,е70,10702029920,18,2026-09-23T07:17:31Z,2026-09-23T07:18:01Z
е70-20260923-006,vehicle-826,е70,3218033070,19,2026-09-23T07:18:41Z,2026-09-23T07:19:11Z
е70-20260923-006,vehicle-826,е70,10702029938,20,2026-09-23T07:20:08Z,2026-09-23T07:20:38Z
е70-20260923-006,vehicle-826,е70,10712546309,21,2026-09-23T07:21:20Z,2026-09-23T07:21:50Z
е70-20260923-007,vehicle-827,е70,10712546308,1,2026-09-23T06:35:30Z,2026-09-23T06:36:00Z
е70-20260923-007,vehicle-827,е70,10712546307,2,2026-09-23T06:36:57Z,2026-09-23T06:37:27Z
е70-20260923-007,vehicle-827,е70,10712546306,3,2026-09-23T06:38:20Z,2026-09-23T06:38:50Z
е70-20260923-007,vehicle-827,е70,10712442570,4,2026-09-23T06:40:09Z,2026-09-23T06:40:39Z
е70-20260923-007,vehicle-827,е70,10712546234,5,2026-09-23T06:41:24Z,2026-09-23T06:41:54Z
е70-20260923-007,vehicle-827,е70,10712442568,6,2026-09-23T06:42:23Z,2026-09-23T06:42:53Z
е70-20260923-007,vehicle-827,е70,10712442566,7,2026-09-23T06:43:25Z,2026-09-23T06:43:55Z
е70-20260923-007,vehicle-827,е70,10712868207,8,2026-09-23T06:47:52Z,2026-09-23T06:48:22Z
е70-20260923-007,vehicle-827,е70,10712868103,9,2026-09-23T06:50:17Z,2026-09-23T06:50:47Z
е70-20260923-007,vehicle-827,е70,10712868081,10,2026-09-23T06:51:59Z,2026-09-23T06:52:29Z
е70-20260923-007,vehicle-827,е70,10712868065,11,2026-09-23T06:54:06Z,2026-09-23T06:54:36Z
е70-20260923-007,vehicle-827,е70,4902990471,12,2026-09-23T06:58:54Z,2026-09-23T06:59:24Z
е70-20260923-007,vehicle-827,е70,10712868049,13,2026-09-23T07:03:11Z,2026-09-23T07:03:41Z
е70-20260923-007,vehicle-827,е70,10712868040,14,2026-09-23T07:07:53Z,2026-09-23T07:08:23Z
е70-20260923-007,vehicle-827,е70,10712868036,15,2026-09-23T07:10:30Z,2026-09-23T07:11:00Z
е70-20260923-007,vehicle-827,е70,10712868035,16,2026-09-23T07:11:33Z,2026-09-23T07:12:03Z
е70-20260923-007,vehicle-827,е70,9868431738,17,2026-09-23T07:12:47Z,2026-09-23T07:13:17Z
е70-20260923-007,vehicle-827,е70,10702029920,18,2026-09-23T07:14:01Z,2026-09-23T07:14:31Z
е70-20260923-007,vehicle-827,е70,3218033070,19,2026-09-23T07:15:11Z,2026-09-23T07:15:41Z
е70-20260923-007,vehicle-827,е70,10702029938,20,2026-09-23T07:16:38Z,2026-09-23T07:17:08Z
е70-20260923-007,vehicle-827,е70,10712546309,21,2026-09-23T07:17:50Z,2026-09-23T07:18:20Z
м6-20260923-000,vehicle-830,м6,10727814007,1,2026-09-23T07:00:00Z,2026-09-23T07:00:30Z
м6-20260923-000,vehicle-830,м6,7696065480,2,2026-09-23T07:01:07Z,2026-09-23T07:01:37Z
м6-20260923-000,vehicle-830,м6,10702777777,3,2026-09-23T07:02:31Z,2026-09-23T07:03:01Z
м6-20260923-000,vehicle-830,м6,10702777779,4,2026-09-23T07:03:42Z,2026-09-23T07:04:12Z
м6-20260923-000,vehicle-830,м6,10702777781,5,2026-09-23T07:05:00Z,2026-09-23T07:05:30Z
м6-20260923-000,vehicle-830,м6,12561450003,6,2026-09-23T07:06:05Z,2026-09-23T07:06:35Z
м6-20260923-000,vehicle-830,м6,10704753149,7,2026-09-23T07:06:58Z,2026-09-23T07:07:28Z
м6-20260923-000,vehicle-830,м6,10702809948,8,2026-09-23T07:09:20Z,2026-09-23T07:09:50Z
м6-20260923-000,vehicle-830,м6,10704706842,9,2026-09-23T07:11:04Z,2026-09-23T07:11:34Z
м6-20260923-000,vehicle-830,м6,10704706844,10,2026-09-23T07:12:05Z,2026-09-23T07:12:35Z
м6-20260923-000,vehicle-830,м6,8608386419,11,2026-09-23T07:13:51Z,2026-09-23T07:14:21Z
м6-20260923-000,vehicle-830,м6,10703239461,12,2026-09-23T07:14:53Z,2026-09-23T07:15:23Z
м6-20260923-000,vehicle-830,м6,10704706849,13,2026-09-23T07:16:28Z,2026-09-23T07:16:58Z
м6-20260923-000,vehicle-830,м6,10704706850,14,2026-09-23T07:17:53Z,2026-09-23T07:18:23Z
м6-20260923-000,vehicle-830,м6,10704706853,15,2026-09-23T07:19:10Z,2026-09-23T07:19:40Z
м6-20260923-000,vehicle-830,м6,10704706852,16,2026-09-23T07:20:24Z,2026-09-23T07:20:54Z
м6-20260923-000,vehicle-830,м6,10702029920,17,2026-09-23T07:21:21Z,2026-09-23T07:21:51Z
м6-20260923-000,vehicle-830,м6,3218033070,18,2026-09-23T07:22:30Z,2026-09-23T07:23:00Z
м6-20260923-000,vehicle-830,м6,10702029938,19,2026-09-23T07:23:57Z,2026-09-23T07:24:27Z
м6-20260923-000,vehicle-830,м6,5152813894,20,2026-09-23T07:25:06Z,2026-09-23T07:25:36Z
м6-20260923-000,vehicle-830,м6,336215380,21,2026-09-23T07:27:01Z,2026-09-23T07:27:31Z
м6-20260923-000,vehicle-830,м6,10707555443,22,2026-09-23T07:28:13Z,2026-09-23T07:28:43Z
м6-20260923-000,vehicle-830,м6,4436980877,23,2026-09-23T07:29:32Z,2026-09-23T07:30:02Z
м6-20260923-000,vehicle-830,м6,10030517809,24,2026-09-23T07:31:17Z,2026-09-23T07:31:47Z
м6-20260923-000,vehicle-830,м6,10030517808,25,2026-09-23T07:32:51Z,2026-09-23T07:33:21Z
м6-20260923-000,vehicle-830,м6,10727814005,26,2026-09-23T07:34:07Z,2026-09-23T07:34:37Z
м6-20260923-000,vehicle-830,м6,1487452424,27,2026-09-23T07:35:11Z,2026-09-23T07:35:41Z
м6-20260923-000,vehicle-830,м6,10727802904,28,2026-09-23T07:36:12Z,2026-09-23T07:36:42Z
м6-20260923-000,vehicle-830,м6,2413717004,29,2026-09-23T07:37:41Z,2026-09-23T07:38:11Z
м6-20260923-000,vehicle-830,м6,2413716995,30,2026-09-23T07:38:54Z,2026-09-23T07:39:24Z
м6-20260923-000,vehicle-830,м6,5320144985,31,2026-09-23T07:40:02Z,2026-09-23T07:40:32Z
м6-20260923-000,vehicle-830,м6,2413717006,32,2026-09-23T07:41:01Z,2026-09-23T07:41:31Z
м6-20260923-000,vehicle-830,м6,2413717060,33,2026-09-23T07:41:59Z,2026-09-23T07:42:29Z
м6-20260923-000,vehicle-830,м6,2413717028,34,2026-09-23T07:43:12Z,2026-09-23T07:43:42Z
м6-20260923-000,vehicle-830,м6,2413717055,35,2026-09-23T07:44:05Z,2026-09-23T07:44:35Z
м6-20260923-000,vehicle-830,м6,2413717050,36,2026-09-23T07:45:28Z,2026-09-23T07:45:58Z
м6-20260923-000,vehicle-830,м6,10683919932,37,2026-09-23T07:46:51Z,2026-09-23T07:47:21Z
м6-20260923-000,vehicle-830,м6,2413717012,38,2026-09-23T07:48:08Z,2026-09-23T07:48:38Z
м6-20260923-000,vehicle-830,м6,9797228311,39,2026-09-23T07:49:39Z,2026-09-23T07:50:09Z
м6-20260923-000,vehicle-830,м6,10683919931,40,2026-09-23T07:50:45Z,2026-09-23T07:51:15Z
м6-20260923-000,vehicle-830,м6,10683919928,41,2026-09-23T07:52:19Z,2026-09-23T07:52:49Z
м6-20260923-000,vehicle-830,м6,2413991282,42,2026-09-23T07:53:36Z,2026-09-23T07:54:06Z
м6-20260923-001,vehicle-831,м6,10727814007,1,2026-09-23T06:56:30Z,2026-09-23T06:57:00Z
м6-20260923-001,vehicle-831,м6,7696065480,2,2026-09-23T06:57:37Z,2026-09-23T06:58:07Z
м6-20260923-001,vehicle-831,м6,10702777777,3,2026-09-23T06:59:01Z,2026-09-23T06:59:31Z
м6-20260923-001,vehicle-831,м6,10702777779,4,2026-09-23T07:00:12Z,2026-09-23T07:00:42Z
м6-20260923-001,vehicle-831,м6,10702777781,5,2026-09-23T07:01:30Z,2026-09-23T07:02:00Z
м6-20260923-001,vehicle-831,м6,12561450003,6,2026-09-23T07:02:35Z,2026-09-23T07:03:05Z
м6-20260923-001,vehicle-831,м6,10704753149,7,2026-09-23T07:03:28Z,2026-09-23T07:03:58Z
м6-20260923-001,vehicle-831,м6,10702809948,8,2026-09-23T07:05:50Z,2026-09-23T07:06:20Z
м6-20260923-001,vehicle-831,м6,10704706842,9,2026-09-23T07:07:34Z,2026-09-23T07:08:04Z
м6-20260923-001,vehicle-831,м6,10704706844,10,2026-09-23T07:08:35Z,2026-09-23T07:09:05Z
м6-20260923-001,vehicle-831,м6,8608386419,11,2026-09-23T07:10:21Z,2026-09-23T07:10:51Z
м6-20260923-001,vehicle-831,м6,10703239461,12,2026-09-23T07:11:23Z,2026-09-23T07:11:53Z
м6-20260923-001,vehicle-831,м6,10704706849,13,2026-09-23T07:12:58Z,2026-09-23T07:13:28Z
м6-20260923-001,vehicle-831,м6,10704706850,14,2026-09-23T07:14:23Z,2026-09-23T07:14:53Z
м6-20260923-001,vehicle-831,м6,10704706853,15,2026-09-23T07:15:40Z,2026-09-23T07:16:10Z
м6-20260923-001,vehicle-831,м6,10704706852,16,2026-09-23T07:16:54Z,2026-09-23T07:17:24Z
м6-20260923-001,vehicle-831,м6,10702029920,17,2026-09-23T07:17:51Z,2026-09-23T07:18:21Z
м6-20260923-001,vehicle-831,м6,3218033070,18,2026-09-23T07:19:00Z,2026-09-23T07:19:30Z
м6-20260923-001,vehicle-831,м6,10702029938,19,2026-09-23T07:20:27Z,2026-09-23T07:20:57Z
м6-20260923-001,vehicle-831,м6,5152813894,20,2026-09-23T07:21:36Z,2026-09-23T07:22:06Z
м6-20260923-001,vehicle-831,м6,336215380,21,2026-09-23T07:23:31Z,2026-09-23T07:24:01Z
м6-20260923-001,vehicle-831,м6,10707555443,22,2026-09-23T07:24:43Z,2026-09-23T07:25:13Z
м6-20260923-001,vehicle-831,м6,4436980877,23,2026-09-23T07:26:02Z,2026-09-23T07:26:32Z
м6-20260923-001,vehicle-831,м6,10030517809,24,2026-09-23T07:27:47Z,2026-09-23T07:28:17Z
м6-20260923-001,vehicle-831,м6,10030517808,25,2026-09-23T07:29:21Z,2026-09-23T07:29:51Z
м6-20260923-001,vehicle-831,м6,10727814005,26,2026-09-23T07:30:37Z,2026-09-23T07:31:07Z
м6-20260923-001,vehicle-831,м6,1487452424,27,2026-09-23T07:31:41Z,2026-09-23T07:32:11Z
м6-20260923-001,vehicle-831,м6,10727802904,28,2026-09-23T07:32:42Z,2026-09-23T07:33:12Z
м6-20260923-001,vehicle-831,м6,2413717004,29,2026-09-23T07:34:11Z,2026-09-23T07:34:41Z
м6-20260923-001,vehicle-831,м6,2413716995,30,2026-09-23T07:35:24Z,2026-09-23T07:35:54Z
м6-20260923-001,vehicle-831,м6,5320144985,31,2026-09-23T07:36:32Z,2026-09-23T07:37:02Z
м6-20260923-001,vehicle-831,м6,2413717006,32,2026-09-23T07:37:31Z,2026-09-23T07:38:01Z
м6-20260923-001,vehicle-831,м6,2413717060,33,2026-09-23T07:38:29Z,2026-09-23T07:38:59Z
м6-20260923-001,vehicle-831,м6,2413717028,34,2026-09-23T07:39:42Z,2026-09-23T07:40:12Z
м6-20260923-001,vehicle-831,м6,2413717055,35,2026-09-23T07:40:35Z,2026-09-23T07:41:05Z
м6-20260923-001,vehicle-831,м6,2413717050,36,2026-09-23T07:41:58Z,2026-09-23T07:42:28Z
м6-20260923-001,vehicle-831,м6,10683919932,37,2026-09-23T07:43:21Z,2026-09-23T07:43:51Z
м6-20260923-001,vehicle-831,м6,2413717012,38,2026-09-23T07:44:38Z,2026-09-23T07:45:08Z
м6-20260923-001,vehicle-831,м6,9797228311,39,2026-09-23T07:46:09Z,2026-09-23T07:46:39Z
м6-20260923-001,vehicle-831,м6,10683919931,40,2026-09-23T07:47:15Z,2026-09-23T07:47:45Z
м6-20260923-001,vehicle-831,м6,10683919928,41,2026-09-23T07:48:49Z,2026-09-23T07:49:19Z
м6-20260923-001,vehicle-831,м6,2413991282,42,2026-09-23T07:50:06Z,2026-09-23T07:50:36Z
м6-20260923-002,vehicle-832,м6,10727814007,1,2026-09-23T06:53:00Z,2026-09-23T06:53:30Z
м6-20260923-002,vehicle-832,м6,7696065480,2,2026-09-23T06:54:07Z,2026-09-23T06:54:37Z
м6-20260923-002,vehicle-832,м6,10702777777,3,2026-09-23T06:55:31Z,2026-09-23T06:56:01Z
м6-20260923-002,vehicle-832,м6,10702777779,4,2026-09-23T06:56:42Z,2026-09-23T06:57:12Z
м6-20260923-002,vehicle-832,м6,10702777781,5,2026-09-23T06:58:00Z,2026-09-23T06:58:30Z
м6-20260923-002,vehicle-832,м6,12561450003,6,2026-09-23T06:59:05Z,2026-09-23T06:59:35Z
м6-20260923-002,vehicle-832,м6,10704753149,7,2026-09-23T06:59:58Z,2026-09-23T07:00:28Z
м6-20260923-002,vehicle-832,м6,10702809948,8,2026-09-23T07:02:20Z,2026-09-23T07:02:50Z
м6-20260923-002,vehicle-832,м6,10704706842,9,2026-09-23T07:04:04Z,2026-09-23T07:04:34Z
м6-20260923-002,vehicle-832,м6,10704706844,10,2026-09-23T07:05:05Z,2026-09-23T07:05:35Z
м6-20260923-002,vehicle-832,м6,8608386419,11,2026-09-23T07:06:51Z,2026-09-23T07:07:21Z
м6-20260923-002,vehicle-832,м6,10703239461,12,2026-09-23T07:07:53Z,2026-09-23T07:08:23Z
м6-20260923-002,vehicle-832,м6,10704706849,13,2026-09-23T07:09:28Z,2026-09-23T07:09:58Z
м6-20260923-002,vehicle-832,м6,10704706850,14,2026-09-23T07:10:53Z,2026-09-23T07:11:23Z
м6-20260923-002,vehicle-832,м6,10704706853,15,2026-09-23T07:12:10Z,2026-09-23T07:12:40Z
м6-20260923-002,vehicle-832,м6,10704706852,16,2026-09-23T07:13:24Z,2026-09-23T07:13:54Z
м6-20260923-002,vehicle-832,м6,10702029920,17,2026-09-23T07:14:21Z,2026-09-23T07:14:51Z
м6-20260923-002,vehicle-832,м6,3218033070,18,2026-09-23T07:15:30Z,2026-09-23T07:16:00Z
м6-20260923-002,vehicle-832,м6,10702029938,19,2026-09-23T07:16:57Z,2026-09-23T07:17:27Z
м6-20260923-002,vehicle-832,м6,5152813894,20,2026-09-23T07:18:06Z,2026-09-23T07:18:36Z
м6-20260923-002,vehicle-832,м6,336215380,21,2026-09-23T07:20:01Z,2026-09-23T07:20:31Z
м6-20260923-002,vehicle-832,м6,10707555443,22,2026-09-23T07:21:13Z,2026-09-23T07:21:43Z
м6-20260923-002,vehicle-832,м6,4436980877,23,2026-09-23T07:22:32Z,2026-09-23T07:23:02Z
м6-20260923-002,vehicle-832,м6,10030517809,24,2026-09-23T07:24:17Z,2026-09-23T07:24:47Z
м6-20260923-002,vehicle-832,м6,10030517808,25,2026-09-23T07:25:51Z,2026-09-23T07:26:21Z
м6-20260923-002,vehicle-832,м6,10727814005,26,2026-09-23T07:27:07Z,2026-09-23T07:27:37Z
м6-20260923-002,vehicle-832,м6,1487452424,27,2026-09-23T07:28:11Z,2026-09-23T07:28:41Z
м6-20260923-002,vehicle-832,м6,10727802904,28,2026-09-23T07:29:12Z,2026-09-23T07:29:42Z
м6-20260923-002,vehicle-832,м6,2413717004,29,2026-09-23T07:30:41Z,2026-09-23T07:31:11Z
м6-20260923-002,vehicle-832,м6,2413716995,30,2026-09-23T07:31:54Z,2026-09-23T07:32:24Z
м6-20260923-002,vehicle-832,м6,5320144985,31,2026-09-23T07:33:02Z,2026-09-23T07:33:32Z
м6-20260923-002,vehicle-832,м6,2413717006,32,2026-09-23T07:34:01Z,2026-09-23T07:34:31Z
м6-20260923-002,vehicle-832,м6,2413717060,33,2026-09-23T07:34:59Z,2026-09-23T07:35:29Z
м6-20260923-002,vehicle-832,м6,2413717028,34,2026-09-23T07:36:12Z,2026-09-23T07:36:42Z
м6-20260923-002,vehicle-832,м6,2413717055,35,2026-09-23T07:37:05Z,2026-09-23T07:37:35Z
м6-20260923-002,vehicle-832,м6,2413717050,36,2026-09-23T07:38:28Z,2026-09-23T07:38:58Z
м6-20260923-002,vehicle-832,м6,10683919932,37,2026-09-23T07:39:51Z,2026-09-23T07:40:21Z
м6-20260923-002,vehicle-832,м6,2413717012,38,2026-09-23T07:41:08Z,2026-09-23T07:41:38Z
м6-20260923-002,vehicle-832,м6,9797228311,39,2026-09-23T07:42:39Z,2026-09-23T07:43:09Z
м6-20260923-002,vehicle-832,м6,10683919931,40,2026-09-23T07:43:45Z,2026-09-23T07:44:15Z
м6-20260923-002,vehicle-832,м6,10683919928,41,2026-09-23T07:45:19Z,2026-09-23T07:45:49Z
м6-20260923-002,vehicle-832,м6,2413991282,42,2026-09-23T07:46:36Z,2026-09-23T07:47:06Z
м6-20260923-003,vehicle-833,м6,10727814007,1,2026-09-23T06:49:30Z,2026-09-23T06:50:00Z
м6-20260923-003,vehicle-833,м6,7696065480,2,2026-09-23T06:50:37Z,2026-09-23T06:51:07Z
м6-20260923-003,vehicle-833,м6,10702777777,3,2026-09-23T06:52:01Z,2026-09-23T06:52:31Z
м6-20260923-003,vehicle-833,м6,10702777779,4,2026-09-23T06:53:12Z,2026-09-23T06:53:42Z
м6-20260923-003,vehicle-833,м6,10702777781,5,2026-09-23T06:54:30Z,2026-09-23T06:55:00Z
м6-20260923-003,vehicle-833,м6,12561450003,6,2026-09-23T06:55:35Z,2026-09-23T06:56:05Z
м6-20260923-003,vehicle-833,м6,10704753149,7,2026-09-23T06:56:28Z,2026-09-23T06:56:58Z
м6-20260923-003,vehicle-833,м6,10702809948,8,2026-09-23T06:58:50Z,2026-09-23T06:59:20Z
м6-20260923-003,vehicle-833,м6,10704706842,9,2026-09-23T07:00:34Z,2026-09-23T07:01:04Z
м6-20260923-003,vehicle-833,м6,10704706844,10,2026-09-23T07:01:35Z,2026-09-23T07:02:05Z
м6-20260923-003,vehicle-833,м6,8608386419,11,2026-09-23T07:03:21Z,2026-09-23T07:03:51Z
м6-20260923-003,vehicle-833,м6,10703239461,12,2026-09-23T07:04:23Z,2026-09-23T07:04:53Z
м6-20260923-003,vehicle-833,м6,10704706849,13,2026-09-23T07:05:58Z,2026-09-23T07:06:28Z
м6-20260923-003,vehicle-833,м6,10704706850,14,2026-09-23T07:07:23Z,2026-09-23T07:07:53Z
м6-20260923-003,vehicle-833,м6,10704706853,15,2026-09-23T07:08:40Z,2026-09-23T07:09:10Z
м6-20260923-003,vehicle-833,м6,10704706852,16,2026-09-23T07:09:54Z,2026-09-23T07:10:24Z
м6-20260923-003,vehicle-833,м6,10702029920,17,2026-09-23T07:10:51Z,2026-09-23T07:11:21Z
м6-20260923-003,vehicle-833,м6,3218033070,18,2026-09-23T07:12:00Z,2026-09-23T07:12:30Z
м6-20260923-003,vehicle-833,м6,10702029938,19,2026-09-23T07:13:27Z,2026-09-23T07:13:57Z
м6-20260923-003,vehicle-833,м6,5152813894,20,2026-09-23T07:14:36Z,2026-09-23T07:15:06Z
м6-20260923-003,vehicle-833,м6,336215380,21,2026-09-23T07:16:31Z,2026-09-23T07:17:01Z
м6-20260923-003,vehicle-833,м6,10707555443,22,2026-09-23T07:17:43Z,2026-09-23T07:18:13Z
м6-20260923-003,vehicle-833,м6,4436980877,23,2026-09-23T07:19:02Z,2026-09-23T07:19:32Z
м6-20260923-003,vehicle-833,м6,10030517809,24,2026-09-23T07:20:47Z,2026-09-23T07:21:17Z
м6-20260923-003,vehicle-833,м6,10030517808,25,2026-09-23T07:22:21Z,2026-09-23T07:22:51Z
м6-20260923-003,vehicle-833,м6,10727814005,26,2026-09-23T07:23:37Z,2026-09-23T07:24:07Z
м6-20260923-003,vehicle-833,м6,1487452424,27,2026-09-23T07:24:41Z,2026-09-23T07:25:11Z
м6-20260923-003,vehicle-833,м6,10727802904,28,2026-09-23T07:25:42Z,2026-09-23T07:26:12Z
м6-20260923-003,vehicle-833,м6,2413717004,29,2026-09-23T07:27:11Z,2026-09-23T07:27:41Z
м6-20260923-003,vehicle-833,м6,2413716995,30,2026-09-23T07:28:24Z,2026-09-23T07:28:54Z
м6-20260923-003,vehicle-833,м6,5320144985,31,2026-09-23T07:29:32Z,2026-09-23T07:30:02Z
м6-20260923-003,vehicle-833,м6,2413717006,32,2026-09-23T07:30:31Z,2026-09-23T07:31:01Z
м6-20260923-003,vehicle-833,м6,2413717060,33,2026-09-23T07:31:29Z,2026-09-23T07:31:59Z
м6-20260923-003,vehicle-833,м6,2413717028,34,2026-09-23T07:32:42Z,2026-09-23T07:33:12Z
м6-20260923-003,vehicle-833,м6,2413717055,35,2026-09-23T07:33:35Z,2026-09-23T07:34:05Z
м6-20260923-003,vehicle-833,м6,2413717050,36,2026-09-23T07:34:58Z,2026-09-23T07:35:28Z
м6-20260923-003,vehicle-833,м6,10683919932,37,2026-09-23T07:36:21Z,2026-09-23T07:36:51Z
м6-20260923-003,vehicle-833,м6,2413717012,38,2026-09-23T07:37:38Z,2026-09-23T07:38:08Z
м6-20260923-003,vehicle-833,м6,9797228311,39,2026-09-23T07:39:09Z,2026-09-23T07:39:39Z
м6-20260923-003,vehicle-833,м6,10683919931,40,2026-09-23T07:40:15Z,2026-09-23T07:40:45Z
м6-20260923-003,vehicle-833,м6,10683919928,41,2026-09-23T07:41:49Z,2026-09-23T07:42:19Z
м6-20260923-003,vehicle-833,м6,2413991282,42,2026-09-23T07:43:06Z,2026-09-23T07:43:36Z
м6-20260923-004,vehicle-834,м6,10727814007,1,2026-09-23T06:46:00Z,2026-09-23T06:46:30Z
м6-20260923-004,vehicle-834,м6,7696065480,2,2026-09-23T06:47:07Z,2026-09-23T06:47:37Z
м6-20260923-004,vehicle-834,м6,10702777777,3,2026-09-23T06:48:31Z,2026-09-23T06:49:01Z
м6-20260923-004,vehicle-834,м6,10702777779,4,2026-09-23T06:49:42Z,2026-09-23T06:50:12Z
м6-20260923-004,vehicle-834,м6,10702777781,5,2026-09-23T06:51:00Z,2026-09-23T06:51:30Z
м6-20260923-004,vehicle-834,м6,12561450003,6,2026-09-23T06:52:05Z,2026-09-23T06:52:35Z
м6-20260923-004,vehicle-834,м6,10704753149,7,2026-09-23T06:52:58Z,2026-09-23T06:53:28Z
м6-20260923-004,vehicle-834,м6,10702809948,8,2026-09-23T06:55:20Z,2026-09-23T06:55:50Z
м6-20260923-004,vehicle-834,м6,10704706842,9,2026-09-23T06:57:04Z,2026-09-23T06:57:34Z
м6-20260923-004,vehicle-834,м6,10704706844,10,2026-09-23T06:58:05Z,2026-09-23T06:58:35Z
м6-20260923-004,vehicle-834,м6,8608386419,11,2026-09-23T06:59:51Z,2026-09-23T07:00:21Z
м6-20260923-004,vehicle-834,м6,10703239461,12,2026-09-23T07:00:53Z,2026-09-23T07:01:23Z
м6-20260923-004,vehicle-834,м6,10704706849,13,2026-09-23T07:02:28Z,2026-09-23T07:02:58Z
м6-20260923-004,vehicle-834,м6,10704706850,14,2026-09-23T07:03:53Z,2026-09-23T07:04:23Z
м6-20260923-004,vehicle-834,м6,10704706853,15,2026-09-23T07:05:10Z,2026-09-23T07:05:40Z
м6-20260923-004,vehicle-834,м6,10704706852,16,2026-09-23T07:06:24Z,2026-09-23T07:06:54Z
м6-20260923-004,vehicle-834,м6,10702029920,17,2026-09-23T07:07:21Z,2026-09-23T07:07:51Z
м6-20260923-004,vehicle-834,м6,3218033070,18,2026-09-23T07:08:30Z,2026-09-23T07:09:00Z
м6-20260923-004,vehicle-834,м6,10702029938,19,2026-09-23T07:09:57Z,2026-09-23T07:10:27Z
м6-20260923-004,vehicle-834,м6,5152813894,20,2026-09-23T07:11:06Z,2026-09-23T07:11:36Z
м6-20260923-004,vehicle-834,м6,336215380,21,2026-09-23T07:13:01Z,2026-09-23T07:13:31Z
м6-20260923-004,vehicle-834,м6,10707555443,22,2026-09-23T07:14:13Z,2026-09-23T07:14:43Z
м6-20260923-004,vehicle-834,м6,4436980877,23,2026-09-23T07:15:32Z,2026-09-23T07:16:02Z
м6-20260923-004,vehicle-834,м6,10030517809,24,2026-09-23T07:17:17Z,2026-09-23T07:17:47Z
м6-20260923-004,vehicle-834,м6,10030517808,25,2026-09-23T07:18:51Z,2026-09-23T07:19:21Z
м6-20260923-004,vehicle-834,м6,10727814005,26,2026-09-23T07:20:07Z,2026-09-23T07:20:37Z
м6-20260923-004,vehicle-834,м6,1487452424,27,2026-09-23T07:21:11Z,2026-09-23T07:21:41Z
м6-20260923-004,vehicle-834,м6,10727802904,28,2026-09-23T07:22:12Z,2026-09-23T07:22:42Z
м6-20260923-004,vehicle-834,м6,2413717004,29,2026-09-23T07:23:41Z,2026-09-23T07:24:11Z
м6-20260923-004,vehicle-834,м6,2413716995,30,2026-09-23T07:24:54Z,2026-09-23T07:25:24Z
м6-20260923-004,vehicle-834,м6,5320144985,31,2026-09-23T07:26:02Z,2026-09-23T07:26:32Z
м6-20260923-004,vehicle-834,м6,2413717006,32,2026-09-23T07:27:01Z,2026-09-23T07:27:31Z
м6-20260923-004,vehicle-834,м6,2413717060,33,2026-09-23T07:27:59Z,2026-09-23T07:28:29Z
м6-20260923-004,vehicle-834,м6,2413717028,34,2026-09-23T07:29:12Z,2026-09-23T07:29:42Z
м6-20260923-004,vehicle-834,м6,2413717055,35,2026-09-23T07:30:05Z,2026-09-23T07:30:35Z
м6-20260923-004,vehicle-834,м6,2413717050,36,2026-09-23T07:31:28Z,2026-09-23T07:31:58Z
м6-20260923-004,vehicle-834,м6,10683919932,37,2026-09-23T07:32:51Z,2026-09-23T07:33:21Z
м6-20260923-004,vehicle-834,м6,2413717012,38,2026-09-23T07:34:08Z,2026-09-23T07:34:38Z
м6-20260923-004,vehicle-834,м6,9797228311,39,2026-09-23T07:35:39Z,2026-09-23T07:36:09Z
м6-20260923-004,vehicle-834,м6,10683919931,40,2026-09-23T07:36:45Z,2026-09-23T07:37:15Z
м6-20260923-004,vehicle-834,м6,10683919928,41,2026-09-23T07:38:19Z,2026-09-23T07:38:49Z
м6-20260923-004,vehicle-834,м6,2413991282,42,2026-09-23T07:39:36Z,2026-09-23T07:40:06Z
м6-20260923-005,vehicle-835,м6,10727814007,1,2026-09-23T06:42:30Z,2026-09-23T06:43:00Z
м6-20260923-005,vehicle-835,м6,7696065480,2,2026-09-23T06:43:37Z,2026-09-23T06:44:07Z
м6-20260923-005,vehicle-835,м6,10702777777,3,2026-09-23T06:45:01Z,2026-09-23T06:45:31Z
м6-20260923-005,vehicle-835,м6,10702777779,4,2026-09-23T06:46:12Z,2026-09-23T06:46:42Z
м6-20260923-005,vehicle-835,м6,10702777781,5,2026-09-23T06:47:30Z,2026-09-23T06:48:00Z
м6-20260923-005,vehicle-835,м6,12561450003,6,2026-09-23T06:48:35Z,2026-09-23T06:49:05Z
м6-20260923-005,vehicle-835,м6,10704753149,7,2026-09-23T06:49:28Z,2026-09-23T06:49:58Z
м6-20260923-005,vehicle-835,м6,10702809948,8,2026-09-23T06:51:50Z,2026-09-23T06:52:20Z
м6-20260923-005,vehicle-835,м6,10704706842,9,2026-09-23T06:53:34Z,2026-09-23T06:54:04Z
м6-20260923-005,vehicle-835,м6,10704706844,10,2026-09-23T06:54:35Z,2026-09-23T06:55:05Z
м6-20260923-005,vehicle-835,м6,8608386419,11,2026-09-23T06:56:21Z,2026-09-23T06:56:51Z
м6-20260923-005,vehicle-835,м6,10703239461,12,2026-09-23T06:57:23Z,2026-09-23T06:57:53Z
м6-20260923-005,vehicle-835,м6,10704706849,13,2026-09-23T06:58:58Z,2026-09-23T06:59:28Z
м6-20260923-005,vehicle-835,м6,10704706850,14,2026-09-23T07:00:23Z,2026-09-23T07:00:53Z
м6-20260923-005,vehicle-835,м6,10704706853,15,2026-09-23T07:01:40Z,2026-09-23T07:02:10Z
м6-20260923-005,vehicle-835,м6,10704706852,16,2026-09-23T07:02:54Z,2026-09-23T07:03:24Z
м6-20260923-005,vehicle-835,м6,10702029920,17,2026-09-23T07:03:51Z,2026-09-23T07:04:21Z
м6-20260923-005,vehicle-835,м6,3218033070,18,2026-09-23T07:05:00Z,2026-09-23T07:05:30Z
м6-20260923-005,vehicle-835,м6,10702029938,19,2026-09-23T07:06:27Z,2026-09-23T07:06:57Z
м6-20260923-005,vehicle-835,м6,5152813894,20,2026-09-23T07:07:36Z,2026-09-23T07:08:06Z
м6-20260923-005,vehicle-835,м6,336215380,21,2026-09-23T07:09:31Z,2026-09-23T07:10:01Z
м6-20260923-005,vehicle-835,м6,10707555443,22,2026-09-23T07:10:43Z,2026-09-23T07:11:13Z
м6-20260923-005,vehicle-835,м6,4436980877,23,2026-09-23T07:12:02Z,2026-09-23T07:12:32Z
м6-20260923-005,vehicle-835,м6,10030517809,24,2026-09-23T07:13:47Z,2026-09-23T07:14:17Z
м6-20260923-005,vehicle-835,м6,10030517808,25,2026-09-23T07:15:21Z,2026-09-23T07:15:51Z
м6-20260923-005,vehicle-835,м6,10727814005,26,2026-09-23T07:16:37Z,2026-09-23T07:17:07Z
м6-20260923-005,vehicle-835,м6,1487452424,27,2026-09-23T07:17:41Z,2026-09-23T07:18:11Z
м6-20260923-005,vehicle-835,м6,10727802904,28,2026-09-23T07:18:42Z,2026-09-23T07:19:12Z
м6-20260923-005,vehicle-835,м6,2413717004,29,2026-09-23T07:20:11Z,2026-09-23T07:20:41Z
м6-20260923-005,vehicle-835,м6,2413716995,30,2026-09-23T07:21:24Z,2026-09-23T07:21:54Z
м6-20260923-005,vehicle-835,м6,5320144985,31,2026-09-23T07:22:32Z,2026-09-23T07:23:02Z
м6-20260923-005,vehicle-835,м6,2413717006,32,2026-09-23T07:23:31Z,2026-09-23T07:24:01Z
м6-20260923-005,vehicle-835,м6,2413717060,33,2026-09-23T07:24:29Z,2026-09-23T07:24:59Z
м6-20260923-005,vehicle-835,м6,2413717028,34,2026-09-23T07:25:42Z,2026-09-23T07:26:12Z
м6-20260923-005,vehicle-835,м6,2413717055,35,2026-09-23T07:26:35Z,2026-09-23T07:27:05Z
м6-20260923-005,vehicle-835,м6,2413717050,36,2026-09-23T07:27:58Z,2026-09-23T07:28:28Z
м6-20260923-005,vehicle-835,м6,10683919932,37,2026-09-23T07:29:21Z,2026-09-23T07:29:51Z
м6-20260923-005,vehicle-835,м6,2413717012,38,2026-09-23T07:30:38Z,2026-09-23T07:31:08Z
м6-20260923-005,vehicle-835,м6,9797228311,39,2026-09-23T07:32:09Z,2026-09-23T07:32:39Z
м6-20260923-005,vehicle-835,м6,10683919931,40,2026-09-23T07:33:15Z,2026-09-23T07:33:45Z
м6-20260923-005,vehicle-835,м6,10683919928,41,2026-09-23T07:34:49Z,2026-09-23T07:35:19Z
м6-20260923-005,vehicle-835,м6,2413991282,42,2026-09-23T07:36:06Z,2026-09-23T07:36:36Z
м6-20260923-006,vehicle-836,м6,10727814007,1,2026-09-23T06:39:00Z,2026-09-23T06:39:30Z
м6-20260923-006,vehicle-836,м6,7696065480,2,2026-09-23T06:40:07Z,2026-09-23T06:40:37Z
м6-20260923-006,vehicle-836,м6,10702777777,3,2026-09-23T06:41:31Z,2026-09-23T06:42:01Z
м6-20260923-006,vehicle-836,м6,10702777779,4,2026-09-23T06:42:42Z,2026-09-23T06:43:12Z
м6-20260923-006,vehicle-836,м6,10702777781,5,2026-09-23T06:44:00Z,2026-09-23T06:44:30Z
м6-20260923-006,vehicle-836,м6,12561450003,6,2026-09-23T06:45:05Z,2026-09-23T06:45:35Z
м6-20260923-006,vehicle-836,м6,10704753149,7,2026-09-23T06:45:58Z,2026-09-23T06:46:28Z
м6-20260923-006,vehicle-836,м6,10702809948,8,2026-09-23T06:48:20Z,2026-09-23T06:48:50Z
м6-20260923-006,vehicle-836,м6,10704706842,9,2026-09-23T06:50:04Z,2026-09-23T06:50:34Z
м6-20260923-006,vehicle-836,м6,10704706844,10,2026-09-23T06:51:05Z,2026-09-23T06:51:35Z
м6-20260923-006,vehicle-836,м6,8608386419,11,2026-09-23T06:52:51Z,2026-09-23T06:53:21Z
м6-20260923-006,vehicle-836,м6,10703239461,12,2026-09-23T06:53:53Z,2026-09-23T06:54:23Z
м6-20260923-006,vehicle-836,м6,10704706849,13,2026-09-23T06:55:28Z,2026-09-23T06:55:58Z
м6-20260923-006,vehicle-836,м6,10704706850,14,2026-09-23T06:56:53Z,2026-09-23T06:57:23Z
м6-20260923-006,vehicle-836,м6,10704706853,15,2026-09-23T06:58:10Z,2026-09-23T06:58:40Z
м6-20260923-006,vehicle-836,м6,10704706852,16,2026-09-23T06:59:24Z,2026-09-23T06:59:54Z
м6-20260923-006,vehicle-836,м6,10702029920,17,2026-09-23T07:00:21Z,2026-09-23T07:00:51Z
м6-20260923-006,vehicle-836,м6,3218033070,18,2026-09-23T07:01:30Z,2026-09-23T07:02:00Z
м6-20260923-006,vehicle-836,м6,10702029938,19,2026-09-23T07:02:57Z,2026-09-23T07:03:27Z
м6-20260923-006,vehicle-836,м6,5152813894,20,2026-09-23T07:04:06Z,2026-09-23T07:04:36Z
м6-20260923-006,vehicle-836,м6,336215380,21,2026-09-23T07:06:01Z,2026-09-23T07:06:31Z
м6-20260923-006,vehicle-836,м6,10707555443,22,2026-09-23T07:07:13Z,2026-09-23T07:07:43Z
м6-20260923-006,vehicle-836,м6,4436980877,23,2026-09-23T07:08:32Z,2026-09-23T07:09:02Z
м6-20260923-006,vehicle-836,м6,10030517809,24,2026-09-23T07:10:17Z,2026-09-23T07:10:47Z
м6-20260923-006,vehicle-836,м6,10030517808,25,2026-09-23T07:11:51Z,2026-09-23T07:12:21Z
м6-20260923-006,vehicle-836,м6,10727814005,26,2026-09-23T07:13:07Z,2026-09-23T07:13:37Z
м6-20260923-006,vehicle-836,м6,1487452424,27,2026-09-23T07:14:11Z,2026-09-23T07:14:41Z
м6-20260923-006,vehicle-836,м6,10727802904,28,2026-09-23T07:15:12Z,2026-09-23T07:15:42Z
м6-20260923-006,vehicle-836,м6,2413717004,29,2026-09-23T07:16:41Z,2026-09-23T07:17:11Z
м6-20260923-006,vehicle-836,м6,2413716995,30,2026-09-23T07:17:54Z,2026-09-23T07:18:24Z
м6-20260923-006,vehicle-836,м6,5320144985,31,2026-09-23T07:19:02Z,2026-09-23T07:19:32Z
м6-20260923-006,vehicle-836,м6,2413717006,32,2026-09-23T07:20:01Z,2026-09-23T07:20:31Z
м6-20260923-006,vehicle-836,м6,2413717060,33,2026-09-23T07:20:59Z,2026-09-23T07:21:29Z
м6-20260923-006,vehicle-836,м6,2413717028,34,2026-09-23T07:22:12Z,2026-09-23T07:22:42Z
м6-20260923-006,vehicle-836,м6,2413717055,35,2026-09-23T07:23:05Z,2026-09-23T07:23:35Z
м6-20260923-006,vehicle-836,м6,2413717050,36,2026-09-23T07:24:28Z,2026-09-23T07:24:58Z
м6-20260923-006,vehicle-836,м6,10683919932,37,2026-09-23T07:25:51Z,2026-09-23T07:26:21Z
м6-20260923-006,vehicle-836,м6,2413717012,38,2026-09-23T07:27:08Z,2026-09-23T07:27:38Z
м6-20260923-006,vehicle-836,м6,9797228311,39,2026-09-23T07:28:39Z,2026-09-23T07:29:09Z
м6-20260923-006,vehicle-836,м6,10683919931,40,2026-09-23T07:29:45Z,2026-09-23T07:30:15Z
м6-20260923-006,vehicle-836,м6,10683919928,41,2026-09-23T07:31:19Z,2026-09-23T07:31:49Z
м6-20260923-006,vehicle-836,м6,2413991282,42,2026-09-23T07:32:36Z,2026-09-23T07:33:06Z
м6-20260923-007,vehicle-837,м6,10727814007,1,2026-09-23T06:35:30Z,2026-09-23T06:36:00Z
м6-20260923-007,vehicle-837,м6,7696065480,2,2026-09-23T06:36:37Z,2026-09-23T06:37:07Z
м6-20260923-007,vehicle-837,м6,10702777777,3,2026-09-23T06:38:01Z,2026-09-23T06:38:31Z
м6-20260923-007,vehicle-837,м6,10702777779,4,2026-09-23T06:39:12Z,2026-09-23T06:39:42Z
м6-20260923-007,vehicle-837,м6,10702777781,5,2026-09-23T06:40:30Z,2026-09-23T06:41:00Z
м6-20260923-007,vehicle-837,м6,12561450003,6,2026-09-23T06:41:35Z,2026-09-23T06:42:05Z
м6-20260923-007,vehicle-837,м6,10704753149,7,2026-09-23T06:42:28Z,2026-09-23T06:42:58Z
м6-20260923-007,vehicle-837,м6,10702809948,8,2026-09-23T06:44:50Z,2026-09-23T06:45:20Z
м6-20260923-007,vehicle-837,м6,10704706842,9,2026-09-23T06:46:34Z,2026-09-23T06:47:04Z
м6-20260923-007,vehicle-837,м6,10704706844,10,2026-09-23T06:47:35Z,2026-09-23T06:48:05Z
м6-20260923-007,vehicle-837,м6,8608386419,11,2026-09-23T06:49:21Z,2026-09-23T06:49:51Z
м6-20260923-007,vehicle-837,м6,10703239461,12,2026-09-23T06:50:23Z,2026-09-23T06:50:53Z
м6-20260923-007,vehicle-837,м6,10704706849,13,2026-09-23T06:51:58Z,2026-09-23T06:52:28Z
м6-20260923-007,vehicle-837,м6,10704706850,14,2026-09-23T06:53:23Z,2026-09-23T06:53:53Z
м6-20260923-007,vehicle-837,м6,10704706853,15,2026-09-23T06:54:40Z,2026-09-23T06:55:10Z
м6-20260923-007,vehicle-837,м6,10704706852,16,2026-09-23T06:55:54Z,2026-09-23T06:56:24Z
м6-20260923-007,vehicle-837,м6,10702029920,17,2026-09-23T06:56:51Z,2026-09-23T06:57:21Z
м6-20260923-007,vehicle-837,м6,3218033070,18,2026-09-23T06:58:00Z,2026-09-23T06:58:30Z
м6-20260923-007,vehicle-837,м6,10702029938,19,2026-09-23T06:59:27Z,2026-09-23T06:59:57Z
м6-20260923-007,vehicle-837,м6,5152813894,20,2026-09-23T07:00:36Z,2026-09-23T07:01:06Z
м6-20260923-007,vehicle-837,м6,336215380,21,2026-09-23T07:02:31Z,2026-09-23T07:03:01Z
м6-20260923-007,vehicle-837,м6,10707555443,22,2026-09-23T07:03:43Z,2026-09-23T07:04:13Z
м6-20260923-007,vehicle-837,м6,4436980877,23,2026-09-23T07:05:02Z,2026-09-23T07:05:32Z
м6-20260923-007,vehicle-837,м6,10030517809,24,2026-09-23T07:06:47Z,2026-09-23T07:07:17Z
м6-20260923-007,vehicle-837,м6,10030517808,25,2026-09-23T07:08:21Z,2026-09-23T07:08:51Z
м6-20260923-007,vehicle-837,м6,10727814005,26,2026-09-23T07:09:37Z,2026-09-23T07:10:07Z
м6-20260923-007,vehicle-837,м6,1487452424,27,2026-09-23T07:10:41Z,2026-09-23T07:11:11Z
м6-20260923-007,vehicle-837,м6,10727802904,28,2026-09-23T07:11:42Z,2026-09-23T07:12:12Z
м6-20260923-007,vehicle-837,м6,2413717004,29,2026-09-23T07:13:11Z,2026-09-23T07:13:41Z
м6-20260923-007,vehicle-837,м6,2413716995,30,2026-09-23T07:14:24Z,2026-09-23T07:14:54Z
м6-20260923-007,vehicle-837,м6,5320144985,31,2026-09-23T07:15:32Z,2026-09-23T07:16:02Z
м6-20260923-007,vehicle-837,м6,2413717006,32,2026-09-23T07:16:31Z,2026-09-23T07:17:01Z
м6-20260923-007,vehicle-837,м6,2413717060,33,2026-09-23T07:17:29Z,2026-09-23T07:17:59Z
м6-20260923-007,vehicle-837,м6,2413717028,34,2026-09-23T07:18:42Z,2026-09-23T07:19:12Z
м6-20260923-007,vehicle-837,м6,2413717055,35,2026-09-23T07:19:35Z,2026-09-23T07:20:05Z
м6-20260923-007,vehicle-837,м6,2413717050,36,2026-09-23T07:20:58Z,2026-09-23T07:21:28Z
м6-20260923-007,vehicle-837,м6,10683919932,37,2026-09-23T07:22:21Z,2026-09-23T07:22:51Z
м6-20260923-007,vehicle-837,м6,2413717012,38,2026-09-23T07:23:38Z,2026-09-23T07:24:08Z
м6-20260923-007,vehicle-837,м6,9797228311,39,2026-09-23T07:25:09Z,2026-09-23T07:25:39Z
м6-20260923-007,vehicle-837,м6,10683919931,40,2026-09-23T07:26:15Z,2026-09-23T07:26:45Z
м6-20260923-007,vehicle-837,м6,10683919928,41,2026-09-23T07:27:49Z,2026-09-23T07:28:19Z
м6-20260923-007,vehicle-837,м6,2413991282,42,2026-09-23T07:29:06Z,2026-09-23T07:29:36Z
м40-20260923-000,vehicle-840,м40,4199404588,1,2026-09-23T07:00:00Z,2026-09-23T07:00:30Z
м40-20260923-000,vehicle-840,м40,4518891524,2,2026-09-23T07:01:23Z,2026-09-23T07:01:53Z
м40-20260923-000,vehicle-840,м40,10581861634,3,2026-09-23T07:02:36Z,2026-09-23T07:03:06Z
м40-20260923-000,vehicle-840,м40,10728625488,4,2026-09-23T07:04:46Z,2026-09-23T07:05:16Z
м40-20260923-000,vehicle-840,м40,10728625490,5,2026-09-23T07:06:01Z,2026-09-23T07:06:31Z
м40-20260923-000,vehicle-840,м40,10744418345,6,2026-09-23T07:07:11Z,2026-09-23T07:07:41Z
м40-20260923-000,vehicle-840,м40,10744418342,7,2026-09-23T07:08:28Z,2026-09-23T07:08:58Z
м40-20260923-000,vehicle-840,м40,10572590184,8,2026-09-23T07:09:58Z,2026-09-23T07:10:28Z
м40-20260923-000,vehicle-840,м40,2255987230,9,2026-09-23T07:10:55Z,2026-09-23T07:11:25Z
м40-20260923-000,vehicle-840,м40,10572590187,10,2026-09-23T07:11:50Z,2026-09-23T07:12:20Z
м40-20260923-000,vehicle-840,м40,8944115656,11,2026-09-23T07:13:04Z,2026-09-23T07:13:34Z
м40-20260923-000,vehicle-840,м40,10572590190,12,2026-09-23T07:14:44Z,2026-09-23T07:15:14Z
м40-20260923-000,vehicle-840,м40,10572590192,13,2026-09-23T07:15:47Z,2026-09-23T07:16:17Z
м40-20260923-000,vehicle-840,м40,10572590194,14,2026-09-23T07:17:13Z,2026-09-23T07:17:43Z
м40-20260923-000,vehicle-840,м40,10572590200,15,2026-09-23T07:18:44Z,2026-09-23T07:19:14Z
м40-20260923-000,vehicle-840,м40,10572590201,16,2026-09-23T07:19:38Z,2026-09-23T07:20:08Z
м40-20260923-000,vehicle-840,м40,4254188160,17,2026-09-23T07:20:52Z,2026-09-23T07:21:22Z
м40-20260923-000,vehicle-840,м40,10729479555,18,2026-09-23T07:21:45Z,2026-09-23T07:22:15Z
м40-20260923-000,vehicle-840,м40,3726709735,19,2026-09-23T07:22:52Z,2026-09-23T07:23:22Z
м40-20260923-000,vehicle-840,м40,4515094035,20,2026-09-23T07:24:38Z,2026-09-23T07:25:08Z
м40-20260923-000,vehicle-840,м40,4501093744,21,2026-09-23T07:27:25Z,2026-09-23T07:27:55Z
м40-20260923-000,vehicle-840,м40,313023111,22,2026-09-23T07:29:35Z,2026-09-23T07:30:05Z
м40-20260923-000,vehicle-840,м40,9221235996,23,2026-09-23T07:31:20Z,2026-09-23T07:31:50Z
м40-20260923-000,vehicle-840,м40,10742541382,24,2026-09-23T07:32:45Z,2026-09-23T07:33:15Z
м40-20260923-000,vehicle-840,м40,4192456470,25,2026-09-23T07:33:57Z,2026-09-23T07:34:27Z
м40-20260923-000,vehicle-840,м40,4242625789,26,2026-09-23T07:35:12Z,2026-09-23T07:35:42Z
м40-20260923-000,vehicle-840,м40,10742541377,27,2026-09-23T07:37:06Z,2026-09-23T07:37:36Z
м40-20260923-000,vehicle-840,м40,10742541373,28,2026-09-23T07:39:01Z,2026-09-23T07:39:31Z
м40-20260923-000,vehicle-840,м40,10742541369,29,2026-09-23T07:40:41Z,2026-09-23T07:41:11Z
м40-20260923-000,vehicle-840,м40,10742541368,30,2026-09-23T07:41:32Z,2026-09-23T07:42:02Z
м40-20260923-000,vehicle-840,м40,8825443227,31,2026-09-23T07:43:21Z,2026-09-23T07:43:51Z
м40-20260923-000,vehicle-840,м40,7678282456,32,2026-09-23T07:45:10Z,2026-09-23T07:45:40Z
м40-20260923-000,vehicle-840,м40,5434571329,33,2026-09-23T07:46:28Z,2026-09-23T07:46:58Z
м40-20260923-000,vehicle-840,м40,5434565169,34,2026-09-23T07:48:00Z,2026-09-23T07:48:30Z
м40-20260923-000,vehicle-840,м40,5434259924,35,2026-09-23T07:49:03Z,2026-09-23T07:49:33Z
м40-20260923-000,vehicle-840,м40,5434231391,36,2026-09-23T07:50:17Z,2026-09-23T07:50:47Z
м40-20260923-000,vehicle-840,м40,5434236839,37,2026-09-23T07:51:19Z,2026-09-23T07:51:49Z
м40-20260923-000,vehicle-840,м40,5434227711,38,2026-09-23T07:52:30Z,2026-09-23T07:53:00Z
м40-20260923-000,vehicle-840,м40,5434219608,39,2026-09-23T07:53:28Z,2026-09-23T07:53:58Z
м40-20260923-000,vehicle-840,м40,10773197346,40,2026-09-23T07:55:06Z,2026-09-23T07:55:36Z
м40-20260923-000,vehicle-840,м40,1253685200,41,2026-09-23T07:56:58Z,2026-09-23T07:57:28Z
м40-20260923-000,vehicle-840,м40,1253685275,42,2026-09-23T07:58:39Z,2026-09-23T07:59:09Z
м40-20260923-000,vehicle-840,м40,6247189422,43,2026-09-23T07:59:46Z,2026-09-23T08:00:16Z
м40-20260923-000,vehicle-840,м40,1253685207,44,2026-09-23T08:00:44Z,2026-09-23T08:01:14Z
м40-20260923-000,vehicle-840,м40,6074586992,45,2026-09-23T08:02:30Z,2026-09-23T08:03:00Z
м40-20260923-000,vehicle-840,м40,5152889271,46,2026-09-23T08:04:26Z,2026-09-23T08:04:56Z
м40-20260923-001,vehicle-841,м40,4199404588,1,2026-09-23T06:56:30Z,2026-09-23T06:57:00Z
м40-20260923-001,vehicle-841,м40,4518891524,2,2026-09-23T06:57:53Z,2026-09-23T06:58:23Z
м40-20260923-001,vehicle-841,м40,10581861634,3,2026-09-23T06:59:06Z,2026-09-23T06:59:36Z
м40-20260923-001,vehicle-841,м40,10728625488,4,2026-09-23T07:01:16Z,2026-09-23T07:01:46Z
м40-20260923-001,vehicle-841,м40,10728625490,5,2026-09-23T07:02:31Z,2026-09-23T07:03:01Z
м40-20260923-001,vehicle-841,м40,10744418345,6,2026-09-23T07:03:41Z,2026-09-23T07:04:11Z
м40-20260923-001,vehicle-841,м40,10744418342,7,2026-09-23T07:04:58Z,2026-09-23T07:05:28Z
м40-20260923-001,vehicle-841,м40,10572590184,8,2026-09-23T07:06:28Z,2026-09-23T07:06:58Z
м40-20260923-001,vehicle-841,м40,2255987230,9,2026-09-23T07:07:25Z,2026-09-23T07:07:55Z
м40-20260923-001,vehicle-841,м40,10572590187,10,2026-09-23T07:08:20Z,2026-09-23T07:08:50Z
м40-20260923-001,vehicle-841,м40,8944115656,11,2026-09-23T07:09:34Z,2026-09-23T07:10:04Z
м40-20260923-001,vehicle-841,м40,10572590190,12,2026-09-23T07:11:14Z,2026-09-23T07:11:44Z
м40-20260923-001,vehicle-841,м40,10572590192,13,2026-09-23T07:12:17Z,2026-09-23T07:12:47Z
м40-20260923-001,vehicle-841,м40,10572590194,14,2026-09-23T07:13:43Z,2026-09-23T07:14:13Z
м40-20260923-001,vehicle-841,м40,10572590200,15,2026-09-23T07:15:14Z,2026-09-23T07:15:44Z
м40-20260923-001,vehicle-841,м40,10572590201,16,2026-09-23T07:16:08Z,2026-09-23T07:16:38Z
м40-20260923-001,vehicle-841,м40,4254188160,17,2026-09-23T07:17:22Z,2026-09-23T07:17:52Z
м40-20260923-001,vehicle-841,м40,10729479555,18,2026-09-23T07:18:15Z,2026-09-23T07:18:45Z
м40-20260923-001,vehicle-841,м40,3726709735,19,2026-09-23T07:19:22Z,2026-09-23T07:19:52Z
м40-20260923-001,vehicle-841,м40,4515094035,20,2026-09-23T07:21:08Z,2026-09-23T07:21:38Z
м40-20260923-001,vehicle-841,м40,4501093744,21,2026-09-23T07:23:55Z,2026-09-23T07:24:25Z
м40-20260923-001,vehicle-841,м40,313023111,22,2026-09-23T07:26:05Z,2026-09-23T07:26:35Z
м40-20260923-001,vehicle-841,м40,9221235996,23,2026-09-23T07:27:50Z,2026-09-23T07:28:20Z
м40-20260923-001,vehicle-841,м40,10742541382,24,2026-09-23T07:29:15Z,2026-09-23T07:29:45Z
м40-20260923-001,vehicle-841,м40,4192456470,25,2026-09-23T07:30:27Z,2026-09-23T07:30:57Z
м40-20260923-001,vehicle-841,м40,4242625789,26,2026-09-23T07:31:42Z,2026-09-23T07:32:12Z
м40-20260923-001,vehicle-841,м40,10742541377,27,2026-09-23T07:33:36Z,2026-09-23T07:34:06Z
м40-20260923-001,vehicle-841,м40,10742541373,28,2026-09-23T07:35:31Z,2026-09-23T07:36:01Z
м40-20260923-001,vehicle-841,м40,10742541369,29,2026-09-23T07:37:11Z,2026-09-23T07:37:41Z
м40-20260923-001,vehicle-841,м40,10742541368,30,2026-09-23T07:38:02Z,2026-09-23T07:38:32Z
м40-20260923-001,vehicle-841,м40,8825443227,31,2026-09-23T07:39:51Z,2026-09-23T07:40:21Z
м40-20260923-001,vehicle-841,м40,7678282456,32,2026-09-23T07:41:40Z,2026-09-23T07:42:10Z
м40-20260923-001,vehicle-841,м40,5434571329,33,2026-09-23T07:42:58Z,2026-09-23T07:43:28Z
м40-20260923-001,vehicle-841,м40,5434565169,34,2026-09-23T07:44:30Z,2026-09-23T07:45:00Z
м40-20260923-001,vehicle-841,м40,5434259924,35,2026-09-23T07:45:33Z,2026-09-23T07:46:03Z
м40-20260923-001,vehicle-841,м40,5434231391,36,2026-09-23T07:46:47Z,2026-09-23T07:47:17Z
м40-20260923-001,vehicle-841,м40,5434236839,37,2026-09-23T07:47:49Z,2026-09-23T07:48:19Z
м40-20260923-001,vehicle-841,м40,5434227711,38,2026-09-23T07:49:00Z,2026-09-23T07:49:30Z
м40-20260923-001,vehicle-841,м40,5434219608,39,2026-09-23T07:49:58Z,2026-09-23T07:50:28Z
м40-20260923-001,vehicle-841,м40,10773197346,40,2026-09-23T07:51:36Z,2026-09-23T07:52:06Z
м40-20260923-001,vehicle-841,м40,1253685200,41,2026-09-23T07:53:28Z,2026-09-23T07:53:58Z
м40-20260923-001,vehicle-841,м40,1253685275,42,2026-09-23T07:55:09Z,2026-09-23T07:55:39Z
м40-20260923-001,vehicle-841,м40,6247189422,43,2026-09-23T07:56:16Z,2026-09-23T07:56:46Z
м40-20260923-001,vehicle-841,м40,1253685207,44,2026-09-23T07:57:14Z,2026-09-23T07:57:44Z
м40-20260923-001,vehicle-841,м40,6074586992,45,2026-09-23T07:59:00Z,2026-09-23T07:59:30Z
м40-20260923-001,vehicle-841,м40,5152889271,46,2026-09-23T08:00:56Z,2026-09-23T08:01:26Z
м40-20260923-002,vehicle-842,м40,4199404588,1,2026-09-23T06:53:00Z,2026-09-23T06:53:30Z
м40-20260923-002,vehicle-842,м40,4518891524,2,2026-09-23T06:54:23Z,2026-09-23T06:54:53Z
м40-20260923-002,vehicle-842,м40,10581861634,3,2026-09-23T06:55:36Z,2026-09-23T06:56:06Z
м40-20260923-002,vehicle-842,м40,10728625488,4,2026-09-23T06:57:46Z,2026-09-23T06:58:16Z
м40-20260923-002,vehicle-842,м40,10728625490,5,2026-09-23T06:59:01Z,2026-09-23T06:59:31Z
м40-20260923-002,vehicle-842,м40,10744418345,6,2026-09-23T07:00:11Z,2026-09-23T07:00:41Z
м40-20260923-002,vehicle-842,м40,10744418342,7,2026-09-23T07:01:28Z,2026-09-23T07:01:58Z
м40-20260923-002,vehicle-842,м40,10572590184,8,2026-09-23T07:02:58Z,2026-09-23T07:03:28Z
м40-20260923-002,vehicle-842,м40,2255987230,9,2026-09-23T07:03:55Z,2026-09-23T07:04:25Z
м40-20260923-002,vehicle-842,м40,10572590187,10,2026-09-23T07:04:50Z,2026-09-23T07:05:20Z
м40-20260923-002,vehicle-842,м40,8944115656,11,2026-09-23T07:06:04Z,2026-09-23T07:06:34Z
м40-20260923-002,vehicle-842,м40,10572590190,12,2026-09-23T07:07:44Z,2026-09-23T07:08:14Z
м40-20260923-002,vehicle-842,м40,10572590192,13,2026-09-23T07:08:47Z,2026-09-23T07:09:17Z
м40-20260923-002,vehicle-842,м40,10572590194,14,2026-09-23T07:10:13Z,2026-09-23T07:10:43Z
м40-20260923-002,vehicle-842,м40,10572590200,15,2026-09-23T07:11:44Z,2026-09-23T07:12:14Z
м40-20260923-002,vehicle-842,м40,10572590201,16,2026-09-23T07:12:38Z,2026-09-23T07:13:08Z
м40-20260923-002,vehicle-842,м40,4254188160,17,2026-09-23T07:13:52Z,2026-09-23T07:14:22Z
м40-20260923-002,vehicle-842,м40,10729479555,18,2026-09-23T07:14:45Z,2026-09-23T07:15:15Z
м40-20260923-002,vehicle-842,м40,3726709735,19,2026-09-23T07:15:52Z,2026-09-23T07:16:22Z
м40-20260923-002,vehicle-842,м40,4515094035,20,2026-09-23T07:17:38Z,2026-09-23T07:18:08Z
м40-20260923-002,vehicle-842,м40,4501093744,21,2026-09-23T07:20:25Z,2026-09-23T07:20:55Z
м40-20260923-002,vehicle-842,м40,313023111,22,2026-09-23T07:22:35Z,2026-09-23T07:23:05Z
м40-20260923-002,vehicle-842,м40,9221235996,23,2026-09-23T07:24:20Z,2026-09-23T07:24:50Z
м40-20260923-002,vehicle-842,м40,10742541382,24,2026-09-23T07:25:45Z,2026-09-23T07:26:15Z
м40-20260923-002,vehicle-842,м40,4192456470,25,2026-09-23T07:26:57Z,2026-09-23T07:27:27Z
м40-20260923-002,vehicle-842,м40,4242625789,26,2026-09-23T07:28:12Z,2026-09-23T07:28:42Z
м40-20260923-002,vehicle-842,м40,10742541377,27,2026-09-23T07:30:06Z,2026-09-23T07:30:36Z
м40-20260923-002,vehicle-842,м40,10742541373,28,2026-09-23T07:32:01Z,2026-09-23T07:32:31Z
м40-20260923-002,vehicle-842,м40,10742541369,29,2026-09-23T07:33:41Z,2026-09-23T07:34:11Z
м40-20260923-002,vehicle-842,м40,10742541368,30,2026-09-23T07:34:32Z,2026-09-23T07:35:02Z
м40-20260923-002,vehicle-842,м40,8825443227,31,2026-09-23T07:36:21Z,2026-09-23T07:36:51Z
м40-20260923-002,vehicle-842,м40,7678282456,32,2026-09-23T07:38:10Z,2026-09-23T07:38:40Z
м40-20260923-002,vehicle-842,м40,5434571329,33,2026-09-23T07:39:28Z,2026-09-23T07:39:58Z
м40-20260923-002,vehicle-842,м40,5434565169,34,2026-09-23T07:41:00Z,2026-09-23T07:41:30Z
м40-20260923-002,vehicle-842,м40,5434259924,35,2026-09-23T07:42:03Z,2026-09-23T07:42:33Z
м40-20260923-002,vehicle-842,м40,5434231391,36,2026-09-23T07:43:17Z,2026-09-23T07:43:47Z
м40-20260923-002,vehicle-842,м40,5434236839,37,2026-09-23T07:44:19Z,2026-09-23T07:44:49Z
м40-20260923-002,vehicle-842,м40,5434227711,38,2026-09-23T07:45:30Z,2026-09-23T07:46:00Z
м40-20260923-002,vehicle-842,м40,5434219608,39,2026-09-23T07:46:28Z,2026-09-23T07:46:58Z
м40-20260923-002,vehicle-842,м40,10773197346,40,2026-09-23T07:48:06Z,2026-09-23T07:48:36Z
м40-20260923-002,vehicle-842,м40,1253685200,41,2026-09-23T07:49:58Z,2026-09-23T07:50:28Z
м40-20260923-002,vehicle-842,м40,1253685275,42,2026-09-23T07:51:39Z,2026-09-23T07:52:09Z
м40-20260923-002,vehicle-842,м40,6247189422,43,2026-09-23T07:52:46Z,2026-09-23T07:53:16Z
м40-20260923-002,vehicle-842,м40,1253685207,44,2026-09-23T07:53:44Z,2026-09-23T07:54:14Z
м40-20260923-002,vehicle-842,м40,6074586992,45,2026-09-23T07:55:30Z,2026-09-23T07:56:00Z
м40-20260923-002,vehicle-842,м40,5152889271,46,2026-09-23T07:57:26Z,2026-09-23T07:57:56Z
м40-20260923-003,vehicle-843,м40,4199404588,1,2026-09-23T06:49:30Z,2026-09-23T06:50:00Z
м40-20260923-003,vehicle-843,м40,4518891524,2,2026-09-23T06:50:53Z,2026-09-23T06:51:23Z
м40-20260923-003,vehicle-843,м40,10581861634,3,2026-09-23T06:52:06Z,2026-09-23T06:52:36Z
м40-20260923-003,vehicle-843,м40,10728625488,4,2026-09-23T06:54:16Z,2026-09-23T06:54:46Z
м40-20260923-003,vehicle-843,м40,10728625490,5,2026-09-23T06:55:31Z,2026-09-23T06:56:01Z
м40-20260923-003,vehicle-843,м40,10744418345,6,2026-09-23T06:56:41Z,2026-09-23T06:57:11Z
м40-20260923-003,vehicle-843,м40,10744418342,7,2026-09-23T06:57:58Z,2026-09-23T06:58:28Z
м40-20260923-003,vehicle-843,м40,10572590184,8,2026-09-23T06:59:28Z,2026-09-23T06:59:58Z
м40-20260923-003,vehicle-843,м40,2255987230,9,2026-09-23T07:00:25Z,2026-09-23T07:00:55Z
м40-20260923-003,vehicle-843,м40,10572590187,10,2026-09-23T07:01:20Z,2026-09-23T07:01:50Z
м40-20260923-003,vehicle-843,м40,8944115656,11,2026-09-23T07:02:34Z,2026-09-23T07:03:04Z
м40-20260923-003,vehicle-843,м40,10572590190,12,2026-09-23T07:04:14Z,2026-09-23T07:04:44Z
м40-20260923-003,vehicle-843,м40,10572590192,13,2026-09-23T07:05:17Z,2026-09-23T07:05:47Z
м40-20260923-003,vehicle-843,м40,10572590194,14,2026-09-23T07:06:43Z,2026-09-23T07:07:13Z
м40-20260923-003,vehicle-843,м40,10572590200,15,2026-09-23T07:08:14Z,2026-09-23T07:08:44Z
м40-20260923-003,vehicle-843,м40,10572590201,16,2026-09-23T07:09:08Z,2026-09-23T07:09:38Z
м40-20260923-003,vehicle-843,м40,4254188160,17,2026-09-23T07:10:22Z,2026-09-23T07:10:52Z
м40-20260923-003,vehicle-843,м40,10729479555,18,2026-09-23T07:11:15Z,2026-09-23T07:11:45Z
м40-20260923-003,vehicle-843,м40,3726709735,19,2026-09-23T07:12:22Z,2026-09-23T07:12:52Z
м40-20260923-003,vehicle-843,м40,4515094035,20,2026-09-23T07:14:08Z,2026-09-23T07:14:38Z
м40-20260923-003,vehicle-843,м40,4501093744,21,2026-09-23T07:16:55Z,2026-09-23T07:17:25Z
м40-20260923-003,vehicle-843,м40,313023111,22,2026-09-23T07:19:05Z,2026-09-23T07:19:35Z
м40-20260923-003,vehicle-843,м40,9221235996,23,2026-09-23T07:20:50Z,2026-09-23T07:21:20Z
м40-20260923-003,vehicle-843,м40,10742541382,24,2026-09-23T07:22:15Z,2026-09-23T07:22:45Z
м40-20260923-003,vehicle-843,м40,4192456470,25,2026-09-23T07:23:27Z,2026-09-23T07:23:57Z
м40-20260923-003,vehicle-843,м40,4242625789,26,2026-09-23T07:24:42Z,2026-09-23T07:25:12Z
м40-20260923-003,vehicle-843,м40,10742541377,27,2026-09-23T07:26:36Z,2026-09-23T07:27:06Z
м40-20260923-003,vehicle-843,м40,10742541373,28,2026-09-23T07:28:31Z,2026-09-23T07:29:01Z
м40-20260923-003,vehicle-843,м40,10742541369,29,2026-09-23T07:30:11Z,2026-09-23T07:30:41Z
м40-20260923-003,vehicle-843,м40,10742541368,30,2026-09-23T07:31:02Z,2026-09-23T07:31:32Z
м40-20260923-003,vehicle-843,м40,8825443227,31,2026-09-23T07:32:51Z,2026-09-23T07:33:21Z
м40-20260923-003,vehicle-843,м40,7678282456,32,2026-09-23T07:34:40Z,2026-09-23T07:35:10Z
м40-20260923-003,vehicle-843,м40,5434571329,33,2026-09-23T07:35:58Z,2026-09-23T07:36:28Z
м40-20260923-003,vehicle-843,м40,5434565169,34,2026-09-23T07:37:30Z,2026-09-23T07:38:00Z
м40-20260923-003,vehicle-843,м40,5434259924,35,2026-09-23T07:38:33Z,2026-09-23T07:39:03Z
м40-20260923-003,vehicle-843,м40,5434231391,36,2026-09-23T07:39:47Z,2026-09-23T07:40:17Z
м40-20260923-003,vehicle-843,м40,5434236839,37,2026-09-23T07:40:49Z,2026-09-23T07:41:19Z
м40-20260923-003,vehicle-843,м40,5434227711,38,2026-09-23T07:42:00Z,2026-09-23T07:42:30Z
м40-20260923-003,vehicle-843,м40,5434219608,39,2026-09-23T07:42:58Z,2026-09-23T07:43:28Z
м40-20260923-003,vehicle-843,м40,10773197346,40,2026-09-23T07:44:36Z,2026-09-23T07:45:06Z
м40-20260923-003,vehicle-843,м40,1253685200,41,2026-09-23T07:46:28Z,2026-09-23T07:46:58Z
м40-20260923-003,vehicle-843,м40,1253685275,42,2026-09-23T07:48:09Z,2026-09-23T07:48:39Z
м40-20260923-003,vehicle-843,м40,6247189422,43,2026-09-23T07:49:16Z,2026-09-23T07:49:46Z
м40-20260923-003,vehicle-843,м40,1253685207,44,2026-09-23T07:50:14Z,2026-09-23T07:50:44Z
м40-20260923-003,vehicle-843,м40,6074586992,45,2026-09-23T07:52:00Z,2026-09-23T07:52:30Z
м40-20260923-003,vehicle-843,м40,5152889271,46,2026-09-23T07:53:56Z,2026-09-23T07:54:26Z
м40-20260923-004,vehicle-844,м40,4199404588,1,2026-09-23T06:46:00Z,2026-09-23T06:46:30Z
м40-20260923-004,vehicle-844,м40,4518891524,2,2026-09-23T06:47:23Z,2026-09-23T06:47:53Z
м40-20260923-004,vehicle-844,м40,10581861634,3,2026-09-23T06:48:36Z,2026-09-23T06:49:06Z
м40-20260923-004,vehicle-844,м40,10728625488,4,2026-09-23T06:50:46Z,2026-09-23T06:51:16Z
м40-20260923-004,vehicle-844,м40,10728625490,5,2026-09-23T06:52:01Z,2026-09-23T06:52:31Z
м40-20260923-004,vehicle-844,м40,10744418345,6,2026-09-23T06:53:11Z,2026-09-23T06:53:41Z
м40-20260923-004,vehicle-844,м40,10744418342,7,2026-09-23T06:54:28Z,2026-09-23T06:54:58Z
м40-20260923-004,vehicle-844,м40,10572590184,8,2026-09-23T06:55:58Z,2026-09-23T06:56:28Z
м40-20260923-004,vehicle-844,м40,2255987230,9,2026-09-23T06:56:55Z,2026-09-23T06:57:25Z
м40-20260923-004,vehicle-844,м40,10572590187,10,2026-09-23T06:57:50Z,2026-09-23T06:58:20Z
м40-20260923-004,vehicle-844,м40,8944115656,11,2026-09-23T06:59:04Z,2026-09-23T06:59:34Z
м40-20260923-004,vehicle-844,м40,10572590190,12,2026-09-23T07:00:44Z,2026-09-23T07:01:14Z
м40-20260923-004,vehicle-844,м40,10572590192,13,2026-09-23T07:01:47Z,2026-09-23T07:02:17Z
м40-20260923-004,vehicle-844,м40,10572590194,14,2026-09-23T07:03:13Z,2026-09-23T07:03:43Z
м40-20260923-004,vehicle-844,м40,10572590200,15,2026-09-23T07:04:44Z,2026-09-23T07:05:14Z
м40-20260923-004,vehicle-844,м40,10572590201,16,2026-09-23T07:05:38Z,2026-09-23T07:06:08Z
м40-20260923-004,vehicle-844,м40,4254188160,17,2026-09-23T07:06:52Z,2026-09-23T07:07:22Z
м40-20260923-004,vehicle-844,м40,10729479555,18,2026-09-23T07:07:45Z,2026-09-23T07:08:15Z
м40-20260923-004,vehicle-844,м40,3726709735,19,2026-09-23T07:08:52Z,2026-09-23T07:09:22Z
м40-20260923-004,vehicle-844,м40,4515094035,20,2026-09-23T07:10:38Z,2026-09-23T07:11:08Z
м40-20260923-004,vehicle-844,м40,4501093744,21,2026-09-23T07:13:25Z,2026-09-23T07:13:55Z
м40-20260923-004,vehicle-844,м40,313023111,22,2026-09-23T07:15:35Z,2026-09-23T07:16:05Z
м40-20260923-004,vehicle-844,м40,9221235996,23,2026-09-23T07:17:20Z,2026-09-23T07:17:50Z
м40-20260923-004,vehicle-844,м40,10742541382,24,2026-09-23T07:18:45Z,2026-09-23T07:19:15Z
м40-20260923-004,vehicle-844,м40,4192456470,25,2026-09-23T07:19:57Z,2026-09-23T07:20:27Z
м40-20260923-004,vehicle-844,м40,4242625789,26,2026-09-23T07:21:12Z,2026-09-23T07:21:42Z
м40-20260923-004,vehicle-844,м40,10742541377,27,2026-09-23T07:23:06Z,2026-09-23T07:23:36Z
м40-20260923-004,vehicle-844,м40,10742541373,28,2026-09-23T07:25:01Z,2026-09-23T07:25:31Z
м40-20260923-004,vehicle-844,м40,10742541369,29,2026-09-23T07:26:41Z,2026-09-23T07:27:11Z
м40-20260923-004,vehicle-844,м40,10742541368,30,2026-09-23T07:27:32Z,2026-09-23T07:28:02Z
м40-20260923-004,vehicle-844,м40,8825443227,31,2026-09-23T07:29:21Z,2026-09-23T07:29:51Z
м40-20260923-004,vehicle-844,м40,7678282456,32,2026-09-23T07:31:10Z,2026-09-23T07:31:40Z
м40-20260923-004,vehicle-844,м40,5434571329,33,2026-09-23T07:32:28Z,2026-09-23T07:32:58Z
м40-20260923-004,vehicle-844,м40,5434565169,34,2026-09-23T07:34:00Z,2026-09-23T07:34:30Z
м40-20260923-004,vehicle-844,м40,5434259924,35,2026-09-23T07:35:03Z,2026-09-23T07:35:33Z
м40-20260923-004,vehicle-844,м40,5434231391,36,2026-09-23T07:36:17Z,2026-09-23T07:36:47Z
м40-20260923-004,vehicle-844,м40,5434236839,37,2026-09-23T07:37:19Z,2026-09-23T07:37:49Z
м40-20260923-004,vehicle-844,м40,5434227711,38,2026-09-23T07:38:30Z,2026-09-23T07:39:00Z
м40-20260923-004,vehicle-844,м40,5434219608,39,2026-09-23T07:39:28Z,2026-09-23T07:39:58Z
м40-20260923-004,vehicle-844,м40,10773197346,40,2026-09-23T07:41:06Z,2026-09-23T07:41:36Z
м40-20260923-004,vehicle-844,м40,1253685200,41,2026-09-23T07:42:58Z,2026-09-23T07:43:28Z
м40-20260923-004,vehicle-844,м40,1253685275,42,2026-09-23T07:44:39Z,2026-09-23T07:45:09Z
м40-20260923-004,vehicle-844,м40,6247189422,43,2026-09-23T07:45:46Z,2026-09-23T07:46:16Z
м40-20260923-004,vehicle-844,м40,1253685207,44,2026-09-23T07:46:44Z,2026-09-23T07:47:14Z
м40-20260923-004,vehicle-844,м40,6074586992,45,2026-09-23T07:48:30Z,2026-09-23T07:49:00Z
м40-20260923-004,vehicle-844,м40,5152889271,46,2026-09-23T07:50:26Z,2026-09-23T07:50:56Z
м40-20260923-005,vehicle-845,м40,4199404588,1,2026-09-23T06:42:30Z,2026-09-23T06:43:00Z
м40-20260923-005,vehicle-845,м40,4518891524,2,2026-09-23T06:43:53Z,2026-09-23T06:44:23Z
м40-20260923-005,vehicle-845,м40,10581861634,3,2026-09-23T06:45:06Z,2026-09-23T06:45:36Z
м40-20260923-005,vehicle-845,м40,10728625488,4,2026-09-23T06:47:16Z,2026-09-23T06:47:46Z
м40-20260923-005,vehicle-845,м40,10728625490,5,2026-09-23T06:48:31Z,2026-09-23T06:49:01Z
м40-20260923-005,vehicle-845,м40,10744418345,6,2026-09-23T06:49:41Z,2026-09-23T06:50:11Z
м40-20260923-005,vehicle-845,м40,10744418342,7,2026-09-23T06:50:58Z,2026-09-23T06:51:28Z
м40-20260923-005,vehicle-845,м40,10572590184,8,2026-09-23T06:52:28Z,2026-09-23T06:52:58Z
м40-20260923-005,vehicle-845,м40,2255987230,9,2026-09-23T06:53:25Z,2026-09-23T06:53:55Z
м40-20260923-005,vehicle-845,м40,10572590187,10,2026-09-23T06:54:20Z,2026-09-23T06:54:50Z
м40-20260923-005,vehicle-845,м40,8944115656,11,2026-09-23T06:55:34Z,2026-09-23T06:56:04Z
м40-20260923-005,vehicle-845,м40,10572590190,12,2026-09-23T06:57:14Z,2026-09-23T06:57:44Z
м40-20260923-005,vehicle-845,м40,10572590192,13,2026-09-23T06:58:17Z,2026-09-23T06:58:47Z
м40-20260923-005,vehicle-845,м40,10572590194,14,2026-09-23T06:59:43Z,2026-09-23T07:00:13Z
м40-20260923-005,vehicle-845,м40,10572590200,15,2026-09-23T07:01:14Z,2026-09-23T07:01:44Z
м40-20260923-005,vehicle-845,м40,10572590201,16,2026-09-23T07:02:08Z,2026-09-23T07:02:38Z
м40-20260923-005,vehicle-845,м40,4254188160,17,2026-09-23T07:03:22Z,2026-09-23T07:03:52Z
м40-20260923-005,vehicle-845,м40,10729479555,18,2026-09-23T07:04:15Z,2026-09-23T07:04:45Z
м40-20260923-005,vehicle-845,м40,3726709735,19,2026-09-23T07:05:22Z,2026-09-23T07:05:52Z
м40-20260923-005,vehicle-845,м40,4515094035,20,2026-09-23T07:07:08Z,2026-09-23T07:07:38Z
м40-20260923-005,vehicle-845,м40,4501093744,21,2026-09-23T07:09:55Z,2026-09-23T07:10:25Z
м40-20260923-005,vehicle-845,м40,313023111,22,2026-09-23T07:12:05Z,2026-09-23T07:12:35Z
м40-20260923-005,vehicle-845,м40,9221235996,23,2026-09-23T07:13:50Z,2026-09-23T07:14:20Z
м40-20260923-005,vehicle-845,м40,10742541382,24,2026-09-23T07:15:15Z,2026-09-23T07:15:45Z
м40-20260923-005,vehicle-845,м40,4192456470,25,2026-09-23T07:16:27Z,2026-09-23T07:16:57Z
м40-20260923-005,vehicle-845,м40,4242625789,26,2026-09-23T07:17:42Z,2026-09-23T07:18:12Z
м40-20260923-005,vehicle-845,м40,10742541377,27,2026-09-23T07:19:36Z,2026-09-23T07:20:06Z
м40-20260923-005,vehicle-845,м40,10742541373,28,2026-09-23T07:21:31Z,2026-09-23T07:22:01Z
м40-20260923-005,vehicle-845,м40,10742541369,29,2026-09-23T07:23:11Z,2026-09-23T07:23:41Z
м40-20260923-005,vehicle-845,м40,10742541368,30,2026-09-23T07:24:02Z,2026-09-23T07:24:32Z
м40-20260923-005,vehicle-845,м40,8825443227,31,2026-09-23T07:25:51Z,2026-09-23T07:26:21Z
м40-20260923-005,vehicle-845,м40,7678282456,32,2026-09-23T07:27:40Z,2026-09-23T07:28:10Z
м40-20260923-005,vehicle-845,м40,5434571329,33,2026-09-23T07:28:58Z,2026-09-23T07:29:28Z
м40-20260923-005,vehicle-845,м40,5434565169,34,2026-09-23T07:30:30Z,2026-09-23T07:31:00Z
м40-20260923-005,vehicle-845,м40,5434259924,35,2026-09-23T07:31:33Z,2026-09-23T07:32:03Z
м40-20260923-005,vehicle-845,м40,5434231391,36,2026-09-23T07:32:47Z,2026-09-23T07:33:17Z
м40-20260923-005,vehicle-845,м40,5434236839,37,2026-09-23T07:33:49Z,2026-09-23T07:34:19Z
м40-20260923-005,vehicle-845,м40,5434227711,38,2026-09-23T07:35:00Z,2026-09-23T07:35:30Z
м40-20260923-005,vehicle-845,м40,5434219608,39,2026-09-23T07:35:58Z,2026-09-23T07:36:28Z
м40-20260923-005,vehicle-845,м40,10773197346,40,2026-09-23T07:37:36Z,2026-09-23T07:38:06Z
м40-20260923-005,vehicle-845,м40,1253685200,41,2026-09-23T07:39:28Z,2026-09-23T07:39:58Z
м40-20260923-005,vehicle-845,м40,1253685275,42,2026-09-23T07:41:09Z,2026-09-23T07:41:39Z
м40-20260923-005,vehicle-845,м40,6247189422,43,2026-09-23T07:42:16Z,2026-09-23T07:42:46Z
м40-20260923-005,vehicle-845,м40,1253685207,44,2026-09-23T07:43:14Z,2026-09-23T07:43:44Z
м40-20260923-005,vehicle-845,м40,6074586992,45,2026-09-23T07:45:00Z,2026-09-23T07:45:30Z
м40-20260923-005,vehicle-845,м40,5152889271,46,2026-09-23T07:46:56Z,2026-09-23T07:47:26Z
м40-20260923-006,vehicle-846,м40,4199404588,1,2026-09-23T06:39:00Z,2026-09-23T06:39:30Z
м40-20260923-006,vehicle-846,м40,4518891524,2,2026-09-23T06:40:23Z,2026-09-23T06:40:53Z
м40-20260923-006,vehicle-846,м40,10581861634,3,2026-09-23T06:41:36Z,2026-09-23T06:42:06Z
м40-20260923-006,vehicle-846,м40,10728625488,4,2026-09-23T06:43:46Z,2026-09-23T06:44:16Z
м40-20260923-006,vehicle-846,м40,10728625490,5,2026-09-23T06:45:01Z,2026-09-23T06:45:31Z
м40-20260923-006,vehicle-846,м40,10744418345,6,2026-09-23T06:46:11Z,2026-09-23T06:46:41Z
м40-20260923-006,vehicle-846,м40,10744418342,7,2026-09-23T06:47:28Z,2026-09-23T06:47:58Z
м40-20260923-006,vehicle-846,м40,10572590184,8,2026-09-23T06:48:58Z,2026-09-23T06:49:28Z
м40-20260923-006,vehicle-846,м40,2255987230,9,2026-09-23T06:49:55Z,2026-09-23T06:50:25Z
м40-20260923-006,vehicle-846,м40,10572590187,10,2026-09-23T06:50:50Z,2026-09-23T06:51:20Z
м40-20260923-006,vehicle-846,м40,8944115656,11,2026-09-23T06:52:04Z,2026-09-23T06:52:34Z
м40-20260923-006,vehicle-846,м40,10572590190,12,2026-09-23T06:53:44Z,2026-09-23T06:54:14Z
м40-20260923-006,vehicle-846,м40,10572590192,13,2026-09-23T06:54:47Z,2026-09-23T06:55:17Z
м40-20260923-006,vehicle-846,м40,10572590194,14,2026-09-23T06:56:13Z,2026-09-23T06:56:43Z
м40-20260923-006,vehicle-846,м40,10572590200,15,2026-09-23T06:57:44Z,2026-09-23T06:58:14Z
м40-20260923-006,vehicle-846,м40,10572590201,16,2026-09-23T06:58:38Z,2026-09-23T06:59:08Z
м40-20260923-006,vehicle-846,м40,4254188160,17,2026-09-23T06:59:52Z,2026-09-23T07:00:22Z
м40-20260923-006,vehicle-846,м40,10729479555,18,2026-09-23T07:00:45Z,2026-09-23T07:01:15Z
м40-20260923-006,vehicle-846,м40,3726709735,19,2026-09-23T07:01:52Z,2026-09-23T07:02:22Z
м40-20260923-006,vehicle-846,м40,4515094035,20,2026-09-23T07:03:38Z,2026-09-23T07:04:08Z
м40-20260923-006,vehicle-846,м40,4501093744,21,2026-09-23T07:06:25Z,2026-09-23T07:06:55Z
м40-20260923-006,vehicle-846,м40,313023111,22,2026-09-23T07:08:35Z,2026-09-23T07:09:05Z
м40-20260923-006,vehicle-846,м40,9221235996,23,2026-09-23T07:10:20Z,2026-09-23T07:10:50Z
м40-20260923-006,vehicle-846,м40,10742541382,24,2026-09-23T07:11:45Z,2026-09-23T07:12:15Z
м40-20260923-006,vehicle-846,м40,4192456470,25,2026-09-23T07:12:57Z,2026-09-23T07:13:27Z
м40-20260923-006,vehicle-846,м40,4242625789,26,2026-09-23T07:14:12Z,2026-09-23T07:14:42Z
м40-20260923-006,vehicle-846,м40,10742541377,27,2026-09-23T07:16:06Z,2026-09-23T07:16:36Z
м40-20260923-006,vehicle-846,м40,10742541373,28,2026-09-23T07:18:01Z,2026-09-23T07:18:31Z
м40-20260923-006,vehicle-846,м40,10742541369,29,2026-09-23T07:19:41Z,2026-09-23T07:20:11Z
м40-20260923-006,vehicle-846,м40,10742541368,30,2026-09-23T07:20:32Z,2026-09-23T07:21:02Z
м40-20260923-006,vehicle-846,м40,8825443227,31,2026-09-23T07:22:21Z,2026-09-23T07:22:51Z
м40-20260923-006,vehicle-846,м40,7678282456,32,2026-09-23T07:24:10Z,2026-09-23T07:24:40Z
м40-20260923-006,vehicle-846,м40,5434571329,33,2026-09-23T07:25:28Z,2026-09-23T07:25:58Z
м40-20260923-006,vehicle-846,м40,5434565169,34,2026-09-23T07:27:00Z,2026-09-23T07:27:30Z
м40-20260923-006,vehicle-846,м40,5434259924,35,2026-09-23T07:28:03Z,2026-09-23T07:28:33Z
м40-20260923-006,vehicle-846,м40,5434231391,36,2026-09-23T07:29:17Z,2026-09-23T07:29:47Z
м40-20260923-006,vehicle-846,м40,5434236839,37,2026-09-23T07:30:19Z,2026-09-23T07:30:49Z
м40-20260923-006,vehicle-846,м40,5434227711,38,2026-09-23T07:31:30Z,2026-09-23T07:32:00Z
м40-20260923-006,vehicle-846,м40,5434219608,39,2026-09-23T07:32:28Z,2026-09-23T07:32:58Z
м40-20260923-006,vehicle-846,м40,10773197346,40,2026-09-23T07:34:06Z,2026-09-23T07:34:36Z
м40-20260923-006,vehicle-846,м40,1253685200,41,2026-09-23T07:35:58Z,2026-09-23T07:36:28Z
м40-20260923-006,vehicle-846,м40,1253685275,42,2026-09-23T07:37:39Z,2026-09-23T07:38:09Z
м40-20260923-006,vehicle-846,м40,6247189422,43,2026-09-23T07:38:46Z,2026-09-23T07:39:16Z
м40-20260923-006,vehicle-846,м40,1253685207,44,2026-09-23T07:39:44Z,2026-09-23T07:40:14Z
м40-20260923-006,vehicle-846,м40,6074586992,45,2026-09-23T07:41:30Z,2026-09-23T07:42:00Z
м40-20260923-006,vehicle-846,м40,5152889271,46,2026-09-23T07:43:26Z,2026-09-23T07:43:56Z
м40-20260923-007,vehicle-847,м40,4199404588,1,2026-09-23T06:35:30Z,2026-09-23T06:36:00Z
м40-20260923-007,vehicle-847,м40,4518891524,2,2026-09-23T06:36:53Z,2026-09-23T06:37:23Z
м40-20260923-007,vehicle-847,м40,10581861634,3,2026-09-23T06:38:06Z,2026-09-23T06:38:36Z
м40-20260923-007,vehicle-847,м40,10728625488,4,2026-09-23T06:40:16Z,2026-09-23T06:40:46Z
м40-20260923-007,vehicle-847,м40,10728625490,5,2026-09-23T06:41:31Z,2026-09-23T06:42:01Z
м40-20260923-007,vehicle-847,м40,10744418345,6,2026-09-23T06:42:41Z,2026-09-23T06:43:11Z
м40-20260923-007,vehicle-847,м40,10744418342,7,2026-09-23T06:43:58Z,2026-09-23T06:44:28Z
м40-20260923-007,vehicle-847,м40,10572590184,8,2026-09-23T06:45:28Z,2026-09-23T06:45:58Z
м40-20260923-007,vehicle-847,м40,2255987230,9,2026-09-23T06:46:25Z,2026-09-23T06:46:55Z
м40-20260923-007,vehicle-847,м40,10572590187,10,2026-09-23T06:47:20Z,2026-09-23T06:47:50Z
м40-20260923-007,vehicle-847,м40,8944115656,11,2026-09-23T06:48:34Z,2026-09-23T06:49:04Z
м40-20260923-007,vehicle-847,м40,10572590190,12,2026-09-23T06:50:14Z,2026-09-23T06:50:44Z
м40-20260923-007,vehicle-847,м40,10572590192,13,2026-09-23T06:51:17Z,2026-09-23T06:51:47Z
м40-20260923-007,vehicle-847,м40,10572590194,14,2026-09-23T06:52:43Z,2026-09-23T06:53:13Z
м40-20260923-007,vehicle-847,м40,10572590200,15,2026-09-23T06:54:14Z,2026-09-23T06:54:44Z
м40-20260923-007,vehicle-847,м40,10572590201,16,2026-09-23T06:55:08Z,2026-09-23T06:55:38Z
м40-20260923-007,vehicle-847,м40,4254188160,17,2026-09-23T06:56:22Z,2026-09-23T06:56:52Z
м40-20260923-007,vehicle-847,м40,10729479555,18,2026-09-23T06:57:15Z,2026-09-23T06:57:45Z
м40-20260923-007,vehicle-847,м40,3726709735,19,2026-09-23T06:58:22Z,2026-09-23T06:58:52Z
м40-20260923-007,vehicle-847,м40,4515094035,20,2026-09-23T07:00:08Z,2026-09-23T07:00:38Z
м40-20260923-007,vehicle-847,м40,4501093744,21,2026-09-23T07:02:55Z,2026-09-23T07:03:25Z
м40-20260923-007,vehicle-847,м40,313023111,22,2026-09-23T07:05:05Z,2026-09-23T07:05:35Z
м40-20260923-007,vehicle-847,м40,9221235996,23,2026-09-23T07:06:50Z,2026-09-23T07:07:20Z
м40-20260923-007,vehicle-847,м40,10742541382,24,2026-09-23T07:08:15Z,2026-09-23T07:08:45Z
м40-20260923-007,vehicle-847,м40,4192456470,25,2026-09-23T07:09:27Z,2026-09-23T07:09:57Z
м40-20260923-007,vehicle-847,м40,4242625789,26,2026-09-23T07:10:42Z,2026-09-23T07:11:12Z
м40-20260923-007,vehicle-847,м40,10742541377,27,2026-09-23T07:12:36Z,2026-09-23T07:13:06Z
м40-20260923-007,vehicle-847,м40,10742541373,28,2026-09-23T07:14:31Z,2026-09-23T07:15:01Z
м40-20260923-007,vehicle-847,м40,10742541369,29,2026-09-23T07:16:11Z,2026-09-23T07:16:41Z
м40-20260923-007,vehicle-847,м40,10742541368,30,2026-09-23T07:17:02Z,2026-09-23T07:17:32Z
м40-20260923-007,vehicle-847,м40,8825443227,31,2026-09-23T07:18:51Z,2026-09-23T07:19:21Z
м40-20260923-007,vehicle-847,м40,7678282456,32,2026-09-23T07:20:40Z,2026-09-23T07:21:10Z
м40-20260923-007,vehicle-847,м40,5434571329,33,2026-09-23T07:21:58Z,2026-09-23T07:22:28Z
м40-20260923-007,vehicle-847,м40,5434565169,34,2026-09-23T07:23:30Z,2026-09-23T07:24:00Z
м40-20260923-007,vehicle-847,м40,5434259924,35,2026-09-23T07:24:33Z,2026-09-23T07:25:03Z
м40-20260923-007,vehicle-847,м40,5434231391,36,2026-09-23T07:25:47Z,2026-09-23T07:26:17Z
м40-20260923-007,vehicle-847,м40,5434236839,37,2026-09-23T07:26:49Z,2026-09-23T07:27:19Z
м40-20260923-007,vehicle-847,м40,5434227711,38,2026-09-23T07:28:00Z,2026-09-23T07:28:30Z
м40-20260923-007,vehicle-847,м40,5434219608,39,2026-09-23T07:28:58Z,2026-09-23T07:29:28Z
м40-20260923-007,vehicle-847,м40,10773197346,40,2026-09-23T07:30:36Z,2026-09-23T07:31:06Z
м40-20260923-007,vehicle-847,м40,1253685200,41,2026-09-23T07:32:28Z,2026-09-23T07:32:58Z
м40-20260923-007,vehicle-847,м40,1253685275,42,2026-09-23T07:34:09Z,2026-09-23T07:34:39Z
м40-20260923-007,vehicle-847,м40,6247189422,43,2026-09-23T07:35:16Z,2026-09-23T07:35:46Z
м40-20260923-007,vehicle-847,м40,1253685207,44,2026-09-23T07:36:14Z,2026-09-23T07:36:44Z
м40-20260923-007,vehicle-847,м40,6074586992,45,2026-09-23T07:38:00Z,2026-09-23T07:38:30Z
м40-20260923-007,vehicle-847,м40,5152889271,46,2026-09-23T07:39:56Z,2026-09-23T07:40:26Z
370-20260923-000,vehicle-850,370,5041552958,1,2026-09-23T07:00:00Z,2026-09-23T07:00:30Z
370-20260923-000,vehicle-850,370,1253685272,2,2026-09-23T07:01:57Z,2026-09-23T07:02:27Z
370-20260923-000,vehicle-850,370,1253685152,3,2026-09-23T07:03:04Z,2026-09-23T07:03:34Z
370-20260923-000,vehicle-850,370,1253685235,4,2026-09-23T07:04:02Z,2026-09-23T07:04:32Z
370-20260923-000,vehicle-850,370,1253685318,5,2026-09-23T07:05:18Z,2026-09-23T07:05:48Z
370-20260923-000,vehicle-850,370,1253685218,6,2026-09-23T07:07:15Z,2026-09-23T07:07:45Z
370-20260923-000,vehicle-850,370,1253685293,7,2026-09-23T07:08:04Z,2026-09-23T07:08:34Z
370-20260923-000,vehicle-850,370,1253685265,8,2026-09-23T07:09:25Z,2026-09-23T07:09:55Z
370-20260923-000,vehicle-850,370,1253685138,9,2026-09-23T07:10:55Z,2026-09-23T07:11:25Z
370-20260923-000,vehicle-850,370,1253685164,10,2026-09-23T07:12:35Z,2026-09-23T07:13:05Z
370-20260923-000,vehicle-850,370,1253685245,11,2026-09-23T07:13:56Z,2026-09-23T07:14:26Z
370-20260923-000,vehicle-850,370,1253685276,12,2026-09-23T07:15:02Z,2026-09-23T07:15:32Z
370-20260923-000,vehicle-850,370,1253685156,13,2026-09-23T07:16:12Z,2026-09-23T07:16:42Z
370-20260923-000,vehicle-850,370,1253685181,14,2026-09-23T07:18:13Z,2026-09-23T07:18:43Z
370-20260923-000,vehicle-850,370,1253685137,15,2026-09-23T07:20:32Z,2026-09-23T07:21:02Z
370-20260923-000,vehicle-850,370,1253685234,16,2026-09-23T07:21:32Z,2026-09-23T07:22:02Z
370-20260923-000,vehicle-850,370,1253685287,17,2026-09-23T07:22:35Z,2026-09-23T07:23:05Z
370-20260923-000,vehicle-850,370,1253685251,18,2026-09-23T07:24:40Z,2026-09-23T07:25:10Z
370-20260923-000,vehicle-850,370,1253685334,19,2026-09-23T07:25:50Z,2026-09-23T07:26:20Z
370-20260923-000,vehicle-850,370,7556705056,20,2026-09-23T07:27:29Z,2026-09-23T07:27:59Z
370-20260923-000,vehicle-850,370,7556705055,21,2026-09-23T07:29:19Z,2026-09-23T07:29:49Z
370-20260923-000,vehicle-850,370,8181027264,22,2026-09-23T07:32:14Z,2026-09-23T07:32:44Z
370-20260923-000,vehicle-850,370,1342478661,23,2026-09-23T07:33:48Z,2026-09-23T07:34:18Z
370-20260923-000,vehicle-850,370,1342478690,24,2026-09-23T07:35:00Z,2026-09-23T07:35:30Z
370-20260923-000,vehicle-850,370,1342478616,25,2026-09-23T07:36:45Z,2026-09-23T07:37:15Z
370-20260923-000,vehicle-850,370,1342478666,26,2026-09-23T07:38:11Z,2026-09-23T07:38:41Z
370-20260923-000,vehicle-850,370,1342478610,27,2026-09-23T07:39:40Z,2026-09-23T07:40:10Z
370-20260923-000,vehicle-850,370,1342478634,28,2026-09-23T07:40:44Z,2026-09-23T07:41:14Z
370-20260923-000,vehicle-850,370,1343664172,29,2026-09-23T07:42:27Z,2026-09-23T07:42:57Z
370-20260923-000,vehicle-850,370,1342478611,30,2026-09-23T07:43:43Z,2026-09-23T07:44:13Z
370-20260923-000,vehicle-850,370,1342478640,31,2026-09-23T07:45:13Z,2026-09-23T07:45:43Z
370-20260923-000,vehicle-850,370,1342478695,32,2026-09-23T07:46:30Z,2026-09-23T07:47:00Z
370-20260923-000,vehicle-850,370,1343664175,33,2026-09-23T07:47:37Z,2026-09-23T07:48:07Z
370-20260923-000,vehicle-850,370,1346563708,34,2026-09-23T07:48:40Z,2026-09-23T07:49:10Z
370-20260923-000,vehicle-850,370,1408800925,35,2026-09-23T07:50:11Z,2026-09-23T07:50:41Z
370-20260923-000,vehicle-850,370,1408800934,36,2026-09-23T07:51:23Z,2026-09-23T07:51:53Z
370-20260923-000,vehicle-850,370,1408800924,37,2026-09-23T07:52:30Z,2026-09-23T07:53:00Z
370-20260923-001,vehicle-851,370,5041552958,1,2026-09-23T06:56:30Z,2026-09-23T06:57:00Z
370-20260923-001,vehicle-851,370,1253685272,2,2026-09-23T06:58:27Z,2026-09-23T06:58:57Z
370-20260923-001,vehicle-851,370,1253685152,3,2026-09-23T06:59:34Z,2026-09-23T07:00:04Z
370-20260923-001,vehicle-851,370,1253685235,4,2026-09-23T07:00:32Z,2026-09-23T07:01:02Z
370-20260923-001,vehicle-851,370,1253685318,5,2026-09-23T07:01:48Z,2026-09-23T07:02:18Z
370-20260923-001,vehicle-851,370,1253685218,6,2026-09-23T07:03:45Z,2026-09-23T07:04:15Z
370-20260923-001,vehicle-851,370,1253685293,7,2026-09-23T07:04:34Z,2026-09-23T07:05:04Z
370-20260923-001,vehicle-851,370,1253685265,8,2026-09-23T07:05:55Z,2026-09-23T07:06:25Z
370-20260923-001,vehicle-851,370,1253685138,9,2026-09-23T07:07:25Z,2026-09-23T07:07:55Z
370-20260923-001,vehicle-851,370,1253685164,10,2026-09-23T07:09:05Z,2026-09-23T07:09:35Z
370-20260923-001,vehicle-851,370,1253685245,11,2026-09-23T07:10:26Z,2026-09-23T07:10:56Z
370-20260923-001,vehicle-851,370,1253685276,12,2026-09-23T07:11:32Z,2026-09-23T07:12:02Z
370-20260923-001,vehicle-851,370,1253685156,13,2026-09-23T07:12:42Z,2026-09-23T07:13:12Z
370-20260923-001,vehicle-851,370,1253685181,14,2026-09-23T07:14:43Z,2026-09-23T07:15:13Z
370-20260923-001,vehicle-851,370,1253685137,15,2026-09-23T07:17:02Z,2026-09-23T07:17:32Z
370-20260923-001,vehicle-851,370,1253685234,16,2026-09-23T07:18:02Z,2026-09-23T07:18:32Z
370-20260923-001,vehicle-851,370,1253685287,17,2026-09-23T07:19:05Z,2026-09-23T07:19:35Z
370-20260923-001,vehicle-851,370,1253685251,18,2026-09-23T07:21:10Z,2026-09-23T07:21:40Z
370-20260923-001,vehicle-851,370,1253685334,19,2026-09-23T07:22:20Z,2026-09-23T07:22:50Z
370-20260923-001,vehicle-851,370,7556705056,20,2026-09-23T07:23:59Z,2026-09-23T07:24:29Z
370-20260923-001,vehicle-851,370,7556705055,21,2026-09-23T07:25:49Z,2026-09-23T07:26:19Z
370-20260923-001,vehicle-851,370,8181027264,22,2026-09-23T07:28:44Z,2026-09-23T07:29:14Z
370-20260923-001,vehicle-851,370,1342478661,23,2026-09-23T07:30:18Z,2026-09-23T07:30:48Z
370-20260923-001,vehicle-851,370,1342478690,24,2026-09-23T07:31:30Z,2026-09-23T07:32:00Z
370-20260923-001,vehicle-851,370,1342478616,25,2026-09-23T07:33:15Z,2026-09-23T07:33:45Z
370-20260923-001,vehicle-851,370,1342478666,26,2026-09-23T07:34:41Z,2026-09-23T07:35:11Z
370-20260923-001,vehicle-851,370,1342478610,27,2026-09-23T07:36:10Z,2026-09-23T07:36:40Z
370-20260923-001,vehicle-851,370,1342478634,28,2026-09-23T07:37:14Z,2026-09-23T07:37:44Z
370-20260923-001,vehicle-851,370,1343664172,29,2026-09-23T07:38:57Z,2026-09-23T07:39:27Z
370-20260923-001,vehicle-851,370,1342478611,30,2026-09-23T07:40:13Z,2026-09-23T07:40:43Z
370-20260923-001,vehicle-851,370,1342478640,31,2026-09-23T07:41:43Z,2026-09-23T07:42:13Z
370-20260923-001,vehicle-851,370,1342478695,32,2026-09-23T07:43:00Z,2026-09-23T07:43:30Z
370-20260923-001,vehicle-851,370,1343664175,33,2026-09-23T07:44:07Z,2026-09-23T07:44:37Z
370-20260923-001,vehicle-851,370,1346563708,34,2026-09-23T07:45:10Z,2026-09-23T07:45:40Z
370-20260923-001,vehicle-851,370,1408800925,35,2026-09-23T07:46:41Z,2026-09-23T07:47:11Z
370-20260923-001,vehicle-851,370,1408800934,36,2026-09-23T07:47:53Z,2026-09-23T07:48:23Z
370-20260923-001,vehicle-851,370,1408800924,37,2026-09-23T07:49:00Z,2026-09-23T07:49:30Z
370-20260923-002,vehicle-852,370,5041552958,1,2026-09-23T06:53:00Z,2026-09-23T06:53:30Z
370-20260923-002,vehicle-852,370,1253685272,2,2026-09-23T06:54:57Z,2026-09-23T06:55:27Z
370-20260923-002,vehicle-852,370,1253685152,3,2026-09-23T06:56:04Z,2026-09-23T06:56:34Z
370-20260923-002,vehicle-852,370,1253685235,4,2026-09-23T06:57:02Z,2026-09-23T06:57:32Z
370-20260923-002,vehicle-852,370,1253685318,5,2026-09-23T06:58:18Z,2026-09-23T06:58:48Z
370-20260923-002,vehicle-852,370,1253685218,6,2026-09-23T07:00:15Z,2026-09-23T07:00:45Z
370-20260923-002,vehicle-852,370,1253685293,7,2026-09-23T07:01:04Z,2026-09-23T07:01:34Z
370-20260923-002,vehicle-852,370,1253685265,8,2026-09-23T07:02:25Z,2026-09-23T07:02:55Z
370-20260923-002,vehicle-852,370,1253685138,9,2026-09-23T07:03:55Z,2026-09-23T07:04:25Z
370-20260923-002,vehicle-852,370,1253685164,10,2026-09-23T07:05:35Z,2026-09-23T07:06:05Z
370-20260923-002,vehicle-852,370,1253685245,11,2026-09-23T07:06:56Z,2026-09-23T07:07:26Z
370-20260923-002,vehicle-852,370,1253685276,12,2026-09-23T07:08:02Z,2026-09-23T07:08:32Z
370-20260923-002,vehicle-852,370,1253685156,13,2026-09-23T07:09:12Z,2026-09-23T07:09:42Z
370-20260923-002,vehicle-852,370,1253685181,14,2026-09-23T07:11:13Z,2026-09-23T07:11:43Z
370-20260923-002,vehicle-852,370,1253685137,15,2026-09-23T07:13:32Z,2026-09-23T07:14:02Z
370-20260923-002,vehicle-852,370,1253685234,16,2026-09-23T07:14:32Z,2026-09-23T07:15:02Z
370-20260923-002,vehicle-852,370,1253685287,17,2026-09-23T07:15:35Z,2026-09-23T07:16:05Z
370-20260923-002,vehicle-852,370,1253685251,18,2026-09-23T07:17:40Z,2026-09-23T07:18:10Z
370-20260923-002,vehicle-852,370,1253685334,19,2026-09-23T07:18:50Z,2026-09-23T07:19:20Z
370-20260923-002,vehicle-852,370,7556705056,20,2026-09-23T07:20:29Z,2026-09-23T07:20:59Z
370-20260923-002,vehicle-852,370,7556705055,21,2026-09-23T07:22:19Z,2026-09-23T07:22:49Z
370-20260923-002,vehicle-852,370,8181027264,22,2026-09-23T07:25:14Z,2026-09-23T07:25:44Z
370-20260923-002,vehicle-852,370,1342478661,23,2026-09-23T07:26:48Z,2026-09-23T07:27:18Z
370-20260923-002,vehicle-852,370,1342478690,24,2026-09-23T07:28:00Z,2026-09-23T07:28:30Z
370-20260923-002,vehicle-852,370,1342478616,25,2026-09-23T07:29:45Z,2026-09-23T07:30:15Z
370-20260923-002,vehicle-852,370,1342478666,26,2026-09-23T07:31:11Z,2026-09-23T07:31:41Z
370-20260923-002,vehicle-852,370,1342478610,27,2026-09-23T07:32:40Z,2026-09-23T07:33:10Z
370-20260923-002,vehicle-852,370,1342478634,28,2026-09-23T07:33:44Z,2026-09-23T07:34:14Z
370-20260923-002,vehicle-852,370,1343664172,29,2026-09-23T07:35:27Z,2026-09-23T07:35:57Z
370-20260923-002,vehicle-852,370,1342478611,30,2026-09-23T07:36:43Z,2026-09-23T07:37:13Z
370-20260923-002,vehicle-852,370,1342478640,31,2026-09-23T07:38:13Z,2026-09-23T07:38:43Z
370-20260923-002,vehicle-852,370,1342478695,32,2026-09-23T07:39:30Z,2026-09-23T07:40:00Z
370-20260923-002,vehicle-852,370,1343664175,33,2026-09-23T07:40:37Z,2026-09-23T07:41:07Z
370-20260923-002,vehicle-852,370,1346563708,34,2026-09-23T07:41:40Z,2026-09-23T07:42:10Z
370-20260923-002,vehicle-852,370,1408800925,35,2026-09-23T07:43:11Z,2026-09-23T07:43:41Z
370-20260923-002,vehicle-852,370,1408800934,36,2026-09-23T07:44:23Z,2026-09-23T07:44:53Z
370-20260923-002,vehicle-852,370,1408800924,37,2026-09-23T07:45:30Z,2026-09-23T07:46:00Z
370-20260923-003,vehicle-853,370,5041552958,1,2026-09-23T06:49:30Z,2026-09-23T06:50:00Z
370-20260923-003,vehicle-853,370,1253685272,2,2026-09-23T06:51:27Z,2026-09-23T06:51:57Z
370-20260923-003,vehicle-853,370,1253685152,3,2026-09-23T06:52:34Z,2026-09-23T06:53:04Z
370-20260923-003,vehicle-853,370,1253685235,4,2026-09-23T06:53:32Z,2026-09-23T06:54:02Z
370-20260923-003,vehicle-853,370,1253685318,5,2026-09-23T06:54:48Z,2026-09-23T06:55:18Z
370-20260923-003,vehicle-853,370,1253685218,6,2026-09-23T06:56:45Z,2026-09-23T06:57:15Z
370-20260923-003,vehicle-853,370,1253685293,7,2026-09-23T06:57:34Z,2026-09-23T06:58:04Z
370-20260923-003,vehicle-853,370,1253685265,8,2026-09-23T06:58:55Z,2026-09-23T06:59:25Z
370-20260923-003,vehicle-853,370,1253685138,9,2026-09-23T07:00:25Z,2026-09-23T07:00:55Z
370-20260923-003,vehicle-853,370,1253685164,10,2026-09-23T07:02:05Z,2026-09-23T07:02:35Z
370-20260923-003,vehicle-853,370,1253685245,11,2026-09-23T07:03:26Z,2026-09-23T07:03:56Z
370-20260923-003,vehicle-853,370,1253685276,12,2026-09-23T07:04:32Z,2026-09-23T07:05:02Z
370-20260923-003,vehicle-853,370,1253685156,13,2026-09-23T07:05:42Z,2026-09-23T07:06:12Z
370-20260923-003,vehicle-853,370,1253685181,14,2026-09-23T07:07:43Z,2026-09-23T07:08:13Z
370-20260923-003,vehicle-853,370,1253685137,15,2026-09-23T07:10:02Z,2026-09-23T07:10:32Z
370-20260923-003,vehicle-853,370,1253685234,16,2026-09-23T07:11:02Z,2026-09-23T07:11:32Z
370-20260923-003,vehicle-853,370,1253685287,17,2026-09-23T07:12:05Z,2026-09-23T07:12:35Z
370-20260923-003,vehicle-853,370,1253685251,18,2026-09-23T07:14:10Z,2026-09-23T07:14:40Z
370-20260923-003,vehicle-853,370,1253685334,19,2026-09-23T07:15:20Z,2026-09-23T07:15:50Z
370-20260923-003,vehicle-853,370,7556705056,20,2026-09-23T07:16:59Z,2026-09-23T07:17:29Z
370-20260923-003,vehicle-853,370,7556705055,21,2026-09-23T07:18:49Z,2026-09-23T07:19:19Z
370-20260923-003,vehicle-853,370,8181027264,22,2026-09-23T07:21:44Z,2026-09-23T07:22:14Z
370-20260923-003,vehicle-853,370,1342478661,23,2026-09-23T07:23:18Z,2026-09-23T07:23:48Z
370-20260923-003,vehicle-853,370,1342478690,24,2026-09-23T07:24:30Z,2026-09-23T07:25:00Z
370-20260923-003,vehicle-853,370,1342478616,25,2026-09-23T07:26:15Z,2026-09-23T07:26:45Z
370-20260923-003,vehicle-853,370,1342478666,26,2026-09-23T07:27:41Z,2026-09-23T07:28:11Z
370-20260923-003,vehicle-853,370,1342478610,27,2026-09-23T07:29:10Z,2026-09-23T07:29:40Z
370-20260923-003,vehicle-853,370,1342478634,28,2026-09-23T07:30:14Z,2026-09-23T07:30:44Z
370-20260923-003,vehicle-853,370,1343664172,29,2026-09-23T07:31:57Z,2026-09-23T07:32:27Z
370-20260923-003,vehicle-853,370,1342478611,30,2026-09-23T07:33:13Z,2026-09-23T07:33:43Z
370-20260923-003,vehicle-853,370,1342478640,31,2026-09-23T07:34:43Z,2026-09-23T07:35:13Z
370-20260923-003,vehicle-853,370,1342478695,32,2026-09-23T07:36:00Z,2026-09-23T07:36:30Z
370-20260923-003,vehicle-853,370,1343664175,33,2026-09-23T07:37:07Z,2026-09-23T07:37:37Z
370-20260923-003,vehicle-853,370,1346563708,34,2026-09-23T07:38:10Z,2026-09-23T07:38:40Z
370-20260923-003,vehicle-853,370,1408800925,35,2026-09-23T07:39:41Z,2026-09-23T07:40:11Z
370-20260923-003,vehicle-853,370,1408800934,36,2026-09-23T07:40:53Z,2026-09-23T07:41:23Z
370-20260923-003,vehicle-853,370,1408800924,37,2026-09-23T07:42:00Z,2026-09-23T07:42:30Z
370-20260923-004,vehicle-854,370,5041552958,1,2026-09-23T06:46:00Z,2026-09-23T06:46:30Z
370-20260923-004,vehicle-854,370,1253685272,2,2026-09-23T06:47:57Z,2026-09-23T06:48:27Z
370-20260923-004,vehicle-854,370,1253685152,3,2026-09-23T06:49:04Z,2026-09-23T06:49:34Z
370-20260923-004,vehicle-854,370,1253685235,4,2026-09-23T06:50:02Z,2026-09-23T06:50:32Z
370-20260923-004,vehicle-854,370,1253685318,5,2026-09-23T06:51:18Z,2026-09-23T06:51:48Z
370-20260923-004,vehicle-854,370,1253685218,6,2026-09-23T06:53:15Z,2026-09-23T06:53:45Z
370-20260923-004,vehicle-854,370,1253685293,7,2026-09-23T06:54:04Z,2026-09-23T06:54:34Z
370-20260923-004,vehicle-854,370,1253685265,8,2026-09-23T06:55:25Z,2026-09-23T06:55:55Z
370-20260923-004,vehicle-854,370,1253685138,9,2026-09-23T06:56:55Z,2026-09-23T06:57:25Z
370-20260923-004,vehicle-854,370,1253685164,10,2026-09-23T06:58:35Z,2026-09-23T06:59:05Z
370-20260923-004,vehicle-854,370,1253685245,11,2026-09-23T06:59:56Z,2026-09-23T07:00:26Z
370-20260923-004,vehicle-854,370,1253685276,12,2026-09-23T07:01:02Z,2026-09-23T07:01:32Z
370-20260923-004,vehicle-854,370,1253685156,13,2026-09-23T07:02:12Z,2026-09-23T07:02:42Z
370-20260923-004,vehicle-854,370,1253685181,14,2026-09-23T07:04:13Z,2026-09-23T07:04:43Z
370-20260923-004,vehicle-854,370,1253685137,15,2026-09-23T07:06:32Z,2026-09-23T07:07:02Z
370-20260923-004,vehicle-854,370,1253685234,16,2026-09-23T07:07:32Z,2026-09-23T07:08:02Z
370-20260923-004,vehicle-854,370,1253685287,17,2026-09-23T07:08:35Z,2026-09-23T07:09:05Z
370-20260923-004,vehicle-854,370,1253685251,18,2026-09-23T07:10:40Z,2026-09-23T07:11:10Z
370-20260923-004,vehicle-854,370,1253685334,19,2026-09-23T07:11:50Z,2026-09-23T07:12:20Z
370-20260923-004,vehicle-854,370,7556705056,20,2026-09-23T07:13:29Z,2026-09-23T07:13:59Z
370-20260923-004,vehicle-854,370,7556705055,21,2026-09-23T07:15:19Z,2026-09-23T07:15:49Z
370-20260923-004,vehicle-854,370,8181027264,22,2026-09-23T07:18:14Z,2026-09-23T07:18:44Z
370-20260923-004,vehicle-854,370,1342478661,23,2026-09-23T07:19:48Z,2026-09-23T07:20:18Z
370-20260923-004,vehicle-854,370,1342478690,24,2026-09-23T07:21:00Z,2026-09-23T07:21:30Z
370-20260923-004,vehicle-854,370,1342478616,25,2026-09-23T07:22:45Z,2026-09-23T07:23:15Z
370-20260923-004,vehicle-854,370,1342478666,26,2026-09-23T07:24:11Z,2026-09-23T07:24:41Z
370-20260923-004,vehicle-854,370,1342478610,27,2026-09-23T07:25:40Z,2026-09-23T07:26:10Z
370-20260923-004,vehicle-854,370,1342478634,28,2026-09-23T07:26:44Z,2026-09-23T07:27:14Z
370-20260923-004,vehicle-854,370,1343664172,29,2026-09-23T07:28:27Z,2026-09-23T07:28:57Z
370-20260923-004,vehicle-854,370,1342478611,30,2026-09-23T07:29:43Z,2026-09-23T07:30:13Z
370-20260923-004,vehicle-854,370,1342478640,31,2026-09-23T07:31:13Z,2026-09-23T07:31:43Z
370-20260923-004,vehicle-854,370,1342478695,32,2026-09-23T07:32:30Z,2026-09-23T07:33:00Z
370-20260923-004,vehicle-854,370,1343664175,33,2026-09-23T07:33:37Z,2026-09-23T07:34:07Z
370-20260923-004,vehicle-854,370,1346563708,34,2026-09-23T07:34:40Z,2026-09-23T07:35:10Z
370-20260923-004,vehicle-854,370,1408800925,35,2026-09-23T07:36:11Z,2026-09-23T07:36:41Z
370-20260923-004,vehicle-854,370,1408800934,36,2026-09-23T07:37:23Z,2026-09-23T07:37:53Z
370-20260923-004,vehicle-854,370,1408800924,37,2026-09-23T07:38:30Z,2026-09-23T07:39:00Z
370-20260923-005,vehicle-855,370,5041552958,1,2026-09-23T06:42:30Z,2026-09-23T06:43:00Z
370-20260923-005,vehicle-855,370,1253685272,2,2026-09-23T06:44:27Z,2026-09-23T06:44:57Z
370-20260923-005,vehicle-855,370,1253685152,3,2026-09-23T06:45:34Z,2026-09-23T06:46:04Z
370-20260923-005,vehicle-855,370,1253685235,4,2026-09-23T06:46:32Z,2026-09-23T06:47:02Z
370-20260923-005,vehicle-855,370,1253685318,5,2026-09-23T06:47:48Z,2026-09-23T06:48:18Z
370-20260923-005,vehicle-855,370,1253685218,6,2026-09-23T06:49:45Z,2026-09-23T06:50:15Z
370-20260923-005,vehicle-855,370,1253685293,7,2026-09-23T06:50:34Z,2026-09-23T06:51:04Z
370-20260923-005,vehicle-855,370,1253685265,8,2026-09-23T06:51:55Z,2026-09-23T06:52:25Z
370-20260923-005,vehicle-855,370,1253685138,9,2026-09-23T06:53:25Z,2026-09-23T06:53:55Z
370-20260923-005,vehicle-855,370,1253685164,10,2026-09-23T06:55:05Z,2026-09-23T06:55:35Z
370-20260923-005,vehicle-855,370,1253685245,11,2026-09-23T06:56:26Z,2026-09-23T06:56:56Z
370-20260923-005,vehicle-855,370,1253685276,12,2026-09-23T06:57:32Z,2026-09-23T06:58:02Z
370-20260923-005,vehicle-855,370,1253685156,13,2026-09-23T06:58:42Z,2026-09-23T06:59:12Z
370-20260923-005,vehicle-855,370,1253685181,14,2026-09-23T07:00:43Z,2026-09-23T07:01:13Z
370-20260923-005,vehicle-855,370,1253685137,15,2026-09-23T07:03:02Z,2026-09-23T07:03:32Z
370-20260923-005,vehicle-855,370,1253685234,16,2026-09-23T07:04:02Z,2026-09-23T07:04:32Z
370-20260923-005,vehicle-855,370,1253685287,17,2026-09-23T07:05:05Z,2026-09-23T07:05:35Z
370-20260923-005,vehicle-855,370,1253685251,18,2026-09-23T07:07:10Z,2026-09-23T07:07:40Z
370-20260923-005,vehicle-855,370,1253685334,19,2026-09-23T07:08:20Z,2026-09-23T07:08:50Z
370-20260923-005,vehicle-855,370,7556705056,20,2026-09-23T07:09:59Z,2026-09-23T07:10:29Z
370-20260923-005,vehicle-855,370,7556705055,21,2026-09-23T07:11:49Z,2026-09-23T07:12:19Z
370-20260923-005,vehicle-855,370,8181027264,22,2026-09-23T07:14:44Z,2026-09-23T07:15:14Z
370-20260923-005,vehicle-855,370,1342478661,23,2026-09-23T07:16:18Z,2026-09-23T07:16:48Z
370-20260923-005,vehicle-855,370,1342478690,24,2026-09-23T07:17:30Z,2026-09-23T07:18:00Z
370-20260923-005,vehicle-855,370,1342478616,25,2026-09-23T07:19:15Z,2026-09-23T07:19:45Z
370-20260923-005,vehicle-855,370,1342478666,26,2026-09-23T07:20:41Z,2026-09-23T07:21:11Z
370-20260923-005,vehicle-855,370,1342478610,27,2026-09-23T07:22:10Z,2026-09-23T07:22:40Z
370-20260923-005,vehicle-855,370,1342478634,28,2026-09-23T07:23:14Z,2026-09-23T07:23:44Z
370-20260923-005,vehicle-855,370,1343664172,29,2026-09-23T07:24:57Z,2026-09-23T07:25:27Z
370-20260923-005,vehicle-855,370,1342478611,30,2026-09-23T07:26:13Z,2026-09-23T07:26:43Z
370-20260923-005,vehicle-855,370,1342478640,31,2026-09-23T07:27:43Z,2026-09-23T07:28:13Z
370-20260923-005,vehicle-855,370,1342478695,32,2026-09-23T07:29:00Z,2026-09-23T07:29:30Z
370-20260923-005,vehicle-855,370,1343664175,33,2026-09-23T07:30:07Z,2026-09-23T07:30:37Z
370-20260923-005,vehicle-855,370,1346563708,34,2026-09-23T07:31:10Z,2026-09-23T07:31:40Z
370-20260923-005,vehicle-855,370,1408800925,35,2026-09-23T07:32:41Z,2026-09-23T07:33:11Z
370-20260923-005,vehicle-855,370,1408800934,36,2026-09-23T07:33:53Z,2026-09-23T07:34:23Z
370-20260923-005,vehicle-855,370,1408800924,37,2026-09-23T07:35:00Z,2026-09-23T07:35:30Z
370-20260923-006,vehicle-856,370,5041552958,1,2026-09-23T06:39:00Z,2026-09-23T06:39:30Z
370-20260923-006,vehicle-856,370,1253685272,2,2026-09-23T06:40:57Z,2026-09-23T06:41:27Z
370-20260923-006,vehicle-856,370,1253685152,3,2026-09-23T06:42:04Z,2026-09-23T06:42:34Z
370-20260923-006,vehicle-856,370,1253685235,4,2026-09-23T06:43:02Z,2026-09-23T06:43:32Z
370-20260923-006,vehicle-856,370,1253685318,5,2026-09-23T06:44:18Z,2026-09-23T06:44:48Z
370-20260923-006,vehicle-856,370,1253685218,6,2026-09-23T06:46:15Z,2026-09-23T06:46:45Z
370-20260923-006,vehicle-856,370,1253685293,7,2026-09-23T06:47:04Z,2026-09-23T06:47:34Z
370-20260923-006,vehicle-856,370,1253685265,8,2026-09-23T06:48:25Z,2026-09-23T06:48:55Z
370-20260923-006,vehicle-856,370,1253685138,9,2026-09-23T06:49:55Z,2026-09-23T06:50:25Z
370-20260923-006,vehicle-856,370,1253685164,10,2026-09-23T06:51:35Z,2026-09-23T06:52:05Z
370-20260923-006,vehicle-856,370,1253685245,11,2026-09-23T06:52:56Z,2026-09-23T06:53:26Z
370-20260923-006,vehicle-856,370,1253685276,12,2026-09-23T06:54:02Z,2026-09-23T06:54:32Z
370-20260923-006,vehicle-856,370,1253685156,13,2026-09-23T06:55:12Z,2026-09-23T06:55:42Z
370-20260923-006,vehicle-856,370,1253685181,14,2026-09-23T06:57:13Z,2026-09-23T06:57:43Z
370-20260923-006,vehicle-856,370,1253685137,15,2026-09-23T06:59:32Z,2026-09-23T07:00:02Z
370-20260923-006,vehicle-856,370,1253685234,16,2026-09-23T07:00:32Z,2026-09-23T07:01:02Z
370-20260923-006,vehicle-856,370,1253685287,17,2026-09-23T07:01:35Z,2026-09-23T07:02:05Z
370-20260923-006,vehicle-856,370,1253685251,18,2026-09-23T07:03:40Z,2026-09-23T07:04:10Z
370-20260923-006,vehicle-856,370,1253685334,19,2026-09-23T07:04:50Z,2026-09-23T07:05:20Z
370-20260923-006,vehicle-856,370,7556705056,20,2026-09-23T07:06:29Z,2026-09-23T07:06:59Z
370-20260923-006,vehicle-856,370,7556705055,21,2026-09-23T07:08:19Z,2026-09-23T07:08:49Z
370-20260923-006,vehicle-856,370,8181027264,22,2026-09-23T07:11:14Z,2026-09-23T07:11:44Z
370-20260923-006,vehicle-856,370,1342478661,23,2026-09-23T07:12:48Z,2026-09-23T07:13:18Z
370-20260923-006,vehicle-856,370,1342478690,24,2026-09-23T07:14:00Z,2026-09-23T07:14:30Z
370-20260923-006,vehicle-856,370,1342478616,25,2026-09-23T07:15:45Z,2026-09-23T07:16:15Z
370-20260923-006,vehicle-856,370,1342478666,26,2026-09-23T07:17:11Z,2026-09-23T07:17:41Z
370-20260923-006,vehicle-856,370,1342478610,27,2026-09-23T07:18:40Z,2026-09-23T07:19:10Z
370-20260923-006,vehicle-856,370,1342478634,28,2026-09-23T07:19:44Z,2026-09-23T07:20:14Z
370-20260923-006,vehicle-856,370,1343664172,29,2026-09-23T07:21:27Z,2026-09-23T07:21:57Z
370-20260923-006,vehicle-856,370,1342478611,30,2026-09-23T07:22:43Z,2026-09-23T07:23:13Z
370-20260923-006,vehicle-856,370,1342478640,31,2026-09-23T07:24:13Z,2026-09-23T07:24:43Z
370-20260923-006,vehicle-856,370,1342478695,32,2026-09-23T07:25:30Z,2026-09-23T07:26:00Z
370-20260923-006,vehicle-856,370,1343664175,33,2026-09-23T07:26:37Z,2026-09-23T07:27:07Z
370-20260923-006,vehicle-856,370,1346563708,34,2026-09-23T07:27:40Z,2026-09-23T07:28:10Z
370-20260923-006,vehicle-856,370,1408800925,35,2026-09-23T07:29:11Z,2026-09-23T07:29:41Z
370-20260923-006,vehicle-856,370,1408800934,36,2026-09-23T07:30:23Z,2026-09-23T07:30:53Z
370-20260923-006,vehicle-856,370,1408800924,37,2026-09-23T07:31:30Z,2026-09-23T07:32:00Z
370-20260923-007,vehicle-857,370,5041552958,1,2026-09-23T06:35:30Z,2026-09-23T06:36:00Z
370-20260923-007,vehicle-857,370,1253685272,2,2026-09-23T06:37:27Z,2026-09-23T06:37:57Z
370-20260923-007,vehicle-857,370,1253685152,3,2026-09-23T06:38:34Z,2026-09-23T06:39:04Z
370-20260923-007,vehicle-857,370,1253685235,4,2026-09-23T06:39:32Z,2026-09-23T06:40:02Z
370-20260923-007,vehicle-857,370,1253685318,5,2026-09-23T06:40:48Z,2026-09-23T06:41:18Z
370-20260923-007,vehicle-857,370,1253685218,6,2026-09-23T06:42:45Z,2026-09-23T06:43:15Z
370-20260923-007,vehicle-857,370,1253685293,7,2026-09-23T06:43:34Z,2026-09-23T06:44:04Z
370-20260923-007,vehicle-857,370,1253685265,8,2026-09-23T06:44:55Z,2026-09-23T06:45:25Z
370-20260923-007,vehicle-857,370,1253685138,9,2026-09-23T06:46:25Z,2026-09-23T06:46:55Z
370-20260923-007,vehicle-857,370,1253685164,10,2026-09-23T06:48:05Z,2026-09-23T06:48:35Z
370-20260923-007,vehicle-857,370,1253685245,11,2026-09-23T06:49:26Z,2026-09-23T06:49:56Z
370-20260923-007,vehicle-857,370,1253685276,12,2026-09-23T06:50:32Z,2026-09-23T06:51:02Z
370-20260923-007,vehicle-857,370,1253685156,13,2026-09-23T06:51:42Z,2026-09-23T06:52:12Z
370-20260923-007,vehicle-857,370,1253685181,14,2026-09-23T06:53:43Z,2026-09-23T06:54:13Z
370-20260923-007,vehicle-857,370,1253685137,15,2026-09-23T06:56:02Z,2026-09-23T06:56:32Z
370-20260923-007,vehicle-857,370,1253685234,16,2026-09-23T06:57:02Z,2026-09-23T06:57:32Z
370-20260923-007,vehicle-857,370,1253685287,17,2026-09-23T06:58:05Z,2026-09-23T06:58:35Z
370-20260923-007,vehicle-857,370,1253685251,18,2026-09-23T07:00:10Z,2026-09-23T07:00:40Z
370-20260923-007,vehicle-857,370,1253685334,19,2026-09-23T07:01:20Z,2026-09-23T07:01:50Z
370-20260923-007,vehicle-857,370,7556705056,20,2026-09-23T07:02:59Z,2026-09-23T07:03:29Z
370-20260923-007,vehicle-857,370,7556705055,21,2026-09-23T07:04:49Z,2026-09-23T07:05:19Z
370-20260923-007,vehicle-857,370,8181027264,22,2026-09-23T07:07:44Z,2026-09-23T07:08:14Z
370-20260923-007,vehicle-857,370,1342478661,23,2026-09-23T07:09:18Z,2026-09-23T07:09:48Z
370-20260923-007,vehicle-857,370,1342478690,24,2026-09-23T07:10:30Z,2026-09-23T07:11:00Z
370-20260923-007,vehicle-857,370,1342478616,25,2026-09-23T07:12:15Z,2026-09-23T07:12:45Z
370-20260923-007,vehicle-857,370,1342478666,26,2026-09-23T07:13:41Z,2026-09-23T07:14:11Z
370-20260923-007,vehicle-857,370,1342478610,27,2026-09-23T07:15:10Z,2026-09-23T07:15:40Z
370-20260923-007,vehicle-857,370,1342478634,28,2026-09-23T07:16:14Z,2026-09-23T07:16:44Z
370-20260923-007,vehicle-857,370,1343664172,29,2026-09-23T07:17:57Z,2026-09-23T07:18:27Z
370-20260923-007,vehicle-857,370,1342478611,30,2026-09-23T07:19:13Z,2026-09-23T07:19:43Z
370-20260923-007,vehicle-857,370,1342478640,31,2026-09-23T07:20:43Z,2026-09-23T07:21:13Z
370-20260923-007,vehicle-857,370,1342478695,32,2026-09-23T07:22:00Z,2026-09-23T07:22:30Z
370-20260923-007,vehicle-857,370,1343664175,33,2026-09-23T07:23:07Z,2026-09-23T07:23:37Z
370-20260923-007,vehicle-857,370,1346563708,34,2026-09-23T07:24:10Z,2026-09-23T07:24:40Z
370-20260923-007,vehicle-857,370,1408800925,35,2026-09-23T07:25:41Z,2026-09-23T07:26:11Z
370-20260923-007,vehicle-857,370,1408800934,36,2026-09-23T07:26:53Z,2026-09-23T07:27:23Z
370-20260923-007,vehicle-857,370,1408800924,37,2026-09-23T07:28:00Z,2026-09-23T07:28:30Z
345-20260923-000,vehicle-860,345,5041552958,1,2026-09-23T07:00:00Z,2026-09-23T07:00:30Z
345-20260923-000,vehicle-860,345,1253685272,2,2026-09-23T07:01:57Z,2026-09-23T07:02:27Z
345-20260923-000,vehicle-860,345,1253685152,3,2026-09-23T07:03:04Z,2026-09-23T07:03:34Z
345-20260923-000,vehicle-860,345,1253685235,4,2026-09-23T07:04:02Z,2026-09-23T07:04:32Z
345-20260923-000,vehicle-860,345,1253685318,5,2026-09-23T07:05:18Z,2026-09-23T07:05:48Z
345-20260923-000,vehicle-860,345,1390556618,6,2026-09-23T07:08:18Z,2026-09-23T07:08:48Z
345-20260923-000,vehicle-860,345,1390556593,7,2026-09-23T07:09:27Z,2026-09-23T07:09:57Z
345-20260923-000,vehicle-860,345,1390556638,8,2026-09-23T07:10:29Z,2026-09-23T07:10:59Z
345-20260923-000,vehicle-860,345,1390556610,9,2026-09-23T07:12:13Z,2026-09-23T07:12:43Z
345-20260923-000,vehicle-860,345,1390556621,10,2026-09-23T07:13:27Z,2026-09-23T07:13:57Z
345-20260923-000,vehicle-860,345,1390556644,11,2026-09-23T07:14:28Z,2026-09-23T07:14:58Z
345-20260923-000,vehicle-860,345,1390556603,12,2026-09-23T07:15:59Z,2026-09-23T07:16:29Z
345-20260923-000,vehicle-860,345,1390556645,13,2026-09-23T07:17:03Z,2026-09-23T07:17:33Z
345-20260923-000,vehicle-860,345,1390556641,14,2026-09-23T07:18:00Z,2026-09-23T07:18:30Z
345-20260923-000,vehicle-860,345,1390556626,15,2026-09-23T07:19:09Z,2026-09-23T07:19:39Z
345-20260923-000,vehicle-860,345,1390556624,16,2026-09-23T07:20:21Z,2026-09-23T07:20:51Z
345-20260923-000,vehicle-860,345,1390556634,17,2026-09-23T07:21:23Z,2026-09-23T07:21:53Z
345-20260923-000,vehicle-860,345,1468518753,18,2026-09-23T07:22:44Z,2026-09-23T07:23:14Z
345-20260923-000,vehicle-860,345,1953905311,19,2026-09-23T07:23:46Z,2026-09-23T07:24:16Z
345-20260923-000,vehicle-860,345,1390556611,20,2026-09-23T07:25:19Z,2026-09-23T07:25:49Z
345-20260923-000,vehicle-860,345,1390556630,21,2026-09-23T07:26:48Z,2026-09-23T07:27:18Z
345-20260923-000,vehicle-860,345,4730949125,22,2026-09-23T07:27:45Z,2026-09-23T07:28:15Z
345-20260923-000,vehicle-860,345,1390556636,23,2026-09-23T07:29:13Z,2026-09-23T07:29:43Z
345-20260923-000,vehicle-860,345,1390556596,24,2026-09-23T07:30:50Z,2026-09-23T07:31:20Z
345-20260923-000,vehicle-860,345,1390556629,25,2026-09-23T07:32:22Z,2026-09-23T07:32:52Z
345-20260923-000,vehicle-860,345,9455183925,26,2026-09-23T07:33:49Z,2026-09-23T07:34:19Z
345-20260923-000,vehicle-860,345,4730767845,27,2026-09-23T07:35:15Z,2026-09-23T07:35:45Z
345-20260923-000,vehicle-860,345,4908660303,28,2026-09-23T07:37:02Z,2026-09-23T07:37:32Z
345-20260923-000,vehicle-860,345,4908660301,29,2026-09-23T07:38:06Z,2026-09-23T07:38:36Z
345-20260923-000,vehicle-860,345,4908660307,30,2026-09-23T07:39:10Z,2026-09-23T07:39:40Z
345-20260923-001,vehicle-861,345,5041552958,1,2026-09-23T06:56:30Z,2026-09-23T06:57:00Z
345-20260923-001,vehicle-861,345,1253685272,2,2026-09-23T06:58:27Z,2026-09-23T06:58:57Z
345-20260923-001,vehicle-861,345,1253685152,3,2026-09-23T06:59:34Z,2026-09-23T07:00:04Z
345-20260923-001,vehicle-861,345,1253685235,4,2026-09-23T07:00:32Z,2026-09-23T07:01:02Z
345-20260923-001,vehicle-861,345,1253685318,5,2026-09-23T07:01:48Z,2026-09-23T07:02:18Z
345-20260923-001,vehicle-861,345,1390556618,6,2026-09-23T07:04:48Z,2026-09-23T07:05:18Z
345-20260923-001,vehicle-861,345,1390556593,7,2026-09-23T07:05:57Z,2026-09-23T07:06:27Z
345-20260923-001,vehicle-861,345,1390556638,8,2026-09-23T07:06:59Z,2026-09-23T07:07:29Z
345-20260923-001,vehicle-861,345,1390556610,9,2026-09-23T07:08:43Z,2026-09-23T07:09:13Z
345-20260923-001,vehicle-861,345,1390556621,10,2026-09-23T07:09:57Z,2026-09-23T07:10:27Z
345-20260923-001,vehicle-861,345,1390556644,11,2026-09-23T07:10:58Z,2026-09-23T07:11:28Z
345-20260923-001,vehicle-861,345,1390556603,12,2026-09-23T07:12:29Z,2026-09-23T07:12:59Z
345-20260923-001,vehicle-861,345,1390556645,13,2026-09-23T07:13:33Z,2026-09-23T07:14:03Z
345-20260923-001,vehicle-861,345,1390556641,14,2026-09-23T07:14:30Z,2026-09-23T07:15:00Z
345-20260923-001,vehicle-861,345,1390556626,15,2026-09-23T07:15:39Z,2026-09-23T07:16:09Z
345-20260923-001,vehicle-861,345,1390556624,16,2026-09-23T07:16:51Z,2026-09-23T07:17:21Z
345-20260923-001,vehicle-861,345,1390556634,17,2026-09-23T07:17:53Z,2026-09-23T07:18:23Z
345-20260923-001,vehicle-861,345,1468518753,18,2026-09-23T07:19:14Z,2026-09-23T07:19:44Z
345-20260923-001,vehicle-861,345,1953905311,19,2026-09-23T07:20:16Z,2026-09-23T07:20:46Z
345-20260923-001,vehicle-861,345,1390556611,20,2026-09-23T07:21:49Z,2026-09-23T07:22:19Z
345-20260923-001,vehicle-861,345,1390556630,21,2026-09-23T07:23:18Z,2026-09-23T07:23:48Z
345-20260923-001,vehicle-861,345,4730949125,22,2026-09-23T07:24:15Z,2026-09-23T07:24:45Z
345-20260923-001,vehicle-861,345,1390556636,23,2026-09-23T07:25:43Z,2026-09-23T07:26:13Z
345-20260923-001,vehicle-861,345,1390556596,24,2026-09-23T07:27:20Z,2026-09-23T07:27:50Z
345-20260923-001,vehicle-861,345,1390556629,25,2026-09-23T07:28:52Z,2026-09-23T07:29:22Z
345-20260923-001,vehicle-861,345,9455183925,26,2026-09-23T07:30:19Z,2026-09-23T07:30:49Z
345-20260923-001,vehicle-861,345,4730767845,27,2026-09-23T07:31:45Z,2026-09-23T07:32:15Z
345-20260923-001,vehicle-861,345,4908660303,28,2026-09-23T07:33:32Z,2026-09-23T07:34:02Z
345-20260923-001,vehicle-861,345,4908660301,29,2026-09-23T07:34:36Z,2026-09-23T07:35:06Z
345-20260923-001,vehicle-861,345,4908660307,30,2026-09-23T07:35:40Z,2026-09-23T07:36:10Z
345-20260923-002,vehicle-862,345,5041552958,1,2026-09-23T06:53:00Z,2026-09-23T06:53:30Z
345-20260923-002,vehicle-862,345,1253685272,2,2026-09-23T06:54:57Z,2026-09-23T06:55:27Z
345-20260923-002,vehicle-862,345,1253685152,3,2026-09-23T06:56:04Z,2026-09-23T06:56:34Z
345-20260923-002,vehicle-862,345,1253685235,4,2026-09-23T06:57:02Z,2026-09-23T06:57:32Z
345-20260923-002,vehicle-862,345,1253685318,5,2026-09-23T06:58:18Z,2026-09-23T06:58:48Z
345-20260923-002,vehicle-862,345,1390556618,6,2026-09-23T07:01:18Z,2026-09-23T07:01:48Z
345-20260923-002,vehicle-862,345,1390556593,7,2026-09-23T07:02:27Z,2026-09-23T07:02:57Z
345-20260923-002,vehicle-862,345,1390556638,8,2026-09-23T07:03:29Z,2026-09-23T07:03:59Z
345-20260923-002,vehicle-862,345,1390556610,9,2026-09-23T07:05:13Z,2026-09-23T07:05:43Z
345-20260923-002,vehicle-862,345,1390556621,10,2026-09-23T07:06:27Z,2026-09-23T07:06:57Z
345-20260923-002,vehicle-862,345,1390556644,11,2026-09-23T07:07:28Z,2026-09-23T07:07:58Z
345-20260923-002,vehicle-862,345,1390556603,12,2026-09-23T07:08:59Z,2026-09-23T07:09:29Z
345-20260923-002,vehicle-862,345,1390556645,13,2026-09-23T07:10:03Z,2026-09-23T07:10:33Z
345-20260923-002,vehicle-862,345,1390556641,14,2026-09-23T07:11:00Z,2026-09-23T07:11:30Z
345-20260923-002,vehicle-862,345,1390556626,15,2026-09-23T07:12:09Z,2026-09-23T07:12:39Z
345-20260923-002,vehicle-862,345,1390556624,16,2026-09-23T07:13:21Z,2026-09-23T07:13:51Z
345-20260923-002,vehicle-862,345,1390556634,17,2026-09-23T07:14:23Z,2026-09-23T07:14:53Z
345-20260923-002,vehicle-862,345,1468518753,18,2026-09-23T07:15:44Z,2026-09-23T07:16:14Z
345-20260923-002,vehicle-862,345,1953905311,19,2026-09-23T07:16:46Z,2026-09-23T07:17:16Z
345-20260923-002,vehicle-862,345,1390556611,20,2026-09-23T07:18:19Z,2026-09-23T07:18:49Z
345-20260923-002,vehicle-862,345,1390556630,21,2026-09-23T07:19:48Z,2026-09-23T07:20:18Z
345-20260923-002,vehicle-862,345,4730949125,22,2026-09-23T07:20:45Z,2026-09-23T07:21:15Z
345-20260923-002,vehicle-862,345,1390556636,23,2026-09-23T07:22:13Z,2026-09-23T07:22:43Z
345-20260923-002,vehicle-862,345,1390556596,24,2026-09-23T07:23:50Z,2026-09-23T07:24:20Z
345-20260923-002,vehicle-862,345,1390556629,25,2026-09-23T07:25:22Z,2026-09-23T07:25:52Z
345-20260923-002,vehicle-862,345,9455183925,26,2026-09-23T07:26:49Z,2026-09-23T07:27:19Z
345-20260923-002,vehicle-862,345,4730767845,27,2026-09-23T07:28:15Z,2026-09-23T07:28:45Z
345-20260923-002,vehicle-862,345,4908660303,28,2026-09-23T07:30:02Z,2026-09-23T07:30:32Z
345-20260923-002,vehicle-862,345,4908660301,29,2026-09-23T07:31:06Z,2026-09-23T07:31:36Z
345-20260923-002,vehicle-862,345,4908660307,30,2026-09-23T07:32:10Z,2026-09-23T07:32:40Z
345-20260923-003,vehicle-863,345,5041552958,1,2026-09-23T06:49:30Z,2026-09-23T06:50:00Z
345-20260923-003,vehicle-863,345,1253685272,2,2026-09-23T06:51:27Z,2026-09-23T06:51:57Z
345-20260923-003,vehicle-863,345,1253685152,3,2026-09-23T06:52:34Z,2026-09-23T06:53:04Z
345-20260923-003,vehicle-863,345,1253685235,4,2026-09-23T06:53:32Z,2026-09-23T06:54:02Z
345-20260923-003,vehicle-863,345,1253685318,5,2026-09-23T06:54:48Z,2026-09-23T06:55:18Z
345-20260923-003,vehicle-863,345,1390556618,6,2026-09-23T06:57:48Z,2026-09-23T06:58:18Z
345-20260923-003,vehicle-863,345,1390556593,7,2026-09-23T06:58:57Z,2026-09-23T06:59:27Z
345-20260923-003,vehicle-863,345,1390556638,8,2026-09-23T06:59:59Z,2026-09-23T07:00:29Z
345-20260923-003,vehicle-863,345,1390556610,9,2026-09-23T07:01:43Z,2026-09-23T07:02:13Z
345-20260923-003,vehicle-863,345,1390556621,10,2026-09-23T07:02:57Z,2026-09-23T07:03:27Z
345-20260923-003,vehicle-863,345,1390556644,11,2026-09-23T07:03:58Z,2026-09-23T07:04:28Z
345-20260923-003,vehicle-863,345,1390556603,12,2026-09-23T07:05:29Z,2026-09-23T07:05:59Z
345-20260923-003,vehicle-863,345,1390556645,13,2026-09-23T07:06:33Z,2026-09-23T07:07:03Z
345-20260923-003,vehicle-863,345,1390556641,14,2026-09-23T07:07:30Z,2026-09-23T07:08:00Z
345-20260923-003,vehicle-863,345,1390556626,15,2026-09-23T07:08:39Z,2026-09-23T07:09:09Z
345-20260923-003,vehicle-863,345,1390556624,16,2026-09-23T07:09:51Z,2026-09-23T07:10:21Z
345-20260923-003,vehicle-863,345,1390556634,17,2026-09-23T07:10:53Z,2026-09-23T07:11:23Z
345-20260923-003,vehicle-863,345,1468518753,18,2026-09-23T07:12:14Z,2026-09-23T07:12:44Z
345-20260923-003,vehicle-863,345,1953905311,19,2026-09-23T07:13:16Z,2026-09-23T07:13:46Z
345-20260923-003,vehicle-863,345,1390556611,20,2026-09-23T07:14:49Z,2026-09-23T07:15:19Z
345-20260923-003,vehicle-863,345,1390556630,21,2026-09-23T07:16:18Z,2026-09-23T07:16:48Z
345-20260923-003,vehicle-863,345,4730949125,22,2026-09-23T07:17:15Z,2026-09-23T07:17:45Z
345-20260923-003,vehicle-863,345,1390556636,23,2026-09-23T07:18:43Z,2026-09-23T07:19:13Z
345-20260923-003,vehicle-863,345,1390556596,24,2026-09-23T07:20:20Z,2026-09-23T07:20:50Z
345-20260923-003,vehicle-863,345,1390556629,25,2026-09-23T07:21:52Z,2026-09-23T07:22:22Z
345-20260923-003,vehicle-863,345,9455183925,26,2026-09-23T07:23:19Z,2026-09-23T07:23:49Z
345-20260923-003,vehicle-863,345,4730767845,27,2026-09-23T07:24:45Z,2026-09-23T07:25:15Z
345-20260923-003,vehicle-863,345,4908660303,28,2026-09-23T07:26:32Z,2026-09-23T07:27:02Z
345-20260923-003,vehicle-863,345,4908660301,29,2026-09-23T07:27:36Z,2026-09-23T07:28:06Z
345-20260923-003,vehicle-863,345,4908660307,30,2026-09-23T07:28:40Z,2026-09-23T07:29:10Z
345-20260923-004,vehicle-864,345,5041552958,1,2026-09-23T06:46:00Z,2026-09-23T06:46:30Z
345-20260923-004,vehicle-864,345,1253685272,2,2026-09-23T06:47:57Z,2026-09-23T06:48:27Z
345-20260923-004,vehicle-864,345,1253685152,3,2026-09-23T06:49:04Z,2026-09-23T06:49:34Z
345-20260923-004,vehicle-864,345,1253685235,4,2026-09-23T06:50:02Z,2026-09-23T06:50:32Z
345-20260923-004,vehicle-864,345,1253685318,5,2026-09-23T06:51:18Z,2026-09-23T06:51:48Z
345-20260923-004,vehicle-864,345,1390556618,6,2026-09-23T06:54:18Z,2026-09-23T06:54:48Z
345-20260923-004,vehicle-864,345,1390556593,7,2026-09-23T06:55:27Z,2026-09-23T06:55:57Z
345-20260923-004,vehicle-864,345,1390556638,8,2026-09-23T06:56:29Z,2026-09-23T06:56:59Z
345-20260923-004,vehicle-864,345,1390556610,9,2026-09-23T06:58:13Z,2026-09-23T06:58:43Z
345-20260923-004,vehicle-864,345,1390556621,10,2026-09-23T06:59:27Z,2026-09-23T06:59:57Z
345-20260923-004,vehicle-864,345,1390556644,11,2026-09-23T07:00:28Z,2026-09-23T07:00:58Z
345-20260923-004,vehicle-864,345,1390556603,12,2026-09-23T07:01:59Z,2026-09-23T07:02:29Z
345-20260923-004,vehicle-864,345,1390556645,13,2026-09-23T07:03:03Z,2026-09-23T07:03:33Z
345-20260923-004,vehicle-864,345,1390556641,14,2026-09-23T07:04:00Z,2026-09-23T07:04:30Z
345-20260923-004,vehicle-864,345,1390556626,15,2026-09-23T07:05:09Z,2026-09-23T07:05:39Z
345-20260923-004,vehicle-864,345,1390556624,16,2026-09-23T07:06:21Z,2026-09-23T07:06:51Z
345-20260923-004,vehicle-864,345,1390556634,17,2026-09-23T07:07:23Z,2026-09-23T07:07:53Z
345-20260923-004,vehicle-864,345,1468518753,18,2026-09-23T07:08:44Z,2026-09-23T07:09:14Z
345-20260923-004,vehicle-864,345,1953905311,19,2026-09-23T07:09:46Z,2026-09-23T07:10:16Z
345-20260923-004,vehicle-864,345,1390556611,20,2026-09-23T07:11:19Z,2026-09-23T07:11:49Z
345-20260923-004,vehicle-864,345,1390556630,21,2026-09-23T07:12:48Z,2026-09-23T07:13:18Z
345-20260923-004,vehicle-864,345,4730949125,22,2026-09-23T07:13:45Z,2026-09-23T07:14:15Z
345-20260923-004,vehicle-864,345,1390556636,23,2026-09-23T07:15:13Z,2026-09-23T07:15:43Z
345-20260923-004,vehicle-864,345,1390556596,24,2026-09-23T07:16:50Z,2026-09-23T07:17:20Z
345-20260923-004,vehicle-864,345,1390556629,25,2026-09-23T07:18:22Z,2026-09-23T07:18:52Z
345-20260923-004,vehicle-864,345,9455183925,26,2026-09-23T07:19:49Z,2026-09-23T07:20:19Z
345-20260923-004,vehicle-864,345,4730767845,27,2026-09-23T07:21:15Z,2026-09-23T07:21:45Z
345-20260923-004,vehicle-864,345,4908660303,28,2026-09-23T07:23:02Z,2026-09-23T07:23:32Z
345-20260923-004,vehicle-864,345,4908660301,29,2026-09-23T07:24:06Z,2026-09-23T07:24:36Z
345-20260923-004,vehicle-864,345,4908660307,30,2026-09-23T07:25:10Z,2026-09-23T07:25:40Z
345-20260923-005,vehicle-865,345,5041552958,1,2026-09-23T06:42:30Z,2026-09-23T06:43:00Z
345-20260923-005,vehicle-865,345,1253685272,2,2026-09-23T06:44:27Z,2026-09-23T06:44:57Z
345-20260923-005,vehicle-865,345,1253685152,3,2026-09-23T06:45:34Z,2026-09-23T06:46:04Z
345-20260923-005,vehicle-865,345,1253685235,4,2026-09-23T06:46:32Z,2026-09-23T06:47:02Z
345-20260923-005,vehicle-865,345,1253685318,5,2026-09-23T06:47:48Z,2026-09-23T06:48:18Z
345-20260923-005,vehicle-865,345,1390556618,6,2026-09-23T06:50:48Z,2026-09-23T06:51:18Z
345-20260923-005,vehicle-865,345,1390556593,7,2026-09-23T06:51:57Z,2026-09-23T06:52:27Z
345-20260923-005,vehicle-865,345,1390556638,8,2026-09-23T06:52:59Z,2026-09-23T06:53:29Z
345-20260923-005,vehicle-865,345,1390556610,9,2026-09-23T06:54:43Z,2026-09-23T06:55:13Z
345-20260923-005,vehicle-865,345,1390556621,10,2026-09-23T06:55:57Z,2026-09-23T06:56:27Z
345-20260923-005,vehicle-865,345,1390556644,11,2026-09-23T06:56:58Z,2026-09-23T06:57:28Z
345-20260923-005,vehicle-865,345,1390556603,12,2026-09-23T06:58:29Z,2026-09-23T06:58:59Z
345-20260923-005,vehicle-865,345,1390556645,13,2026-09-23T06:59:33Z,2026-09-23T07:00:03Z
345-20260923-005,vehicle-865,345,1390556641,14,2026-09-23T07:00:30Z,2026-09-23T07:01:00Z
345-20260923-005,vehicle-865,345,1390556626,15,2026-09-23T07:01:39Z,2026-09-23T07:02:09Z
345-20260923-005,vehicle-865,345,1390556624,16,2026-09-23T07:02:51Z,2026-09-23T07:03:21Z
345-20260923-005,vehicle-865,345,1390556634,17,2026-09-23T07:03:53Z,2026-09-23T07:04:23Z
345-20260923-005,vehicle-865,345,1468518753,18,2026-09-23T07:05:14Z,2026-09-23T07:05:44Z
345-20260923-005,vehicle-865,345,1953905311,19,2026-09-23T07:06:16Z,2026-09-23T07:06:46Z
345-20260923-005,vehicle-865,345,1390556611,20,2026-09-23T07:07:49Z,2026-09-23T07:08:19Z
345-20260923-005,vehicle-865,345,1390556630,21,2026-09-23T07:09:18Z,2026-09-23T07:09:48Z
345-20260923-005,vehicle-865,345,4730949125,22,2026-09-23T07:10:15Z,2026-09-23T07:10:45Z
345-20260923-005,vehicle-865,345,1390556636,23,2026-09-23T07:11:43Z,2026-09-23T07:12:13Z
345-20260923-005,vehicle-865,345,1390556596,24,2026-09-23T07:13:20Z,2026-09-23T07:13:50Z
345-20260923-005,vehicle-865,345,1390556629,25,2026-09-23T07:14:52Z,2026-09-23T07:15:22Z
345-20260923-005,vehicle-865,345,9455183925,26,2026-09-23T07:16:19Z,2026-09-23T07:16:49Z
345-20260923-005,vehicle-865,345,4730767845,27,2026-09-23T07:17:45Z,2026-09-23T07:18:15Z
345-20260923-005,vehicle-865,345,4908660303,28,2026-09-23T07:19:32Z,2026-09-23T07:20:02Z
345-20260923-005,vehicle-865,345,4908660301,29,2026-09-23T07:20:36Z,2026-09-23T07:21:06Z
345-20260923-005,vehicle-865,345,4908660307,30,2026-09-23T07:21:40Z,2026-09-23T07:22:10Z
345-20260923-006,vehicle-866,345,5041552958,1,2026-09-23T06:39:00Z,2026-09-23T06:39:30Z
345-20260923-006,vehicle-866,345,1253685272,2,2026-09-23T06:40:57Z,2026-09-23T06:41:27Z
345-20260923-006,vehicle-866,345,1253685152,3,2026-09-23T06:42:04Z,2026-09-23T06:42:34Z
345-20260923-006,vehicle-866,345,1253685235,4,2026-09-23T06:43:02Z,2026-09-23T06:43:32Z
345-20260923-006,vehicle-866,345,1253685318,5,2026-09-23T06:44:18Z,2026-09-23T06:44:48Z
345-20260923-006,vehicle-866,345,1390556618,6,2026-09-23T06:47:18Z,2026-09-23T06:47:48Z
345-20260923-006,vehicle-866,345,1390556593,7,2026-09-23T06:48:27Z,2026-09-23T06:48:57Z
345-20260923-006,vehicle-866,345,1390556638,8,2026-09-23T06:49:29Z,2026-09-23T06:49:59Z
345-20260923-006,vehicle-866,345,1390556610,9,2026-09-23T06:51:13Z,2026-09-23T06:51:43Z
345-20260923-006,vehicle-866,345,1390556621,10,2026-09-23T06:52:27Z,2026-09-23T06:52:57Z
345-20260923-006,vehicle-866,345,1390556644,11,2026-09-23T06:53:28Z,2026-09-23T06:53:58Z
345-20260923-006,vehicle-866,345,1390556603,12,2026-09-23T06:54:59Z,2026-09-23T06:55:29Z
345-20260923-006,vehicle-866,345,1390556645,13,2026-09-23T06:56:03Z,2026-09-23T06:56:33Z
345-20260923-006,vehicle-866,345,1390556641,14,2026-09-23T06:57:00Z,2026-09-23T06:57:30Z
345-20260923-006,vehicle-866,345,1390556626,15,2026-09-23T06:58:09Z,2026-09-23T06:58:39Z
345-20260923-006,vehicle-866,345,1390556624,16,2026-09-23T06:59:21Z,2026-09-23T06:59:51Z
345-20260923-006,vehicle-866,345,1390556634,17,2026-09-23T07:00:23Z,2026-09-23T07:00:53Z
345-20260923-006,vehicle-866,345,1468518753,18,2026-09-23T07:01:44Z,2026-09-23T07:02:14Z
345-20260923-006,vehicle-866,345,1953905311,19,2026-09-23T07:02:46Z,2026-09-23T07:03:16Z
345-20260923-006,vehicle-866,345,1390556611,20,2026-09-23T07:04:19Z,2026-09-23T07:04:49Z
345-20260923-006,vehicle-866,345,1390556630,21,2026-09-23T07:05:48Z,2026-09-23T07:06:18Z
345-20260923-006,vehicle-866,345,4730949125,22,2026-09-23T07:06:45Z,2026-09-23T07:07:15Z
345-20260923-006,vehicle-866,345,1390556636,23,2026-09-23T07:08:13Z,2026-09-23T07:08:43Z
345-20260923-006,vehicle-866,345,1390556596,24,2026-09-23T07:09:50Z,2026-09-23T07:10:20Z
345-20260923-006,vehicle-866,345,1390556629,25,2026-09-23T07:11:22Z,2026-09-23T07:11:52Z
345-20260923-006,vehicle-866,345,9455183925,26,2026-09-23T07:12:49Z,2026-09-23T07:13:19Z
345-20260923-006,vehicle-866,345,4730767845,27,2026-09-23T07:14:15Z,2026-09-23T07:14:45Z
345-20260923-006,vehicle-866,345,4908660303,28,2026-09-23T07:16:02Z,2026-09-23T07:16:32Z
345-20260923-006,vehicle-866,345,4908660301,29,2026-09-23T07:17:06Z,2026-09-23T07:17:36Z
345-20260923-006,vehicle-866,345,4908660307,30,2026-09-23T07:18:10Z,2026-09-23T07:18:40Z
345-20260923-007,vehicle-867,345,5041552958,1,2026-09-23T06:35:30Z,2026-09-23T06:36:00Z
345-20260923-007,vehicle-867,345,1253685272,2,2026-09-23T06:37:27Z,2026-09-23T06:37:57Z
345-20260923-007,vehicle-867,345,1253685152,3,2026-09-23T06:38:34Z,2026-09-23T06:39:04Z
345-20260923-007,vehicle-867,345,1253685235,4,2026-09-23T06:39:32Z,2026-09-23T06:40:02Z
345-20260923-007,vehicle-867,345,1253685318,5,2026-09-23T06:40:48Z,2026-09-23T06:41:18Z
345-20260923-007,vehicle-867,345,1390556618,6,2026-09-23T06:43:48Z,2026-09-23T06:44:18Z
345-20260923-007,vehicle-867,345,1390556593,7,2026-09-23T06:44:57Z,2026-09-23T06:45:27Z
345-20260923-007,vehicle-867,345,1390556638,8,2026-09-23T06:45:59Z,2026-09-23T06:46:29Z
345-20260923-007,vehicle-867,345,1390556610,9,2026-09-23T06:47:43Z,2026-09-23T06:48:13Z
345-20260923-007,vehicle-867,345,1390556621,10,2026-09-23T06:48:57Z,2026-09-23T06:49:27Z
345-20260923-007,vehicle-867,345,1390556644,11,2026-09-23T06:49:58Z,2026-09-23T06:50:28Z
345-20260923-007,vehicle-867,345,1390556603,12,2026-09-23T06:51:29Z,2026-09-23T06:51:59Z
345-20260923-007,vehicle-867,345,1390556645,13,2026-09-23T06:52:33Z,2026-09-23T06:53:03Z
345-20260923-007,vehicle-867,345,1390556641,14,2026-09-23T06:53:30Z,2026-09-23T06:54:00Z
345-20260923-007,vehicle-867,345,1390556626,15,2026-09-23T06:54:39Z,2026-09-23T06:55:09Z
345-20260923-007,vehicle-867,345,1390556624,16,2026-09-23T06:55:51Z,2026-09-23T06:56:21Z
345-20260923-007,vehicle-867,345,1390556634,17,2026-09-23T06:56:53Z,2026-09-23T06:57:23Z
345-20260923-007,vehicle-867,345,1468518753,18,2026-09-23T06:58:14Z,2026-09-23T06:58:44Z
345-20260923-007,vehicle-867,345,1953905311,19,2026-09-23T06:59:16Z,2026-09-23T06:59:46Z
345-20260923-007,vehicle-867,345,1390556611,20,2026-09-23T07:00:49Z,2026-09-23T07:01:19Z
345-20260923-007,vehicle-867,345,1390556630,21,2026-09-23T07:02:18Z,2026-09-23T07:02:48Z
345-20260923-007,vehicle-867,345,4730949125,22,2026-09-23T07:03:15Z,2026-09-23T07:03:45Z
345-20260923-007,vehicle-867,345,1390556636,23,2026-09-23T07:04:43Z,2026-09-23T07:05:13Z
345-20260923-007,vehicle-867,345,1390556596,24,2026-09-23T07:06:20Z,2026-09-23T07:06:50Z
345-20260923-007,vehicle-867,345,1390556629,25,2026-09-23T07:07:52Z,2026-09-23T07:08:22Z
345-20260923-007,vehicle-867,345,9455183925,26,2026-09-23T07:09:19Z,2026-09-23T07:09:49Z
345-20260923-007,vehicle-867,345,4730767845,27,2026-09-23T07:10:45Z,2026-09-23T07:11:15Z
345-20260923-007,vehicle-867,345,4908660303,28,2026-09-23T07:12:32Z,2026-09-23T07:13:02Z
345-20260923-007,vehicle-867,345,4908660301,29,2026-09-23T07:13:36Z,2026-09-23T07:14:06Z
345-20260923-007,vehicle-867,345,4908660307,30,2026-09-23T07:14:40Z,2026-09-23T07:15:10Z
т78-20260923-000,vehicle-870,т78,10580010171,1,2026-09-23T07:00:00Z,2026-09-23T07:00:30Z
т78-20260923-000,vehicle-870,т78,10744147338,2,2026-09-23T07:01:32Z,2026-09-23T07:02:02Z
т78-20260923-000,vehicle-870,т78,10744147337,3,2026-09-23T07:02:17Z,2026-09-23T07:02:47Z
т78-20260923-000,vehicle-870,т78,4516569159,4,2026-09-23T07:04:33Z,2026-09-23T07:05:03Z
т78-20260923-000,vehicle-870,т78,4516569157,5,2026-09-23T07:06:18Z,2026-09-23T07:06:48Z
т78-20260923-000,vehicle-870,т78,4515094024,6,2026-09-23T07:08:07Z,2026-09-23T07:08:37Z
т78-20260923-000,vehicle-870,т78,1229190135,7,2026-09-23T07:09:14Z,2026-09-23T07:09:44Z
т78-20260923-000,vehicle-870,т78,4515095893,8,2026-09-23T07:11:43Z,2026-09-23T07:12:13Z
т78-20260923-000,vehicle-870,т78,313214491,9,2026-09-23T07:13:45Z,2026-09-23T07:14:15Z
т78-20260923-000,vehicle-870,т78,10726772393,10,2026-09-23T07:14:57Z,2026-09-23T07:15:27Z
т78-20260923-000,vehicle-870,т78,4515095891,11,2026-09-23T07:16:15Z,2026-09-23T07:16:45Z
т78-20260923-000,vehicle-870,т78,4515095889,12,2026-09-23T07:17:17Z,2026-09-23T07:17:47Z
т78-20260923-000,vehicle-870,т78,4515095086,13,2026-09-23T07:18:31Z,2026-09-23T07:19:01Z
т78-20260923-000,vehicle-870,т78,1357880066,14,2026-09-23T07:20:00Z,2026-09-23T07:20:30Z
т78-20260923-000,vehicle-870,т78,322734307,15,2026-09-23T07:21:24Z,2026-09-23T07:21:54Z
т78-20260923-000,vehicle-870,т78,312840641,16,2026-09-23T07:22:37Z,2026-09-23T07:23:07Z
т78-20260923-000,vehicle-870,т78,312840652,17,2026-09-23T07:24:23Z,2026-09-23T07:24:53Z
т78-20260923-000,vehicle-870,т78,5512168818,18,2026-09-23T07:25:21Z,2026-09-23T07:25:51Z
т78-20260923-000,vehicle-870,т78,1464781062,19,2026-09-23T07:26:48Z,2026-09-23T07:27:18Z
т78-20260923-000,vehicle-870,т78,4515095077,20,2026-09-23T07:28:09Z,2026-09-23T07:28:39Z
т78-20260923-000,vehicle-870,т78,4515094037,21,2026-09-23T07:29:33Z,2026-09-23T07:30:03Z
т78-20260923-000,vehicle-870,т78,3726709735,22,2026-09-23T07:30:49Z,2026-09-23T07:31:19Z
т78-20260923-000,vehicle-870,т78,3846524704,23,2026-09-23T07:31:51Z,2026-09-23T07:32:21Z
т78-20260923-000,vehicle-870,т78,4515094035,24,2026-09-23T07:33:05Z,2026-09-23T07:33:35Z
т78-20260923-000,vehicle-870,т78,4518891496,25,2026-09-23T07:34:25Z,2026-09-23T07:34:55Z
т78-20260923-000,vehicle-870,т78,4518891494,26,2026-09-23T07:35:24Z,2026-09-23T07:35:54Z
т78-20260923-000,vehicle-870,т78,4501093744,27,2026-09-23T07:36:52Z,2026-09-23T07:37:22Z
т78-20260923-000,vehicle-870,т78,313023111,28,2026-09-23T07:39:02Z,2026-09-23T07:39:32Z
т78-20260923-000,vehicle-870,т78,9221235996,29,2026-09-23T07:40:47Z,2026-09-23T07:41:17Z
т78-20260923-000,vehicle-870,т78,10742541382,30,2026-09-23T07:42:12Z,2026-09-23T07:42:42Z
т78-20260923-000,vehicle-870,т78,4192456470,31,2026-09-23T07:43:24Z,2026-09-23T07:43:54Z
т78-20260923-000,vehicle-870,т78,4242625789,32,2026-09-23T07:44:38Z,2026-09-23T07:45:08Z
т78-20260923-000,vehicle-870,т78,10742541377,33,2026-09-23T07:46:33Z,2026-09-23T07:47:03Z
т78-20260923-000,vehicle-870,т78,10742541373,34,2026-09-23T07:48:28Z,2026-09-23T07:48:58Z
т78-20260923-000,vehicle-870,т78,10742541369,35,2026-09-23T07:50:08Z,2026-09-23T07:50:38Z
т78-20260923-000,vehicle-870,т78,10742541368,36,2026-09-23T07:50:59Z,2026-09-23T07:51:29Z
т78-20260923-000,vehicle-870,т78,8825443227,37,2026-09-23T07:52:48Z,2026-09-23T07:53:18Z
т78-20260923-000,vehicle-870,т78,10770758620,38,2026-09-23T07:54:57Z,2026-09-23T07:55:27Z
т78-20260923-000,vehicle-870,т78,10770758618,39,2026-09-23T07:56:04Z,2026-09-23T07:56:34Z
т78-20260923-000,vehicle-870,т78,1136163537,40,2026-09-23T07:57:56Z,2026-09-23T07:58:26Z
т78-20260923-000,vehicle-870,т78,10770758614,41,2026-09-23T07:59:08Z,2026-09-23T07:59:38Z
т78-20260923-000,vehicle-870,т78,5041554170,42,2026-09-23T08:00:19Z,2026-09-23T08:00:49Z
т78-20260923-001,vehicle-871,т78,10580010171,1,2026-09-23T06:56:30Z,2026-09-23T06:57:00Z
т78-20260923-001,vehicle-871,т78,10744147338,2,2026-09-23T06:58:02Z,2026-09-23T06:58:32Z
т78-20260923-001,vehicle-871,т78,10744147337,3,2026-09-23T06:58:47Z,2026-09-23T06:59:17Z
т78-20260923-001,vehicle-871,т78,4516569159,4,2026-09-23T07:01:03Z,2026-09-23T07:01:33Z
т78-20260923-001,vehicle-871,т78,4516569157,5,2026-09-23T07:02:48Z,2026-09-23T07:03:18Z
т78-20260923-001,vehicle-871,т78,4515094024,6,2026-09-23T07:04:37Z,2026-09-23T07:05:07Z
т78-20260923-001,vehicle-871,т78,1229190135,7,2026-09-23T07:05:44Z,2026-09-23T07:06:14Z
т78-20260923-001,vehicle-871,т78,4515095893,8,2026-09-23T07:08:13Z,2026-09-23T07:08:43Z
т78-20260923-001,vehicle-871,т78,313214491,9,2026-09-23T07:10:15Z,2026-09-23T07:10:45Z
т78-20260923-001,vehicle-871,т78,10726772393,10,2026-09-23T07:11:27Z,2026-09-23T07:11:57Z
т78-20260923-001,vehicle-871,т78,4515095891,11,2026-09-23T07:12:45Z,2026-09-23T07:13:15Z
т78-20260923-001,vehicle-871,т78,4515095889,12,2026-09-23T07:13:47Z,2026-09-23T07:14:17Z
т78-20260923-001,vehicle-871,т78,4515095086,13,2026-09-23T07:15:01Z,2026-09-23T07:15:31Z
т78-20260923-001,vehicle-871,т78,1357880066,14,2026-09-23T07:16:30Z,2026-09-23T07:17:00Z
т78-20260923-001,vehicle-871,т78,322734307,15,2026-09-23T07:17:54Z,2026-09-23T07:18:24Z
т78-20260923-001,vehicle-871,т78,312840641,16,2026-09-23T07:19:07Z,2026-09-23T07:19:37Z
т78-20260923-001,vehicle-871,т78,312840652,17,2026-09-23T07:20:53Z,2026-09-23T07:21:23Z
т78-20260923-001,vehicle-871,т78,5512168818,18,2026-09-23T07:21:51Z,2026-09-23T07:22:21Z
т78-20260923-001,vehicle-871,т78,1464781062,19,2026-09-23T07:23:18Z,2026-09-23T07:23:48Z
т78-20260923-001,vehicle-871,т78,4515095077,20,2026-09-23T07:24:39Z,2026-09-23T07:25:09Z
т78-20260923-001,vehicle-871,т78,4515094037,21,2026-09-23T07:26:03Z,2026-09-23T07:26:33Z
т78-20260923-001,vehicle-871,т78,3726709735,22,2026-09-23T07:27:19Z,2026-09-23T07:27:49Z
т78-20260923-001,vehicle-871,т78,3846524704,23,2026-09-23T07:28:21Z,2026-09-23T07:28:51Z
т78-20260923-001,vehicle-871,т78,4515094035,24,2026-09-23T07:29:35Z,2026-09-23T07:30:05Z
т78-20260923-001,vehicle-871,т78,4518891496,25,2026-09-23T07:30:55Z,2026-09-23T07:31:25Z
т78-20260923-001,vehicle-871,т78,4518891494,26,2026-09-23T07:31:54Z,2026-09-23T07:32:24Z
т78-20260923-001,vehicle-871,т78,4501093744,27,2026-09-23T07:33:22Z,2026-09-23T07:33:52Z
т78-20260923-001,vehicle-871,т78,313023111,28,2026-09-23T07:35:32Z,2026-09-23T07:36:02Z
т78-20260923-001,vehicle-871,т78,9221235996,29,2026-09-23T07:37:17Z,2026-09-23T07:37:47Z
т78-20260923-001,vehicle-871,т78,10742541382,30,2026-09-23T07:38:42Z,2026-09-23T07:39:12Z
т78-20260923-001,vehicle-871,т78,4192456470,31,2026-09-23T07:39:54Z,2026-09-23T07:40:24Z
т78-20260923-001,vehicle-871,т78,4242625789,32,2026-09-23T07:41:08Z,2026-09-23T07:41:38Z
т78-20260923-001,vehicle-871,т78,10742541377,33,2026-09-23T07:43:03Z,2026-09-23T07:43:33Z
т78-20260923-001,vehicle-871,т78,10742541373,34,2026-09-23T07:44:58Z,2026-09-23T07:45:28Z
т78-20260923-001,vehicle-871,т78,10742541369,35,2026-09-23T07:46:38Z,2026-09-23T07:47:08Z
т78-20260923-001,vehicle-871,т78,10742541368,36,2026-09-23T07:47:29Z,2026-09-23T07:47:59Z
т78-20260923-001,vehicle-871,т78,8825443227,37,2026-09-23T07:49:18Z,2026-09-23T07:49:48Z
т78-20260923-001,vehicle-871,т78,10770758620,38,2026-09-23T07:51:27Z,2026-09-23T07:51:57Z
т78-20260923-001,vehicle-871,т78,10770758618,39,2026-09-23T07:52:34Z,2026-09-23T07:53:04Z
т78-20260923-001,vehicle-871,т78,1136163537,40,2026-09-23T07:54:26Z,2026-09-23T07:54:56Z
т78-20260923-001,vehicle-871,т78,10770758614,41,2026-09-23T07:55:38Z,2026-09-23T07:56:08Z
т78-20260923-001,vehicle-871,т78,5041554170,42,2026-09-23T07:56:49Z,2026-09-23T07:57:19Z
т78-20260923-002,vehicle-872,т78,10580010171,1,2026-09-23T06:53:00Z,2026-09-23T06:53:30Z
т78-20260923-002,vehicle-872,т78,10744147338,2,2026-09-23T06:54:32Z,2026-09-23T06:55:02Z
т78-20260923-002,vehicle-872,т78,10744147337,3,2026-09-23T06:55:17Z,2026-09-23T06:55:47Z
т78-20260923-002,vehicle-872,т78,4516569159,4,2026-09-23T06:57:33Z,2026-09-23T06:58:03Z
т78-20260923-002,vehicle-872,т78,4516569157,5,2026-09-23T06:59:18Z,2026-09-23T06:59:48Z
т78-20260923-002,vehicle-872,т78,4515094024,6,2026-09-23T07:01:07Z,2026-09-23T07:01:37Z
т78-20260923-002,vehicle-872,т78,1229190135,7,2026-09-23T07:02:14Z,2026-09-23T07:02:44Z
т78-20260923-002,vehicle-872,т78,4515095893,8,2026-09-23T07:04:43Z,2026-09-23T07:05:13Z
т78-20260923-002,vehicle-872,т78,313214491,9,2026-09-23T07:06:45Z,2026-09-23T07:07:15Z
т78-20260923-002,vehicle-872,т78,10726772393,10,2026-09-23T07:07:57Z,2026-09-23T07:08:27Z
т78-20260923-002,vehicle-872,т78,4515095891,11,2026-09-23T07:09:15Z,2026-09-23T07:09:45Z
т78-20260923-002,vehicle-872,т78,4515095889,12,2026-09-23T07:10:17Z,2026-09-23T07:10:47Z
т78-20260923-002,vehicle-872,т78,4515095086,13,2026-09-23T07:11:31Z,2026-09-23T07:12:01Z
т78-20260923-002,vehicle-872,т78,1357880066,14,2026-09-23T07:13:00Z,2026-09-23T07:13:30Z
т78-20260923-002,vehicle-872,т78,322734307,15,2026-09-23T07:14:24Z,2026-09-23T07:14:54Z
т78-20260923-002,vehicle-872,т78,312840641,16,2026-09-23T07:15:37Z,2026-09-23T07:16:07Z
т78-20260923-002,vehicle-872,т78,312840652,17,2026-09-23T07:17:23Z,2026-09-23T07:17:53Z
т78-20260923-002,vehicle-872,т78,5512168818,18,2026-09-23T07:18:21Z,2026-09-23T07:18:51Z
т78-20260923-002,vehicle-872,т78,1464781062,19,2026-09-23T07:19:48Z,2026-09-23T07:20:18Z
т78-20260923-002,vehicle-872,т78,4515095077,20,2026-09-23T07:21:09Z,2026-09-23T07:21:39Z
т78-20260923-002,vehicle-872,т78,4515094037,21,2026-09-23T07:22:33Z,2026-09-23T07:23:03Z
т78-20260923-002,vehicle-872,т78,3726709735,22,2026-09-23T07:23:49Z,2026-09-23T07:24:19Z
т78-20260923-002,vehicle-872,т78,3846524704,23,2026-09-23T07:24:51Z,2026-09-23T07:25:21Z
т78-20260923-002,vehicle-872,т78,4515094035,24,2026-09-23T07:26:05Z,2026-09-23T07:26:35Z
т78-20260923-002,vehicle-872,т78,4518891496,25,2026-09-23T07:27:25Z,2026-09-23T07:27:55Z
т78-20260923-002,vehicle-872,т78,4518891494,26,2026-09-23T07:28:24Z,2026-09-23T07:28:54Z
т78-20260923-002,vehicle-872,т78,4501093744,27,2026-09-23T07:29:52Z,2026-09-23T07:30:22Z
т78-20260923-002,vehicle-872,т78,313023111,28,2026-09-23T07:32:02Z,2026-09-23T07:32:32Z
т78-20260923-002,vehicle-872,т78,9221235996,29,2026-09-23T07:33:47Z,2026-09-23T07:34:17Z
т78-20260923-002,vehicle-872,т78,10742541382,30,2026-09-23T07:35:12Z,2026-09-23T07:35:42Z
т78-20260923-002,vehicle-872,т78,4192456470,31,2026-09-23T07:36:24Z,2026-09-23T07:36:54Z
т78-20260923-002,vehicle-872,т78,4242625789,32,2026-09-23T07:37:38Z,2026-09-23T07:38:08Z
т78-20260923-002,vehicle-872,т78,10742541377,33,2026-09-23T07:39:33Z,2026-09-23T07:40:03Z
т78-20260923-002,vehicle-872,т78,10742541373,34,2026-09-23T07:41:28Z,2026-09-23T07:41:58Z
т78-20260923-002,vehicle-872,т78,10742541369,35,2026-09-23T07:43:08Z,2026-09-23T07:43:38Z
т78-20260923-002,vehicle-872,т78,10742541368,36,2026-09-23T07:43:59Z,2026-09-23T07:44:29Z
т78-20260923-002,vehicle-872,т78,8825443227,37,2026-09-23T07:45:48Z,2026-09-23T07:46:18Z
т78-20260923-002,vehicle-872,т78,10770758620,38,2026-09-23T07:47:57Z,2026-09-23T07:48:27Z
т78-20260923-002,vehicle-872,т78,10770758618,39,2026-09-23T07:49:04Z,2026-09-23T07:49:34Z
т78-20260923-002,vehicle-872,т78,1136163537,40,2026-09-23T07:50:56Z,2026-09-23T07:51:26Z
т78-20260923-002,vehicle-872,т78,10770758614,41,2026-09-23T07:52:08Z,2026-09-23T07:52:38Z
т78-20260923-002,vehicle-872,т78,5041554170,42,2026-09-23T07:53:19Z,2026-09-23T07:53:49Z
т78-20260923-003,vehicle-873,т78,10580010171,1,2026-09-23T06:49:30Z,2026-09-23T06:50:00Z
т78-20260923-003,vehicle-873,т78,10744147338,2,2026-09-23T06:51:02Z,2026-09-23T06:51:32Z
т78-20260923-003,vehicle-873,т78,10744147337,3,2026-09-23T06:51:47Z,2026-09-23T06:52:17Z
т78-20260923-003,vehicle-873,т78,4516569159,4,2026-09-23T06:54:03Z,2026-09-23T06:54:33Z
т78-20260923-003,vehicle-873,т78,4516569157,5,2026-09-23T06:55:48Z,2026-09-23T06:56:18Z
т78-20260923-003,vehicle-873,т78,4515094024,6,2026-09-23T06:57:37Z,2026-09-23T06:58:07Z
т78-20260923-003,vehicle-873,т78,1229190135,7,2026-09-23T06:58:44Z,2026-09-23T06:59:14Z
т78-20260923-003,vehicle-873,т78,4515095893,8,2026-09-23T07:01:13Z,2026-09-23T07:01:43Z
т78-20260923-003,vehicle-873,т78,313214491,9,2026-09-23T07:03:15Z,2026-09-23T07:03:45Z
т78-20260923-003,vehicle-873,т78,10726772393,10,2026-09-23T07:04:27Z,2026-09-23T07:04:57Z
т78-20260923-003,vehicle-873,т78,4515095891,11,2026-09-23T07:05:45Z,2026-09-23T07:06:15Z
т78-20260923-003,vehicle-873,т78,4515095889,12,2026-09-23T07:06:47Z,2026-09-23T07:07:17Z
т78-20260923-003,vehicle-873,т78,4515095086,13,2026-09-23T07:08:01Z,2026-09-23T07:08:31Z
т78-20260923-003,vehicle-873,т78,1357880066,14,2026-09-23T07:09:30Z,2026-09-23T07:10:00Z
т78-20260923-003,vehicle-873,т78,322734307,15,2026-09-23T07:10:54Z,2026-09-23T07:11:24Z
т78-20260923-003,vehicle-873,т78,312840641,16,2026-09-23T07:12:07Z,2026-09-23T07:12:37Z
т78-20260923-003,vehicle-873,т78,312840652,17,2026-09-23T07:13:53Z,2026-09-23T07:14:23Z
т78-20260923-003,vehicle-873,т78,5512168818,18,2026-09-23T07:14:51Z,2026-09-23T07:15:21Z
т78-20260923-003,vehicle-873,т78,1464781062,19,2026-09-23T07:16:18Z,2026-09-23T07:16:48Z
т78-20260923-003,vehicle-873,т78,4515095077,20,2026-09-23T07:17:39Z,2026-09-23T07:18:09Z
т78-20260923-003,vehicle-873,т78,4515094037,21,2026-09-23T07:19:03Z,2026-09-23T07:19:33Z
т78-20260923-003,vehicle-873,т78,3726709735,22,2026-09-23T07:20:19Z,2026-09-23T07:20:49Z
т78-20260923-003,vehicle-873,т78,3846524704,23,2026-09-23T07:21:21Z,2026-09-23T07:21:51Z
т78-20260923-003,vehicle-873,т78,4515094035,24,2026-09-23T07:22:35Z,2026-09-23T07:23:05Z
т78-20260923-003,vehicle-873,т78,4518891496,25,2026-09-23T07:23:55Z,2026-09-23T07:24:25Z
т78-20260923-003,vehicle-873,т78,4518891494,26,2026-09-23T07:24:54Z,2026-09-23T07:25:24Z
т78-20260923-003,vehicle-873,т78,4501093744,27,2026-09-23T07:26:22Z,2026-09-23T07:26:52Z
т78-20260923-003,vehicle-873,т78,313023111,28,2026-09-23T07:28:32Z,2026-09-23T07:29:02Z
т78-20260923-003,vehicle-873,т78,9221235996,29,2026-09-23T07:30:17Z,2026-09-23T07:30:47Z
т78-20260923-003,vehicle-873,т78,10742541382,30,2026-09-23T07:31:42Z,2026-09-23T07:32:12Z
т78-20260923-003,vehicle-873,т78,4192456470,31,2026-09-23T07:32:54Z,2026-09-23T07:33:24Z
т78-20260923-003,vehicle-873,т78,4242625789,32,2026-09-23T07:34:08Z,2026-09-23T07:34:38Z
т78-20260923-003,vehicle-873,т78,10742541377,33,2026-09-23T07:36:03Z,2026-09-23T07:36:33Z
т78-20260923-003,vehicle-873,т78,10742541373,34,2026-09-23T07:37:58Z,2026-09-23T07:38:28Z
т78-20260923-003,vehicle-873,т78,10742541369,35,2026-09-23T07:39:38Z,2026-09-23T07:40:08Z
т78-20260923-003,vehicle-873,т78,10742541368,36,2026-09-23T07:40:29Z,2026-09-23T07:40:59Z
т78-20260923-003,vehicle-873,т78,8825443227,37,2026-09-23T07:42:18Z,2026-09-23T07:42:48Z
т78-20260923-003,vehicle-873,т78,10770758620,38,2026-09-23T07:44:27Z,2026-09-23T07:44:57Z
т78-20260923-003,vehicle-873,т78,10770758618,39,2026-09-23T07:45:34Z,2026-09-23T07:46:04Z
т78-20260923-003,vehicle-873,т78,1136163537,40,2026-09-23T07:47:26Z,2026-09-23T07:47:56Z
т78-20260923-003,vehicle-873,т78,10770758614,41,2026-09-23T07:48:38Z,2026-09-23T07:49:08Z
т78-20260923-003,vehicle-873,т78,5041554170,42,2026-09-23T07:49:49Z,2026-09-23T07:50:19Z
т78-20260923-004,vehicle-874,т78,10580010171,1,2026-09-23T06:46:00Z,2026-09-23T06:46:30Z
т78-20260923-004,vehicle-874,т78,10744147338,2,2026-09-23T06:47:32Z,2026-09-23T06:48:02Z
т78-20260923-004,vehicle-874,т78,10744147337,3,2026-09-23T06:48:17Z,2026-09-23T06:48:47Z
т78-20260923-004,vehicle-874,т78,4516569159,4,2026-09-23T06:50:33Z,2026-09-23T06:51:03Z
т78-20260923-004,vehicle-874,т78,4516569157,5,2026-09-23T06:52:18Z,2026-09-23T06:52:48Z
т78-20260923-004,vehicle-874,т78,4515094024,6,2026-09-23T06:54:07Z,2026-09-23T06:54:37Z
т78-20260923-004,vehicle-874,т78,1229190135,7,2026-09-23T06:55:14Z,2026-09-23T06:55:44Z
т78-20260923-004,vehicle-874,т78,4515095893,8,2026-09-23T06:57:43Z,2026-09-23T06:58:13Z
т78-20260923-004,vehicle-874,т78,313214491,9,2026-09-23T06:59:45Z,2026-09-23T07:00:15Z
т78-20260923-004,vehicle-874,т78,10726772393,10,2026-09-23T07:00:57Z,2026-09-23T07:01:27Z
т78-20260923-004,vehicle-874,т78,4515095891,11,2026-09-23T07:02:15Z,2026-09-23T07:02:45Z
т78-20260923-004,vehicle-874,т78,4515095889,12,2026-09-23T07:03:17Z,2026-09-23T07:03:47Z
т78-20260923-004,vehicle-874,т78,4515095086,13,2026-09-23T07:04:31Z,2026-09-23T07:05:01Z
т78-20260923-004,vehicle-874,т78,1357880066,14,2026-09-23T07:06:00Z,2026-09-23T07:06:30Z
т78-20260923-004,vehicle-874,т78,322734307,15,2026-09-23T07:07:24Z,2026-09-23T07:07:54Z
т78-20260923-004,vehicle-874,т78,312840641,16,2026-09-23T07:08:37Z,2026-09-23T07:09:07Z
т78-20260923-004,vehicle-874,т78,312840652,17,2026-09-23T07:10:23Z,2026-09-23T07:10:53Z
т78-20260923-004,vehicle-874,т78,5512168818,18,2026-09-23T07:11:21Z,2026-09-23T07:11:51Z
т78-20260923-004,vehicle-874,т78,1464781062,19,2026-09-23T07:12:48Z,2026-09-23T07:13:18Z
т78-20260923-004,vehicle-874,т78,4515095077,20,2026-09-23T07:14:09Z,2026-09-23T07:14:39Z
т78-20260923-004,vehicle-874,т78,4515094037,21,2026-09-23T07:15:33Z,2026-09-23T07:16:03Z
т78-20260923-004,vehicle-874,т78,3726709735,22,2026-09-23T07:16:49Z,2026-09-23T07:17:19Z
т78-20260923-004,vehicle-874,т78,3846524704,23,2026-09-23T07:17:51Z,2026-09-23T07:18:21Z
т78-20260923-004,vehicle-874,т78,4515094035,24,2026-09-23T07:19:05Z,2026-09-23T07:19:35Z
т78-20260923-004,vehicle-874,т78,4518891496,25,2026-09-23T07:20:25Z,2026-09-23T07:20:55Z
т78-20260923-004,vehicle-874,т78,4518891494,26,2026-09-23T07:21:24Z,2026-09-23T07:21:54Z
т78-20260923-004,vehicle-874,т78,4501093744,27,2026-09-23T07:22:52Z,2026-09-23T07:23:22Z
т78-20260923-004,vehicle-874,т78,313023111,28,2026-09-23T07:25:02Z,2026-09-23T07:25:32Z
т78-20260923-004,vehicle-874,т78,9221235996,29,2026-09-23T07:26:47Z,2026-09-23T07:27:17Z
т78-20260923-004,vehicle-874,т78,10742541382,30,2026-09-23T07:28:12Z,2026-09-23T07:28:42Z
т78-20260923-004,vehicle-874,т78,4192456470,31,2026-09-23T07:29:24Z,2026-09-23T07:29:54Z
т78-20260923-004,vehicle-874,т78,4242625789,32,2026-09-23T07:30:38Z,2026-09-23T07:31:08Z
т78-20260923-004,vehicle-874,т78,10742541377,33,2026-09-23T07:32:33Z,2026-09-23T07:33:03Z
т78-20260923-004,vehicle-874,т78,10742541373,34,2026-09-23T07:34:28Z,2026-09-23T07:34:58Z
т78-20260923-004,vehicle-874,т78,10742541369,35,2026-09-23T07:36:08Z,2026-09-23T07:36:38Z
т78-20260923-004,vehicle-874,т78,10742541368,36,2026-09-23T07:36:59Z,2026-09-23T07:37:29Z
т78-20260923-004,vehicle-874,т78,8825443227,37,2026-09-23T07:38:48Z,2026-09-23T07:39:18Z
т78-20260923-004,vehicle-874,т78,10770758620,38,2026-09-23T07:40:57Z,2026-09-23T07:41:27Z
т78-20260923-004,vehicle-874,т78,10770758618,39,2026-09-23T07:42:04Z,2026-09-23T07:42:34Z
т78-20260923-004,vehicle-874,т78,1136163537,40,2026-09-23T07:43:56Z,2026-09-23T07:44:26Z
т78-20260923-004,vehicle-874,т78,10770758614,41,2026-09-23T07:45:08Z,2026-09-23T07:45:38Z
т78-20260923-004,vehicle-874,т78,5041554170,42,2026-09-23T07:46:19Z,2026-09-23T07:46:49Z
т78-20260923-005,vehicle-875,т78,10580010171,1,2026-09-23T06:42:30Z,2026-09-23T06:43:00Z
т78-20260923-005,vehicle-875,т78,10744147338,2,2026-09-23T06:44:02Z,2026-09-23T06:44:32Z
т78-20260923-005,vehicle-875,т78,10744147337,3,2026-09-23T06:44:47Z,2026-09-23T06:45:17Z
т78-20260923-005,vehicle-875,т78,4516569159,4,2026-09-23T06:47:03Z,2026-09-23T06:47:33Z
т78-20260923-005,vehicle-875,т78,4516569157,5,2026-09-23T06:48:48Z,2026-09-23T06:49:18Z
т78-20260923-005,vehicle-875,т78,4515094024,6,2026-09-23T06:50:37Z,2026-09-23T06:51:07Z
т78-20260923-005,vehicle-875,т78,1229190135,7,2026-09-23T06:51:44Z,2026-09-23T06:52:14Z
т78-20260923-005,vehicle-875,т78,4515095893,8,2026-09-23T06:54:13Z,2026-09-23T06:54:43Z
т78-20260923-005,vehicle-875,т78,313214491,9,2026-09-23T06:56:15Z,2026-09-23T06:56:45Z
т78-20260923-005,vehicle-875,т78,10726772393,10,2026-09-23T06:57:27Z,2026-09-23T06:57:57Z
т78-20260923-005,vehicle-875,т78,4515095891,11,2026-09-23T06:58:45Z,2026-09-23T06:59:15Z
т78-20260923-005,vehicle-875,т78,4515095889,12,2026-09-23T06:59:47Z,2026-09-23T07:00:17Z
т78-20260923-005,vehicle-875,т78,4515095086,13,2026-09-23T07:01:01Z,2026-09-23T07:01:31Z
т78-20260923-005,vehicle-875,т78,1357880066,14,2026-09-23T07:02:30Z,2026-09-23T07:03:00Z
т78-20260923-005,vehicle-875,т78,322734307,15,2026-09-23T07:03:54Z,2026-09-23T07:04:24Z
т78-20260923-005,vehicle-875,т78,312840641,16,2026-09-23T07:05:07Z,2026-09-23T07:05:37Z
т78-20260923-005,vehicle-875,т78,312840652,17,2026-09-23T07:06:53Z,2026-09-23T07:07:23Z
т78-20260923-005,vehicle-875,т78,5512168818,18,2026-09-23T07:07:51Z,2026-09-23T07:08:21Z
т78-20260923-005,vehicle-875,т78,1464781062,19,2026-09-23T07:09:18Z,2026-09-23T07:09:48Z
т78-20260923-005,vehicle-875,т78,4515095077,20,2026-09-23T07:10:39Z,2026-09-23T07:11:09Z
т78-20260923-005,vehicle-875,т78,4515094037,21,2026-09-23T07:12:03Z,2026-09-23T07:12:33Z
т78-20260923-005,vehicle-875,т78,3726709735,22,2026-09-23T07:13:19Z,2026-09-23T07:13:49Z
т78-20260923-005,vehicle-875,т78,3846524704,23,2026-09-23T07:14:21Z,2026-09-23T07:14:51Z
т78-20260923-005,vehicle-875,т78,4515094035,24,2026-09-23T07:15:35Z,2026-09-23T07:16:05Z
т78-20260923-005,vehicle-875,т78,4518891496,25,2026-09-23T07:16:55Z,2026-09-23T07:17:25Z
т78-20260923-005,vehicle-875,т78,4518891494,26,2026-09-23T07:17:54Z,2026-09-23T07:18:24Z
т78-20260923-005,vehicle-875,т78,4501093744,27,2026-09-23T07:19:22Z,2026-09-23T07:19:52Z
т78-20260923-005,vehicle-875,т78,313023111,28,2026-09-23T07:21:32Z,2026-09-23T07:22:02Z
т78-20260923-005,vehicle-875,т78,9221235996,29,2026-09-23T07:23:17Z,2026-09-23T07:23:47Z
т78-20260923-005,vehicle-875,т78,10742541382,30,2026-09-23T07:24:42Z,2026-09-23T07:25:12Z
т78-20260923-005,vehicle-875,т78,4192456470,31,2026-09-23T07:25:54Z,2026-09-23T07:26:24Z
т78-20260923-005,vehicle-875,т78,4242625789,32,2026-09-23T07:27:08Z,2026-09-23T07:27:38Z
т78-20260923-005,vehicle-875,т78,10742541377,33,2026-09-23T07:29:03Z,2026-09-23T07:29:33Z
т78-20260923-005,vehicle-875,т78,10742541373,34,2026-09-23T07:30:58Z,2026-09-23T07:31:28Z
т78-20260923-005,vehicle-875,т78,10742541369,35,2026-09-23T07:32:38Z,2026-09-23T07:33:08Z
т78-20260923-005,vehicle-875,т78,10742541368,36,2026-09-23T07:33:29Z,2026-09-23T07:33:59Z
т78-20260923-005,vehicle-875,т78,8825443227,37,2026-09-23T07:35:18Z,2026-09-23T07:35:48Z
т78-20260923-005,vehicle-875,т78,10770758620,38,2026-09-23T07:37:27Z,2026-09-23T07:37:57Z
т78-20260923-005,vehicle-875,т78,10770758618,39,2026-09-23T07:38:34Z,2026-09-23T07:39:04Z
т78-20260923-005,vehicle-875,т78,1136163537,40,2026-09-23T07:40:26Z,2026-09-23T07:40:56Z
т78-20260923-005,vehicle-875,т78,10770758614,41,2026-09-23T07:41:38Z,2026-09-23T07:42:08Z
т78-20260923-005,vehicle-875,т78,5041554170,42,2026-09-23T07:42:49Z,2026-09-23T07:43:19Z
т78-20260923-006,vehicle-876,т78,10580010171,1,2026-09-23T06:39:00Z,2026-09-23T06:39:30Z
т78-20260923-006,vehicle-876,т78,10744147338,2,2026-09-23T06:40:32Z,2026-09-23T06:41:02Z
т78-20260923-006,vehicle-876,т78,10744147337,3,2026-09-23T06:41:17Z,2026-09-23T06:41:47Z
т78-20260923-006,vehicle-876,т78,4516569159,4,2026-09-23T06:43:33Z,2026-09-23T06:44:03Z
т78-20260923-006,vehicle-876,т78,4516569157,5,2026-09-23T06:45:18Z,2026-09-23T06:45:48Z
т78-20260923-006,vehicle-876,т78,4515094024,6,2026-09-23T06:47:07Z,2026-09-23T06:47:37Z
т78-20260923-006,vehicle-876,т78,1229190135,7,2026-09-23T06:48:14Z,2026-09-23T06:48:44Z
т78-20260923-006,vehicle-876,т78,4515095893,8,2026-09-23T06:50:43Z,2026-09-23T06:51:13Z
т78-20260923-006,vehicle-876,т78,313214491,9,2026-09-23T06:52:45Z,2026-09-23T06:53:15Z
т78-20260923-006,vehicle-876,т78,10726772393,10,2026-09-23T06:53:57Z,2026-09-23T06:54:27Z
т78-20260923-006,vehicle-876,т78,4515095891,11,2026-09-23T06:55:15Z,2026-09-23T06:55:45Z
т78-20260923-006,vehicle-876,т78,4515095889,12,2026-09-23T06:56:17Z,2026-09-23T06:56:47Z
т78-20260923-006,vehicle-876,т78,4515095086,13,2026-09-23T06:57:31Z,2026-09-23T06:58:01Z
т78-20260923-006,vehicle-876,т78,1357880066,14,2026-09-23T06:59:00Z,2026-09-23T06:59:30Z
т78-20260923-006,vehicle-876,т78,322734307,15,2026-09-23T07:00:24Z,2026-09-23T07:00:54Z
т78-20260923-006,vehicle-876,т78,312840641,16,2026-09-23T07:01:37Z,2026-09-23T07:02:07Z
т78-20260923-006,vehicle-876,т78,312840652,17,2026-09-23T07:03:23Z,2026-09-23T07:03:53Z
т78-20260923-006,vehicle-876,т78,5512168818,18,2026-09-23T07:04:21Z,2026-09-23T07:04:51Z
т78-20260923-006,vehicle-876,т78,1464781062,19,2026-09-23T07:05:48Z,2026-09-23T07:06:18Z
т78-20260923-006,vehicle-876,т78,4515095077,20,2026-09-23T07:07:09Z,2026-09-23T07:07:39Z
т78-20260923-006,vehicle-876,т78,4515094037,21,2026-09-23T07:08:33Z,2026-09-23T07:09:03Z
т78-20260923-006,vehicle-876,т78,3726709735,22,2026-09-23T07:09:49Z,2026-09-23T07:10:19Z
т78-20260923-006,vehicle-876,т78,3846524704,23,2026-09-23T07:10:51Z,2026-09-23T07:11:21Z
т78-20260923-006,vehicle-876,т78,4515094035,24,2026-09-23T07:12:05Z,2026-09-23T07:12:35Z
т78-20260923-006,vehicle-876,т78,4518891496,25,2026-09-23T07:13:25Z,2026-09-23T07:13:55Z
т78-20260923-006,vehicle-876,т78,4518891494,26,2026-09-23T07:14:24Z,2026-09-23T07:14:54Z
т78-20260923-006,vehicle-876,т78,4501093744,27,2026-09-23T07:15:52Z,2026-09-23T07:16:22Z
т78-20260923-006,vehicle-876,т78,313023111,28,2026-09-23T07:18:02Z,2026-09-23T07:18:32Z
т78-20260923-006,vehicle-876,т78,9221235996,29,2026-09-23T07:19:47Z,2026-09-23T07:20:17Z
т78-20260923-006,vehicle-876,т78,10742541382,30,2026-09-23T07:21:12Z,2026-09-23T07:21:42Z
т78-20260923-006,vehicle-876,т78,4192456470,31,2026-09-23T07:22:24Z,2026-09-23T07:22:54Z
т78-20260923-006,vehicle-876,т78,4242625789,32,2026-09-23T07:23:38Z,2026-09-23T07:24:08Z
т78-20260923-006,vehicle-876,т78,10742541377,33,2026-09-23T07:25:33Z,2026-09-23T07:26:03Z
т78-20260923-006,vehicle-876,т78,10742541373,34,2026-09-23T07:27:28Z,2026-09-23T07:27:58Z
т78-20260923-006,vehicle-876,т78,10742541369,35,2026-09-23T07:29:08Z,2026-09-23T07:29:38Z
т78-20260923-006,vehicle-876,т78,10742541368,36,2026-09-23T07:29:59Z,2026-09-23T07:30:29Z
т78-20260923-006,vehicle-876,т78,8825443227,37,2026-09-23T07:31:48Z,2026-09-23T07:32:18Z
т78-20260923-006,vehicle-876,т78,10770758620,38,2026-09-23T07:33:57Z,2026-09-23T07:34:27Z
т78-20260923-006,vehicle-876,т78,10770758618,39,2026-09-23T07:35:04Z,2026-09-23T07:35:34Z
т78-20260923-006,vehicle-876,т78,1136163537,40,2026-09-23T07:36:56Z,2026-09-23T07:37:26Z
т78-20260923-006,vehicle-876,т78,10770758614,41,2026-09-23T07:38:08Z,2026-09-23T07:38:38Z
т78-20260923-006,vehicle-876,т78,5041554170,42,2026-09-23T07:39:19Z,2026-09-23T07:39:49Z
т78-20260923-007,vehicle-877,т78,10580010171,1,2026-09-23T06:35:30Z,2026-09-23T06:36:00Z
т78-20260923-007,vehicle-877,т78,10744147338,2,2026-09-23T06:37:02Z,2026-09-23T06:37:32Z
т78-20260923-007,vehicle-877,т78,10744147337,3,2026-09-23T06:37:47Z,2026-09-23T06:38:17Z
т78-20260923-007,vehicle-877,т78,4516569159,4,2026-09-23T06:40:03Z,2026-09-23T06:40:33Z
т78-20260923-007,vehicle-877,т78,4516569157,5,2026-09-23T06:41:48Z,2026-09-23T06:42:18Z
т78-20260923-007,vehicle-877,т78,4515094024,6,2026-09-23T06:43:37Z,2026-09-23T06:44:07Z
т78-20260923-007,vehicle-877,т78,1229190135,7,2026-09-23T06:44:44Z,2026-09-23T06:45:14Z
т78-20260923-007,vehicle-877,т78,4515095893,8,2026-09-23T06:47:13Z,2026-09-23T06:47:43Z
т78-20260923-007,vehicle-877,т78,313214491,9,2026-09-23T06:49:15Z,2026-09-23T06:49:45Z
т78-20260923-007,vehicle-877,т78,10726772393,10,2026-09-23T06:50:27Z,2026-09-23T06:50:57Z
т78-20260923-007,vehicle-877,т78,4515095891,11,2026-09-23T06:51:45Z,2026-09-23T06:52:15Z
т78-20260923-007,vehicle-877,т78,4515095889,12,2026-09-23T06:52:47Z,2026-09-23T06:53:17Z
т78-20260923-007,vehicle-877,т78,4515095086,13,2026-09-23T06:54:01Z,2026-09-23T06:54:31Z
т78-20260923-007,vehicle-877,т78,1357880066,14,2026-09-23T06:55:30Z,2026-09-23T06:56:00Z
т78-20260923-007,vehicle-877,т78,322734307,15,2026-09-23T06:56:54Z,2026-09-23T06:57:24Z
т78-20260923-007,vehicle-877,т78,312840641,16,2026-09-23T06:58:07Z,2026-09-23T06:58:37Z
т78-20260923-007,vehicle-877,т78,312840652,17,2026-09-23T06:59:53Z,2026-09-23T07:00:23Z
т78-20260923-007,vehicle-877,т78,5512168818,18,2026-09-23T07:00:51Z,2026-09-23T07:01:21Z
т78-20260923-007,vehicle-877,т78,1464781062,19,2026-09-23T07:02:18Z,2026-09-23T07:02:48Z
т78-20260923-007,vehicle-877,т78,4515095077,20,2026-09-23T07:03:39Z,2026-09-23T07:04:09Z
т78-20260923-007,vehicle-877,т78,4515094037,21,2026-09-23T07:05:03Z,2026-09-23T07:05:33Z
т78-20260923-007,vehicle-877,т78,3726709735,22,2026-09-23T07:06:19Z,2026-09-23T07:06:49Z
т78-20260923-007,vehicle-877,т78,3846524704,23,2026-09-23T07:07:21Z,2026-09-23T07:07:51Z
т78-20260923-007,vehicle-877,т78,4515094035,24,2026-09-23T07:08:35Z,2026-09-23T07:09:05Z
т78-20260923-007,vehicle-877,т78,4518891496,25,2026-09-23T07:09:55Z,2026-09-23T07:10:25Z
т78-20260923-007,vehicle-877,т78,4518891494,26,2026-09-23T07:10:54Z,2026-09-23T07:11:24Z
т78-20260923-007,vehicle-877,т78,4501093744,27,2026-09-23T07:12:22Z,2026-09-23T07:12:52Z
т78-20260923-007,vehicle-877,т78,313023111,28,2026-09-23T07:14:32Z,2026-09-23T07:15:02Z
т78-20260923-007,vehicle-877,т78,9221235996,29,2026-09-23T07:16:17Z,2026-09-23T07:16:47Z
т78-20260923-007,vehicle-877,т78,10742541382,30,2026-09-23T07:17:42Z,2026-09-23T07:18:12Z
т78-20260923-007,vehicle-877,т78,4192456470,31,2026-09-23T07:18:54Z,2026-09-23T07:19:24Z
т78-20260923-007,vehicle-877,т78,4242625789,32,2026-09-23T07:20:08Z,2026-09-23T07:20:38Z
т78-20260923-007,vehicle-877,т78,10742541377,33,2026-09-23T07:22:03Z,2026-09-23T07:22:33Z
т78-20260923-007,vehicle-877,т78,10742541373,34,2026-09-23T07:23:58Z,2026-09-23T07:24:28Z
т78-20260923-007,vehicle-877,т78,10742541369,35,2026-09-23T07:25:38Z,2026-09-23T07:26:08Z
т78-20260923-007,vehicle-877,т78,10742541368,36,2026-09-23T07:26:29Z,2026-09-23T07:26:59Z
т78-20260923-007,vehicle-877,т78,8825443227,37,2026-09-23T07:28:18Z,2026-09-23T07:28:48Z
т78-20260923-007,vehicle-877,т78,10770758620,38,2026-09-23T07:30:27Z,2026-09-23T07:30:57Z
т78-20260923-007,vehicle-877,т78,10770758618,39,2026-09-23T07:31:34Z,2026-09-23T07:32:04Z
т78-20260923-007,vehicle-877,т78,1136163537,40,2026-09-23T07:33:26Z,2026-09-23T07:33:56Z
т78-20260923-007,vehicle-877,т78,10770758614,41,2026-09-23T07:34:38Z,2026-09-23T07:35:08Z
т78-20260923-007,vehicle-877,т78,5041554170,42,2026-09-23T07:35:49Z,2026-09-23T07:36:19Z
м3к-20260923-000,vehicle-880,м3к,6074586992,1,2026-09-23T07:00:00Z,2026-09-23T07:00:30Z
м3к-20260923-000,vehicle-880,м3к,10707555482,2,2026-09-23T07:01:26Z,2026-09-23T07:01:56Z
м3к-20260923-000,vehicle-880,м3к,3048753690,3,2026-09-23T07:02:57Z,2026-09-23T07:03:27Z
м3к-20260923-000,vehicle-880,м3к,3048753692,4,2026-09-23T07:04:20Z,2026-09-23T07:04:50Z
м3к-20260923-000,vehicle-880,м3к,3048754297,5,2026-09-23T07:05:42Z,2026-09-23T07:06:12Z
м3к-20260923-000,vehicle-880,м3к,3048754309,6,2026-09-23T07:06:41Z,2026-09-23T07:07:11Z
м3к-20260923-000,vehicle-880,м3к,10703096947,7,2026-09-23T07:07:36Z,2026-09-23T07:08:06Z
м3к-20260923-000,vehicle-880,м3к,10703241113,8,2026-09-23T07:08:41Z,2026-09-23T07:09:11Z
м3к-20260923-000,vehicle-880,м3к,10703241114,9,2026-09-23T07:09:48Z,2026-09-23T07:10:18Z
м3к-20260923-000,vehicle-880,м3к,10703241116,10,2026-09-23T07:10:50Z,2026-09-23T07:11:20Z
м3к-20260923-000,vehicle-880,м3к,10703241119,11,2026-09-23T07:11:46Z,2026-09-23T07:12:16Z
м3к-20260923-000,vehicle-880,м3к,10700011413,12,2026-09-23T07:13:05Z,2026-09-23T07:13:35Z
м3к-20260923-000,vehicle-880,м3к,3206635915,13,2026-09-23T07:14:12Z,2026-09-23T07:14:42Z
м3к-20260923-000,vehicle-880,м3к,10707555488,14,2026-09-23T07:15:08Z,2026-09-23T07:15:38Z
м3к-20260923-000,vehicle-880,м3к,10707555489,15,2026-09-23T07:16:19Z,2026-09-23T07:16:49Z
м3к-20260923-000,vehicle-880,м3к,10707555491,16,2026-09-23T07:17:28Z,2026-09-23T07:17:58Z
м3к-20260923-000,vehicle-880,м3к,10707555481,17,2026-09-23T07:18:28Z,2026-09-23T07:18:58Z
м3к-20260923-000,vehicle-880,м3к,10703096933,18,2026-09-23T07:19:29Z,2026-09-23T07:19:59Z
м3к-20260923-000,vehicle-880,м3к,10702681752,19,2026-09-23T07:20:49Z,2026-09-23T07:21:19Z
м3к-20260923-000,vehicle-880,м3к,1775863799,20,2026-09-23T07:22:03Z,2026-09-23T07:22:33Z
м3к-20260923-000,vehicle-880,м3к,1267959953,21,2026-09-23T07:23:55Z,2026-09-23T07:24:25Z
м3к-20260923-000,vehicle-880,м3к,759664119,22,2026-09-23T07:25:18Z,2026-09-23T07:25:48Z
м3к-20260923-001,vehicle-881,м3к,6074586992,1,2026-09-23T06:56:30Z,2026-09-23T06:57:00Z
м3к-20260923-001,vehicle-881,м3к,10707555482,2,2026-09-23T06:57:56Z,2026-09-23T06:58:26Z
м3к-20260923-001,vehicle-881,м3к,3048753690,3,2026-09-23T06:59:27Z,2026-09-23T06:59:57Z
м3к-20260923-001,vehicle-881,м3к,3048753692,4,2026-09-23T07:00:50Z,2026-09-23T07:01:20Z
м3к-20260923-001,vehicle-881,м3к,3048754297,5,2026-09-23T07:02:12Z,2026-09-23T07:02:42Z
м3к-20260923-001,vehicle-881,м3к,3048754309,6,2026-09-23T07:03:11Z,2026-09-23T07:03:41Z
м3к-20260923-001,vehicle-881,м3к,10703096947,7,2026-09-23T07:04:06Z,2026-09-23T07:04:36Z
м3к-20260923-001,vehicle-881,м3к,10703241113,8,2026-09-23T07:05:11Z,2026-09-23T07:05:41Z
м3к-20260923-001,vehicle-881,м3к,10703241114,9,2026-09-23T07:06:18Z,2026-09-23T07:06:48Z
м3к-20260923-001,vehicle-881,м3к,10703241116,10,2026-09-23T07:07:20Z,2026-09-23T07:07:50Z
м3к-20260923-001,vehicle-881,м3к,10703241119,11,2026-09-23T07:08:16Z,2026-09-23T07:08:46Z
м3к-20260923-001,vehicle-881,м3к,10700011413,12,2026-09-23T07:09:35Z,2026-09-23T07:10:05Z
м3к-20260923-001,vehicle-881,м3к,3206635915,13,2026-09-23T07:10:42Z,2026-09-23T07:11:12Z
м3к-20260923-001,vehicle-881,м3к,10707555488,14,2026-09-23T07:11:38Z,2026-09-23T07:12:08Z
м3к-20260923-001,vehicle-881,м3к,10707555489,15,2026-09-23T07:12:49Z,2026-09-23T07:13:19Z
м3к-20260923-001,vehicle-881,м3к,10707555491,16,2026-09-23T07:13:58Z,2026-09-23T07:14:28Z
м3к-20260923-001,vehicle-881,м3к,10707555481,17,2026-09-23T07:14:58Z,2026-09-23T07:15:28Z
м3к-20260923-001,vehicle-881,м3к,10703096933,18,2026-09-23T07:15:59Z,2026-09-23T07:16:29Z
м3к-20260923-001,vehicle-881,м3к,10702681752,19,2026-09-23T07:17:19Z,2026-09-23T07:17:49Z
м3к-20260923-001,vehicle-881,м3к,1775863799,20,2026-09-23T07:18:33Z,2026-09-23T07:19:03Z
м3к-20260923-001,vehicle-881,м3к,1267959953,21,2026-09-23T07:20:25Z,2026-09-23T07:20:55Z
м3к-20260923-001,vehicle-881,м3к,759664119,22,2026-09-23T07:21:48Z,2026-09-23T07:22:18Z
м3к-20260923-002,vehicle-882,м3к,6074586992,1,2026-09-23T06:53:00Z,2026-09-23T06:53:30Z
м3к-20260923-002,vehicle-882,м3к,10707555482,2,2026-09-23T06:54:26Z,2026-09-23T06:54:56Z
м3к-20260923-002,vehicle-882,м3к,3048753690,3,2026-09-23T06:55:57Z,2026-09-23T06:56:27Z
м3к-20260923-002,vehicle-882,м3к,3048753692,4,2026-09-23T06:57:20Z,2026-09-23T06:57:50Z
м3к-20260923-002,vehicle-882,м3к,3048754297,5,2026-09-23T06:58:42Z,2026-09-23T06:59:12Z
м3к-20260923-002,vehicle-882,м3к,3048754309,6,2026-09-23T06:59:41Z,2026-09-23T07:00:11Z
м3к-20260923-002,vehicle-882,м3к,10703096947,7,2026-09-23T07:00:36Z,2026-09-23T07:01:06Z
м3к-20260923-002,vehicle-882,м3к,10703241113,8,2026-09-23T07:01:41Z,2026-09-23T07:02:11Z
м3к-20260923-002,vehicle-882,м3к,10703241114,9,2026-09-23T07:02:48Z,2026-09-23T07:03:18Z
м3к-20260923-002,vehicle-882,м3к,10703241116,10,2026-09-23T07:03:50Z,2026-09-23T07:04:20Z
м3к-20260923-002,vehicle-882,м3к,10703241119,11,2026-09-23T07:04:46Z,2026-09-23T07:05:16Z
м3к-20260923-002,vehicle-882,м3к,10700011413,12,2026-09-23T07:06:05Z,2026-09-23T07:06:35Z
м3к-20260923-002,vehicle-882,м3к,3206635915,13,2026-09-23T07:07:12Z,2026-09-23T07:07:42Z
м3к-20260923-002,vehicle-882,м3к,10707555488,14,2026-09-23T07:08:08Z,2026-09-23T07:08:38Z
м3к-20260923-002,vehicle-882,м3к,10707555489,15,2026-09-23T07:09:19Z,2026-09-23T07:09:49Z
м3к-20260923-002,vehicle-882,м3к,10707555491,16,2026-09-23T07:10:28Z,2026-09-23T07:10:58Z
м3к-20260923-002,vehicle-882,м3к,10707555481,17,2026-09-23T07:11:28Z,2026-09-23T07:11:58Z
м3к-20260923-002,vehicle-882,м3к,10703096933,18,2026-09-23T07:12:29Z,2026-09-23T07:12:59Z
м3к-20260923-002,vehicle-882,м3к,10702681752,19,2026-09-23T07:13:49Z,2026-09-23T07:14:19Z
м3к-20260923-002,vehicle-882,м3к,1775863799,20,2026-09-23T07:15:03Z,2026-09-23T07:15:33Z
м3к-20260923-002,vehicle-882,м3к,1267959953,21,2026-09-23T07:16:55Z,2026-09-23T07:17:25Z
м3к-20260923-002,vehicle-882,м3к,759664119,22,2026-09-23T07:18:18Z,2026-09-23T07:18:48Z
м3к-20260923-003,vehicle-883,м3к,6074586992,1,2026-09-23T06:49:30Z,2026-09-23T06:50:00Z
м3к-20260923-003,vehicle-883,м3к,10707555482,2,2026-09-23T06:50:56Z,2026-09-23T06:51:26Z
м3к-20260923-003,vehicle-883,м3к,3048753690,3,2026-09-23T06:52:27Z,2026-09-23T06:52:57Z
м3к-20260923-003,vehicle-883,м3к,3048753692,4,2026-09-23T06:53:50Z,2026-09-23T06:54:20Z
м3к-20260923-003,vehicle-883,м3к,3048754297,5,2026-09-23T06:55:12Z,2026-09-23T06:55:42Z
м3к-20260923-003,vehicle-883,м3к,3048754309,6,2026-09-23T06:56:11Z,2026-09-23T06:56:41Z
м3к-20260923-003,vehicle-883,м3к,10703096947,7,2026-09-23T06:57:06Z,2026-09-23T06:57:36Z
м3к-20260923-003,vehicle-883,м3к,10703241113,8,2026-09-23T06:58:11Z,2026-09-23T06:58:41Z
м3к-20260923-003,vehicle-883,м3к,10703241114,9,2026-09-23T06:59:18Z,2026-09-23T06:59:48Z
м3к-20260923-003,vehicle-883,м3к,10703241116,10,2026-09-23T07:00:20Z,2026-09-23T07:00:50Z
м3к-20260923-003,vehicle-883,м3к,10703241119,11,2026-09-23T07:01:16Z,2026-09-23T07:01:46Z
м3к-20260923-003,vehicle-883,м3к,10700011413,12,2026-09-23T07:02:35Z,2026-09-23T07:03:05Z
м3к-20260923-003,vehicle-883,м3к,3206635915,13,2026-09-23T07:03:42Z,2026-09-23T07:04:12Z
м3к-20260923-003,vehicle-883,м3к,10707555488,14,2026-09-23T07:04:38Z,2026-09-23T07:05:08Z
м3к-20260923-003,vehicle-883,м3к,10707555489,15,2026-09-23T07:05:49Z,2026-09-23T07:06:19Z
м3к-20260923-003,vehicle-883,м3к,10707555491,16,2026-09-23T07:06:58Z,2026-09-23T07:07:28Z
м3к-20260923-003,vehicle-883,м3к,10707555481,17,2026-09-23T07:07:58Z,2026-09-23T07:08:28Z
м3к-20260923-003,vehicle-883,м3к,10703096933,18,2026-09-23T07:08:59Z,2026-09-23T07:09:29Z
м3к-20260923-003,vehicle-883,м3к,10702681752,19,2026-09-23T07:10:19Z,2026-09-23T07:10:49Z
м3к-20260923-003,vehicle-883,м3к,1775863799,20,2026-09-23T07:11:33Z,2026-09-23T07:12:03Z
м3к-20260923-003,vehicle-883,м3к,1267959953,21,2026-09-23T07:13:25Z,2026-09-23T07:13:55Z
м3к-20260923-003,vehicle-883,м3к,759664119,22,2026-09-23T07:14:48Z,2026-09-23T07:15:18Z
м3к-20260923-004,vehicle-884,м3к,6074586992,1,2026-09-23T06:46:00Z,2026-09-23T06:46:30Z
м3к-20260923-004,vehicle-884,м3к,10707555482,2,2026-09-23T06:47:26Z,2026-09-23T06:47:56Z
м3к-20260923-004,vehicle-884,м3к,3048753690,3,2026-09-23T06:48:57Z,2026-09-23T06:49:27Z
м3к-20260923-004,vehicle-884,м3к,3048753692,4,2026-09-23T06:50:20Z,2026-09-23T06:50:50Z
м3к-20260923-004,vehicle-884,м3к,3048754297,5,2026-09-23T06:51:42Z,2026-09-23T06:52:12Z
м3к-20260923-004,vehicle-884,м3к,3048754309,6,2026-09-23T06:52:41Z,2026-09-23T06:53:11Z
м3к-20260923-004,vehicle-884,м3к,10703096947,7,2026-09-23T06:53:36Z,2026-09-23T06:54:06Z
м3к-20260923-004,vehicle-884,м3к,10703241113,8,2026-09-23T06:54:41Z,2026-09-23T06:55:11Z
м3к-20260923-004,vehicle-884,м3к,10703241114,9,2026-09-23T06:55:48Z,2026-09-23T06:56:18Z
м3к-20260923-004,vehicle-884,м3к,10703241116,10,2026-09-23T06:56:50Z,2026-09-23T06:57:20Z
м3к-20260923-004,vehicle-884,м3к,10703241119,11,2026-09-23T06:57:46Z,2026-09-23T06:58:16Z
м3к-20260923-004,vehicle-884,м3к,10700011413,12,2026-09-23T06:59:05Z,2026-09-23T06:59:35Z
м3к-20260923-004,vehicle-884,м3к,3206635915,13,2026-09-23T07:00:12Z,2026-09-23T07:00:42Z
м3к-20260923-004,vehicle-884,м3к,10707555488,14,2026-09-23T07:01:08Z,2026-09-23T07:01:38Z
м3к-20260923-004,vehicle-884,м3к,10707555489,15,2026-09-23T07:02:19Z,2026-09-23T07:02:49Z
м3к-20260923-004,vehicle-884,м3к,10707555491,16,2026-09-23T07:03:28Z,2026-09-23T07:03:58Z
м3к-20260923-004,vehicle-884,м3к,10707555481,17,2026-09-23T07:04:28Z,2026-09-23T07:04:58Z
м3к-20260923-004,vehicle-884,м3к,10703096933,18,2026-09-23T07:05:29Z,2026-09-23T07:05:59Z
м3к-20260923-004,vehicle-884,м3к,10702681752,19,2026-09-23T07:06:49Z,2026-09-23T07:07:19Z
м3к-20260923-004,vehicle-884,м3к,1775863799,20,2026-09-23T07:08:03Z,2026-09-23T07:08:33Z
м3к-20260923-004,vehicle-884,м3к,1267959953,21,2026-09-23T07:09:55Z,2026-09-23T07:10:25Z
м3к-20260923-004,vehicle-884,м3к,759664119,22,2026-09-23T07:11:18Z,2026-09-23T07:11:48Z
м3к-20260923-005,vehicle-885,м3к,6074586992,1,2026-09-23T06:42:30Z,2026-09-23T06:43:00Z
м3к-20260923-005,vehicle-885,м3к,10707555482,2,2026-09-23T06:43:56Z,2026-09-23T06:44:26Z
м3к-20260923-005,vehicle-885,м3к,3048753690,3,2026-09-23T06:45:27Z,2026-09-23T06:45:57Z
м3к-20260923-005,vehicle-885,м3к,3048753692,4,2026-09-23T06:46:50Z,2026-09-23T06:47:20Z
м3к-20260923-005,vehicle-885,м3к,3048754297,5,2026-09-23T06:48:12Z,2026-09-23T06:48:42Z
м3к-20260923-005,vehicle-885,м3к,3048754309,6,2026-09-23T06:49:11Z,2026-09-23T06:49:41Z
м3к-20260923-005,vehicle-885,м3к,10703096947,7,2026-09-23T06:50:06Z,2026-09-23T06:50:36Z
м3к-20260923-005,vehicle-885,м3к,10703241113,8,2026-09-23T06:51:11Z,2026-09-23T06:51:41Z
м3к-20260923-005,vehicle-885,м3к,10703241114,9,2026-09-23T06:52:18Z,2026-09-23T06:52:48Z
м3к-20260923-005,vehicle-885,м3к,10703241116,10,2026-09-23T06:53:20Z,2026-09-23T06:53:50Z
м3к-20260923-005,vehicle-885,м3к,10703241119,11,2026-09-23T06:54:16Z,2026-09-23T06:54:46Z
м3к-20260923-005,vehicle-885,м3к,10700011413,12,2026-09-23T06:55:35Z,2026-09-23T06:56:05Z
м3к-20260923-005,vehicle-885,м3к,3206635915,13,2026-09-23T06:56:42Z,2026-09-23T06:57:12Z
м3к-20260923-005,vehicle-885,м3к,10707555488,14,2026-09-23T06:57:38Z,2026-09-23T06:58:08Z
м3к-20260923-005,vehicle-885,м3к,10707555489,15,2026-09-23T06:58:49Z,2026-09-23T06:59:19Z
м3к-20260923-005,vehicle-885,м3к,10707555491,16,2026-09-23T06:59:58Z,2026-09-23T07:00:28Z
м3к-20260923-005,vehicle-885,м3к,10707555481,17,2026-09-23T07:00:58Z,2026-09-23T07:01:28Z
м3к-20260923-005,vehicle-885,м3к,10703096933,18,2026-09-23T07:01:59Z,2026-09-23T07:02:29Z
м3к-20260923-005,vehicle-885,м3к,10702681752,19,2026-09-23T07:03:19Z,2026-09-23T07:03:49Z
м3к-20260923-005,vehicle-885,м3к,1775863799,20,2026-09-23T07:04:33Z,2026-09-23T07:05:03Z
м3к-20260923-005,vehicle-885,м3к,1267959953,21,2026-09-23T07:06:25Z,2026-09-23T07:06:55Z
м3к-20260923-005,vehicle-885,м3к,759664119,22,2026-09-23T07:07:48Z,2026-09-23T07:08:18Z
м3к-20260923-006,vehicle-886,м3к,6074586992,1,2026-09-23T06:39:00Z,2026-09-23T06:39:30Z
м3к-20260923-006,vehicle-886,м3к,10707555482,2,2026-09-23T06:40:26Z,2026-09-23T06:40:56Z
м3к-20260923-006,vehicle-886,м3к,3048753690,3,2026-09-23T06:41:57Z,2026-09-23T06:42:27Z
м3к-20260923-006,vehicle-886,м3к,3048753692,4,2026-09-23T06:43:20Z,2026-09-23T06:43:50Z
м3к-20260923-006,vehicle-886,м3к,3048754297,5,2026-09-23T06:44:42Z,2026-09-23T06:45:12Z
м3к-20260923-006,vehicle-886,м3к,3048754309,6,2026-09-23T06:45:41Z,2026-09-23T06:46:11Z
м3к-20260923-006,vehicle-886,м3к,10703096947,7,2026-09-23T06:46:36Z,2026-09-23T06:47:06Z
м3к-20260923-006,vehicle-886,м3к,10703241113,8,2026-09-23T06:47:41Z,2026-09-23T06:48:11Z
м3к-20260923-006,vehicle-886,м3к,10703241114,9,2026-09-23T06:48:48Z,2026-09-23T06:49:18Z
м3к-20260923-006,vehicle-886,м3к,10703241116,10,2026-09-23T06:49:50Z,2026-09-23T06:50:20Z
м3к-20260923-006,vehicle-886,м3к,10703241119,11,2026-09-23T06:50:46Z,2026-09-23T06:51:16Z
м3к-20260923-006,vehicle-886,м3к,10700011413,12,2026-09-23T06:52:05Z,2026-09-23T06:52:35Z
м3к-20260923-006,vehicle-886,м3к,3206635915,13,2026-09-23T06:53:12Z,2026-09-23T06:53:42Z
м3к-20260923-006,vehicle-886,м3к,10707555488,14,2026-09-23T06:54:08Z,2026-09-23T06:54:38Z
м3к-20260923-006,vehicle-886,м3к,10707555489,15,2026-09-23T06:55:19Z,2026-09-23T06:55:49Z
м3к-20260923-006,vehicle-886,м3к,10707555491,16,2026-09-23T06:56:28Z,2026-09-23T06:56:58Z
м3к-20260923-006,vehicle-886,м3к,10707555481,17,2026-09-23T06:57:28Z,2026-09-23T06:57:58Z
м3к-20260923-006,vehicle-886,м3к,10703096933,18,2026-09-23T06:58:29Z,2026-09-23T06:58:59Z
м3к-20260923-006,vehicle-886,м3к,10702681752,19,2026-09-23T06:59:49Z,2026-09-23T07:00:19Z
м3к-20260923-006,vehicle-886,м3к,1775863799,20,2026-09-23T07:01:03Z,2026-09-23T07:01:33Z
м3к-20260923-006,vehicle-886,м3к,1267959953,21,2026-09-23T07:02:55Z,2026-09-23T07:03:25Z
м3к-20260923-006,vehicle-886,м3к,759664119,22,2026-09-23T07:04:18Z,2026-09-23T07:04:48Z
м3к-20260923-007,vehicle-887,м3к,6074586992,1,2026-09-23T06:35:30Z,2026-09-23T06:36:00Z
м3к-20260923-007,vehicle-887,м3к,10707555482,2,2026-09-23T06:36:56Z,2026-09-23T06:37:26Z
м3к-20260923-007,vehicle-887,м3к,3048753690,3,2026-09-23T06:38:27Z,2026-09-23T06:38:57Z
м3к-20260923-007,vehicle-887,м3к,3048753692,4,2026-09-23T06:39:50Z,2026-09-23T06:40:20Z
м3к-20260923-007,vehicle-887,м3к,3048754297,5,2026-09-23T06:41:12Z,2026-09-23T06:41:42Z
м3к-20260923-007,vehicle-887,м3к,3048754309,6,2026-09-23T06:42:11Z,2026-09-23T06:42:41Z
м3к-20260923-007,vehicle-887,м3к,10703096947,7,2026-09-23T06:43:06Z,2026-09-23T06:43:36Z
м3к-20260923-007,vehicle-887,м3к,10703241113,8,2026-09-23T06:44:11Z,2026-09-23T06:44:41Z
м3к-20260923-007,vehicle-887,м3к,10703241114,9,2026-09-23T06:45:18Z,2026-09-23T06:45:48Z
м3к-20260923-007,vehicle-887,м3к,10703241116,10,2026-09-23T06:46:20Z,2026-09-23T06:46:50Z
м3к-20260923-007,vehicle-887,м3к,10703241119,11,2026-09-23T06:47:16Z,2026-09-23T06:47:46Z
м3к-20260923-007,vehicle-887,м3к,10700011413,12,2026-09-23T06:48:35Z,2026-09-23T06:49:05Z
м3к-20260923-007,vehicle-887,м3к,3206635915,13,2026-09-23T06:49:42Z,2026-09-23T06:50:12Z
м3к-20260923-007,vehicle-887,м3к,10707555488,14,2026-09-23T06:50:38Z,2026-09-23T06:51:08Z
м3к-20260923-007,vehicle-887,м3к,10707555489,15,2026-09-23T06:51:49Z,2026-09-23T06:52:19Z
м3к-20260923-007,vehicle-887,м3к,10707555491,16,2026-09-23T06:52:58Z,2026-09-23T06:53:28Z
м3к-20260923-007,vehicle-887,м3к,10707555481,17,2026-09-23T06:53:58Z,2026-09-23T06:54:28Z
м3к-20260923-007,vehicle-887,м3к,10703096933,18,2026-09-23T06:54:59Z,2026-09-23T06:55:29Z
м3к-20260923-007,vehicle-887,м3к,10702681752,19,2026-09-23T06:56:19Z,2026-09-23T06:56:49Z
м3к-20260923-007,vehicle-887,м3к,1775863799,20,2026-09-23T06:57:33Z,2026-09-23T06:58:03Z
м3к-20260923-007,vehicle-887,м3к,1267959953,21,2026-09-23T06:59:25Z,2026-09-23T06:59:55Z
м3к-20260923-007,vehicle-887,м3к,759664119,22,2026-09-23T07:00:48Z,2026-09-23T07:01:18Z
116-20260923-000,vehicle-890,116,10774286821,1,2026-09-23T07:00:00Z,2026-09-23T07:00:30Z
116-20260923-000,vehicle-890,116,10774286820,2,2026-09-23T07:01:25Z,2026-09-23T07:01:55Z
116-20260923-000,vehicle-890,116,2491233118,3,2026-09-23T07:02:23Z,2026-09-23T07:02:53Z
116-20260923-000,vehicle-890,116,2491233106,4,2026-09-23T07:03:31Z,2026-09-23T07:04:01Z
116-20260923-000,vehicle-890,116,5019627883,5,2026-09-23T07:05:28Z,2026-09-23T07:05:58Z
116-20260923-000,vehicle-890,116,10601114160,6,2026-09-23T07:06:45Z,2026-09-23T07:07:15Z
116-20260923-000,vehicle-890,116,12635078184,7,2026-09-23T07:08:18Z,2026-09-23T07:08:48Z
116-20260923-000,vehicle-890,116,2433145083,8,2026-09-23T07:09:08Z,2026-09-23T07:09:38Z
116-20260923-000,vehicle-890,116,2433145574,9,2026-09-23T07:10:28Z,2026-09-23T07:10:58Z
116-20260923-000,vehicle-890,116,2488185910,10,2026-09-23T07:13:21Z,2026-09-23T07:13:51Z
116-20260923-000,vehicle-890,116,2433145454,11,2026-09-23T07:15:00Z,2026-09-23T07:15:30Z
116-20260923-000,vehicle-890,116,2433145529,12,2026-09-23T07:15:57Z,2026-09-23T07:16:27Z
116-20260923-000,vehicle-890,116,4592512830,13,2026-09-23T07:16:59Z,2026-09-23T07:17:29Z
116-20260923-000,vehicle-890,116,2433145264,14,2026-09-23T07:17:59Z,2026-09-23T07:18:29Z
116-20260923-000,vehicle-890,116,2433145591,15,2026-09-23T07:19:48Z,2026-09-23T07:20:18Z
116-20260923-000,vehicle-890,116,2433145175,16,2026-09-23T07:21:44Z,2026-09-23T07:22:14Z
116-20260923-000,vehicle-890,116,2433145207,17,2026-09-23T07:22:54Z,2026-09-23T07:23:24Z
116-20260923-000,vehicle-890,116,2433145132,18,2026-09-23T07:24:22Z,2026-09-23T07:24:52Z
116-20260923-000,vehicle-890,116,10774286818,19,2026-09-23T07:26:37Z,2026-09-23T07:27:07Z
116-20260923-000,vehicle-890,116,10774286822,20,2026-09-23T07:28:58Z,2026-09-23T07:29:28Z
116-20260923-000,vehicle-890,116,1188905583,21,2026-09-23T07:31:19Z,2026-09-23T07:31:49Z
116-20260923-000,vehicle-890,116,10601114147,22,2026-09-23T07:32:30Z,2026-09-23T07:33:00Z
116-20260923-000,vehicle-890,116,10774286817,23,2026-09-23T07:33:38Z,2026-09-23T07:34:08Z
116-20260923-000,vehicle-890,116,10774286826,24,2026-09-23T07:34:34Z,2026-09-23T07:35:04Z
116-20260923-000,vehicle-890,116,10774286828,25,2026-09-23T07:35:36Z,2026-09-23T07:36:06Z
116-20260923-000,vehicle-890,116,10599880593,26,2026-09-23T07:37:00Z,2026-09-23T07:37:30Z
116-20260923-000,vehicle-890,116,10599880591,27,2026-09-23T07:38:14Z,2026-09-23T07:38:44Z
116-20260923-000,vehicle-890,116,14170887503,28,2026-09-23T07:39:32Z,2026-09-23T07:40:02Z
116-20260923-000,vehicle-890,116,966788530,29,2026-09-23T07:40:23Z,2026-09-23T07:40:53Z
116-20260923-001,vehicle-891,116,10774286821,1,2026-09-23T06:56:30Z,2026-09-23T06:57:00Z
116-20260923-001,vehicle-891,116,10774286820,2,2026-09-23T06:57:55Z,2026-09-23T06:58:25Z
116-20260923-001,vehicle-891,116,2491233118,3,2026-09-23T06:58:53Z,2026-09-23T06:59:23Z
116-20260923-001,vehicle-891,116,2491233106,4,2026-09-23T07:00:01Z,2026-09-23T07:00:31Z
116-20260923-001,vehicle-891,116,5019627883,5,2026-09-23T07:01:58Z,2026-09-23T07:02:28Z
116-20260923-001,vehicle-891,116,10601114160,6,2026-09-23T07:03:15Z,2026-09-23T07:03:45Z
116-20260923-001,vehicle-891,116,12635078184,7,2026-09-23T07:04:48Z,2026-09-23T07:05:18Z
116-20260923-001,vehicle-891,116,2433145083,8,2026-09-23T07:05:38Z,2026-09-23T07:06:08Z
116-20260923-001,vehicle-891,116,2433145574,9,2026-09-23T07:06:58Z,2026-09-23T07:07:28Z
116-20260923-001,vehicle-891,116,2488185910,10,2026-09-23T07:09:51Z,2026-09-23T07:10:21Z
116-20260923-001,vehicle-891,116,2433145454,11,2026-09-23T07:11:30Z,2026-09-23T07:12:00Z
116-20260923-001,vehicle-891,116,2433145529,12,2026-09-23T07:12:27Z,2026-09-23T07:12:57Z
116-20260923-001,vehicle-891,116,4592512830,13,2026-09-23T07:13:29Z,2026-09-23T07:13:59Z
116-20260923-001,vehicle-891,116,2433145264,14,2026-09-23T07:14:29Z,2026-09-23T07:14:59Z
116-20260923-001,vehicle-891,116,2433145591,15,2026-09-23T07:16:18Z,2026-09-23T07:16:48Z
116-20260923-001,vehicle-891,116,2433145175,16,2026-09-23T07:18:14Z,2026-09-23T07:18:44Z
116-20260923-001,vehicle-891,116,2433145207,17,2026-09-23T07:19:24Z,2026-09-23T07:19:54Z
116-20260923-001,vehicle-891,116,2433145132,18,2026-09-23T07:20:52Z,2026-09-23T07:21:22Z
116-20260923-001,vehicle-891,116,10774286818,19,2026-09-23T07:23:07Z,2026-09-23T07:23:37Z
116-20260923-001,vehicle-891,116,10774286822,20,2026-09-23T07:25:28Z,2026-09-23T07:25:58Z
116-20260923-001,vehicle-891,116,1188905583,21,2026-09-23T07:27:49Z,2026-09-23T07:28:19Z
116-20260923-001,vehicle-891,116,10601114147,22,2026-09-23T07:29:00Z,2026-09-23T07:29:30Z
116-20260923-001,vehicle-891,116,10774286817,23,2026-09-23T07:30:08Z,2026-09-23T07:30:38Z
116-20260923-001,vehicle-891,116,10774286826,24,2026-09-23T07:31:04Z,2026-09-23T07:31:34Z
116-20260923-001,vehicle-891,116,10774286828,25,2026-09-23T07:32:06Z,2026-09-23T07:32:36Z
116-20260923-001,vehicle-891,116,10599880593,26,2026-09-23T07:33:30Z,2026-09-23T07:34:00Z
116-20260923-001,vehicle-891,116,10599880591,27,2026-09-23T07:34:44Z,2026-09-23T07:35:14Z
116-20260923-001,vehicle-891,116,14170887503,28,2026-09-23T07:36:02Z,2026-09-23T07:36:32Z
116-20260923-001,vehicle-891,116,966788530,29,2026-09-23T07:36:53Z,2026-09-23T07:37:23Z
116-20260923-002,vehicle-892,116,10774286821,1,2026-09-23T06:53:00Z,2026-09-23T06:53:30Z
116-20260923-002,vehicle-892,116,10774286820,2,2026-09-23T06:54:25Z,2026-09-23T06:54:55Z
116-20260923-002,vehicle-892,116,2491233118,3,2026-09-23T06:55:23Z,2026-09-23T06:55:53Z
116-20260923-002,vehicle-892,116,2491233106,4,2026-09-23T06:56:31Z,2026-09-23T06:57:01Z
116-20260923-002,vehicle-892,116,5019627883,5,2026-09-23T06:58:28Z,2026-09-23T06:58:58Z
116-20260923-002,vehicle-892,116,10601114160,6,2026-09-23T06:59:45Z,2026-09-23T07:00:15Z
116-20260923-002,vehicle-892,116,12635078184,7,2026-09-23T07:01:18Z,2026-09-23T07:01:48Z
116-20260923-002,vehicle-892,116,2433145083,8,2026-09-23T07:02:08Z,2026-09-23T07:02:38Z
116-20260923-002,vehicle-892,116,2433145574,9,2026-09-23T07:03:28Z,2026-09-23T07:03:58Z
116-20260923-002,vehicle-892,116,2488185910,10,2026-09-23T07:06:21Z,2026-09-23T07:06:51Z
116-20260923-002,vehicle-892,116,2433145454,11,2026-09-23T07:08:00Z,2026-09-23T07:08:30Z
116-20260923-002,vehicle-892,116,2433145529,12,2026-09-23T07:08:57Z,2026-09-23T07:09:27Z
116-20260923-002,vehicle-892,116,4592512830,13,2026-09-23T07:09:59Z,2026-09-23T07:10:29Z
116-20260923-002,vehicle-892,116,2433145264,14,2026-09-23T07:10:59Z,2026-09-23T07:11:29Z
116-20260923-002,vehicle-892,116,2433145591,15,2026-09-23T07:12:48Z,2026-09-23T07:13:18Z
116-20260923-002,vehicle-892,116,2433145175,16,2026-09-23T07:14:44Z,2026-09-23T07:15:14Z
116-20260923-002,vehicle-892,116,2433145207,17,2026-09-23T07:15:54Z,2026-09-23T07:16:24Z
116-20260923-002,vehicle-892,116,2433145132,18,2026-09-23T07:17:22Z,2026-09-23T07:17:52Z
116-20260923-002,vehicle-892,116,10774286818,19,2026-09-23T07:19:37Z,2026-09-23T07:20:07Z
116-20260923-002,vehicle-892,116,10774286822,20,2026-09-23T07:21:58Z,2026-09-23T07:22:28Z
116-20260923-002,vehicle-892,116,1188905583,21,2026-09-23T07:24:19Z,2026-09-23T07:24:49Z
116-20260923-002,vehicle-892,116,10601114147,22,2026-09-23T07:25:30Z,2026-09-23T07:26:00Z
116-20260923-002,vehicle-892,116,10774286817,23,2026-09-23T07:26:38Z,2026-09-23T07:27:08Z
116-20260923-002,vehicle-892,116,10774286826,24,2026-09-23T07:27:34Z,2026-09-23T07:28:04Z
116-20260923-002,vehicle-892,116,10774286828,25,2026-09-23T07:28:36Z,2026-09-23T07:29:06Z
116-20260923-002,vehicle-892,116,10599880593,26,2026-09-23T07:30:00Z,2026-09-23T07:30:30Z
116-20260923-002,vehicle-892,116,10599880591,27,2026-09-23T07:31:14Z,2026-09-23T07:31:44Z
116-20260923-002,vehicle-892,116,14170887503,28,2026-09-23T07:32:32Z,2026-09-23T07:33:02Z
116-20260923-002,vehicle-892,116,966788530,29,2026-09-23T07:33:23Z,2026-09-23T07:33:53Z
116-20260923-003,vehicle-893,116,10774286821,1,2026-09-23T06:49:30Z,2026-09-23T06:50:00Z
116-20260923-003,vehicle-893,116,10774286820,2,2026-09-23T06:50:55Z,2026-09-23T06:51:25Z
116-20260923-003,vehicle-893,116,2491233118,3,2026-09-23T06:51:53Z,2026-09-23T06:52:23Z
116-20260923-003,vehicle-893,116,2491233106,4,2026-09-23T06:53:01Z,2026-09-23T06:53:31Z
116-20260923-003,vehicle-893,116,5019627883,5,2026-09-23T06:54:58Z,2026-09-23T06:55:28Z
116-20260923-003,vehicle-893,116,10601114160,6,2026-09-23T06:56:15Z,2026-09-23T06:56:45Z
116-20260923-003,vehicle-893,116,12635078184,7,2026-09-23T06:57:48Z,2026-09-23T06:58:18Z
116-20260923-003,vehicle-893,116,2433145083,8,2026-09-23T06:58:38Z,2026-09-23T06:59:08Z
116-20260923-003,vehicle-893,116,2433145574,9,2026-09-23T06:59:58Z,2026-09-23T07:00:28Z
116-20260923-003,vehicle-893,116,2488185910,10,2026-09-23T07:02:51Z,2026-09-23T07:03:21Z
116-20260923-003,vehicle-893,116,2433145454,11,2026-09-23T07:04:30Z,2026-09-23T07:05:00Z
116-20260923-003,vehicle-893,116,2433145529,12,2026-09-23T07:05:27Z,2026-09-23T07:05:57Z
116-20260923-003,vehicle-893,116,4592512830,13,2026-09-23T07:06:29Z,2026-09-23T07:06:59Z
116-20260923-003,vehicle-893,116,2433145264,14,2026-09-23T07:07:29Z,2026-09-23T07:07:59Z
116-20260923-003,vehicle-893,116,2433145591,15,2026-09-23T07:09:18Z,2026-09-23T07:09:48Z
116-20260923-003,vehicle-893,116,2433145175,16,2026-09-23T07:11:14Z,2026-09-23T07:11:44Z
116-20260923-003,vehicle-893,116,2433145207,17,2026-09-23T07:12:24Z,2026-09-23T07:12:54Z
116-20260923-003,vehicle-893,116,2433145132,18,2026-09-23T07:13:52Z,2026-09-23T07:14:22Z
116-20260923-003,vehicle-893,116,10774286818,19,2026-09-23T07:16:07Z,2026-09-23T07:16:37Z
116-20260923-003,vehicle-893,116,10774286822,20,2026-09-23T07:18:28Z,2026-09-23T07:18:58Z
116-20260923-003,vehicle-893,116,1188905583,21,2026-09-23T07:20:49Z,2026-09-23T07:21:19Z
116-20260923-003,vehicle-893,116,10601114147,22,2026-09-23T07:22:00Z,2026-09-23T07:22:30Z
116-20260923-003,vehicle-893,116,10774286817,23,2026-09-23T07:23:08Z,2026-09-23T07:23:38Z
116-20260923-003,vehicle-893,116,10774286826,24,2026-09-23T07:24:04Z,2026-09-23T07:24:34Z
116-20260923-003,vehicle-893,116,10774286828,25,2026-09-23T07:25:06Z,2026-09-23T07:25:36Z
116-20260923-003,vehicle-893,116,10599880593,26,2026-09-23T07:26:30Z,2026-09-23T07:27:00Z
116-20260923-003,vehicle-893,116,10599880591,27,2026-09-23T07:27:44Z,2026-09-23T07:28:14Z
116-20260923-003,vehicle-893,116,14170887503,28,2026-09-23T07:29:02Z,2026-09-23T07:29:32Z
116-20260923-003,vehicle-893,116,966788530,29,2026-09-23T07:29:53Z,2026-09-23T07:30:23Z
116-20260923-004,vehicle-894,116,10774286821,1,2026-09-23T06:46:00Z,2026-09-23T06:46:30Z
116-20260923-004,vehicle-894,116,10774286820,2,2026-09-23T06:47:25Z,2026-09-23T06:47:55Z
116-20260923-004,vehicle-894,116,2491233118,3,2026-09-23T06:48:23Z,2026-09-23T06:48:53Z
116-20260923-004,vehicle-894,116,2491233106,4,2026-09-23T06:49:31Z,2026-09-23T06:50:01Z
116-20260923-004,vehicle-894,116,5019627883,5,2026-09-23T06:51:28Z,2026-09-23T06:51:58Z
116-20260923-004,vehicle-894,116,10601114160,6,2026-09-23T06:52:45Z,2026-09-23T06:53:15Z
116-20260923-004,vehicle-894,116,12635078184,7,2026-09-23T06:54:18Z,2026-09-23T06:54:48Z
116-20260923-004,vehicle-894,116,2433145083,8,2026-09-23T06:55:08Z,2026-09-23T06:55:38Z
116-20260923-004,vehicle-894,116,2433145574,9,2026-09-23T06:56:28Z,2026-09-23T06:56:58Z
116-20260923-004,vehicle-894,116,2488185910,10,2026-09-23T06:59:21Z,2026-09-23T06:59:51Z
116-20260923-004,vehicle-894,116,2433145454,11,2026-09-23T07:01:00Z,2026-09-23T07:01:30Z
116-20260923-004,vehicle-894,116,2433145529,12,2026-09-23T07:01:57Z,2026-09-23T07:02:27Z
116-20260923-004,vehicle-894,116,4592512830,13,2026-09-23T07:02:59Z,2026-09-23T07:03:29Z
116-20260923-004,vehicle-894,116,2433145264,14,2026-09-23T07:03:59Z,2026-09-23T07:04:29Z
116-20260923-004,vehicle-894,116,2433145591,15,2026-09-23T07:05:48Z,2026-09-23T07:06:18Z
116-20260923-004,vehicle-894,116,2433145175,16,2026-09-23T07:07:44Z,2026-09-23T07:08:14Z
116-20260923-004,vehicle-894,116,2433145207,17,2026-09-23T07:08:54Z,2026-09-23T07:09:24Z
116-20260923-004,vehicle-894,116,2433145132,18,2026-09-23T07:10:22Z,2026-09-23T07:10:52Z
116-20260923-004,vehicle-894,116,10774286818,19,2026-09-23T07:12:37Z,2026-09-23T07:13:07Z
116-20260923-004,vehicle-894,116,10774286822,20,2026-09-23T07:14:58Z,2026-09-23T07:15:28Z
116-20260923-004,vehicle-894,116,1188905583,21,2026-09-23T07:17:19Z,2026-09-23T07:17:49Z
116-20260923-004,vehicle-894,116,10601114147,22,2026-09-23T07:18:30Z,2026-09-23T07:19:00Z
116-20260923-004,vehicle-894,116,10774286817,23,2026-09-23T07:19:38Z,2026-09-23T07:20:08Z
116-20260923-004,vehicle-894,116,10774286826,24,2026-09-23T07:20:34Z,2026-09-23T07:21:04Z
116-20260923-004,vehicle-894,116,10774286828,25,2026-09-23T07:21:36Z,2026-09-23T07:22:06Z
116-20260923-004,vehicle-894,116,10599880593,26,2026-09-23T07:23:00Z,2026-09-23T07:23:30Z
116-20260923-004,vehicle-894,116,10599880591,27,2026-09-23T07:24:14Z,2026-09-23T07:24:44Z
116-20260923-004,vehicle-894,116,14170887503,28,2026-09-23T07:25:32Z,2026-09-23T07:26:02Z
116-20260923-004,vehicle-894,116,966788530,29,2026-09-23T07:26:23Z,2026-09-23T07:26:53Z
116-20260923-005,vehicle-895,116,10774286821,1,2026-09-23T06:42:30Z,2026-09-23T06:43:00Z
116-20260923-005,vehicle-895,116,10774286820,2,2026-09-23T06:43:55Z,2026-09-23T06:44:25Z
116-20260923-005,vehicle-895,116,2491233118,3,2026-09-23T06:44:53Z,2026-09-23T06:45:23Z
116-20260923-005,vehicle-895,116,2491233106,4,2026-09-23T06:46:01Z,2026-09-23T06:46:31Z
116-20260923-005,vehicle-895,116,5019627883,5,2026-09-23T06:47:58Z,2026-09-23T06:48:28Z
116-20260923-005,vehicle-895,116,10601114160,6,2026-09-23T06:49:15Z,2026-09-23T06:49:45Z
116-20260923-005,vehicle-895,116,12635078184,7,2026-09-23T06:50:48Z,2026-09-23T06:51:18Z
116-20260923-005,vehicle-895,116,2433145083,8,2026-09-23T06:51:38Z,2026-09-23T06:52:08Z
116-20260923-005,vehicle-895,116,2433145574,9,2026-09-23T06:52:58Z,2026-09-23T06:53:28Z
116-20260923-005,vehicle-895,116,2488185910,10,2026-09-23T06:55:51Z,2026-09-23T06:56:21Z
116-20260923-005,vehicle-895,116,2433145454,11,2026-09-23T06:57:30Z,2026-09-23T06:58:00Z
116-20260923-005,vehicle-895,116,2433145529,12,2026-09-23T06:58:27Z,2026-09-23T06:58:57Z
116-20260923-005,vehicle-895,116,4592512830,13,2026-09-23T06:59:29Z,2026-09-23T06:59:59Z
116-20260923-005,vehicle-895,116,2433145264,14,2026-09-23T07:00:29Z,2026-09-23T07:00:59Z
116-20260923-005,vehicle-895,116,2433145591,15,2026-09-23T07:02:18Z,2026-09-23T07:02:48Z
116-20260923-005,vehicle-895,116,2433145175,16,2026-09-23T07:04:14Z,2026-09-23T07:04:44Z
116-20260923-005,vehicle-895,116,2433145207,17,2026-09-23T07:05:24Z,2026-09-23T07:05:54Z
116-20260923-005,vehicle-895,116,2433145132,18,2026-09-23T07:06:52Z,2026-09-23T07:07:22Z
116-20260923-005,vehicle-895,116,10774286818,19,2026-09-23T07:09:07Z,2026-09-23T07:09:37Z
116-20260923-005,vehicle-895,116,10774286822,20,2026-09-23T07:11:28Z,2026-09-23T07:11:58Z
116-20260923-005,vehicle-895,116,1188905583,21,2026-09-23T07:13:49Z,2026-09-23T07:14:19Z
116-20260923-005,vehicle-895,116,10601114147,22,2026-09-23T07:15:00Z,2026-09-23T07:15:30Z
116-20260923-005,vehicle-895,116,10774286817,23,2026-09-23T07:16:08Z,2026-09-23T07:16:38Z
116-20260923-005,vehicle-895,116,10774286826,24,2026-09-23T07:17:04Z,2026-09-23T07:17:34Z
116-20260923-005,vehicle-895,116,10774286828,25,2026-09-23T07:18:06Z,2026-09-23T07:18:36Z
116-20260923-005,vehicle-895,116,10599880593,26,2026-09-23T07:19:30Z,2026-09-23T07:20:00Z
116-20260923-005,vehicle-895,116,10599880591,27,2026-09-23T07:20:44Z,2026-09-23T07:21:14Z
116-20260923-005,vehicle-895,116,14170887503,28,2026-09-23T07:22:02Z,2026-09-23T07:22:32Z
116-20260923-005,vehicle-895,116,966788530,29,2026-09-23T07:22:53Z,2026-09-23T07:23:23Z
116-20260923-006,vehicle-896,116,10774286821,1,2026-09-23T06:39:00Z,2026-09-23T06:39:30Z
116-20260923-006,vehicle-896,116,10774286820,2,2026-09-23T06:40:25Z,2026-09-23T06:40:55Z
116-20260923-006,vehicle-896,116,2491233118,3,2026-09-23T06:41:23Z,2026-09-23T06:41:53Z
116-20260923-006,vehicle-896,116,2491233106,4,2026-09-23T06:42:31Z,2026-09-23T06:43:01Z
116-20260923-006,vehicle-896,116,5019627883,5,2026-09-23T06:44:28Z,2026-09-23T06:44:58Z
116-20260923-006,vehicle-896,116,10601114160,6,2026-09-23T06:45:45Z,2026-09-23T06:46:15Z
116-20260923-006,vehicle-896,116,12635078184,7,2026-09-23T06:47:18Z,2026-09-23T06:47:48Z
116-20260923-006,vehicle-896,116,2433145083,8,2026-09-23T06:48:08Z,2026-09-23T06:48:38Z
116-20260923-006,vehicle-896,116,2433145574,9,2026-09-23T06:49:28Z,2026-09-23T06:49:58Z
116-20260923-006,vehicle-896,116,2488185910,10,2026-09-23T06:52:21Z,2026-09-23T06:52:51Z
116-20260923-006,vehicle-896,116,2433145454,11,2026-09-23T06:54:00Z,2026-09-23T06:54:30Z
116-20260923-006,vehicle-896,116,2433145529,12,2026-09-23T06:54:57Z,2026-09-23T06:55:27Z
116-20260923-006,vehicle-896,116,4592512830,13,2026-09-23T06:55:59Z,2026-09-23T06:56:29Z
116-20260923-006,vehicle-896,116,2433145264,14,2026-09-23T06:56:59Z,2026-09-23T06:57:29Z
116-20260923-006,vehicle-896,116,2433145591,15,2026-09-23T06:58:48Z,2026-09-23T06:59:18Z
116-20260923-006,vehicle-896,116,2433145175,16,2026-09-23T07:00:44Z,2026-09-23T07:01:14Z
116-20260923-006,vehicle-896,116,2433145207,17,2026-09-23T07:01:54Z,2026-09-23T07:02:24Z
116-20260923-006,vehicle-896,116,2433145132,18,2026-09-23T07:03:22Z,2026-09-23T07:03:52Z
116-20260923-006,vehicle-896,116,10774286818,19,2026-09-23T07:05:37Z,2026-09-23T07:06:07Z
116-20260923-006,vehicle-896,116,10774286822,20,2026-09-23T07:07:58Z,2026-09-23T07:08:28Z
116-20260923-006,vehicle-896,116,1188905583,21,2026-09-23T07:10:19Z,2026-09-23T07:10:49Z
116-20260923-006,vehicle-896,116,10601114147,22,2026-09-23T07:11:30Z,2026-09-23T07:12:00Z
116-20260923-006,vehicle-896,116,10774286817,23,2026-09-23T07:12:38Z,2026-09-23T07:13:08Z
116-20260923-006,vehicle-896,116,10774286826,24,2026-09-23T07:13:34Z,2026-09-23T07:14:04Z
116-20260923-006,vehicle-896,116,10774286828,25,2026-09-23T07:14:36Z,2026-09-23T07:15:06Z
116-20260923-006,vehicle-896,116,10599880593,26,2026-09-23T07:16:00Z,2026-09-23T07:16:30Z
116-20260923-006,vehicle-896,116,10599880591,27,2026-09-23T07:17:14Z,2026-09-23T07:17:44Z
116-20260923-006,vehicle-896,116,14170887503,28,2026-09-23T07:18:32Z,2026-09-23T07:19:02Z
116-20260923-006,vehicle-896,116,966788530,29,2026-09-23T07:19:23Z,2026-09-23T07:19:53Z
116-20260923-007,vehicle-897,116,10774286821,1,2026-09-23T06:35:30Z,2026-09-23T06:36:00Z
116-20260923-007,vehicle-897,116,10774286820,2,2026-09-23T06:36:55Z,2026-09-23T06:37:25Z
116-20260923-007,vehicle-897,116,2491233118,3,2026-09-23T06:37:53Z,2026-09-23T06:38:23Z
116-20260923-007,vehicle-897,116,2491233106,4,2026-09-23T06:39:01Z,2026-09-23T06:39:31Z
116-20260923-007,vehicle-897,116,5019627883,5,2026-09-23T06:40:58Z,2026-09-23T06:41:28Z
116-20260923-007,vehicle-897,116,10601114160,6,2026-09-23T06:42:15Z,2026-09-23T06:42:45Z
116-20260923-007,vehicle-897,116,12635078184,7,2026-09-23T06:43:48Z,2026-09-23T06:44:18Z
116-20260923-007,vehicle-897,116,2433145083,8,2026-09-23T06:44:38Z,2026-09-23T06:45:08Z
116-20260923-007,vehicle-897,116,2433145574,9,2026-09-23T06:45:58Z,2026-09-23T06:46:28Z
116-20260923-007,vehicle-897,116,2488185910,10,2026-09-23T06:48:51Z,2026-09-23T06:49:21Z
116-20260923-007,vehicle-897,116,2433145454,11,2026-09-23T06:50:30Z,2026-09-23T06:51:00Z
116-20260923-007,vehicle-897,116,2433145529,12,2026-09-23T06:51:27Z,2026-09-23T06:51:57Z
116-20260923-007,vehicle-897,116,4592512830,13,2026-09-23T06:52:29Z,2026-09-23T06:52:59Z
116-20260923-007,vehicle-897,116,2433145264,14,2026-09-23T06:53:29Z,2026-09-23T06:53:59Z
116-20260923-007,vehicle-897,116,2433145591,15,2026-09-23T06:55:18Z,2026-09-23T06:55:48Z
116-20260923-007,vehicle-897,116,2433145175,16,2026-09-23T06:57:14Z,2026-09-23T06:57:44Z
116-20260923-007,vehicle-897,116,2433145207,17,2026-09-23T06:58:24Z,2026-09-23T06:58:54Z
116-20260923-007,vehicle-897,116,2433145132,18,2026-09-23T06:59:52Z,2026-09-23T07:00:22Z
116-20260923-007,vehicle-897,116,10774286818,19,2026-09-23T07:02:07Z,2026-09-23T07:02:37Z
116-20260923-007,vehicle-897,116,10774286822,20,2026-09-23T07:04:28Z,2026-09-23T07:04:58Z
116-20260923-007,vehicle-897,116,1188905583,21,2026-09-23T07:06:49Z,2026-09-23T07:07:19Z
116-20260923-007,vehicle-897,116,10601114147,22,2026-09-23T07:08:00Z,2026-09-23T07:08:30Z
116-20260923-007,vehicle-897,116,10774286817,23,2026-09-23T07:09:08Z,2026-09-23T07:09:38Z
116-20260923-007,vehicle-897,116,10774286826,24,2026-09-23T07:10:04Z,2026-09-23T07:10:34Z
116-20260923-007,vehicle-897,116,10774286828,25,2026-09-23T07:11:06Z,2026-09-23T07:11:36Z
116-20260923-007,vehicle-897,116,10599880593,26,2026-09-23T07:12:30Z,2026-09-23T07:13:00Z
116-20260923-007,vehicle-897,116,10599880591,27,2026-09-23T07:13:44Z,2026-09-23T07:14:14Z
116-20260923-007,vehicle-897,116,14170887503,28,2026-09-23T07:15:02Z,2026-09-23T07:15:32Z
116-20260923-007,vehicle-897,116,966788530,29,2026-09-23T07:15:53Z,2026-09-23T07:16:23Z
м1-20260923-000,vehicle-900,м1,10030517751,1,2026-09-23T07:00:00Z,2026-09-23T07:00:30Z
м1-20260923-000,vehicle-900,м1,10030517718,2,2026-09-23T07:01:04Z,2026-09-23T07:01:34Z
м1-20260923-000,vehicle-900,м1,4442981247,3,2026-09-23T07:02:06Z,2026-09-23T07:02:36Z
м1-20260923-000,vehicle-900,м1,10030517717,4,2026-09-23T07:03:12Z,2026-09-23T07:03:42Z
м1-20260923-000,vehicle-900,м1,10030509216,5,2026-09-23T07:04:31Z,2026-09-23T07:05:01Z
м1-20260923-000,vehicle-900,м1,10030509215,6,2026-09-23T07:05:46Z,2026-09-23T07:06:16Z
м1-20260923-000,vehicle-900,м1,10030517763,7,2026-09-23T07:07:01Z,2026-09-23T07:07:31Z
м1-20260923-000,vehicle-900,м1,10030509214,8,2026-09-23T07:08:17Z,2026-09-23T07:08:47Z
м1-20260923-000,vehicle-900,м1,10030509213,9,2026-09-23T07:09:32Z,2026-09-23T07:10:02Z
м1-20260923-000,vehicle-900,м1,10030517762,10,2026-09-23T07:10:57Z,2026-09-23T07:11:27Z
м1-20260923-000,vehicle-900,м1,10030517761,11,2026-09-23T07:12:16Z,2026-09-23T07:12:46Z
м1-20260923-000,vehicle-900,м1,10030509212,12,2026-09-23T07:13:40Z,2026-09-23T07:14:10Z
м1-20260923-000,vehicle-900,м1,10030509211,13,2026-09-23T07:14:56Z,2026-09-23T07:15:26Z
м1-20260923-000,vehicle-900,м1,10030509210,14,2026-09-23T07:15:56Z,2026-09-23T07:16:26Z
м1-20260923-000,vehicle-900,м1,3609899718,15,2026-09-23T07:17:15Z,2026-09-23T07:17:45Z
м1-20260923-000,vehicle-900,м1,10030517760,16,2026-09-23T07:18:41Z,2026-09-23T07:19:11Z
м1-20260923-000,vehicle-900,м1,10030509209,17,2026-09-23T07:19:53Z,2026-09-23T07:20:23Z
м1-20260923-000,vehicle-900,м1,10030509207,18,2026-09-23T07:21:23Z,2026-09-23T07:21:53Z
м1-20260923-000,vehicle-900,м1,10030509206,19,2026-09-23T07:22:36Z,2026-09-23T07:23:06Z
м1-20260923-000,vehicle-900,м1,10030517759,20,2026-09-23T07:24:05Z,2026-09-23T07:24:35Z
м1-20260923-000,vehicle-900,м1,10030509203,21,2026-09-23T07:25:38Z,2026-09-23T07:26:08Z
м1-20260923-000,vehicle-900,м1,9113867001,22,2026-09-23T07:27:22Z,2026-09-23T07:27:52Z
м1-20260923-000,vehicle-900,м1,9113867003,23,2026-09-23T07:28:38Z,2026-09-23T07:29:08Z
м1-20260923-000,vehicle-900,м1,9113867005,24,2026-09-23T07:29:51Z,2026-09-23T07:30:21Z
м1-20260923-000,vehicle-900,м1,9113867008,25,2026-09-23T07:31:06Z,2026-09-23T07:31:36Z
м1-20260923-000,vehicle-900,м1,9113867007,26,2026-09-23T07:32:09Z,2026-09-23T07:32:39Z
м1-20260923-000,vehicle-900,м1,2443311250,27,2026-09-23T07:33:40Z,2026-09-23T07:34:10Z
м1-20260923-000,vehicle-900,м1,1253685229,28,2026-09-23T07:36:33Z,2026-09-23T07:37:03Z
м1-20260923-000,vehicle-900,м1,1253685308,29,2026-09-23T07:38:18Z,2026-09-23T07:38:48Z
м1-20260923-000,vehicle-900,м1,1253685159,30,2026-09-23T07:40:09Z,2026-09-23T07:40:39Z
м1-20260923-000,vehicle-900,м1,1253685175,31,2026-09-23T07:41:38Z,2026-09-23T07:42:08Z
м1-20260923-000,vehicle-900,м1,1253685248,32,2026-09-23T07:42:46Z,2026-09-23T07:43:16Z
м1-20260923-000,vehicle-900,м1,1253685322,33,2026-09-23T07:44:12Z,2026-09-23T07:44:42Z
м1-20260923-000,vehicle-900,м1,1253685220,34,2026-09-23T07:45:21Z,2026-09-23T07:45:51Z
м1-20260923-000,vehicle-900,м1,1253685305,35,2026-09-23T07:46:35Z,2026-09-23T07:47:05Z
м1-20260923-000,vehicle-900,м1,5041554170,36,2026-09-23T07:47:40Z,2026-09-23T07:48:10Z
м1-20260923-000,vehicle-900,м1,1253685272,37,2026-09-23T07:49:15Z,2026-09-23T07:49:45Z
м1-20260923-000,vehicle-900,м1,1253685152,38,2026-09-23T07:50:22Z,2026-09-23T07:50:52Z
м1-20260923-000,vehicle-900,м1,1253685235,39,2026-09-23T07:51:20Z,2026-09-23T07:51:50Z
м1-20260923-000,vehicle-900,м1,1253685318,40,2026-09-23T07:52:36Z,2026-09-23T07:53:06Z
м1-20260923-000,vehicle-900,м1,1253685218,41,2026-09-23T07:54:33Z,2026-09-23T07:55:03Z
м1-20260923-000,vehicle-900,м1,1253685293,42,2026-09-23T07:55:22Z,2026-09-23T07:55:52Z
м1-20260923-000,vehicle-900,м1,1253685265,43,2026-09-23T07:56:43Z,2026-09-23T07:57:13Z
м1-20260923-000,vehicle-900,м1,1253685138,44,2026-09-23T07:58:13Z,2026-09-23T07:58:43Z
м1-20260923-000,vehicle-900,м1,1253685164,45,2026-09-23T07:59:53Z,2026-09-23T08:00:23Z
м1-20260923-000,vehicle-900,м1,1253685245,46,2026-09-23T08:01:14Z,2026-09-23T08:01:44Z
м1-20260923-000,vehicle-900,м1,1253685276,47,2026-09-23T08:02:20Z,2026-09-23T08:02:50Z
м1-20260923-000,vehicle-900,м1,1253685156,48,2026-09-23T08:03:30Z,2026-09-23T08:04:00Z
м1-20260923-000,vehicle-900,м1,1253685181,49,2026-09-23T08:05:31Z,2026-09-23T08:06:01Z
м1-20260923-000,vehicle-900,м1,1253685137,50,2026-09-23T08:07:50Z,2026-09-23T08:08:20Z
м1-20260923-000,vehicle-900,м1,1253685234,51,2026-09-23T08:08:50Z,2026-09-23T08:09:20Z
м1-20260923-000,vehicle-900,м1,1253685287,52,2026-09-23T08:09:53Z,2026-09-23T08:10:23Z
м1-20260923-000,vehicle-900,м1,1253685251,53,2026-09-23T08:11:58Z,2026-09-23T08:12:28Z
м1-20260923-000,vehicle-900,м1,1253685334,54,2026-09-23T08:13:08Z,2026-09-23T08:13:38Z
м1-20260923-000,vehicle-900,м1,1253685339,55,2026-09-23T08:14:49Z,2026-09-23T08:15:19Z
м1-20260923-000,vehicle-900,м1,1253685232,56,2026-09-23T08:15:38Z,2026-09-23T08:16:08Z
м1-20260923-000,vehicle-900,м1,1253685316,57,2026-09-23T08:17:12Z,2026-09-23T08:17:42Z
м1-20260923-001,vehicle-901,м1,10030517751,1,2026-09-23T06:56:30Z,2026-09-23T06:57:00Z
м1-20260923-001,vehicle-901,м1,10030517718,2,2026-09-23T06:57:34Z,2026-09-23T06:58:04Z
м1-20260923-001,vehicle-901,м1,4442981247,3,2026-09-23T06:58:36Z,2026-09-23T06:59:06Z
м1-20260923-001,vehicle-901,м1,10030517717,4,2026-09-23T06:59:42Z,2026-09-23T07:00:12Z
м1-20260923-001,vehicle-901,м1,10030509216,5,2026-09-23T07:01:01Z,2026-09-23T07:01:31Z
м1-20260923-001,vehicle-901,м1,10030509215,6,2026-09-23T07:02:16Z,2026-09-23T07:02:46Z
м1-20260923-001,vehicle-901,м1,10030517763,7,2026-09-23T07:03:31Z,2026-09-23T07:04:01Z
м1-20260923-001,vehicle-901,м1,10030509214,8,2026-09-23T07:04:47Z,2026-09-23T07:05:17Z
м1-20260923-001,vehicle-901,м1,10030509213,9,2026-09-23T07:06:02Z,2026-09-23T07:06:32Z
м1-20260923-001,vehicle-901,м1,10030517762,10,2026-09-23T07:07:27Z,2026-09-23T07:07:57Z
м1-20260923-001,vehicle-901,м1,10030517761,11,2026-09-23T07:08:46Z,2026-09-23T07:09:16Z
м1-20260923-001,vehicle-901,м1,10030509212,12,2026-09-23T07:10:10Z,2026-09-23T07:10:40Z
м1-20260923-001,vehicle-901,м1,10030509211,13,2026-09-23T07:11:26Z,2026-09-23T07:11:56Z
м1-20260923-001,vehicle-901,м1,10030509210,14,2026-09-23T07:12:26Z,2026-09-23T07:12:56Z
м1-20260923-001,vehicle-901,м1,3609899718,15,2026-09-23T07:13:45Z,2026-09-23T07:14:15Z
м1-20260923-001,vehicle-901,м1,10030517760,16,2026-09-23T07:15:11Z,2026-09-23T07:15:41Z
м1-20260923-001,vehicle-901,м1,10030509209,17,2026-09-23T07:16:23Z,2026-09-23T07:16:53Z
м1-20260923-001,vehicle-901,м1,10030509207,18,2026-09-23T07:17:53Z,2026-09-23T07:18:23Z
м1-20260923-001,vehicle-901,м1,10030509206,19,2026-09-23T07:19:06Z,2026-09-23T07:19:36Z
м1-20260923-001,vehicle-901,м1,10030517759,20,2026-09-23T07:20:35Z,2026-09-23T07:21:05Z
м1-20260923-001,vehicle-901,м1,10030509203,21,2026-09-23T07:22:08Z,2026-09-23T07:22:38Z
м1-20260923-001,vehicle-901,м1,9113867001,22,2026-09-23T07:23:52Z,2026-09-23T07:24:22Z
м1-20260923-001,vehicle-901,м1,9113867003,23,2026-09-23T07:25:08Z,2026-09-23T07:25:38Z
м1-20260923-001,vehicle-901,м1,9113867005,24,2026-09-23T07:26:21Z,2026-09-23T07:26:51Z
м1-20260923-001,vehicle-901,м1,9113867008,25,2026-09-23T07:27:36Z,2026-09-23T07:28:06Z
м1-20260923-001,vehicle-901,м1,9113867007,26,2026-09-23T07:28:39Z,2026-09-23T07:29:09Z
м1-20260923-001,vehicle-901,м1,2443311250,27,2026-09-23T07:30:10Z,2026-09-23T07:30:40Z
м1-20260923-001,vehicle-901,м1,1253685229,28,2026-09-23T07:33:03Z,2026-09-23T07:33:33Z
м1-20260923-001,vehicle-901,м1,1253685308,29,2026-09-23T07:34:48Z,2026-09-23T07:35:18Z
м1-20260923-001,vehicle-901,м1,1253685159,30,2026-09-23T07:36:39Z,2026-09-23T07:37:09Z
м1-20260923-001,vehicle-901,м1,1253685175,31,2026-09-23T07:38:08Z,2026-09-23T07:38:38Z
м1-20260923-001,vehicle-901,м1,1253685248,32,2026-09-23T07:39:16Z,2026-09-23T07:39:46Z
м1-20260923-001,vehicle-901,м1,1253685322,33,2026-09-23T07:40:42Z,2026-09-23T07:41:12Z
м1-20260923-001,vehicle-901,м1,1253685220,34,2026-09-23T07:41:51Z,2026-09-23T07:42:21Z
м1-20260923-001,vehicle-901,м1,1253685305,35,2026-09-23T07:43:05Z,2026-09-23T07:43:35Z
м1-20260923-001,vehicle-901,м1,5041554170,36,2026-09-23T07:44:10Z,2026-09-23T07:44:40Z
м1-20260923-001,vehicle-901,м1,1253685272,37,2026-09-23T07:45:45Z,2026-09-23T07:46:15Z
м1-20260923-001,vehicle-901,м1,1253685152,38,2026-09-23T07:46:52Z,2026-09-23T07:47:22Z
м1-20260923-001,vehicle-901,м1,1253685235,39,2026-09-23T07:47:50Z,2026-09-23T07:48:20Z
м1-20260923-001,vehicle-901,м1,1253685318,40,2026-09-23T07:49:06Z,2026-09-23T07:49:36Z
м1-20260923-001,vehicle-901,м1,1253685218,41,2026-09-23T07:51:03Z,2026-09-23T07:51:33Z
м1-20260923-001,vehicle-901,м1,1253685293,42,2026-09-23T07:51:52Z,2026-09-23T07:52:22Z
м1-20260923-001,vehicle-901,м1,1253685265,43,2026-09-23T07:53:13Z,2026-09-23T07:53:43Z
м1-20260923-001,vehicle-901,м1,1253685138,44,2026-09-23T07:54:43Z,2026-09-23T07:55:13Z
м1-20260923-001,vehicle-901,м1,1253685164,45,2026-09-23T07:56:23Z,2026-09-23T07:56:53Z
м1-20260923-001,vehicle-901,м1,1253685245,46,2026-09-23T07:57:44Z,2026-09-23T07:58:14Z
м1-20260923-001,vehicle-901,м1,1253685276,47,2026-09-23T07:58:50Z,2026-09-23T07:59:20Z
м1-20260923-001,vehicle-901,м1,1253685156,48,2026-09-23T08:00:00Z,2026-09-23T08:00:30Z
м1-20260923-001,vehicle-901,м1,1253685181,49,2026-09-23T08:02:01Z,2026-09-23T08:02:31Z
м1-20260923-001,vehicle-901,м1,1253685137,50,2026-09-23T08:04:20Z,2026-09-23T08:04:50Z
м1-20260923-001,vehicle-901,м1,1253685234,51,2026-09-23T08:05:20Z,2026-09-23T08:05:50Z
м1-20260923-001,vehicle-901,м1,1253685287,52,2026-09-23T08:06:23Z,2026-09-23T08:06:53Z
м1-20260923-001,vehicle-901,м1,1253685251,53,2026-09-23T08:08:28Z,2026-09-23T08:08:58Z
м1-20260923-001,vehicle-901,м1,1253685334,54,2026-09-23T08:09:38Z,2026-09-23T08:10:08Z
м1-20260923-001,vehicle-901,м1,1253685339,55,2026-09-23T08:11:19Z,2026-09-23T08:11:49Z
м1-20260923-001,vehicle-901,м1,1253685232,56,2026-09-23T08:12:08Z,2026-09-23T08:12:38Z
м1-20260923-001,vehicle-901,м1,1253685316,57,2026-09-23T08:13:42Z,2026-09-23T08:14:12Z
м1-20260923-002,vehicle-902,м1,10030517751,1,2026-09-23T06:53:00Z,2026-09-23T06:53:30Z
м1-20260923-002,vehicle-902,м1,10030517718,2,2026-09-23T06:54:04Z,2026-09-23T06:54:34Z
м1-20260923-002,vehicle-902,м1,4442981247,3,2026-09-23T06:55:06Z,2026-09-23T06:55:36Z
м1-20260923-002,vehicle-902,м1,10030517717,4,2026-09-23T06:56:12Z,2026-09-23T06:56:42Z
м1-20260923-002,vehicle-902,м1,10030509216,5,2026-09-23T06:57:31Z,2026-09-23T06:58:01Z
м1-20260923-002,vehicle-902,м1,10030509215,6,2026-09-23T06:58:46Z,2026-09-23T06:59:16Z
м1-20260923-002,vehicle-902,м1,10030517763,7,2026-09-23T07:00:01Z,2026-09-23T07:00:31Z
м1-20260923-002,vehicle-902,м1,10030509214,8,2026-09-23T07:01:17Z,2026-09-23T07:01:47Z
м1-20260923-002,vehicle-902,м1,10030509213,9,2026-09-23T07:02:32Z,2026-09-23T07:03:02Z
м1-20260923-002,vehicle-902,м1,10030517762,10,2026-09-23T07:03:57Z,2026-09-23T07:04:27Z
м1-20260923-002,vehicle-902,м1,10030517761,11,2026-09-23T07:05:16Z,2026-09-23T07:05:46Z
м1-20260923-002,vehicle-902,м1,10030509212,12,2026-09-23T07:06:40Z,2026-09-23T07:07:10Z
м1-20260923-002,vehicle-902,м1,10030509211,13,2026-09-23T07:07:56Z,2026-09-23T07:08:26Z
м1-20260923-002,vehicle-902,м1,10030509210,14,2026-09-23T07:08:56Z,2026-09-23T07:09:26Z
м1-20260923-002,vehicle-902,м1,3609899718,15,2026-09-23T07:10:15Z,2026-09-23T07:10:45Z
м1-20260923-002,vehicle-902,м1,10030517760,16,2026-09-23T07:11:41Z,2026-09-23T07:12:11Z
м1-20260923-002,vehicle-902,м1,10030509209,17,2026-09-23T07:12:53Z,2026-09-23T07:13:23Z
м1-20260923-002,vehicle-902,м1,10030509207,18,2026-09-23T07:14:23Z,2026-09-23T07:14:53Z
м1-20260923-002,vehicle-902,м1,10030509206,19,2026-09-23T07:15:36Z,2026-09-23T07:16:06Z
м1-20260923-002,vehicle-902,м1,10030517759,20,2026-09-23T07:17:05Z,2026-09-23T07:17:35Z
м1-20260923-002,vehicle-902,м1,10030509203,21,2026-09-23T07:18:38Z,2026-09-23T07:19:08Z
м1-20260923-002,vehicle-902,м1,9113867001,22,2026-09-23T07:20:22Z,2026-09-23T07:20:52Z
м1-20260923-002,vehicle-902,м1,9113867003,23,2026-09-23T07:21:38Z,2026-09-23T07:22:08Z
м1-20260923-002,vehicle-902,м1,9113867005,24,2026-09-23T07:22:51Z,2026-09-23T07:23:21Z
м1-20260923-002,vehicle-902,м1,9113867008,25,2026-09-23T07:24:06Z,2026-09-23T07:24:36Z
м1-20260923-002,vehicle-902,м1,9113867007,26,2026-09-23T07:25:09Z,2026-09-23T07:25:39Z
м1-20260923-002,vehicle-902,м1,2443311250,27,2026-09-23T07:26:40Z,2026-09-23T07:27:10Z
м1-20260923-002,vehicle-902,м1,1253685229,28,2026-09-23T07:29:33Z,2026-09-23T07:30:03Z
м1-20260923-002,vehicle-902,м1,1253685308,29,2026-09-23T07:31:18Z,2026-09-23T07:31:48Z
м1-20260923-002,vehicle-902,м1,1253685159,30,2026-09-23T07:33:09Z,2026-09-23T07:33:39Z
м1-20260923-002,vehicle-902,м1,1253685175,31,2026-09-23T07:34:38Z,2026-09-23T07:35:08Z
м1-20260923-002,vehicle-902,м1,1253685248,32,2026-09-23T07:35:46Z,2026-09-23T07:36:16Z
м1-20260923-002,vehicle-902,м1,1253685322,33,2026-09-23T07:37:12Z,2026-09-23T07:37:42Z
м1-20260923-002,vehicle-902,м1,1253685220,34,2026-09-23T07:38:21Z,2026-09-23T07:38:51Z
м1-20260923-002,vehicle-902,м1,1253685305,35,2026-09-23T07:39:35Z,2026-09-23T07:40:05Z
м1-20260923-002,vehicle-902,м1,5041554170,36,2026-09-23T07:40:40Z,2026-09-23T07:41:10Z
м1-20260923-002,vehicle-902,м1,1253685272,37,2026-09-23T07:42:15Z,2026-09-23T07:42:45Z
м1-20260923-002,vehicle-902,м1,1253685152,38,2026-09-23T07:43:22Z,2026-09-23T07:43:52Z
м1-20260923-002,vehicle-902,м1,1253685235,39,2026-09-23T07:44:20Z,2026-09-23T07:44:50Z
м1-20260923-002,vehicle-902,м1,1253685318,40,2026-09-23T07:45:36Z,2026-09-23T07:46:06Z
м1-20260923-002,vehicle-902,м1,1253685218,41,2026-09-23T07:47:33Z,2026-09-23T07:48:03Z
м1-20260923-002,vehicle-902,м1,1253685293,42,2026-09-23T07:48:22Z,2026-09-23T07:48:52Z
м1-20260923-002,vehicle-902,м1,1253685265,43,2026-09-23T07:49:43Z,2026-09-23T07:50:13Z
м1-20260923-002,vehicle-902,м1,1253685138,44,2026-09-23T07:51:13Z,2026-09-23T07:51:43Z
м1-20260923-002,vehicle-902,м1,1253685164,45,2026-09-23T07:52:53Z,2026-09-23T07:53:23Z
м1-20260923-002,vehicle-902,м1,1253685245,46,2026-09-23T07:54:14Z,2026-09-23T07:54:44Z
м1-20260923-002,vehicle-902,м1,1253685276,47,2026-09-23T07:55:20Z,2026-09-23T07:55:50Z
м1-20260923-002,vehicle-902,м1,1253685156,48,2026-09-23T07:56:30Z,2026-09-23T07:57:00Z
м1-20260923-002,vehicle-902,м1,1253685181,49,2026-09-23T07:58:31Z,2026-09-23T07:59:01Z
м1-20260923-002,vehicle-902,м1,1253685137,50,2026-09-23T08:00:50Z,2026-09-23T08:01:20Z
м1-20260923-002,vehicle-902,м1,1253685234,51,2026-09-23T08:01:50Z,2026-09-23T08:02:20Z
м1-20260923-002,vehicle-902,м1,1253685287,52,2026-09-23T08:02:53Z,2026-09-23T08:03:23Z
м1-20260923-002,vehicle-902,м1,1253685251,53,2026-09-23T08:04:58Z,2026-09-23T08:05:28Z
м1-20260923-002,vehicle-902,м1,1253685334,54,2026-09-23T08:06:08Z,2026-09-23T08:06:38Z
м1-20260923-002,vehicle-902,м1,1253685339,55,2026-09-23T08:07:49Z,2026-09-23T08:08:19Z
м1-20260923-002,vehicle-902,м1,1253685232,56,2026-09-23T08:08:38Z,2026-09-23T08:09:08Z
м1-20260923-002,vehicle-902,м1,1253685316,57,2026-09-23T08:10:12Z,2026-09-23T08:10:42Z
м1-20260923-003,vehicle-903,м1,10030517751,1,2026-09-23T06:49:30Z,2026-09-23T06:50:00Z
м1-20260923-003,vehicle-903,м1,10030517718,2,2026-09-23T06:50:34Z,2026-09-23T06:51:04Z
м1-20260923-003,vehicle-903,м1,4442981247,3,2026-09-23T06:51:36Z,2026-09-23T06:52:06Z
м1-20260923-003,vehicle-903,м1,10030517717,4,2026-09-23T06:52:42Z,2026-09-23T06:53:12Z
м1-20260923-003,vehicle-903,м1,10030509216,5,2026-09-23T06:54:01Z,2026-09-23T06:54:31Z
м1-20260923-003,vehicle-903,м1,10030509215,6,2026-09-23T06:55:16Z,2026-09-23T06:55:46Z
м1-20260923-003,vehicle-903,м1,10030517763,7,2026-09-23T06:56:31Z,2026-09-23T06:57:01Z
м1-20260923-003,vehicle-903,м1,10030509214,8,2026-09-23T06:57:47Z,2026-09-23T06:58:17Z
м1-20260923-003,vehicle-903,м1,10030509213,9,2026-09-23T06:59:02Z,2026-09-23T06:59:32Z
м1-20260923-003,vehicle-903,м1,10030517762,10,2026-09-23T07:00:27Z,2026-09-23T07:00:57Z
м1-20260923-003,vehicle-903,м1,10030517761,11,2026-09-23T07:01:46Z,2026-09-23T07:02:16Z
м1-20260923-003,vehicle-903,м1,10030509212,12,2026-09-23T07:03:10Z,2026-09-23T07:03:40Z
м1-20260923-003,vehicle-903,м1,10030509211,13,2026-09-23T07:04:26Z,2026-09-23T07:04:56Z
м1-20260923-003,vehicle-903,м1,10030509210,14,2026-09-23T07:05:26Z,2026-09-23T07:05:56Z
м1-20260923-003,vehicle-903,м1,3609899718,15,2026-09-23T07:06:45Z,2026-09-23T07:07:15Z
м1-20260923-003,vehicle-903,м1,10030517760,16,2026-09-23T07:08:11Z,2026-09-23T07:08:41Z
м1-20260923-003,vehicle-903,м1,10030509209,17,2026-09-23T07:09:23Z,2026-09-23T07:09:53Z
м1-20260923-003,vehicle-903,м1,10030509207,18,2026-09-23T07:10:53Z,2026-09-23T07:11:23Z
м1-20260923-003,vehicle-903,м1,10030509206,19,2026-09-23T07:12:06Z,2026-09-23T07:12:36Z
м1-20260923-003,vehicle-903,м1,10030517759,20,2026-09-23T07:13:35Z,2026-09-23T07:14:05Z
м1-20260923-003,vehicle-903,м1,10030509203,21,2026-09-23T07:15:08Z,2026-09-23T07:15:38Z
м1-20260923-003,vehicle-903,м1,9113867001,22,2026-09-23T07:16:52Z,2026-09-23T07:17:22Z
м1-20260923-003,vehicle-903,м1,9113867003,23,2026-09-23T07:18:08Z,2026-09-23T07:18:38Z
м1-20260923-003,vehicle-903,м1,9113867005,24,2026-09-23T07:19:21Z,2026-09-23T07:19:51Z
м1-20260923-003,vehicle-903,м1,9113867008,25,2026-09-23T07:20:36Z,2026-09-23T07:21:06Z
м1-20260923-003,vehicle-903,м1,9113867007,26,2026-09-23T07:21:39Z,2026-09-23T07:22:09Z
м1-20260923-003,vehicle-903,м1,2443311250,27,2026-09-23T07:23:10Z,2026-09-23T07:23:40Z
м1-20260923-003,vehicle-903,м1,1253685229,28,2026-09-23T07:26:03Z,2026-09-23T07:26:33Z
м1-20260923-003,vehicle-903,м1,1253685308,29,2026-09-23T07:27:48Z,2026-09-23T07:28:18Z
м1-20260923-003,vehicle-903,м1,1253685159,30,2026-09-23T07:29:39Z,2026-09-23T07:30:09Z
м1-20260923-003,vehicle-903,м1,1253685175,31,2026-09-23T07:31:08Z,2026-09-23T07:31:38Z
м1-20260923-003,vehicle-903,м1,1253685248,32,2026-09-23T07:32:16Z,2026-09-23T07:32:46Z
м1-20260923-003,vehicle-903,м1,1253685322,33,2026-09-23T07:33:42Z,2026-09-23T07:34:12Z
м1-20260923-003,vehicle-903,м1,1253685220,34,2026-09-23T07:34:51Z,2026-09-23T07:35:21Z
м1-20260923-003,vehicle-903,м1,1253685305,35,2026-09-23T07:36:05Z,2026-09-23T07:36:35Z
м1-20260923-003,vehicle-903,м1,5041554170,36,2026-09-23T07:37:10Z,2026-09-23T07:37:40Z
м1-20260923-003,vehicle-903,м1,1253685272,37,2026-09-23T07:38:45Z,2026-09-23T07:39:15Z
м1-20260923-003,vehicle-903,м1,1253685152,38,2026-09-23T07:39:52Z,2026-09-23T07:40:22Z
м1-20260923-003,vehicle-903,м1,1253685235,39,2026-09-23T07:40:50Z,2026-09-23T07:41:20Z
м1-20260923-003,vehicle-903,м1,1253685318,40,2026-09-23T07:42:06Z,2026-09-23T07:42:36Z
м1-20260923-003,vehicle-903,м1,1253685218,41,2026-09-23T07:44:03Z,2026-09-23T07:44:33Z
м1-20260923-003,vehicle-903,м1,1253685293,42,2026-09-23T07:44:52Z,2026-09-23T07:45:22Z
м1-20260923-003,vehicle-903,м1,1253685265,43,2026-09-23T07:46:13Z,2026-09-23T07:46:43Z
м1-20260923-003,vehicle-903,м1,1253685138,44,2026-09-23T07:47:43Z,2026-09-23T07:48:13Z
м1-20260923-003,vehicle-903,м1,1253685164,45,2026-09-23T07:49:23Z,2026-09-23T07:49:53Z
м1-20260923-003,vehicle-903,м1,1253685245,46,2026-09-23T07:50:44Z,2026-09-23T07:51:14Z
м1-20260923-003,vehicle-903,м1,1253685276,47,2026-09-23T07:51:50Z,2026-09-23T07:52:20Z
м1-20260923-003,vehicle-903,м1,1253685156,48,2026-09-23T07:53:00Z,2026-09-23T07:53:30Z
м1-20260923-003,vehicle-903,м1,1253685181,49,2026-09-23T07:55:01Z,2026-09-23T07:55:31Z
м1-20260923-003,vehicle-903,м1,1253685137,50,2026-09-23T07:57:20Z,2026-09-23T07:57:50Z
м1-20260923-003,vehicle-903,м1,1253685234,51,2026-09-23T07:58:20Z,2026-09-23T07:58:50Z
м1-20260923-003,vehicle-903,м1,1253685287,52,2026-09-23T07:59:23Z,2026-09-23T07:59:53Z
м1-20260923-003,vehicle-903,м1,1253685251,53,2026-09-23T08:01:28Z,2026-09-23T08:01:58Z
м1-20260923-003,vehicle-903,м1,1253685334,54,2026-09-23T08:02:38Z,2026-09-23T08:03:08Z
м1-20260923-003,vehicle-903,м1,1253685339,55,2026-09-23T08:04:19Z,2026-09-23T08:04:49Z
м1-20260923-003,vehicle-903,м1,1253685232,56,2026-09-23T08:05:08Z,2026-09-23T08:05:38Z
м1-20260923-003,vehicle-903,м1,1253685316,57,2026-09-23T08:06:42Z,2026-09-23T08:07:12Z
м1-20260923-004,vehicle-904,м1,10030517751,1,2026-09-23T06:46:00Z,2026-09-23T06:46:30Z
м1-20260923-004,vehicle-904,м1,10030517718,2,2026-09-23T06:47:04Z,2026-09-23T06:47:34Z
м1-20260923-004,vehicle-904,м1,4442981247,3,2026-09-23T06:48:06Z,2026-09-23T06:48:36Z
м1-20260923-004,vehicle-904,м1,10030517717,4,2026-09-23T06:49:12Z,2026-09-23T06:49:42Z
м1-20260923-004,vehicle-904,м1,10030509216,5,2026-09-23T06:50:31Z,2026-09-23T06:51:01Z
м1-20260923-004,vehicle-904,м1,10030509215,6,2026-09-23T06:51:46Z,2026-09-23T06:52:16Z
м1-20260923-004,vehicle-904,м1,10030517763,7,2026-09-23T06:53:01Z,2026-09-23T06:53:31Z
м1-20260923-004,vehicle-904,м1,10030509214,8,2026-09-23T06:54:17Z,2026-09-23T06:54:47Z
м1-20260923-004,vehicle-904,м1,10030509213,9,2026-09-23T06:55:32Z,2026-09-23T06:56:02Z
м1-20260923-004,vehicle-904,м1,10030517762,10,2026-09-23T06:56:57Z,2026-09-23T06:57:27Z
м1-20260923-004,vehicle-904,м1,10030517761,11,2026-09-23T06:58:16Z,2026-09-23T06:58:46Z
м1-20260923-004,vehicle-904,м1,10030509212,12,2026-09-23T06:59:40Z,2026-09-23T07:00:10Z
м1-20260923-004,vehicle-904,м1,10030509211,13,2026-09-23T07:00:56Z,2026-09-23T07:01:26Z
м1-20260923-004,vehicle-904,м1,10030509210,14,2026-09-23T07:01:56Z,2026-09-23T07:02:26Z
м1-20260923-004,vehicle-904,м1,3609899718,15,2026-09-23T07:03:15Z,2026-09-23T07:03:45Z
м1-20260923-004,vehicle-904,м1,10030517760,16,2026-09-23T07:04:41Z,2026-09-23T07:05:11Z
м1-20260923-004,vehicle-904,м1,10030509209,17,2026-09-23T07:05:53Z,2026-09-23T07:06:23Z
м1-20260923-004,vehicle-904,м1,10030509207,18,2026-09-23T07:07:23Z,2026-09-23T07:07:53Z
м1-20260923-004,vehicle-904,м1,10030509206,19,2026-09-23T07:08:36Z,2026-09-23T07:09:06Z
м1-20260923-004,vehicle-904,м1,10030517759,20,2026-09-23T07:10:05Z,2026-09-23T07:10:35Z
м1-20260923-004,vehicle-904,м1,10030509203,21,2026-09-23T07:11:38Z,2026-09-23T07:12:08Z
м1-20260923-004,vehicle-904,м1,9113867001,22,2026-09-23T07:13:22Z,2026-09-23T07:13:52Z
м1-20260923-004,vehicle-904,м1,9113867003,23,2026-09-23T07:14:38Z,2026-09-23T07:15:08Z
м1-20260923-004,vehicle-904,м1,9113867005,24,2026-09-23T07:15:51Z,2026-09-23T07:16:21Z
м1-20260923-004,vehicle-904,м1,9113867008,25,2026-09-23T07:17:06Z,2026-09-23T07:17:36Z
м1-20260923-004,vehicle-904,м1,9113867007,26,2026-09-23T07:18:09Z,2026-09-23T07:18:39Z
м1-20260923-004,vehicle-904,м1,2443311250,27,2026-09-23T07:19:40Z,2026-09-23T07:20:10Z
м1-20260923-004,vehicle-904,м1,1253685229,28,2026-09-23T07:22:33Z,2026-09-23T07:23:03Z
м1-20260923-004,vehicle-904,м1,1253685308,29,2026-09-23T07:24:18Z,2026-09-23T07:24:48Z
м1-20260923-004,vehicle-904,м1,1253685159,30,2026-09-23T07:26:09Z,2026-09-23T07:26:39Z
м1-20260923-004,vehicle-904,м1,1253685175,31,2026-09-23T07:27:38Z,2026-09-23T07:28:08Z
м1-20260923-004,vehicle-904,м1,1253685248,32,2026-09-23T07:28:46Z,2026-09-23T07:29:16Z
м1-20260923-004,vehicle-904,м1,1253685322,33,2026-09-23T07:30:12Z,2026-09-23T07:30:42Z
м1-20260923-004,vehicle-904,м1,1253685220,34,2026-09-23T07:31:21Z,2026-09-23T07:31:51Z
м1-20260923-004,vehicle-904,м1,1253685305,35,2026-09-23T07:32:35Z,2026-09-23T07:33:05Z
м1-20260923-004,vehicle-904,м1,5041554170,36,2026-09-23T07:33:40Z,2026-09-23T07:34:10Z
м1-20260923-004,vehicle-904,м1,1253685272,37,2026-09-23T07:35:15Z,2026-09-23T07:35:45Z
м1-20260923-004,vehicle-904,м1,1253685152,38,2026-09-23T07:36:22Z,2026-09-23T07:36:52Z
м1-20260923-004,vehicle-904,м1,1253685235,39,2026-09-23T07:37:20Z,2026-09-23T07:37:50Z
м1-20260923-004,vehicle-904,м1,1253685318,40,2026-09-23T07:38:36Z,2026-09-23T07:39:06Z
м1-20260923-004,vehicle-904,м1,1253685218,41,2026-09-23T07:40:33Z,2026-09-23T07:41:03Z
м1-20260923-004,vehicle-904,м1,1253685293,42,2026-09-23T07:41:22Z,2026-09-23T07:41:52Z
м1-20260923-004,vehicle-904,м1,1253685265,43,2026-09-23T07:42:43Z,2026-09-23T07:43:13Z
м1-20260923-004,vehicle-904,м1,1253685138,44,2026-09-23T07:44:13Z,2026-09-23T07:44:43Z
м1-20260923-004,vehicle-904,м1,1253685164,45,2026-09-23T07:45:53Z,2026-09-23T07:46:23Z
м1-20260923-004,vehicle-904,м1,1253685245,46,2026-09-23T07:47:14Z,2026-09-23T07:47:44Z
м1-20260923-004,vehicle-904,м1,1253685276,47,2026-09-23T07:48:20Z,2026-09-23T07:48:50Z
м1-20260923-004,vehicle-904,м1,1253685156,48,2026-09-23T07:49:30Z,2026-09-23T07:50:00Z
м1-20260923-004,vehicle-904,м1,1253685181,49,2026-09-23T07:51:31Z,2026-09-23T07:52:01Z
м1-20260923-004,vehicle-904,м1,1253685137,50,2026-09-23T07:53:50Z,2026-09-23T07:54:20Z
м1-20260923-004,vehicle-904,м1,1253685234,51,2026-09-23T07:54:50Z,2026-09-23T07:55:20Z
м1-20260923-004,vehicle-904,м1,1253685287,52,2026-09-23T07:55:53Z,2026-09-23T07:56:23Z
м1-20260923-004,vehicle-904,м1,1253685251,53,2026-09-23T07:57:58Z,2026-09-23T07:58:28Z
м1-20260923-004,vehicle-904,м1,1253685334,54,2026-09-23T07:59:08Z,2026-09-23T07:59:38Z
м1-20260923-004,vehicle-904,м1,1253685339,55,2026-09-23T08:00:49Z,2026-09-23T08:01:19Z
м1-20260923-004,vehicle-904,м1,1253685232,56,2026-09-23T08:01:38Z,2026-09-23T08:02:08Z
м1-20260923-004,vehicle-904,м1,1253685316,57,2026-09-23T08:03:12Z,2026-09-23T08:03:42Z
м1-20260923-005,vehicle-905,м1,10030517751,1,2026-09-23T06:42:30Z,2026-09-23T06:43:00Z
м1-20260923-005,vehicle-905,м1,10030517718,2,2026-09-23T06:43:34Z,2026-09-23T06:44:04Z
м1-20260923-005,vehicle-905,м1,4442981247,3,2026-09-23T06:44:36Z,2026-09-23T06:45:06Z
м1-20260923-005,vehicle-905,м1,10030517717,4,2026-09-23T06:45:42Z,2026-09-23T06:46:12Z
м1-20260923-005,vehicle-905,м1,10030509216,5,2026-09-23T06:47:01Z,2026-09-23T06:47:31Z
м1-20260923-005,vehicle-905,м1,10030509215,6,2026-09-23T06:48:16Z,2026-09-23T06:48:46Z
м1-20260923-005,vehicle-905,м1,10030517763,7,2026-09-23T06:49:31Z,2026-09-23T06:50:01Z
м1-20260923-005,vehicle-905,м1,10030509214,8,2026-09-23T06:50:47Z,2026-09-23T06:51:17Z
м1-20260923-005,vehicle-905,м1,10030509213,9,2026-09-23T06:52:02Z,2026-09-23T06:52:32Z
м1-20260923-005,vehicle-905,м1,10030517762,10,2026-09-23T06:53:27Z,2026-09-23T06:53:57Z
м1-20260923-005,vehicle-905,м1,10030517761,11,2026-09-23T06:54:46Z,2026-09-23T06:55:16Z
м1-20260923-005,vehicle-905,м1,10030509212,12,2026-09-23T06:56:10Z,2026-09-23T06:56:40Z
м1-20260923-005,vehicle-905,м1,10030509211,13,2026-09-23T06:57:26Z,2026-09-23T06:57:56Z
м1-20260923-005,vehicle-905,м1,10030509210,14,2026-09-23T06:58:26Z,2026-09-23T06:58:56Z
м1-20260923-005,vehicle-905,м1,3609899718,15,2026-09-23T06:59:45Z,2026-09-23T07:00:15Z
м1-20260923-005,vehicle-905,м1,10030517760,16,2026-09-23T07:01:11Z,2026-09-23T07:01:41Z
м1-20260923-005,vehicle-905,м1,10030509209,17,2026-09-23T07:02:23Z,2026-09-23T07:02:53Z
м1-20260923-005,vehicle-905,м1,10030509207,18,2026-09-23T07:03:53Z,2026-09-23T07:04:23Z
м1-20260923-005,vehicle-905,м1,10030509206,19,2026-09-23T07:05:06Z,2026-09-23T07:05:36Z
м1-20260923-005,vehicle-905,м1,10030517759,20,2026-09-23T07:06:35Z,2026-09-23T07:07:05Z
м1-20260923-005,vehicle-905,м1,10030509203,21,2026-09-23T07:08:08Z,2026-09-23T07:08:38Z
м1-20260923-005,vehicle-905,м1,9113867001,22,2026-09-23T07:09:52Z,2026-09-23T07:10:22Z
м1-20260923-005,vehicle-905,м1,9113867003,23,2026-09-23T07:11:08Z,2026-09-23T07:11:38Z
м1-20260923-005,vehicle-905,м1,9113867005,24,2026-09-23T07:12:21Z,2026-09-23T07:12:51Z
м1-20260923-005,vehicle-905,м1,9113867008,25,2026-09-23T07:13:36Z,2026-09-23T07:14:06Z
м1-20260923-005,vehicle-905,м1,9113867007,26,2026-09-23T07:14:39Z,2026-09-23T07:15:09Z
м1-20260923-005,vehicle-905,м1,2443311250,27,2026-09-23T07:16:10Z,2026-09-23T07:16:40Z
м1-20260923-005,vehicle-905,м1,1253685229,28,2026-09-23T07:19:03Z,2026-09-23T07:19:33Z
м1-20260923-005,vehicle-905,м1,1253685308,29,2026-09-23T07:20:48Z,2026-09-23T07:21:18Z
м1-20260923-005,vehicle-905,м1,1253685159,30,2026-09-23T07:22:39Z,2026-09-23T07:23:09Z
м1-20260923-005,vehicle-905,м1,1253685175,31,2026-09-23T07:24:08Z,2026-09-23T07:24:38Z
м1-20260923-005,vehicle-905,м1,1253685248,32,2026-09-23T07:25:16Z,2026-09-23T07:25:46Z
м1-20260923-005,vehicle-905,м1,1253685322,33,2026-09-23T07:26:42Z,2026-09-23T07:27:12Z
м1-20260923-005,vehicle-905,м1,1253685220,34,2026-09-23T07:27:51Z,2026-09-23T07:28:21Z
м1-20260923-005,vehicle-905,м1,1253685305,35,2026-09-23T07:29:05Z,2026-09-23T07:29:35Z
м1-20260923-005,vehicle-905,м1,5041554170,36,2026-09-23T07:30:10Z,2026-09-23T07:30:40Z
м1-20260923-005,vehicle-905,м1,1253685272,37,2026-09-23T07:31:45Z,2026-09-23T07:32:15Z
м1-20260923-005,vehicle-905,м1,1253685152,38,2026-09-23T07:32:52Z,2026-09-23T07:33:22Z
м1-20260923-005,vehicle-905,м1,1253685235,39,2026-09-23T07:33:50Z,2026-09-23T07:34:20Z
м1-20260923-005,vehicle-905,м1,1253685318,40,2026-09-23T07:35:06Z,2026-09-23T07:35:36Z
м1-20260923-005,vehicle-905,м1,1253685218,41,2026-09-23T07:37:03Z,2026-09-23T07:37:33Z
м1-20260923-005,vehicle-905,м1,1253685293,42,2026-09-23T07:37:52Z,2026-09-23T07:38:22Z
м1-20260923-005,vehicle-905,м1,1253685265,43,2026-09-23T07:39:13Z,2026-09-23T07:39:43Z
м1-20260923-005,vehicle-905,м1,1253685138,44,2026-09-23T07:40:43Z,2026-09-23T07:41:13Z
м1-20260923-005,vehicle-905,м1,1253685164,45,2026-09-23T07:42:23Z,2026-09-23T07:42:53Z
м1-20260923-005,vehicle-905,м1,1253685245,46,2026-09-23T07:43:44Z,2026-09-23T07:44:14Z
м1-20260923-005,vehicle-905,м1,1253685276,47,2026-09-23T07:44:50Z,2026-09-23T07:45:20Z
м1-20260923-005,vehicle-905,м1,1253685156,48,2026-09-23T07:46:00Z,2026-09-23T07:46:30Z
м1-20260923-005,vehicle-905,м1,1253685181,49,2026-09-23T07:48:01Z,2026-09-23T07:48:31Z
м1-20260923-005,vehicle-905,м1,1253685137,50,2026-09-23T07:50:20Z,2026-09-23T07:50:50Z
м1-20260923-005,vehicle-905,м1,1253685234,51,2026-09-23T07:51:20Z,2026-09-23T07:51:50Z
м1-20260923-005,vehicle-905,м1,1253685287,52,2026-09-23T07:52:23Z,2026-09-23T07:52:53Z
м1-20260923-005,vehicle-905,м1,1253685251,53,2026-09-23T07:54:28Z,2026-09-23T07:54:58Z
м1-20260923-005,vehicle-905,м1,1253685334,54,2026-09-23T07:55:38Z,2026-09-23T07:56:08Z
м1-20260923-005,vehicle-905,м1,1253685339,55,2026-09-23T07:57:19Z,2026-09-23T07:57:49Z
м1-20260923-005,vehicle-905,м1,1253685232,56,2026-09-23T07:58:08Z,2026-09-23T07:58:38Z
м1-20260923-005,vehicle-905,м1,1253685316,57,2026-09-23T07:59:42Z,2026-09-23T08:00:12Z
м1-20260923-006,vehicle-906,м1,10030517751,1,2026-09-23T06:39:00Z,2026-09-23T06:39:30Z
м1-20260923-006,vehicle-906,м1,10030517718,2,2026-09-23T06:40:04Z,2026-09-23T06:40:34Z
м1-20260923-006,vehicle-906,м1,4442981247,3,2026-09-23T06:41:06Z,2026-09-23T06:41:36Z
м1-20260923-006,vehicle-906,м1,10030517717,4,2026-09-23T06:42:12Z,2026-09-23T06:42:42Z
м1-20260923-006,vehicle-906,м1,10030509216,5,2026-09-23T06:43:31Z,2026-09-23T06:44:01Z
м1-20260923-006,vehicle-906,м1,10030509215,6,2026-09-23T06:44:46Z,2026-09-23T06:45:16Z
м1-20260923-006,vehicle-906,м1,10030517763,7,2026-09-23T06:46:01Z,2026-09-23T06:46:31Z
м1-20260923-006,vehicle-906,м1,10030509214,8,2026-09-23T06:47:17Z,2026-09-23T06:47:47Z
м1-20260923-006,vehicle-906,м1,10030509213,9,2026-09-23T06:48:32Z,2026-09-23T06:49:02Z
м1-20260923-006,vehicle-906,м1,10030517762,10,2026-09-23T06:49:57Z,2026-09-23T06:50:27Z
м1-20260923-006,vehicle-906,м1,10030517761,11,2026-09-23T06:51:16Z,2026-09-23T06:51:46Z
м1-20260923-006,vehicle-906,м1,10030509212,12,2026-09-23T06:52:40Z,2026-09-23T06:53:10Z
м1-20260923-006,vehicle-906,м1,10030509211,13,2026-09-23T06:53:56Z,2026-09-23T06:54:26Z
м1-20260923-006,vehicle-906,м1,10030509210,14,2026-09-23T06:54:56Z,2026-09-23T06:55:26Z
м1-20260923-006,vehicle-906,м1,3609899718,15,2026-09-23T06:56:15Z,2026-09-23T06:56:45Z
м1-20260923-006,vehicle-906,м1,10030517760,16,2026-09-23T06:57:41Z,2026-09-23T06:58:11Z
м1-20260923-006,vehicle-906,м1,10030509209,17,2026-09-23T06:58:53Z,2026-09-23T06:59:23Z
м1-20260923-006,vehicle-906,м1,10030509207,18,2026-09-23T07:00:23Z,2026-09-23T07:00:53Z
м1-20260923-006,vehicle-906,м1,10030509206,19,2026-09-23T07:01:36Z,2026-09-23T07:02:06Z
м1-20260923-006,vehicle-906,м1,10030517759,20,2026-09-23T07:03:05Z,2026-09-23T07:03:35Z
м1-20260923-006,vehicle-906,м1,10030509203,21,2026-09-23T07:04:38Z,2026-09-23T07:05:08Z
м1-20260923-006,vehicle-906,м1,9113867001,22,2026-09-23T07:06:22Z,2026-09-23T07:06:52Z
м1-20260923-006,vehicle-906,м1,9113867003,23,2026-09-23T07:07:38Z,2026-09-23T07:08:08Z
м1-20260923-006,vehicle-906,м1,9113867005,24,2026-09-23T07:08:51Z,2026-09-23T07:09:21Z
м1-20260923-006,vehicle-906,м1,9113867008,25,2026-09-23T07:10:06Z,2026-09-23T07:10:36Z
м1-20260923-006,vehicle-906,м1,9113867007,26,2026-09-23T07:11:09Z,2026-09-23T07:11:39Z
м1-20260923-006,vehicle-906,м1,2443311250,27,2026-09-23T07:12:40Z,2026-09-23T07:13:10Z
м1-20260923-006,vehicle-906,м1,1253685229,28,2026-09-23T07:15:33Z,2026-09-23T07:16:03Z
м1-20260923-006,vehicle-906,м1,1253685308,29,2026-09-23T07:17:18Z,2026-09-23T07:17:48Z
м1-20260923-006,vehicle-906,м1,1253685159,30,2026-09-23T07:19:09Z,2026-09-23T07:19:39Z
м1-20260923-006,vehicle-906,м1,1253685175,31,2026-09-23T07:20:38Z,2026-09-23T07:21:08Z
м1-20260923-006,vehicle-906,м1,1253685248,32,2026-09-23T07:21:46Z,2026-09-23T07:22:16Z
м1-20260923-006,vehicle-906,м1,1253685322,33,2026-09-23T07:23:12Z,2026-09-23T07:23:42Z
м1-20260923-006,vehicle-906,м1,1253685220,34,2026-09-23T07:24:21Z,2026-09-23T07:24:51Z
м1-20260923-006,vehicle-906,м1,1253685305,35,2026-09-23T07:25:35Z,2026-09-23T07:26:05Z
м1-20260923-006,vehicle-906,м1,5041554170,36,2026-09-23T07:26:40Z,2026-09-23T07:27:10Z
м1-20260923-006,vehicle-906,м1,1253685272,37,2026-09-23T07:28:15Z,2026-09-23T07:28:45Z
м1-20260923-006,vehicle-906,м1,1253685152,38,2026-09-23T07:29:22Z,2026-09-23T07:29:52Z
м1-20260923-006,vehicle-906,м1,1253685235,39,2026-09-23T07:30:20Z,2026-09-23T07:30:50Z
м1-20260923-006,vehicle-906,м1,1253685318,40,2026-09-23T07:31:36Z,2026-09-23T07:32:06Z
м1-20260923-006,vehicle-906,м1,1253685218,41,2026-09-23T07:33:33Z,2026-09-23T07:34:03Z
м1-20260923-006,vehicle-906,м1,1253685293,42,2026-09-23T07:34:22Z,2026-09-23T07:34:52Z
м1-20260923-006,vehicle-906,м1,1253685265,43,2026-09-23T07:35:43Z,2026-09-23T07:36:13Z
м1-20260923-006,vehicle-906,м1,1253685138,44,2026-09-23T07:37:13Z,2026-09-23T07:37:43Z
м1-20260923-006,vehicle-906,м1,1253685164,45,2026-09-23T07:38:53Z,2026-09-23T07:39:23Z
м1-20260923-006,vehicle-906,м1,1253685245,46,2026-09-23T07:40:14Z,2026-09-23T07:40:44Z
м1-20260923-006,vehicle-906,м1,1253685276,47,2026-09-23T07:41:20Z,2026-09-23T07:41:50Z
м1-20260923-006,vehicle-906,м1,1253685156,48,2026-09-23T07:42:30Z,2026-09-23T07:43:00Z
м1-20260923-006,vehicle-906,м1,1253685181,49,2026-09-23T07:44:31Z,2026-09-23T07:45:01Z
м1-20260923-006,vehicle-906,м1,1253685137,50,2026-09-23T07:46:50Z,2026-09-23T07:47:20Z
м1-20260923-006,vehicle-906,м1,1253685234,51,2026-09-23T07:47:50Z,2026-09-23T07:48:20Z
м1-20260923-006,vehicle-906,м1,1253685287,52,2026-09-23T07:48:53Z,2026-09-23T07:49:23Z
м1-20260923-006,vehicle-906,м1,1253685251,53,2026-09-23T07:50:58Z,2026-09-23T07:51:28Z
м1-20260923-006,vehicle-906,м1,1253685334,54,2026-09-23T07:52:08Z,2026-09-23T07:52:38Z
м1-20260923-006,vehicle-906,м1,1253685339,55,2026-09-23T07:53:49Z,2026-09-23T07:54:19Z
м1-20260923-006,vehicle-906,м1,1253685232,56,2026-09-23T07:54:38Z,2026-09-23T07:55:08Z
м1-20260923-006,vehicle-906,м1,1253685316,57,2026-09-23T07:56:12Z,2026-09-23T07:56:42Z
м1-20260923-007,vehicle-907,м1,10030517751,1,2026-09-23T06:35:30Z,2026-09-23T06:36:00Z
м1-20260923-007,vehicle-907,м1,10030517718,2,2026-09-23T06:36:34Z,2026-09-23T06:37:04Z
м1-20260923-007,vehicle-907,м1,4442981247,3,2026-09-23T06:37:36Z,2026-09-23T06:38:06Z
м1-20260923-007,vehicle-907,м1,10030517717,4,2026-09-23T06:38:42Z,2026-09-23T06:39:12Z
м1-20260923-007,vehicle-907,м1,10030509216,5,2026-09-23T06:40:01Z,2026-09-23T06:40:31Z
м1-20260923-007,vehicle-907,м1,10030509215,6,2026-09-23T06:41:16Z,2026-09-23T06:41:46Z
м1-20260923-007,vehicle-907,м1,10030517763,7,2026-09-23T06:42:31Z,2026-09-23T06:43:01Z
м1-20260923-007,vehicle-907,м1,10030509214,8,2026-09-23T06:43:47Z,2026-09-23T06:44:17Z
м1-20260923-007,vehicle-907,м1,10030509213,9,2026-09-23T06:45:02Z,2026-09-23T06:45:32Z
м1-20260923-007,vehicle-907,м1,10030517762,10,2026-09-23T06:46:27Z,2026-09-23T06:46:57Z
м1-20260923-007,vehicle-907,м1,10030517761,11,2026-09-23T06:47:46Z,2026-09-23T06:48:16Z
м1-20260923-007,vehicle-907,м1,10030509212,12,2026-09-23T06:49:10Z,2026-09-23T06:49:40Z
м1-20260923-007,vehicle-907,м1,10030509211,13,2026-09-23T06:50:26Z,2026-09-23T06:50:56Z
м1-20260923-007,vehicle-907,м1,10030509210,14,2026-09-23T06:51:26Z,2026-09-23T06:51:56Z
м1-20260923-007,vehicle-907,м1,3609899718,15,2026-09-23T06:52:45Z,2026-09-23T06:53:15Z
м1-20260923-007,vehicle-907,м1,10030517760,16,2026-09-23T06:54:11Z,2026-09-23T06:54:41Z
м1-20260923-007,vehicle-907,м1,10030509209,17,2026-09-23T06:55:23Z,2026-09-23T06:55:53Z
м1-20260923-007,vehicle-907,м1,10030509207,18,2026-09-23T06:56:53Z,2026-09-23T06:57:23Z
м1-20260923-007,vehicle-907,м1,10030509206,19,2026-09-23T06:58:06Z,2026-09-23T06:58:36Z
м1-20260923-007,vehicle-907,м1,10030517759,20,2026-09-23T06:59:35Z,2026-09-23T07:00:05Z
м1-20260923-007,vehicle-907,м1,10030509203,21,2026-09-23T07:01:08Z,2026-09-23T07:01:38Z
м1-20260923-007,vehicle-907,м1,9113867001,22,2026-09-23T07:02:52Z,2026-09-23T07:03:22Z
м1-20260923-007,vehicle-907,м1,9113867003,23,2026-09-23T07:04:08Z,2026-09-23T07:04:38Z
м1-20260923-007,vehicle-907,м1,9113867005,24,2026-09-23T07:05:21Z,2026-09-23T07:05:51Z
м1-20260923-007,vehicle-907,м1,9113867008,25,2026-09-23T07:06:36Z,2026-09-23T07:07:06Z
м1-20260923-007,vehicle-907,м1,9113867007,26,2026-09-23T07:07:39Z,2026-09-23T07:08:09Z
м1-20260923-007,vehicle-907,м1,2443311250,27,2026-09-23T07:09:10Z,2026-09-23T07:09:40Z
м1-20260923-007,vehicle-907,м1,1253685229,28,2026-09-23T07:12:03Z,2026-09-23T07:12:33Z
м1-20260923-007,vehicle-907,м1,1253685308,29,2026-09-23T07:13:48Z,2026-09-23T07:14:18Z
м1-20260923-007,vehicle-907,м1,1253685159,30,2026-09-23T07:15:39Z,2026-09-23T07:16:09Z
м1-20260923-007,vehicle-907,м1,1253685175,31,2026-09-23T07:17:08Z,2026-09-23T07:17:38Z
м1-20260923-007,vehicle-907,м1,1253685248,32,2026-09-23T07:18:16Z,2026-09-23T07:18:46Z
м1-20260923-007,vehicle-907,м1,1253685322,33,2026-09-23T07:19:42Z,2026-09-23T07:20:12Z
м1-20260923-007,vehicle-907,м1,1253685220,34,2026-09-23T07:20:51Z,2026-09-23T07:21:21Z
м1-20260923-007,vehicle-907,м1,1253685305,35,2026-09-23T07:22:05Z,2026-09-23T07:22:35Z
м1-20260923-007,vehicle-907,м1,5041554170,36,2026-09-23T07:23:10Z,2026-09-23T07:23:40Z
м1-20260923-007,vehicle-907,м1,1253685272,37,2026-09-23T07:24:45Z,2026-09-23T07:25:15Z
м1-20260923-007,vehicle-907,м1,1253685152,38,2026-09-23T07:25:52Z,2026-09-23T07:26:22Z
м1-20260923-007,vehicle-907,м1,1253685235,39,2026-09-23T07:26:50Z,2026-09-23T07:27:20Z
м1-20260923-007,vehicle-907,м1,1253685318,40,2026-09-23T07:28:06Z,2026-09-23T07:28:36Z
м1-20260923-007,vehicle-907,м1,1253685218,41,2026-09-23T07:30:03Z,2026-09-23T07:30:33Z
м1-20260923-007,vehicle-907,м1,1253685293,42,2026-09-23T07:30:52Z,2026-09-23T07:31:22Z
м1-20260923-007,vehicle-907,м1,1253685265,43,2026-09-23T07:32:13Z,2026-09-23T07:32:43Z
м1-20260923-007,vehicle-907,м1,1253685138,44,2026-09-23T07:33:43Z,2026-09-23T07:34:13Z
м1-20260923-007,vehicle-907,м1,1253685164,45,2026-09-23T07:35:23Z,2026-09-23T07:35:53Z
м1-20260923-007,vehicle-907,м1,1253685245,46,2026-09-23T07:36:44Z,2026-09-23T07:37:14Z
м1-20260923-007,vehicle-907,м1,1253685276,47,2026-09-23T07:37:50Z,2026-09-23T07:38:20Z
м1-20260923-007,vehicle-907,м1,1253685156,48,2026-09-23T07:39:00Z,2026-09-23T07:39:30Z
м1-20260923-007,vehicle-907,м1,1253685181,49,2026-09-23T07:41:01Z,2026-09-23T07:41:31Z
м1-20260923-007,vehicle-907,м1,1253685137,50,2026-09-23T07:43:20Z,2026-09-23T07:43:50Z
м1-20260923-007,vehicle-907,м1,1253685234,51,2026-09-23T07:44:20Z,2026-09-23T07:44:50Z
м1-20260923-007,vehicle-907,м1,1253685287,52,2026-09-23T07:45:23Z,2026-09-23T07:45:53Z
м1-20260923-007,vehicle-907,м1,1253685251,53,2026-09-23T07:47:28Z,2026-09-23T07:47:58Z
м1-20260923-007,vehicle-907,м1,1253685334,54,2026-09-23T07:48:38Z,2026-09-23T07:49:08Z
м1-20260923-007,vehicle-907,м1,1253685339,55,2026-09-23T07:50:19Z,2026-09-23T07:50:49Z
м1-20260923-007,vehicle-907,м1,1253685232,56,2026-09-23T07:51:08Z,2026-09-23T07:51:38Z
м1-20260923-007,vehicle-907,м1,1253685316,57,2026-09-23T07:52:42Z,2026-09-23T07:53:12Z
418-20260923-000,vehicle-910,418,1032423329,1,2026-09-23T07:00:00Z,2026-09-23T07:00:30Z
418-20260923-000,vehicle-910,418,10742508013,2,2026-09-23T07:01:28Z,2026-09-23T07:01:58Z
418-20260923-000,vehicle-910,418,10742508012,3,2026-09-23T07:02:26Z,2026-09-23T07:02:56Z
418-20260923-000,vehicle-910,418,3617771183,4,2026-09-23T07:03:40Z,2026-09-23T07:04:10Z
418-20260923-000,vehicle-910,418,10769947765,5,2026-09-23T07:04:40Z,2026-09-23T07:05:10Z
418-20260923-000,vehicle-910,418,10769947764,6,2026-09-23T07:06:04Z,2026-09-23T07:06:34Z
418-20260923-000,vehicle-910,418,10769947766,7,2026-09-23T07:07:06Z,2026-09-23T07:07:36Z
418-20260923-000,vehicle-910,418,10769940169,8,2026-09-23T07:08:43Z,2026-09-23T07:09:13Z
418-20260923-000,vehicle-910,418,10770758620,9,2026-09-23T07:10:45Z,2026-09-23T07:11:15Z
418-20260923-000,vehicle-910,418,10770758618,10,2026-09-23T07:11:52Z,2026-09-23T07:12:22Z
418-20260923-000,vehicle-910,418,1136163537,11,2026-09-23T07:13:44Z,2026-09-23T07:14:14Z
418-20260923-000,vehicle-910,418,10770758615,12,2026-09-23T07:14:41Z,2026-09-23T07:15:11Z
418-20260923-000,vehicle-910,418,5129194363,13,2026-09-23T07:15:50Z,2026-09-23T07:16:20Z
418-20260923-000,vehicle-910,418,10599880588,14,2026-09-23T07:16:55Z,2026-09-23T07:17:25Z
418-20260923-000,vehicle-910,418,10599880590,15,2026-09-23T07:18:04Z,2026-09-23T07:18:34Z
418-20260923-000,vehicle-910,418,10599880595,16,2026-09-23T07:19:32Z,2026-09-23T07:20:02Z
418-20260923-000,vehicle-910,418,10599880596,17,2026-09-23T07:20:53Z,2026-09-23T07:21:23Z
418-20260923-000,vehicle-910,418,10599880600,18,2026-09-23T07:22:13Z,2026-09-23T07:22:43Z
418-20260923-000,vehicle-910,418,8185422663,19,2026-09-23T07:23:29Z,2026-09-23T07:23:59Z
418-20260923-000,vehicle-910,418,10601114153,20,2026-09-23T07:24:57Z,2026-09-23T07:25:27Z
418-20260923-000,vehicle-910,418,10601114156,21,2026-09-23T07:26:40Z,2026-09-23T07:27:10Z
418-20260923-000,vehicle-910,418,10601114158,22,2026-09-23T07:28:08Z,2026-09-23T07:28:38Z
418-20260923-000,vehicle-910,418,10599895153,23,2026-09-23T07:29:23Z,2026-09-23T07:29:53Z
418-20260923-000,vehicle-910,418,10624387952,24,2026-09-23T07:30:23Z,2026-09-23T07:30:53Z
418-20260923-000,vehicle-910,418,10599895158,25,2026-09-23T07:31:30Z,2026-09-23T07:32:00Z
418-20260923-000,vehicle-910,418,10770786423,26,2026-09-23T07:33:12Z,2026-09-23T07:33:42Z
418-20260923-000,vehicle-910,418,10770786422,27,2026-09-23T07:34:08Z,2026-09-23T07:34:38Z
418-20260923-000,vehicle-910,418,10624387951,28,2026-09-23T07:34:56Z,2026-09-23T07:35:26Z
418-20260923-001,vehicle-911,418,1032423329,1,2026-09-23T06:56:30Z,2026-09-23T06:57:00Z
418-20260923-001,vehicle-911,418,10742508013,2,2026-09-23T06:57:58Z,2026-09-23T06:58:28Z
418-20260923-001,vehicle-911,418,10742508012,3,2026-09-23T06:58:56Z,2026-09-23T06:59:26Z
418-20260923-001,vehicle-911,418,3617771183,4,2026-09-23T07:00:10Z,2026-09-23T07:00:40Z
418-20260923-001,vehicle-911,418,10769947765,5,2026-09-23T07:01:10Z,2026-09-23T07:01:40Z
418-20260923-001,vehicle-911,418,10769947764,6,2026-09-23T07:02:34Z,2026-09-23T07:03:04Z
418-20260923-001,vehicle-911,418,10769947766,7,2026-09-23T07:03:36Z,2026-09-23T07:04:06Z
418-20260923-001,vehicle-911,418,10769940169,8,2026-09-23T07:05:13Z,2026-09-23T07:05:43Z
418-20260923-001,vehicle-911,418,10770758620,9,2026-09-23T07:07:15Z,2026-09-23T07:07:45Z
418-20260923-001,vehicle-911,418,10770758618,10,2026-09-23T07:08:22Z,2026-09-23T07:08:52Z
418-20260923-001,vehicle-911,418,1136163537,11,2026-09-23T07:10:14Z,2026-09-23T07:10:44Z
418-20260923-001,vehicle-911,418,10770758615,12,2026-09-23T07:11:11Z,2026-09-23T07:11:41Z
418-20260923-001,vehicle-911,418,5129194363,13,2026-09-23T07:12:20Z,2026-09-23T07:12:50Z
418-20260923-001,vehicle-911,418,10599880588,14,2026-09-23T07:13:25Z,2026-09-23T07:13:55Z
418-20260923-001,vehicle-911,418,10599880590,15,2026-09-23T07:14:34Z,2026-09-23T07:15:04Z
418-20260923-001,vehicle-911,418,10599880595,16,2026-09-23T07:16:02Z,2026-09-23T07:16:32Z
418-20260923-001,vehicle-911,418,10599880596,17,2026-09-23T07:17:23Z,2026-09-23T07:17:53Z
418-20260923-001,vehicle-911,418,10599880600,18,2026-09-23T07:18:43Z,2026-09-23T07:19:13Z
418-20260923-001,vehicle-911,418,8185422663,19,2026-09-23T07:19:59Z,2026-09-23T07:20:29Z
418-20260923-001,vehicle-911,418,10601114153,20,2026-09-23T07:21:27Z,2026-09-23T07:21:57Z
418-20260923-001,vehicle-911,418,10601114156,21,2026-09-23T07:23:10Z,2026-09-23T07:23:40Z
418-20260923-001,vehicle-911,418,10601114158,22,2026-09-23T07:24:38Z,2026-09-23T07:25:08Z
418-20260923-001,vehicle-911,418,10599895153,23,2026-09-23T07:25:53Z,2026-09-23T07:26:23Z
418-20260923-001,vehicle-911,418,10624387952,24,2026-09-23T07:26:53Z,2026-09-23T07:27:23Z
418-20260923-001,vehicle-911,418,10599895158,25,2026-09-23T07:28:00Z,2026-09-23T07:28:30Z
418-20260923-001,vehicle-911,418,10770786423,26,2026-09-23T07:29:42Z,2026-09-23T07:30:12Z
418-20260923-001,vehicle-911,418,10770786422,27,2026-09-23T07:30:38Z,2026-09-23T07:31:08Z
418-20260923-001,vehicle-911,418,10624387951,28,2026-09-23T07:31:26Z,2026-09-23T07:31:56Z
418-20260923-002,vehicle-912,418,1032423329,1,2026-09-23T06:53:00Z,2026-09-23T06:53:30Z
418-20260923-002,vehicle-912,418,10742508013,2,2026-09-23T06:54:28Z,2026-09-23T06:54:58Z
418-20260923-002,vehicle-912,418,10742508012,3,2026-09-23T06:55:26Z,2026-09-23T06:55:56Z
418-20260923-002,vehicle-912,418,3617771183,4,2026-09-23T06:56:40Z,2026-09-23T06:57:10Z
418-20260923-002,vehicle-912,418,10769947765,5,2026-09-23T06:57:40Z,2026-09-23T06:58:10Z
418-20260923-002,vehicle-912,418,10769947764,6,2026-09-23T06:59:04Z,2026-09-23T06:59:34Z
418-20260923-002,vehicle-912,418,10769947766,7,2026-09-23T07:00:06Z,2026-09-23T07:00:36Z
418-20260923-002,vehicle-912,418,10769940169,8,2026-09-23T07:01:43Z,2026-09-23T07:02:13Z
418-20260923-002,vehicle-912,418,10770758620,9,2026-09-23T07:03:45Z,2026-09-23T07:04:15Z
418-20260923-002,vehicle-912,418,10770758618,10,2026-09-23T07:04:52Z,2026-09-23T07:05:22Z
418-20260923-002,vehicle-912,418,1136163537,11,2026-09-23T07:06:44Z,2026-09-23T07:07:14Z
418-20260923-002,vehicle-912,418,10770758615,12,2026-09-23T07:07:41Z,2026-09-23T07:08:11Z
418-20260923-002,vehicle-912,418,5129194363,13,2026-09-23T07:08:50Z,2026-09-23T07:09:20Z
418-20260923-002,vehicle-912,418,10599880588,14,2026-09-23T07:09:55Z,2026-09-23T07:10:25Z
418-20260923-002,vehicle-912,418,10599880590,15,2026-09-23T07:11:04Z,2026-09-23T07:11:34Z
418-20260923-002,vehicle-912,418,10599880595,16,2026-09-23T07:12:32Z,2026-09-23T07:13:02Z
418-20260923-002,vehicle-912,418,10599880596,17,2026-09-23T07:13:53Z,2026-09-23T07:14:23Z
418-20260923-002,vehicle-912,418,10599880600,18,2026-09-23T07:15:13Z,2026-09-23T07:15:43Z
418-20260923-002,vehicle-912,418,8185422663,19,2026-09-23T07:16:29Z,2026-09-23T07:16:59Z
418-20260923-002,vehicle-912,418,10601114153,20,2026-09-23T07:17:57Z,2026-09-23T07:18:27Z
418-20260923-002,vehicle-912,418,10601114156,21,2026-09-23T07:19:40Z,2026-09-23T07:20:10Z
418-20260923-002,vehicle-912,418,10601114158,22,2026-09-23T07:21:08Z,2026-09-23T07:21:38Z
418-20260923-002,vehicle-912,418,10599895153,23,2026-09-23T07:22:23Z,2026-09-23T07:22:53Z
418-20260923-002,vehicle-912,418,10624387952,24,2026-09-23T07:23:23Z,2026-09-23T07:23:53Z
418-20260923-002,vehicle-912,418,10599895158,25,2026-09-23T07:24:30Z,2026-09-23T07:25:00Z
418-20260923-002,vehicle-912,418,10770786423,26,2026-09-23T07:26:12Z,2026-09-23T07:26:42Z
418-20260923-002,vehicle-912,418,10770786422,27,2026-09-23T07:27:08Z,2026-09-23T07:27:38Z
418-20260923-002,vehicle-912,418,10624387951,28,2026-09-23T07:27:56Z,2026-09-23T07:28:26Z
418-20260923-003,vehicle-913,418,1032423329,1,2026-09-23T06:49:30Z,2026-09-23T06:50:00Z
418-20260923-003,vehicle-913,418,10742508013,2,2026-09-23T06:50:58Z,2026-09-23T06:51:28Z
418-20260923-003,vehicle-913,418,10742508012,3,2026-09-23T06:51:56Z,2026-09-23T06:52:26Z
418-20260923-003,vehicle-913,418,3617771183,4,2026-09-23T06:53:10Z,2026-09-23T06:53:40Z
418-20260923-003,vehicle-913,418,10769947765,5,2026-09-23T06:54:10Z,2026-09-23T06:54:40Z
418-20260923-003,vehicle-913,418,10769947764,6,2026-09-23T06:55:34Z,2026-09-23T06:56:04Z
418-20260923-003,vehicle-913,418,10769947766,7,2026-09-23T06:56:36Z,2026-09-23T06:57:06Z
418-20260923-003,vehicle-913,418,10769940169,8,2026-09-23T06:58:13Z,2026-09-23T06:58:43Z
418-20260923-003,vehicle-913,418,10770758620,9,2026-09-23T07:00:15Z,2026-09-23T07:00:45Z
418-20260923-003,vehicle-913,418,10770758618,10,2026-09-23T07:01:22Z,2026-09-23T07:01:52Z
418-20260923-003,vehicle-913,418,1136163537,11,2026-09-23T07:03:14Z,2026-09-23T07:03:44Z
418-20260923-003,vehicle-913,418,10770758615,12,2026-09-23T07:04:11Z,2026-09-23T07:04:41Z
418-20260923-003,vehicle-913,418,5129194363,13,2026-09-23T07:05:20Z,2026-09-23T07:05:50Z
418-20260923-003,vehicle-913,418,10599880588,14,2026-09-23T07:06:25Z,2026-09-23T07:06:55Z
418-20260923-003,vehicle-913,418,10599880590,15,2026-09-23T07:07:34Z,2026-09-23T07:08:04Z
418-20260923-003,vehicle-913,418,10599880595,16,2026-09-23T07:09:02Z,2026-09-23T07:09:32Z
418-20260923-003,vehicle-913,418,10599880596,17,2026-09-23T07:10:23Z,2026-09-23T07:10:53Z
418-20260923-003,vehicle-913,418,10599880600,18,2026-09-23T07:11:43Z,2026-09-23T07:12:13Z
418-20260923-003,vehicle-913,418,8185422663,19,2026-09-23T07:12:59Z,2026-09-23T07:13:29Z
418-20260923-003,vehicle-913,418,10601114153,20,2026-09-23T07:14:27Z,2026-09-23T07:14:57Z
418-20260923-003,vehicle-913,418,10601114156,21,2026-09-23T07:16:10Z,2026-09-23T07:16:40Z
418-20260923-003,vehicle-913,418,10601114158,22,2026-09-23T07:17:38Z,2026-09-23T07:18:08Z
418-20260923-003,vehicle-913,418,10599895153,23,2026-09-23T07:18:53Z,2026-09-23T07:19:23Z
418-20260923-003,vehicle-913,418,10624387952,24,2026-09-23T07:19:53Z,2026-09-23T07:20:23Z
418-20260923-003,vehicle-913,418,10599895158,25,2026-09-23T07:21:00Z,2026-09-23T07:21:30Z
418-20260923-003,vehicle-913,418,10770786423,26,2026-09-23T07:22:42Z,2026-09-23T07:23:12Z
418-20260923-003,vehicle-913,418,10770786422,27,2026-09-23T07:23:38Z,2026-09-23T07:24:08Z
418-20260923-003,vehicle-913,418,10624387951,28,2026-09-23T07:24:26Z,2026-09-23T07:24:56Z
418-20260923-004,vehicle-914,418,1032423329,1,2026-09-23T06:46:00Z,2026-09-23T06:46:30Z
418-20260923-004,vehicle-914,418,10742508013,2,2026-09-23T06:47:28Z,2026-09-23T06:47:58Z
418-20260923-004,vehicle-914,418,10742508012,3,2026-09-23T06:48:26Z,2026-09-23T06:48:56Z
418-20260923-004,vehicle-914,418,3617771183,4,2026-09-23T06:49:40Z,2026-09-23T06:50:10Z
418-20260923-004,vehicle-914,418,10769947765,5,2026-09-23T06:50:40Z,2026-09-23T06:51:10Z
418-20260923-004,vehicle-914,418,10769947764,6,2026-09-23T06:52:04Z,2026-09-23T06:52:34Z
418-20260923-004,vehicle-914,418,10769947766,7,2026-09-23T06:53:06Z,2026-09-23T06:53:36Z
418-20260923-004,vehicle-914,418,10769940169,8,2026-09-23T06:54:43Z,2026-09-23T06:55:13Z
418-20260923-004,vehicle-914,418,10770758620,9,2026-09-23T06:56:45Z,2026-09-23T06:57:15Z
418-20260923-004,vehicle-914,418,10770758618,10,2026-09-23T06:57:52Z,2026-09-23T06:58:22Z
418-20260923-004,vehicle-914,418,1136163537,11,2026-09-23T06:59:44Z,2026-09-23T07:00:14Z
418-20260923-004,vehicle-914,418,10770758615,12,2026-09-23T07:00:41Z,2026-09-23T07:01:11Z
418-20260923-004,vehicle-914,418,5129194363,13,2026-09-23T07:01:50Z,2026-09-23T07:02:20Z
418-20260923-004,vehicle-914,418,10599880588,14,2026-09-23T07:02:55Z,2026-09-23T07:03:25Z
418-20260923-004,vehicle-914,418,10599880590,15,2026-09-23T07:04:04Z,2026-09-23T07:04:34Z
418-20260923-004,vehicle-914,418,10599880595,16,2026-09-23T07:05:32Z,2026-09-23T07:06:02Z
418-20260923-004,vehicle-914,418,10599880596,17,2026-09-23T07:06:53Z,2026-09-23T07:07:23Z
418-20260923-004,vehicle-914,418,10599880600,18,2026-09-23T07:08:13Z,2026-09-23T07:08:43Z
418-20260923-004,vehicle-914,418,8185422663,19,2026-09-23T07:09:29Z,2026-09-23T07:09:59Z
418-20260923-004,vehicle-914,418,10601114153,20,2026-09-23T07:10:57Z,2026-09-23T07:11:27Z
418-20260923-004,vehicle-914,418,10601114156,21,2026-09-23T07:12:40Z,2026-09-23T07:13:10Z
418-20260923-004,vehicle-914,418,10601114158,22,2026-09-23T07:14:08Z,2026-09-23T07:14:38Z
418-20260923-004,vehicle-914,418,10599895153,23,2026-09-23T07:15:23Z,2026-09-23T07:15:53Z
418-20260923-004,vehicle-914,418,10624387952,24,2026-09-23T07:16:23Z,2026-09-23T07:16:53Z
418-20260923-004,vehicle-914,418,10599895158,25,2026-09-23T07:17:30Z,2026-09-23T07:18:00Z
418-20260923-004,vehicle-914,418,10770786423,26,2026-09-23T07:19:12Z,2026-09-23T07:19:42Z
418-20260923-004,vehicle-914,418,10770786422,27,2026-09-23T07:20:08Z,2026-09-23T07:20:38Z
418-20260923-004,vehicle-914,418,10624387951,28,2026-09-23T07:20:56Z,2026-09-23T07:21:26Z
418-20260923-005,vehicle-915,418,1032423329,1,2026-09-23T06:42:30Z,2026-09-23T06:43:00Z
418-20260923-005,vehicle-915,418,10742508013,2,2026-09-23T06:43:58Z,2026-09-23T06:44:28Z
418-20260923-005,vehicle-915,418,10742508012,3,2026-09-23T06:44:56Z,2026-09-23T06:45:26Z
418-20260923-005,vehicle-915,418,3617771183,4,2026-09-23T06:46:10Z,2026-09-23T06:46:40Z
418-20260923-005,vehicle-915,418,10769947765,5,2026-09-23T06:47:10Z,2026-09-23T06:47:40Z
418-20260923-005,vehicle-915,418,10769947764,6,2026-09-23T06:48:34Z,2026-09-23T06:49:04Z
418-20260923-005,vehicle-915,418,10769947766,7,2026-09-23T06:49:36Z,2026-09-23T06:50:06Z
418-20260923-005,vehicle-915,418,10769940169,8,2026-09-23T06:51:13Z,2026-09-23T06:51:43Z
418-20260923-005,vehicle-915,418,10770758620,9,2026-09-23T06:53:15Z,2026-09-23T06:53:45Z
418-20260923-005,vehicle-915,418,10770758618,10,2026-09-23T06:54:22Z,2026-09-23T06:54:52Z
418-20260923-005,vehicle-915,418,1136163537,11,2026-09-23T06:56:14Z,2026-09-23T06:56:44Z
418-20260923-005,vehicle-915,418,10770758615,12,2026-09-23T06:57:11Z,2026-09-23T06:57:41Z
418-20260923-005,vehicle-915,418,5129194363,13,2026-09-23T06:58:20Z,2026-09-23T06:58:50Z
418-20260923-005,vehicle-915,418,10599880588,14,2026-09-23T06:59:25Z,2026-09-23T06:59:55Z
418-20260923-005,vehicle-915,418,10599880590,15,2026-09-23T07:00:34Z,2026-09-23T07:01:04Z
418-20260923-005,vehicle-915,418,10599880595,16,2026-09-23T07:02:02Z,2026-09-23T07:02:32Z
418-20260923-005,vehicle-915,418,10599880596,17,2026-09-23T07:03:23Z,2026-09-23T07:03:53Z
418-20260923-005,vehicle-915,418,10599880600,18,2026-09-23T07:04:43Z,2026-09-23T07:05:13Z
418-20260923-005,vehicle-915,418,8185422663,19,2026-09-23T07:05:59Z,2026-09-23T07:06:29Z
418-20260923-005,vehicle-915,418,10601114153,20,2026-09-23T07:07:27Z,2026-09-23T07:07:57Z
418-20260923-005,vehicle-915,418,10601114156,21,2026-09-23T07:09:10Z,2026-09-23T07:09:40Z
418-20260923-005,vehicle-915,418,10601114158,22,2026-09-23T07:10:38Z,2026-09-23T07:11:08Z
418-20260923-005,vehicle-915,418,10599895153,23,2026-09-23T07:11:53Z,2026-09-23T07:12:23Z
418-20260923-005,vehicle-915,418,10624387952,24,2026-09-23T07:12:53Z,2026-09-23T07:13:23Z
418-20260923-005,vehicle-915,418,10599895158,25,2026-09-23T07:14:00Z,2026-09-23T07:14:30Z
418-20260923-005,vehicle-915,418,10770786423,26,2026-09-23T07:15:42Z,2026-09-23T07:16:12Z
418-20260923-005,vehicle-915,418,10770786422,27,2026-09-23T07:16:38Z,2026-09-23T07:17:08Z
418-20260923-005,vehicle-915,418,10624387951,28,2026-09-23T07:17:26Z,2026-09-23T07:17:56Z
418-20260923-006,vehicle-916,418,1032423329,1,2026-09-23T06:39:00Z,2026-09-23T06:39:30Z
418-20260923-006,vehicle-916,418,10742508013,2,2026-09-23T06:40:28Z,2026-09-23T06:40:58Z
418-20260923-006,vehicle-916,418,10742508012,3,2026-09-23T06:41:26Z,2026-09-23T06:41:56Z
418-20260923-006,vehicle-916,418,3617771183,4,2026-09-23T06:42:40Z,2026-09-23T06:43:10Z
418-20260923-006,vehicle-916,418,10769947765,5,2026-09-23T06:43:40Z,2026-09-23T06:44:10Z
418-20260923-006,vehicle-916,418,10769947764,6,2026-09-23T06:45:04Z,2026-09-23T06:45:34Z
418-20260923-006,vehicle-916,418,10769947766,7,2026-09-23T06:46:06Z,2026-09-23T06:46:36Z
418-20260923-006,vehicle-916,418,10769940169,8,2026-09-23T06:47:43Z,2026-09-23T06:48:13Z
418-20260923-006,vehicle-916,418,10770758620,9,2026-09-23T06:49:45Z,2026-09-23T06:50:15Z
418-20260923-006,vehicle-916,418,10770758618,10,2026-09-23T06:50:52Z,2026-09-23T06:51:22Z
418-20260923-006,vehicle-916,418,1136163537,11,2026-09-23T06:52:44Z,2026-09-23T06:53:14Z
418-20260923-006,vehicle-916,418,10770758615,12,2026-09-23T06:53:41Z,2026-09-23T06:54:11Z
418-20260923-006,vehicle-916,418,5129194363,13,2026-09-23T06:54:50Z,2026-09-23T06:55:20Z
418-20260923-006,vehicle-916,418,10599880588,14,2026-09-23T06:55:55Z,2026-09-23T06:56:25Z
418-20260923-006,vehicle-916,418,10599880590,15,2026-09-23T06:57:04Z,2026-09-23T06:57:34Z
418-20260923-006,vehicle-916,418,10599880595,16,2026-09-23T06:58:32Z,2026-09-23T06:59:02Z
418-20260923-006,vehicle-916,418,10599880596,17,2026-09-23T06:59:53Z,2026-09-23T07:00:23Z
418-20260923-006,vehicle-916,418,10599880600,18,2026-09-23T07:01:13Z,2026-09-23T07:01:43Z
418-20260923-006,vehicle-916,418,8185422663,19,2026-09-23T07:02:29Z,2026-09-23T07:02:59Z
418-20260923-006,vehicle-916,418,10601114153,20,2026-09-23T07:03:57Z,2026-09-23T07:04:27Z
418-20260923-006,vehicle-916,418,10601114156,21,2026-09-23T07:05:40Z,2026-09-23T07:06:10Z
418-20260923-006,vehicle-916,418,10601114158,22,2026-09-23T07:07:08Z,2026-09-23T07:07:38Z
418-20260923-006,vehicle-916,418,10599895153,23,2026-09-23T07:08:23Z,2026-09-23T07:08:53Z
418-20260923-006,vehicle-916,418,10624387952,24,2026-09-23T07:09:23Z,2026-09-23T07:09:53Z
418-20260923-006,vehicle-916,418,10599895158,25,2026-09-23T07:10:30Z,2026-09-23T07:11:00Z
418-20260923-006,vehicle-916,418,10770786423,26,2026-09-23T07:12:12Z,2026-09-23T07:12:42Z
418-20260923-006,vehicle-916,418,10770786422,27,2026-09-23T07:13:08Z,2026-09-23T07:13:38Z
418-20260923-006,vehicle-916,418,10624387951,28,2026-09-23T07:13:56Z,2026-09-23T07:14:26Z
418-20260923-007,vehicle-917,418,1032423329,1,2026-09-23T06:35:30Z,2026-09-23T06:36:00Z
418-20260923-007,vehicle-917,418,10742508013,2,2026-09-23T06:36:58Z,2026-09-23T06:37:28Z
418-20260923-007,vehicle-917,418,10742508012,3,2026-09-23T06:37:56Z,2026-09-23T06:38:26Z
418-20260923-007,vehicle-917,418,3617771183,4,2026-09-23T06:39:10Z,2026-09-23T06:39:40Z
418-20260923-007,vehicle-917,418,10769947765,5,2026-09-23T06:40:10Z,2026-09-23T06:40:40Z
418-20260923-007,vehicle-917,418,10769947764,6,2026-09-23T06:41:34Z,2026-09-23T06:42:04Z
418-20260923-007,vehicle-917,418,10769947766,7,2026-09-23T06:42:36Z,2026-09-23T06:43:06Z
418-20260923-007,vehicle-917,418,10769940169,8,2026-09-23T06:44:13Z,2026-09-23T06:44:43Z
418-20260923-007,vehicle-917,418,10770758620,9,2026-09-23T06:46:15Z,2026-09-23T06:46:45Z
418-20260923-007,vehicle-917,418,10770758618,10,2026-09-23T06:47:22Z,2026-09-23T06:47:52Z
418-20260923-007,vehicle-917,418,1136163537,11,2026-09-23T06:49:14Z,2026-09-23T06:49:44Z
418-20260923-007,vehicle-917,418,10770758615,12,2026-09-23T06:50:11Z,2026-09-23T06:50:41Z
418-20260923-007,vehicle-917,418,5129194363,13,2026-09-23T06:51:20Z,2026-09-23T06:51:50Z
418-20260923-007,vehicle-917,418,10599880588,14,2026-09-23T06:52:25Z,2026-09-23T06:52:55Z
418-20260923-007,vehicle-917,418,10599880590,15,2026-09-23T06:53:34Z,2026-09-23T06:54:04Z
418-20260923-007,vehicle-917,418,10599880595,16,2026-09-23T06:55:02Z,2026-09-23T06:55:32Z
418-20260923-007,vehicle-917,418,10599880596,17,2026-09-23T06:56:23Z,2026-09-23T06:56:53Z
418-20260923-007,vehicle-917,418,10599880600,18,2026-09-23T06:57:43Z,2026-09-23T06:58:13Z
418-20260923-007,vehicle-917,418,8185422663,19,2026-09-23T06:58:59Z,2026-09-23T06:59:29Z
418-20260923-007,vehicle-917,418,10601114153,20,2026-09-23T07:00:27Z,2026-09-23T07:00:57Z
418-20260923-007,vehicle-917,418,10601114156,21,2026-09-23T07:02:10Z,2026-09-23T07:02:40Z
418-20260923-007,vehicle-917,418,10601114158,22,2026-09-23T07:03:38Z,2026-09-23T07:04:08Z
418-20260923-007,vehicle-917,418,10599895153,23,2026-09-23T07:04:53Z,2026-09-23T07:05:23Z
418-20260923-007,vehicle-917,418,10624387952,24,2026-09-23T07:05:53Z,2026-09-23T07:06:23Z
418-20260923-007,vehicle-917,418,10599895158,25,2026-09-23T07:07:00Z,2026-09-23T07:07:30Z
418-20260923-007,vehicle-917,418,10770786423,26,2026-09-23T07:08:42Z,2026-09-23T07:09:12Z
418-20260923-007,vehicle-917,418,10770786422,27,2026-09-23T07:09:38Z,2026-09-23T07:10:08Z
418-20260923-007,vehicle-917,418,10624387951,28,2026-09-23T07:10:26Z,2026-09-23T07:10:56Z
м34-20260923-000,vehicle-920,м34,2361337263,1,2026-09-23T07:00:00Z,2026-09-23T07:00:30Z
м34-20260923-000,vehicle-920,м34,2407881964,2,2026-09-23T07:01:13Z,2026-09-23T07:01:43Z
м34-20260923-000,vehicle-920,м34,2565946500,3,2026-09-23T07:02:22Z,2026-09-23T07:02:52Z
м34-20260923-000,vehicle-920,м34,2565946448,4,2026-09-23T07:03:34Z,2026-09-23T07:04:04Z
м34-20260923-000,vehicle-920,м34,4730949128,5,2026-09-23T07:04:47Z,2026-09-23T07:05:17Z
м34-20260923-000,vehicle-920,м34,4730949129,6,2026-09-23T07:06:15Z,2026-09-23T07:06:45Z
м34-20260923-000,vehicle-920,м34,4730949131,7,2026-09-23T07:07:31Z,2026-09-23T07:08:01Z
м34-20260923-000,vehicle-920,м34,597428461,8,2026-09-23T07:10:04Z,2026-09-23T07:10:34Z
м34-20260923-000,vehicle-920,м34,7490301537,9,2026-09-23T07:11:02Z,2026-09-23T07:11:32Z
м34-20260923-000,vehicle-920,м34,10599880586,10,2026-09-23T07:12:17Z,2026-09-23T07:12:47Z
м34-20260923-000,vehicle-920,м34,10599895150,11,2026-09-23T07:14:07Z,2026-09-23T07:14:37Z
м34-20260923-000,vehicle-920,м34,10601114157,12,2026-09-23T07:15:28Z,2026-09-23T07:15:58Z
м34-20260923-000,vehicle-920,м34,10601114155,13,2026-09-23T07:17:01Z,2026-09-23T07:17:31Z
м34-20260923-000,vehicle-920,м34,10601114154,14,2026-09-23T07:18:14Z,2026-09-23T07:18:44Z
м34-20260923-000,vehicle-920,м34,8185422660,15,2026-09-23T07:20:10Z,2026-09-23T07:20:40Z
м34-20260923-000,vehicle-920,м34,10599880601,16,2026-09-23T07:21:40Z,2026-09-23T07:22:10Z
м34-20260923-000,vehicle-920,м34,10599880597,17,2026-09-23T07:22:32Z,2026-09-23T07:23:02Z
м34-20260923-000,vehicle-920,м34,10599880594,18,2026-09-23T07:24:00Z,2026-09-23T07:24:30Z
м34-20260923-000,vehicle-920,м34,10599880591,19,2026-09-23T07:25:11Z,2026-09-23T07:25:41Z
м34-20260923-000,vehicle-920,м34,14170887503,20,2026-09-23T07:26:29Z,2026-09-23T07:26:59Z
м34-20260923-000,vehicle-920,м34,5041554170,21,2026-09-23T07:27:37Z,2026-09-23T07:28:07Z
м34-20260923-001,vehicle-921,м34,2361337263,1,2026-09-23T06:56:30Z,2026-09-23T06:57:00Z
м34-20260923-001,vehicle-921,м34,2407881964,2,2026-09-23T06:57:43Z,2026-09-23T06:58:13Z
м34-20260923-001,vehicle-921,м34,2565946500,3,2026-09-23T06:58:52Z,2026-09-23T06:59:22Z
м34-20260923-001,vehicle-921,м34,2565946448,4,2026-09-23T07:00:04Z,2026-09-23T07:00:34Z
м34-20260923-001,vehicle-921,м34,4730949128,5,2026-09-23T07:01:17Z,2026-09-23T07:01:47Z
м34-20260923-001,vehicle-921,м34,4730949129,6,2026-09-23T07:02:45Z,2026-09-23T07:03:15Z
м34-20260923-001,vehicle-921,м34,4730949131,7,2026-09-23T07:04:01Z,2026-09-23T07:04:31Z
м34-20260923-001,vehicle-921,м34,597428461,8,2026-09-23T07:06:34Z,2026-09-23T07:07:04Z
м34-20260923-001,vehicle-921,м34,7490301537,9,2026-09-23T07:07:32Z,2026-09-23T07:08:02Z
м34-20260923-001,vehicle-921,м34,10599880586,10,2026-09-23T07:08:47Z,2026-09-23T07:09:17Z
м34-20260923-001,vehicle-921,м34,10599895150,11,2026-09-23T07:10:37Z,2026-09-23T07:11:07Z
м34-20260923-001,vehicle-921,м34,10601114157,12,2026-09-23T07:11:58Z,2026-09-23T07:12:28Z
м34-20260923-001,vehicle-921,м34,10601114155,13,2026-09-23T07:13:31Z,2026-09-23T07:14:01Z
м34-20260923-001,vehicle-921,м34,10601114154,14,2026-09-23T07:14:44Z,2026-09-23T07:15:14Z
м34-20260923-001,vehicle-921,м34,8185422660,15,2026-09-23T07:16:40Z,2026-09-23T07:17:10Z
м34-20260923-001,vehicle-921,м34,10599880601,16,2026-09-23T07:18:10Z,2026-09-23T07:18:40Z
м34-20260923-001,vehicle-921,м34,10599880597,17,2026-09-23T07:19:02Z,2026-09-23T07:19:32Z
м34-20260923-001,vehicle-921,м34,10599880594,18,2026-09-23T07:20:30Z,2026-09-23T07:21:00Z
м34-20260923-001,vehicle-921,м34,10599880591,19,2026-09-23T07:21:41Z,2026-09-23T07:22:11Z
м34-20260923-001,vehicle-921,м34,14170887503,20,2026-09-23T07:22:59Z,2026-09-23T07:23:29Z
м34-20260923-001,vehicle-921,м34,5041554170,21,2026-09-23T07:24:07Z,2026-09-23T07:24:37Z
м34-20260923-002,vehicle-922,м34,2361337263,1,2026-09-23T06:53:00Z,2026-09-23T06:53:30Z
м34-20260923-002,vehicle-922,м34,2407881964,2,2026-09-23T06:54:13Z,2026-09-23T06:54:43Z
м34-20260923-002,vehicle-922,м34,2565946500,3,2026-09-23T06:55:22Z,2026-09-23T06:55:52Z
м34-20260923-002,vehicle-922,м34,2565946448,4,2026-09-23T06:56:34Z,2026-09-23T06:57:04Z
м34-20260923-002,vehicle-922,м34,4730949128,5,2026-09-23T06:57:47Z,2026-09-23T06:58:17Z
м34-20260923-002,vehicle-922,м34,4730949129,6,2026-09-23T06:59:15Z,2026-09-23T06:59:45Z
м34-20260923-002,vehicle-922,м34,4730949131,7,2026-09-23T07:00:31Z,2026-09-23T07:01:01Z
м34-20260923-002,vehicle-922,м34,597428461,8,2026-09-23T07:03:04Z,2026-09-23T07:03:34Z
м34-20260923-002,vehicle-922,м34,7490301537,9,2026-09-23T07:04:02Z,2026-09-23T07:04:32Z
м34-20260923-002,vehicle-922,м34,10599880586,10,2026-09-23T07:05:17Z,2026-09-23T07:05:47Z
м34-20260923-002,vehicle-922,м34,10599895150,11,2026-09-23T07:07:07Z,2026-09-23T07:07:37Z
м34-20260923-002,vehicle-922,м34,10601114157,12,2026-09-23T07:08:28Z,2026-09-23T07:08:58Z
м34-20260923-002,vehicle-922,м34,10601114155,13,2026-09-23T07:10:01Z,2026-09-23T07:10:31Z
м34-20260923-002,vehicle-922,м34,10601114154,14,2026-09-23T07:11:14Z,2026-09-23T07:11:44Z
м34-20260923-002,vehicle-922,м34,8185422660,15,2026-09-23T07:13:10Z,2026-09-23T07:13:40Z
м34-20260923-002,vehicle-922,м34,10599880601,16,2026-09-23T07:14:40Z,2026-09-23T07:15:10Z
м34-20260923-002,vehicle-922,м34,10599880597,17,2026-09-23T07:15:32Z,2026-09-23T07:16:02Z
м34-20260923-002,vehicle-922,м34,10599880594,18,2026-09-23T07:17:00Z,2026-09-23T07:17:30Z
м34-20260923-002,vehicle-922,м34,10599880591,19,2026-09-23T07:18:11Z,2026-09-23T07:18:41Z
м34-20260923-002,vehicle-922,м34,14170887503,20,2026-09-23T07:19:29Z,2026-09-23T07:19:59Z
м34-20260923-002,vehicle-922,м34,5041554170,21,2026-09-23T07:20:37Z,2026-09-23T07:21:07Z
м34-20260923-003,vehicle-923,м34,2361337263,1,2026-09-23T06:49:30Z,2026-09-23T06:50:00Z
м34-20260923-003,vehicle-923,м34,2407881964,2,2026-09-23T06:50:43Z,2026-09-23T06:51:13Z
м34-20260923-003,vehicle-923,м34,2565946500,3,2026-09-23T06:51:52Z,2026-09-23T06:52:22Z
м34-20260923-003,vehicle-923,м34,2565946448,4,2026-09-23T06:53:04Z,2026-09-23T06:53:34Z
м34-20260923-003,vehicle-923,м34,4730949128,5,2026-09-23T06:54:17Z,2026-09-23T06:54:47Z
м34-20260923-003,vehicle-923,м34,4730949129,6,2026-09-23T06:55:45Z,2026-09-23T06:56:15Z
м34-20260923-003,vehicle-923,м34,4730949131,7,2026-09-23T06:57:01Z,2026-09-23T06:57:31Z
м34-20260923-003,vehicle-923,м34,597428461,8,2026-09-23T06:59:34Z,2026-09-23T07:00:04Z
м34-20260923-003,vehicle-923,м34,7490301537,9,2026-09-23T07:00:32Z,2026-09-23T07:01:02Z
м34-20260923-003,vehicle-923,м34,10599880586,10,2026-09-23T07:01:47Z,2026-09-23T07:02:17Z
м34-20260923-003,vehicle-923,м34,10599895150,11,2026-09-23T07:03:37Z,2026-09-23T07:04:07Z
м34-20260923-003,vehicle-923,м34,10601114157,12,2026-09-23T07:04:58Z,2026-09-23T07:05:28Z
м34-20260923-003,vehicle-923,м34,10601114155,13,2026-09-23T07:06:31Z,2026-09-23T07:07:01Z
м34-20260923-003,vehicle-923,м34,10601114154,14,2026-09-23T07:07:44Z,2026-09-23T07:08:14Z
м34-20260923-003,vehicle-923,м34,8185422660,15,2026-09-23T07:09:40Z,2026-09-23T07:10:10Z
м34-20260923-003,vehicle-923,м34,10599880601,16,2026-09-23T07:11:10Z,2026-09-23T07:11:40Z
м34-20260923-003,vehicle-923,м34,10599880597,17,2026-09-23T07:12:02Z,2026-09-23T07:12:32Z
м34-20260923-003,vehicle-923,м34,10599880594,18,2026-09-23T07:13:30Z,2026-09-23T07:14:00Z
м34-20260923-003,vehicle-923,м34,10599880591,19,2026-09-23T07:14:41Z,2026-09-23T07:15:11Z
м34-20260923-003,vehicle-923,м34,14170887503,20,2026-09-23T07:15:59Z,2026-09-23T07:16:29Z
м34-20260923-003,vehicle-923,м34,5041554170,21,2026-09-23T07:17:07Z,2026-09-23T07:17:37Z
м34-20260923-004,vehicle-924,м34,2361337263,1,2026-09-23T06:46:00Z,2026-09-23T06:46:30Z
м34-20260923-004,vehicle-924,м34,2407881964,2,2026-09-23T06:47:13Z,2026-09-23T06:47:43Z
м34-20260923-004,vehicle-924,м34,2565946500,3,2026-09-23T06:48:22Z,2026-09-23T06:48:52Z
м34-20260923-004,vehicle-924,м34,2565946448,4,2026-09-23T06:49:34Z,2026-09-23T06:50:04Z
м34-20260923-004,vehicle-924,м34,4730949128,5,2026-09-23T06:50:47Z,2026-09-23T06:51:17Z
м34-20260923-004,vehicle-924,м34,4730949129,6,2026-09-23T06:52:15Z,2026-09-23T06:52:45Z
м34-20260923-004,vehicle-924,м34,4730949131,7,2026-09-23T06:53:31Z,2026-09-23T06:54:01Z
м34-20260923-004,vehicle-924,м34,597428461,8,2026-09-23T06:56:04Z,2026-09-23T06:56:34Z
м34-20260923-004,vehicle-924,м34,7490301537,9,2026-09-23T06:57:02Z,2026-09-23T06:57:32Z
м34-20260923-004,vehicle-924,м34,10599880586,10,2026-09-23T06:58:17Z,2026-09-23T06:58:47Z
м34-20260923-004,vehicle-924,м34,10599895150,11,2026-09-23T07:00:07Z,2026-09-23T07:00:37Z
м34-20260923-004,vehicle-924,м34,10601114157,12,2026-09-23T07:01:28Z,2026-09-23T07:01:58Z
м34-20260923-004,vehicle-924,м34,10601114155,13,2026-09-23T07:03:01Z,2026-09-23T07:03:31Z
м34-20260923-004,vehicle-924,м34,10601114154,14,2026-09-23T07:04:14Z,2026-09-23T07:04:44Z
м34-20260923-004,vehicle-924,м34,8185422660,15,2026-09-23T07:06:10Z,2026-09-23T07:06:40Z
м34-20260923-004,vehicle-924,м34,10599880601,16,2026-09-23T07:07:40Z,2026-09-23T07:08:10Z
м34-20260923-004,vehicle-924,м34,10599880597,17,2026-09-23T07:08:32Z,2026-09-23T07:09:02Z
м34-20260923-004,vehicle-924,м34,10599880594,18,2026-09-23T07:10:00Z,2026-09-23T07:10:30Z
м34-20260923-004,vehicle-924,м34,10599880591,19,2026-09-23T07:11:11Z,2026-09-23T07:11:41Z
м34-20260923-004,vehicle-924,м34,14170887503,20,2026-09-23T07:12:29Z,2026-09-23T07:12:59Z
м34-20260923-004,vehicle-924,м34,5041554170,21,2026-09-23T07:13:37Z,2026-09-23T07:14:07Z
м34-20260923-005,vehicle-925,м34,2361337263,1,2026-09-23T06:42:30Z,2026-09-23T06:43:00Z
м34-20260923-005,vehicle-925,м34,2407881964,2,2026-09-23T06:43:43Z,2026-09-23T06:44:13Z
м34-20260923-005,vehicle-925,м34,2565946500,3,2026-09-23T06:44:52Z,2026-09-23T06:45:22Z
м34-20260923-005,vehicle-925,м34,2565946448,4,2026-09-23T06:46:04Z,2026-09-23T06:46:34Z
м34-20260923-005,vehicle-925,м34,4730949128,5,2026-09-23T06:47:17Z,2026-09-23T06:47:47Z
м34-20260923-005,vehicle-925,м34,4730949129,6,2026-09-23T06:48:45Z,2026-09-23T06:49:15Z
м34-20260923-005,vehicle-925,м34,4730949131,7,2026-09-23T06:50:01Z,2026-09-23T06:50:31Z
м34-20260923-005,vehicle-925,м34,597428461,8,2026-09-23T06:52:34Z,2026-09-23T06:53:04Z
м34-20260923-005,vehicle-925,м34,7490301537,9,2026-09-23T06:53:32Z,2026-09-23T06:54:02Z
м34-20260923-005,vehicle-925,м34,10599880586,10,2026-09-23T06:54:47Z,2026-09-23T06:55:17Z
м34-20260923-005,vehicle-925,м34,10599895150,11,2026-09-23T06:56:37Z,2026-09-23T06:57:07Z
м34-20260923-005,vehicle-925,м34,10601114157,12,2026-09-23T06:57:58Z,2026-09-23T06:58:28Z
м34-20260923-005,vehicle-925,м34,10601114155,13,2026-09-23T06:59:31Z,2026-09-23T07:00:01Z
м34-20260923-005,vehicle-925,м34,10601114154,14,2026-09-23T07:00:44Z,2026-09-23T07:01:14Z
м34-20260923-005,vehicle-925,м34,8185422660,15,2026-09-23T07:02:40Z,2026-09-23T07:03:10Z
м34-20260923-005,vehicle-925,м34,10599880601,16,2026-09-23T07:04:10Z,2026-09-23T07:04:40Z
м34-20260923-005,vehicle-925,м34,10599880597,17,2026-09-23T07:05:02Z,2026-09-23T07:05:32Z
м34-20260923-005,vehicle-925,м34,10599880594,18,2026-09-23T07:06:30Z,2026-09-23T07:07:00Z
м34-20260923-005,vehicle-925,м34,10599880591,19,2026-09-23T07:07:41Z,2026-09-23T07:08:11Z
м34-20260923-005,vehicle-925,м34,14170887503,20,2026-09-23T07:08:59Z,2026-09-23T07:09:29Z
м34-20260923-005,vehicle-925,м34,5041554170,21,2026-09-23T07:10:07Z,2026-09-23T07:10:37Z
м34-20260923-006,vehicle-926,м34,2361337263,1,2026-09-23T06:39:00Z,2026-09-23T06:39:30Z
м34-20260923-006,vehicle-926,м34,2407881964,2,2026-09-23T06:40:13Z,2026-09-23T06:40:43Z
м34-20260923-006,vehicle-926,м34,2565946500,3,2026-09-23T06:41:22Z,2026-09-23T06:41:52Z
м34-20260923-006,vehicle-926,м34,2565946448,4,2026-09-23T06:42:34Z,2026-09-23T06:43:04Z
м34-20260923-006,vehicle-926,м34,4730949128,5,2026-09-23T06:43:47Z,2026-09-23T06:44:17Z
м34-20260923-006,vehicle-926,м34,4730949129,6,2026-09-23T06:45:15Z,2026-09-23T06:45:45Z
м34-20260923-006,vehicle-926,м34,4730949131,7,2026-09-23T06:46:31Z,2026-09-23T06:47:01Z
м34-20260923-006,vehicle-926,м34,597428461,8,2026-09-23T06:49:04Z,2026-09-23T06:49:34Z
м34-20260923-006,vehicle-926,м34,7490301537,9,2026-09-23T06:50:02Z,2026-09-23T06:50:32Z
м34-20260923-006,vehicle-926,м34,10599880586,10,2026-09-23T06:51:17Z,2026-09-23T06:51:47Z
м34-20260923-006,vehicle-926,м34,10599895150,11,2026-09-23T06:53:07Z,2026-09-23T06:53:37Z
м34-20260923-006,vehicle-926,м34,10601114157,12,2026-09-23T06:54:28Z,2026-09-23T06:54:58Z
м34-20260923-006,vehicle-926,м34,10601114155,13,2026-09-23T06:56:01Z,2026-09-23T06:56:31Z
м34-20260923-006,vehicle-926,м34,10601114154,14,2026-09-23T06:57:14Z,2026-09-23T06:57:44Z
м34-20260923-006,vehicle-926,м34,8185422660,15,2026-09-23T06:59:10Z,2026-09-23T06:59:40Z
м34-20260923-006,vehicle-926,м34,10599880601,16,2026-09-23T07:00:40Z,2026-09-23T07:01:10Z
м34-20260923-006,vehicle-926,м34,10599880597,17,2026-09-23T07:01:32Z,2026-09-23T07:02:02Z
м34-20260923-006,vehicle-926,м34,10599880594,18,2026-09-23T07:03:00Z,2026-09-23T07:03:30Z
м34-20260923-006,vehicle-926,м34,10599880591,19,2026-09-23T07:04:11Z,2026-09-23T07:04:41Z
м34-20260923-006,vehicle-926,м34,14170887503,20,2026-09-23T07:05:29Z,2026-09-23T07:05:59Z
м34-20260923-006,vehicle-926,м34,5041554170,21,2026-09-23T07:06:37Z,2026-09-23T07:07:07Z
м34-20260923-007,vehicle-927,м34,2361337263,1,2026-09-23T06:35:30Z,2026-09-23T06:36:00Z
м34-20260923-007,vehicle-927,м34,2407881964,2,2026-09-23T06:36:43Z,2026-09-23T06:37:13Z
м34-20260923-007,vehicle-927,м34,2565946500,3,2026-09-23T06:37:52Z,2026-09-23T06:38:22Z
м34-20260923-007,vehicle-927,м34,2565946448,4,2026-09-23T06:39:04Z,2026-09-23T06:39:34Z
м34-20260923-007,vehicle-927,м34,4730949128,5,2026-09-23T06:40:17Z,2026-09-23T06:40:47Z
м34-20260923-007,vehicle-927,м34,4730949129,6,2026-09-23T06:41:45Z,2026-09-23T06:42:15Z
м34-20260923-007,vehicle-927,м34,4730949131,7,2026-09-23T06:43:01Z,2026-09-23T06:43:31Z
м34-20260923-007,vehicle-927,м34,597428461,8,2026-09-23T06:45:34Z,2026-09-23T06:46:04Z
м34-20260923-007,vehicle-927,м34,7490301537,9,2026-09-23T06:46:32Z,2026-09-23T06:47:02Z
м34-20260923-007,vehicle-927,м34,10599880586,10,2026-09-23T06:47:47Z,2026-09-23T06:48:17Z
м34-20260923-007,vehicle-927,м34,10599895150,11,2026-09-23T06:49:37Z,2026-09-23T06:50:07Z
м34-20260923-007,vehicle-927,м34,10601114157,12,2026-09-23T06:50:58Z,2026-09-23T06:51:28Z
м34-20260923-007,vehicle-927,м34,10601114155,13,2026-09-23T06:52:31Z,2026-09-23T06:53:01Z
м34-20260923-007,vehicle-927,м34,10601114154,14,2026-09-23T06:53:44Z,2026-09-23T06:54:14Z
м34-20260923-007,vehicle-927,м34,8185422660,15,2026-09-23T06:55:40Z,2026-09-23T06:56:10Z
м34-20260923-007,vehicle-927,м34,10599880601,16,2026-09-23T06:57:10Z,2026-09-23T06:57:40Z
м34-20260923-007,vehicle-927,м34,10599880597,17,2026-09-23T06:58:02Z,2026-09-23T06:58:32Z
м34-20260923-007,vehicle-927,м34,10599880594,18,2026-09-23T06:59:30Z,2026-09-23T07:00:00Z
м34-20260923-007,vehicle-927,м34,10599880591,19,2026-09-23T07:00:41Z,2026-09-23T07:01:11Z
м34-20260923-007,vehicle-927,м34,14170887503,20,2026-09-23T07:01:59Z,2026-09-23T07:02:29Z
м34-20260923-007,vehicle-927,м34,5041554170,21,2026-09-23T07:03:07Z,2026-09-23T07:03:37Z
м90-20260923-000,vehicle-930,м90,10743189858,1,2026-09-23T07:00:00Z,2026-09-23T07:00:30Z
м90-20260923-000,vehicle-930,м90,10743189857,2,2026-09-23T07:01:01Z,2026-09-23T07:01:31Z
м90-20260923-000,vehicle-930,м90,10743278531,3,2026-09-23T07:02:17Z,2026-09-23T07:02:47Z
м90-20260923-000,vehicle-930,м90,10743278537,4,2026-09-23T07:03:47Z,2026-09-23T07:04:17Z
м90-20260923-000,vehicle-930,м90,10657545795,5,2026-09-23T07:05:06Z,2026-09-23T07:05:36Z
м90-20260923-000,vehicle-930,м90,10743278540,6,2026-09-23T07:06:32Z,2026-09-23T07:07:02Z
м90-20260923-000,vehicle-930,м90,3474605529,7,2026-09-23T07:07:52Z,2026-09-23T07:08:22Z
м90-20260923-000,vehicle-930,м90,10034851401,8,2026-09-23T07:09:09Z,2026-09-23T07:09:39Z
м90-20260923-000,vehicle-930,м90,10034851394,9,2026-09-23T07:10:39Z,2026-09-23T07:11:09Z
м90-20260923-000,vehicle-930,м90,10743276657,10,2026-09-23T07:12:00Z,2026-09-23T07:12:30Z
м90-20260923-000,vehicle-930,м90,10743276658,11,2026-09-23T07:13:05Z,2026-09-23T07:13:35Z
м90-20260923-000,vehicle-930,м90,10781782841,12,2026-09-23T07:14:00Z,2026-09-23T07:14:30Z
м90-20260923-000,vehicle-930,м90,10735094092,13,2026-09-23T07:15:22Z,2026-09-23T07:15:52Z
м90-20260923-000,vehicle-930,м90,10735094086,14,2026-09-23T07:16:31Z,2026-09-23T07:17:01Z
м90-20260923-000,vehicle-930,м90,10735094098,15,2026-09-23T07:17:45Z,2026-09-23T07:18:15Z
м90-20260923-000,vehicle-930,м90,10735094101,16,2026-09-23T07:18:50Z,2026-09-23T07:19:20Z
м90-20260923-000,vehicle-930,м90,10735094097,17,2026-09-23T07:19:50Z,2026-09-23T07:20:20Z
м90-20260923-000,vehicle-930,м90,10700842468,18,2026-09-23T07:20:57Z,2026-09-23T07:21:27Z
м90-20260923-000,vehicle-930,м90,10700842466,19,2026-09-23T07:22:03Z,2026-09-23T07:22:33Z
м90-20260923-000,vehicle-930,м90,10735116751,20,2026-09-23T07:23:50Z,2026-09-23T07:24:20Z
м90-20260923-000,vehicle-930,м90,10735116760,21,2026-09-23T07:25:08Z,2026-09-23T07:25:38Z
м90-20260923-000,vehicle-930,м90,10735116757,22,2026-09-23T07:26:14Z,2026-09-23T07:26:44Z
м90-20260923-000,vehicle-930,м90,10781355827,23,2026-09-23T07:27:44Z,2026-09-23T07:28:14Z
м90-20260923-000,vehicle-930,м90,10781602191,24,2026-09-23T07:29:04Z,2026-09-23T07:29:34Z
м90-20260923-000,vehicle-930,м90,10777003142,25,2026-09-23T07:30:44Z,2026-09-23T07:31:14Z
м90-20260923-000,vehicle-930,м90,10777003144,26,2026-09-23T07:31:44Z,2026-09-23T07:32:14Z
м90-20260923-000,vehicle-930,м90,10777003147,27,2026-09-23T07:32:52Z,2026-09-23T07:33:22Z
м90-20260923-000,vehicle-930,м90,10777003149,28,2026-09-23T07:34:18Z,2026-09-23T07:34:48Z
м90-20260923-000,vehicle-930,м90,10719762326,29,2026-09-23T07:35:27Z,2026-09-23T07:35:57Z
м90-20260923-000,vehicle-930,м90,10710060863,30,2026-09-23T07:36:28Z,2026-09-23T07:36:58Z
м90-20260923-000,vehicle-930,м90,10777003131,31,2026-09-23T07:37:31Z,2026-09-23T07:38:01Z
м90-20260923-000,vehicle-930,м90,10777003130,32,2026-09-23T07:38:50Z,2026-09-23T07:39:20Z
м90-20260923-000,vehicle-930,м90,10539275620,33,2026-09-23T07:39:51Z,2026-09-23T07:40:21Z
м90-20260923-000,vehicle-930,м90,10781782840,34,2026-09-23T07:41:27Z,2026-09-23T07:41:57Z
м90-20260923-000,vehicle-930,м90,10781782838,35,2026-09-23T07:42:33Z,2026-09-23T07:43:03Z
м90-20260923-000,vehicle-930,м90,10740471007,36,2026-09-23T07:43:39Z,2026-09-23T07:44:09Z
м90-20260923-000,vehicle-930,м90,10711256696,37,2026-09-23T07:45:13Z,2026-09-23T07:45:43Z
м90-20260923-000,vehicle-930,м90,10711256697,38,2026-09-23T07:46:14Z,2026-09-23T07:46:44Z
м90-20260923-000,vehicle-930,м90,10781782847,39,2026-09-23T07:47:40Z,2026-09-23T07:48:10Z
м90-20260923-000,vehicle-930,м90,10781782846,40,2026-09-23T07:49:16Z,2026-09-23T07:49:46Z
м90-20260923-000,vehicle-930,м90,5007785274,41,2026-09-23T07:50:36Z,2026-09-23T07:51:06Z
м90-20260923-000,vehicle-930,м90,9825498517,42,2026-09-23T07:51:48Z,2026-09-23T07:52:18Z
м90-20260923-000,vehicle-930,м90,10781782852,43,2026-09-23T07:53:00Z,2026-09-23T07:53:30Z
м90-20260923-000,vehicle-930,м90,9284083804,44,2026-09-23T07:54:08Z,2026-09-23T07:54:38Z
м90-20260923-000,vehicle-930,м90,5166349030,45,2026-09-23T07:56:07Z,2026-09-23T07:56:37Z
м90-20260923-000,vehicle-930,м90,5152813894,46,2026-09-23T07:57:52Z,2026-09-23T07:58:22Z
м90-20260923-000,vehicle-930,м90,336215380,47,2026-09-23T07:59:48Z,2026-09-23T08:00:18Z
м90-20260923-000,vehicle-930,м90,6074586992,48,2026-09-23T08:01:06Z,2026-09-23T08:01:36Z
м90-20260923-001,vehicle-931,м90,10743189858,1,2026-09-23T06:56:30Z,2026-09-23T06:57:00Z
м90-20260923-001,vehicle-931,м90,10743189857,2,2026-09-23T06:57:31Z,2026-09-23T06:58:01Z
м90-20260923-001,vehicle-931,м90,10743278531,3,2026-09-23T06:58:47Z,2026-09-23T06:59:17Z
м90-20260923-001,vehicle-931,м90,10743278537,4,2026-09-23T07:00:17Z,2026-09-23T07:00:47Z
м90-20260923-001,vehicle-931,м90,10657545795,5,2026-09-23T07:01:36Z,2026-09-23T07:02:06Z
м90-20260923-001,vehicle-931,м90,10743278540,6,2026-09-23T07:03:02Z,2026-09-23T07:03:32Z
м90-20260923-001,vehicle-931,м90,3474605529,7,2026-09-23T07:04:22Z,2026-09-23T07:04:52Z
м90-20260923-001,vehicle-931,м90,10034851401,8,2026-09-23T07:05:39Z,2026-09-23T07:06:09Z
м90-20260923-001,vehicle-931,м90,10034851394,9,2026-09-23T07:07:09Z,2026-09-23T07:07:39Z
м90-20260923-001,vehicle-931,м90,10743276657,10,2026-09-23T07:08:30Z,2026-09-23T07:09:00Z
м90-20260923-001,vehicle-931,м90,10743276658,11,2026-09-23T07:09:35Z,2026-09-23T07:10:05Z
м90-20260923-001,vehicle-931,м90,10781782841,12,2026-09-23T07:10:30Z,2026-09-23T07:11:00Z
м90-20260923-001,vehicle-931,м90,10735094092,13,2026-09-23T07:11:52Z,2026-09-23T07:12:22Z
м90-20260923-001,vehicle-931,м90,10735094086,14,2026-09-23T07:13:01Z,2026-09-23T07:13:31Z
м90-20260923-001,vehicle-931,м90,10735094098,15,2026-09-23T07:14:15Z,2026-09-23T07:14:45Z
м90-20260923-001,vehicle-931,м90,10735094101,16,2026-09-23T07:15:20Z,2026-09-23T07:15:50Z
м90-20260923-001,vehicle-931,м90,10735094097,17,2026-09-23T07:16:20Z,2026-09-23T07:16:50Z
м90-20260923-001,vehicle-931,м90,10700842468,18,2026-09-23T07:17:27Z,2026-09-23T07:17:57Z
м90-20260923-001,vehicle-931,м90,10700842466,19,2026-09-23T07:18:33Z,2026-09-23T07:19:03Z
м90-20260923-001,vehicle-931,м90,10735116751,20,2026-09-23T07:20:20Z,2026-09-23T07:20:50Z
м90-20260923-001,vehicle-931,м90,10735116760,21,2026-09-23T07:21:38Z,2026-09-23T07:22:08Z
м90-20260923-001,vehicle-931,м90,10735116757,22,2026-09-23T07:22:44Z,2026-09-23T07:23:14Z
м90-20260923-001,vehicle-931,м90,10781355827,23,2026-09-23T07:24:14Z,2026-09-23T07:24:44Z
м90-20260923-001,vehicle-931,м90,10781602191,24,2026-09-23T07:25:34Z,2026-09-23T07:26:04Z
м90-20260923-001,vehicle-931,м90,10777003142,25,2026-09-23T07:27:14Z,2026-09-23T07:27:44Z
м90-20260923-001,vehicle-931,м90,10777003144,26,2026-09-23T07:28:14Z,2026-09-23T07:28:44Z
м90-20260923-001,vehicle-931,м90,10777003147,27,2026-09-23T07:29:22Z,2026-09-23T07:29:52Z
м90-20260923-001,vehicle-931,м90,10777003149,28,2026-09-23T07:30:48Z,2026-09-23T07:31:18Z
м90-20260923-001,vehicle-931,м90,10719762326,29,2026-09-23T07:31:57Z,2026-09-23T07:32:27Z
м90-20260923-001,vehicle-931,м90,10710060863,30,2026-09-23T07:32:58Z,2026-09-23T07:33:28Z
м90-20260923-001,vehicle-931,м90,10777003131,31,2026-09-23T07:34:01Z,2026-09-23T07:34:31Z
м90-20260923-001,vehicle-931,м90,10777003130,32,2026-09-23T07:35:20Z,2026-09-23T07:35:50Z
м90-20260923-001,vehicle-931,м90,10539275620,33,2026-09-23T07:36:21Z,2026-09-23T07:36:51Z
м90-20260923-001,vehicle-931,м90,10781782840,34,2026-09-23T07:37:57Z,2026-09-23T07:38:27Z
м90-20260923-001,vehicle-931,м90,10781782838,35,2026-09-23T07:39:03Z,2026-09-23T07:39:33Z
м90-20260923-001,vehicle-931,м90,10740471007,36,2026-09-23T07:40:09Z,2026-09-23T07:40:39Z
м90-20260923-001,vehicle-931,м90,10711256696,37,2026-09-23T07:41:43Z,2026-09-23T07:42:13Z
м90-20260923-001,vehicle-931,м90,10711256697,38,2026-09-23T07:42:44Z,2026-09-23T07:43:14Z
м90-20260923-001,vehicle-931,м90,10781782847,39,2026-09-23T07:44:10Z,2026-09-23T07:44:40Z
м90-20260923-001,vehicle-931,м90,10781782846,40,2026-09-23T07:45:46Z,2026-09-23T07:46:16Z
м90-20260923-001,vehicle-931,м90,5007785274,41,2026-09-23T07:47:06Z,2026-09-23T07:47:36Z
м90-20260923-001,vehicle-931,м90,9825498517,42,2026-09-23T07:48:18Z,2026-09-23T07:48:48Z
м90-20260923-001,vehicle-931,м90,10781782852,43,2026-09-23T07:49:30Z,2026-09-23T07:50:00Z
м90-20260923-001,vehicle-931,м90,9284083804,44,2026-09-23T07:50:38Z,2026-09-23T07:51:08Z
м90-20260923-001,vehicle-931,м90,5166349030,45,2026-09-23T07:52:37Z,2026-09-23T07:53:07Z
м90-20260923-001,vehicle-931,м90,5152813894,46,2026-09-23T07:54:22Z,2026-09-23T07:54:52Z
м90-20260923-001,vehicle-931,м90,336215380,47,2026-09-23T07:56:18Z,2026-09-23T07:56:48Z
м90-20260923-001,vehicle-931,м90,6074586992,48,2026-09-23T07:57:36Z,2026-09-23T07:58:06Z
м90-20260923-002,vehicle-932,м90,10743189858,1,2026-09-23T06:53:00Z,2026-09-23T06:53:30Z
м90-20260923-002,vehicle-932,м90,10743189857,2,2026-09-23T06:54:01Z,2026-09-23T06:54:31Z
м90-20260923-002,vehicle-932,м90,10743278531,3,2026-09-23T06:55:17Z,2026-09-23T06:55:47Z
м90-20260923-002,vehicle-932,м90,10743278537,4,2026-09-23T06:56:47Z,2026-09-23T06:57:17Z
м90-20260923-002,vehicle-932,м90,10657545795,5,2026-09-23T06:58:06Z,2026-09-23T06:58:36Z
м90-20260923-002,vehicle-932,м90,10743278540,6,2026-09-23T06:59:32Z,2026-09-23T07:00:02Z
м90-20260923-002,vehicle-932,м90,3474605529,7,2026-09-23T07:00:52Z,2026-09-23T07:01:22Z
м90-20260923-002,vehicle-932,м90,10034851401,8,2026-09-23T07:02:09Z,2026-09-23T07:02:39Z
м90-20260923-002,vehicle-932,м90,10034851394,9,2026-09-23T07:03:39Z,2026-09-23T07:04:09Z
м90-20260923-002,vehicle-932,м90,10743276657,10,2026-09-23T07:05:00Z,2026-09-23T07:05:30Z
м90-20260923-002,vehicle-932,м90,10743276658,11,2026-09-23T07:06:05Z,2026-09-23T07:06:35Z
м90-20260923-002,vehicle-932,м90,10781782841,12,2026-09-23T07:07:00Z,2026-09-23T07:07:30Z
м90-20260923-002,vehicle-932,м90,10735094092,13,2026-09-23T07:08:22Z,2026-09-23T07:08:52Z
м90-20260923-002,vehicle-932,м90,10735094086,14,2026-09-23T07:09:31Z,2026-09-23T07:10:01Z
м90-20260923-002,vehicle-932,м90,10735094098,15,2026-09-23T07:10:45Z,2026-09-23T07:11:15Z
м90-20260923-002,vehicle-932,м90,10735094101,16,2026-09-23T07:11:50Z,2026-09-23T07:12:20Z
м90-20260923-002,vehicle-932,м90,10735094097,17,2026-09-23T07:12:50Z,2026-09-23T07:13:20Z
м90-20260923-002,vehicle-932,м90,10700842468,18,2026-09-23T07:13:57Z,2026-09-23T07:14:27Z
м90-20260923-002,vehicle-932,м90,10700842466,19,2026-09-23T07:15:03Z,2026-09-23T07:15:33Z
м90-20260923-002,vehicle-932,м90,10735116751,20,2026-09-23T07:16:50Z,2026-09-23T07:17:20Z
м90-20260923-002,vehicle-932,м90,10735116760,21,2026-09-23T07:18:08Z,2026-09-23T07:18:38Z
м90-20260923-002,vehicle-932,м90,10735116757,22,2026-09-23T07:19:14Z,2026-09-23T07:19:44Z
м90-20260923-002,vehicle-932,м90,10781355827,23,2026-09-23T07:20:44Z,2026-09-23T07:21:14Z
м90-20260923-002,vehicle-932,м90,10781602191,24,2026-09-23T07:22:04Z,2026-09-23T07:22:34Z
м90-20260923-002,vehicle-932,м90,10777003142,25,2026-09-23T07:23:44Z,2026-09-23T07:24:14Z
м90-20260923-002,vehicle-932,м90,10777003144,26,2026-09-23T07:24:44Z,2026-09-23T07:25:14Z
м90-20260923-002,vehicle-932,м90,10777003147,27,2026-09-23T07:25:52Z,2026-09-23T07:26:22Z
м90-20260923-002,vehicle-932,м90,10777003149,28,2026-09-23T07:27:18Z,2026-09-23T07:27:48Z
м90-20260923-002,vehicle-932,м90,10719762326,29,2026-09-23T07:28:27Z,2026-09-23T07:28:57Z
м90-20260923-002,vehicle-932,м90,10710060863,30,2026-09-23T07:29:28Z,2026-09-23T07:29:58Z
м90-20260923-002,vehicle-932,м90,10777003131,31,2026-09-23T07:30:31Z,2026-09-23T07:31:01Z
м90-20260923-002,vehicle-932,м90,10777003130,32,2026-09-23T07:31:50Z,2026-09-23T07:32:20Z
м90-20260923-002,vehicle-932,м90,10539275620,33,2026-09-23T07:32:51Z,2026-09-23T07:33:21Z
м90-20260923-002,vehicle-932,м90,10781782840,34,2026-09-23T07:34:27Z,2026-09-23T07:34:57Z
м90-20260923-002,vehicle-932,м90,10781782838,35,2026-09-23T07:35:33Z,2026-09-23T07:36:03Z
м90-20260923-002,vehicle-932,м90,10740471007,36,2026-09-23T07:36:39Z,2026-09-23T07:37:09Z
м90-20260923-002,vehicle-932,м90,10711256696,37,2026-09-23T07:38:13Z,2026-09-23T07:38:43Z
м90-20260923-002,vehicle-932,м90,10711256697,38,2026-09-23T07:39:14Z,2026-09-23T07:39:44Z
м90-20260923-002,vehicle-932,м90,10781782847,39,2026-09-23T07:40:40Z,2026-09-23T07:41:10Z
м90-20260923-002,vehicle-932,м90,10781782846,40,2026-09-23T07:42:16Z,2026-09-23T07:42:46Z
м90-20260923-002,vehicle-932,м90,5007785274,41,2026-09-23T07:43:36Z,2026-09-23T07:44:06Z
м90-20260923-002,vehicle-932,м90,9825498517,42,2026-09-23T07:44:48Z,2026-09-23T07:45:18Z
м90-20260923-002,vehicle-932,м90,10781782852,43,2026-09-23T07:46:00Z,2026-09-23T07:46:30Z
м90-20260923-002,vehicle-932,м90,9284083804,44,2026-09-23T07:47:08Z,2026-09-23T07:47:38Z
м90-20260923-002,vehicle-932,м90,5166349030,45,2026-09-23T07:49:07Z,2026-09-23T07:49:37Z
м90-20260923-002,vehicle-932,м90,5152813894,46,2026-09-23T07:50:52Z,2026-09-23T07:51:22Z
м90-20260923-002,vehicle-932,м90,336215380,47,2026-09-23T07:52:48Z,2026-09-23T07:53:18Z
м90-20260923-002,vehicle-932,м90,6074586992,48,2026-09-23T07:54:06Z,2026-09-23T07:54:36Z
м90-20260923-003,vehicle-933,м90,10743189858,1,2026-09-23T06:49:30Z,2026-09-23T06:50:00Z
м90-20260923-003,vehicle-933,м90,10743189857,2,2026-09-23T06:50:31Z,2026-09-23T06:51:01Z
м90-20260923-003,vehicle-933,м90,10743278531,3,2026-09-23T06:51:47Z,2026-09-23T06:52:17Z
м90-20260923-003,vehicle-933,м90,10743278537,4,2026-09-23T06:53:17Z,2026-09-23T06:53:47Z
м90-20260923-003,vehicle-933,м90,10657545795,5,2026-09-23T06:54:36Z,2026-09-23T06:55:06Z
м90-20260923-003,vehicle-933,м90,10743278540,6,2026-09-23T06:56:02Z,2026-09-23T06:56:32Z
м90-20260923-003,vehicle-933,м90,3474605529,7,2026-09-23T06:57:22Z,2026-09-23T06:57:52Z
м90-20260923-003,vehicle-933,м90,10034851401,8,2026-09-23T06:58:39Z,2026-09-23T06:59:09Z
м90-20260923-003,vehicle-933,м90,10034851394,9,2026-09-23T07:00:09Z,2026-09-23T07:00:39Z
м90-20260923-003,vehicle-933,м90,10743276657,10,2026-09-23T07:01:30Z,2026-09-23T07:02:00Z
м90-20260923-003,vehicle-933,м90,10743276658,11,2026-09-23T07:02:35Z,2026-09-23T07:03:05Z
м90-20260923-003,vehicle-933,м90,10781782841,12,2026-09-23T07:03:30Z,2026-09-23T07:04:00Z
м90-20260923-003,vehicle-933,м90,10735094092,13,2026-09-23T07:04:52Z,2026-09-23T07:05:22Z
м90-20260923-003,vehicle-933,м90,10735094086,14,2026-09-23T07:06:01Z,2026-09-23T07:06:31Z
м90-20260923-003,vehicle-933,м90,10735094098,15,2026-09-23T07:07:15Z,2026-09-23T07:07:45Z
м90-20260923-003,vehicle-933,м90,10735094101,16,2026-09-23T07:08:20Z,2026-09-23T07:08:50Z
м90-20260923-003,vehicle-933,м90,10735094097,17,2026-09-23T07:09:20Z,2026-09-23T07:09:50Z
м90-20260923-003,vehicle-933,м90,10700842468,18,2026-09-23T07:10:27Z,2026-09-23T07:10:57Z
м90-20260923-003,vehicle-933,м90,10700842466,19,2026-09-23T07:11:33Z,2026-09-23T07:12:03Z
м90-20260923-003,vehicle-933,м90,10735116751,20,2026-09-23T07:13:20Z,2026-09-23T07:13:50Z
м90-20260923-003,vehicle-933,м90,10735116760,21,2026-09-23T07:14:38Z,2026-09-23T07:15:08Z
м90-20260923-003,vehicle-933,м90,10735116757,22,2026-09-23T07:15:44Z,2026-09-23T07:16:14Z
м90-20260923-003,vehicle-933,м90,10781355827,23,2026-09-23T07:17:14Z,2026-09-23T07:17:44Z
м90-20260923-003,vehicle-933,м90,10781602191,24,2026-09-23T07:18:34Z,2026-09-23T07:19:04Z
м90-20260923-003,vehicle-933,м90,10777003142,25,2026-09-23T07:20:14Z,2026-09-23T07:20:44Z
м90-20260923-003,vehicle-933,м90,10777003144,26,2026-09-23T07:21:14Z,2026-09-23T07:21:44Z
м90-20260923-003,vehicle-933,м90,10777003147,27,2026-09-23T07:22:22Z,2026-09-23T07:22:52Z
м90-20260923-003,vehicle-933,м90,10777003149,28,2026-09-23T07:23:48Z,2026-09-23T07:24:18Z
м90-20260923-003,vehicle-933,м90,10719762326,29,2026-09-23T07:24:57Z,2026-09-23T07:25:27Z
м90-20260923-003,vehicle-933,м90,10710060863,30,2026-09-23T07:25:58Z,2026-09-23T07:26:28Z
м90-20260923-003,vehicle-933,м90,10777003131,31,2026-09-23T07:27:01Z,2026-09-23T07:27:31Z
м90-20260923-003,vehicle-933,м90,10777003130,32,2026-09-23T07:28:20Z,2026-09-23T07:28:50Z
м90-20260923-003,vehicle-933,м90,10539275620,33,2026-09-23T07:29:21Z,2026-09-23T07:29:51Z
м90-20260923-003,vehicle-933,м90,10781782840,34,2026-09-23T07:30:57Z,2026-09-23T07:31:27Z
м90-20260923-003,vehicle-933,м90,10781782838,35,2026-09-23T07:32:03Z,2026-09-23T07:32:33Z
м90-20260923-003,vehicle-933,м90,10740471007,36,2026-09-23T07:33:09Z,2026-09-23T07:33:39Z
м90-20260923-003,vehicle-933,м90,10711256696,37,2026-09-23T07:34:43Z,2026-09-23T07:35:13Z
м90-20260923-003,vehicle-933,м90,10711256697,38,2026-09-23T07:35:44Z,2026-09-23T07:36:14Z
м90-20260923-003,vehicle-933,м90,10781782847,39,2026-09-23T07:37:10Z,2026-09-23T07:37:40Z
м90-20260923-003,vehicle-933,м90,10781782846,40,2026-09-23T07:38:46Z,2026-09-23T07:39:16Z
м90-20260923-003,vehicle-933,м90,5007785274,41,2026-09-23T07:40:06Z,2026-09-23T07:40:36Z
м90-20260923-003,vehicle-933,м90,9825498517,42,2026-09-23T07:41:18Z,2026-09-23T07:41:48Z
м90-20260923-003,vehicle-933,м90,10781782852,43,2026-09-23T07:42:30Z,2026-09-23T07:43:00Z
м90-20260923-003,vehicle-933,м90,9284083804,44,2026-09-23T07:43:38Z,2026-09-23T07:44:08Z
м90-20260923-003,vehicle-933,м90,5166349030,45,2026-09-23T07:45:37Z,2026-09-23T07:46:07Z
м90-20260923-003,vehicle-933,м90,5152813894,46,2026-09-23T07:47:22Z,2026-09-23T07:47:52Z
м90-20260923-003,vehicle-933,м90,336215380,47,2026-09-23T07:49:18Z,2026-09-23T07:49:48Z
м90-20260923-003,vehicle-933,м90,6074586992,48,2026-09-23T07:50:36Z,2026-09-23T07:51:06Z
м90-20260923-004,vehicle-934,м90,10743189858,1,2026-09-23T06:46:00Z,2026-09-23T06:46:30Z
м90-20260923-004,vehicle-934,м90,10743189857,2,2026-09-23T06:47:01Z,2026-09-23T06:47:31Z
м90-20260923-004,vehicle-934,м90,10743278531,3,2026-09-23T06:48:17Z,2026-09-23T06:48:47Z
м90-20260923-004,vehicle-934,м90,10743278537,4,2026-09-23T06:49:47Z,2026-09-23T06:50:17Z
м90-20260923-004,vehicle-934,м90,10657545795,5,2026-09-23T06:51:06Z,2026-09-23T06:51:36Z
м90-20260923-004,vehicle-934,м90,10743278540,6,2026-09-23T06:52:32Z,2026-09-23T06:53:02Z
м90-20260923-004,vehicle-934,м90,3474605529,7,2026-09-23T06:53:52Z,2026-09-23T06:54:22Z
м90-20260923-004,vehicle-934,м90,10034851401,8,2026-09-23T06:55:09Z,2026-09-23T06:55:39Z
м90-20260923-004,vehicle-934,м90,10034851394,9,2026-09-23T06:56:39Z,2026-09-23T06:57:09Z
м90-20260923-004,vehicle-934,м90,10743276657,10,2026-09-23T06:58:00Z,2026-09-23T06:58:30Z
м90-20260923-004,vehicle-934,м90,10743276658,11,2026-09-23T06:59:05Z,2026-09-23T06:59:35Z
м90-20260923-004,vehicle-934,м90,10781782841,12,2026-09-23T07:00:00Z,2026-09-23T07:00:30Z
м90-20260923-004,vehicle-934,м90,10735094092,13,2026-09-23T07:01:22Z,2026-09-23T07:01:52Z
м90-20260923-004,vehicle-934,м90,10735094086,14,2026-09-23T07:02:31Z,2026-09-23T07:03:01Z
м90-20260923-004,vehicle-934,м90,10735094098,15,2026-09-23T07:03:45Z,2026-09-23T07:04:15Z
м90-20260923-004,vehicle-934,м90,10735094101,16,2026-09-23T07:04:50Z,2026-09-23T07:05:20Z
м90-20260923-004,vehicle-934,м90,10735094097,17,2026-09-23T07:05:50Z,2026-09-23T07:06:20Z
м90-20260923-004,vehicle-934,м90,10700842468,18,2026-09-23T07:06:57Z,2026-09-23T07:07:27Z
м90-20260923-004,vehicle-934,м90,10700842466,19,2026-09-23T07:08:03Z,2026-09-23T07:08:33Z
м90-20260923-004,vehicle-934,м90,10735116751,20,2026-09-23T07:09:50Z,2026-09-23T07:10:20Z
м90-20260923-004,vehicle-934,м90,10735116760,21,2026-09-23T07:11:08Z,2026-09-23T07:11:38Z
м90-20260923-004,vehicle-934,м90,10735116757,22,2026-09-23T07:12:14Z,2026-09-23T07:12:44Z
м90-20260923-004,vehicle-934,м90,10781355827,23,2026-09-23T07:13:44Z,2026-09-23T07:14:14Z
м90-20260923-004,vehicle-934,м90,10781602191,24,2026-09-23T07:15:04Z,2026-09-23T07:15:34Z
м90-20260923-004,vehicle-934,м90,10777003142,25,2026-09-23T07:16:44Z,2026-09-23T07:17:14Z
м90-20260923-004,vehicle-934,м90,10777003144,26,2026-09-23T07:17:44Z,2026-09-23T07:18:14Z
м90-20260923-004,vehicle-934,м90,10777003147,27,2026-09-23T07:18:52Z,2026-09-23T07:19:22Z
м90-20260923-004,vehicle-934,м90,10777003149,28,2026-09-23T07:20:18Z,2026-09-23T07:20:48Z
м90-20260923-004,vehicle-934,м90,10719762326,29,2026-09-23T07:21:27Z,2026-09-23T07:21:57Z
м90-20260923-004,vehicle-934,м90,10710060863,30,2026-09-23T07:22:28Z,2026-09-23T07:22:58Z
м90-20260923-004,vehicle-934,м90,10777003131,31,2026-09-23T07:23:31Z,2026-09-23T07:24:01Z
м90-20260923-004,vehicle-934,м90,10777003130,32,2026-09-23T07:24:50Z,2026-09-23T07:25:20Z
м90-20260923-004,vehicle-934,м90,10539275620,33,2026-09-23T07:25:51Z,2026-09-23T07:26:21Z
м90-20260923-004,vehicle-934,м90,10781782840,34,2026-09-23T07:27:27Z,2026-09-23T07:27:57Z
м90-20260923-004,vehicle-934,м90,10781782838,35,2026-09-23T07:28:33Z,2026-09-23T07:29:03Z
м90-20260923-004,vehicle-934,м90,10740471007,36,2026-09-23T07:29:39Z,2026-09-23T07:30:09Z
м90-20260923-004,vehicle-934,м90,10711256696,37,2026-09-23T07:31:13Z,2026-09-23T07:31:43Z
м90-20260923-004,vehicle-934,м90,10711256697,38,2026-09-23T07:32:14Z,2026-09-23T07:32:44Z
м90-20260923-004,vehicle-934,м90,10781782847,39,2026-09-23T07:33:40Z,2026-09-23T07:34:10Z
м90-20260923-004,vehicle-934,м90,10781782846,40,2026-09-23T07:35:16Z,2026-09-23T07:35:46Z
м90-20260923-004,vehicle-934,м90,5007785274,41,2026-09-23T07:36:36Z,2026-09-23T07:37:06Z
м90-20260923-004,vehicle-934,м90,9825498517,42,2026-09-23T07:37:48Z,2026-09-23T07:38:18Z
м90-20260923-004,vehicle-934,м90,10781782852,43,2026-09-23T07:39:00Z,2026-09-23T07:39:30Z
м90-20260923-004,vehicle-934,м90,9284083804,44,2026-09-23T07:40:08Z,2026-09-23T07:40:38Z
м90-20260923-004,vehicle-934,м90,5166349030,45,2026-09-23T07:42:07Z,2026-09-23T07:42:37Z
м90-20260923-004,vehicle-934,м90,5152813894,46,2026-09-23T07:43:52Z,2026-09-23T07:44:22Z
м90-20260923-004,vehicle-934,м90,336215380,47,2026-09-23T07:45:48Z,2026-09-23T07:46:18Z
м90-20260923-004,vehicle-934,м90,6074586992,48,2026-09-23T07:47:06Z,2026-09-23T07:47:36Z
м90-20260923-005,vehicle-935,м90,10743189858,1,2026-09-23T06:42:30Z,2026-09-23T06:43:00Z
м90-20260923-005,vehicle-935,м90,10743189857,2,2026-09-23T06:43:31Z,2026-09-23T06:44:01Z
м90-20260923-005,vehicle-935,м90,10743278531,3,2026-09-23T06:44:47Z,2026-09-23T06:45:17Z
м90-20260923-005,vehicle-935,м90,10743278537,4,2026-09-23T06:46:17Z,2026-09-23T06:46:47Z
м90-20260923-005,vehicle-935,м90,10657545795,5,2026-09-23T06:47:36Z,2026-09-23T06:48:06Z
м90-20260923-005,vehicle-935,м90,10743278540,6,2026-09-23T06:49:02Z,2026-09-23T06:49:32Z
м90-20260923-005,vehicle-935,м90,3474605529,7,2026-09-23T06:50:22Z,2026-09-23T06:50:52Z
м90-20260923-005,vehicle-935,м90,10034851401,8,2026-09-23T06:51:39Z,2026-09-23T06:52:09Z
м90-20260923-005,vehicle-935,м90,10034851394,9,2026-09-23T06:53:09Z,2026-09-23T06:53:39Z
м90-20260923-005,vehicle-935,м90,10743276657,10,2026-09-23T06:54:30Z,2026-09-23T06:55:00Z
м90-20260923-005,vehicle-935,м90,10743276658,11,2026-09-23T06:55:35Z,2026-09-23T06:56:05Z
м90-20260923-005,vehicle-935,м90,10781782841,12,2026-09-23T06:56:30Z,2026-09-23T06:57:00Z
м90-20260923-005,vehicle-935,м90,10735094092,13,2026-09-23T06:57:52Z,2026-09-23T06:58:22Z
м90-20260923-005,vehicle-935,м90,10735094086,14,2026-09-23T06:59:01Z,2026-09-23T06:59:31Z
м90-20260923-005,vehicle-935,м90,10735094098,15,2026-09-23T07:00:15Z,2026-09-23T07:00:45Z
м90-20260923-005,vehicle-935,м90,10735094101,16,2026-09-23T07:01:20Z,2026-09-23T07:01:50Z
м90-20260923-005,vehicle-935,м90,10735094097,17,2026-09-23T07:02:20Z,2026-09-23T07:02:50Z
м90-20260923-005,vehicle-935,м90,10700842468,18,2026-09-23T07:03:27Z,2026-09-23T07:03:57Z
м90-20260923-005,vehicle-935,м90,10700842466,19,2026-09-23T07:04:33Z,2026-09-23T07:05:03Z
м90-20260923-005,vehicle-935,м90,10735116751,20,2026-09-23T07:06:20Z,2026-09-23T07:06:50Z
м90-20260923-005,vehicle-935,м90,10735116760,21,2026-09-23T07:07:38Z,2026-09-23T07:08:08Z
м90-20260923-005,vehicle-935,м90,10735116757,22,2026-09-23T07:08:44Z,2026-09-23T07:09:14Z
м90-20260923-005,vehicle-935,м90,10781355827,23,2026-09-23T07:10:14Z,2026-09-23T07:10:44Z
м90-20260923-005,vehicle-935,м90,10781602191,24,2026-09-23T07:11:34Z,2026-09-23T07:12:04Z
м90-20260923-005,vehicle-935,м90,10777003142,25,2026-09-23T07:13:14Z,2026-09-23T07:13:44Z
м90-20260923-005,vehicle-935,м90,10777003144,26,2026-09-23T07:14:14Z,2026-09-23T07:14:44Z
м90-20260923-005,vehicle-935,м90,10777003147,27,2026-09-23T07:15:22Z,2026-09-23T07:15:52Z
м90-20260923-005,vehicle-935,м90,10777003149,28,2026-09-23T07:16:48Z,2026-09-23T07:17:18Z
м90-20260923-005,vehicle-935,м90,10719762326,29,2026-09-23T07:17:57Z,2026-09-23T07:18:27Z
м90-20260923-005,vehicle-935,м90,10710060863,30,2026-09-23T07:18:58Z,2026-09-23T07:19:28Z
м90-20260923-005,vehicle-935,м90,10777003131,31,2026-09-23T07:20:01Z,2026-09-23T07:20:31Z
м90-20260923-005,vehicle-935,м90,10777003130,32,2026-09-23T07:21:20Z,2026-09-23T07:21:50Z
м90-20260923-005,vehicle-935,м90,10539275620,33,2026-09-23T07:22:21Z,2026-09-23T07:22:51Z
м90-20260923-005,vehicle-935,м90,10781782840,34,2026-09-23T07:23:57Z,2026-09-23T07:24:27Z
м90-20260923-005,vehicle-935,м90,10781782838,35,2026-09-23T07:25:03Z,2026-09-23T07:25:33Z
м90-20260923-005,vehicle-935,м90,10740471007,36,2026-09-23T07:26:09Z,2026-09-23T07:26:39Z
м90-20260923-005,vehicle-935,м90,10711256696,37,2026-09-23T07:27:43Z,2026-09-23T07:28:13Z
м90-20260923-005,vehicle-935,м90,10711256697,38,2026-09-23T07:28:44Z,2026-09-23T07:29:14Z
м90-20260923-005,vehicle-935,м90,10781782847,39,2026-09-23T07:30:10Z,2026-09-23T07:30:40Z
м90-20260923-005,vehicle-935,м90,10781782846,40,2026-09-23T07:31:46Z,2026-09-23T07:32:16Z
м90-20260923-005,vehicle-935,м90,5007785274,41,2026-09-23T07:33:06Z,2026-09-23T07:33:36Z
м90-20260923-005,vehicle-935,м90,9825498517,42,2026-09-23T07:34:18Z,2026-09-23T07:34:48Z
м90-20260923-005,vehicle-935,м90,10781782852,43,2026-09-23T07:35:30Z,2026-09-23T07:36:00Z
м90-20260923-005,vehicle-935,м90,9284083804,44,2026-09-23T07:36:38Z,2026-09-23T07:37:08Z
м90-20260923-005,vehicle-935,м90,5166349030,45,2026-09-23T07:38:37Z,2026-09-23T07:39:07Z
м90-20260923-005,vehicle-935,м90,5152813894,46,2026-09-23T07:40:22Z,2026-09-23T07:40:52Z
м90-20260923-005,vehicle-935,м90,336215380,47,2026-09-23T07:42:18Z,2026-09-23T07:42:48Z
м90-20260923-005,vehicle-935,м90,6074586992,48,2026-09-23T07:43:36Z,2026-09-23T07:44:06Z
м90-20260923-006,vehicle-936,м90,10743189858,1,2026-09-23T06:39:00Z,2026-09-23T06:39:30Z
м90-20260923-006,vehicle-936,м90,10743189857,2,2026-09-23T06:40:01Z,2026-09-23T06:40:31Z
м90-20260923-006,vehicle-936,м90,10743278531,3,2026-09-23T06:41:17Z,2026-09-23T06:41:47Z
м90-20260923-006,vehicle-936,м90,10743278537,4,2026-09-23T06:42:47Z,2026-09-23T06:43:17Z
м90-20260923-006,vehicle-936,м90,10657545795,5,2026-09-23T06:44:06Z,2026-09-23T06:44:36Z
м90-20260923-006,vehicle-936,м90,10743278540,6,2026-09-23T06:45:32Z,2026-09-23T06:46:02Z
м90-20260923-006,vehicle-936,м90,3474605529,7,2026-09-23T06:46:52Z,2026-09-23T06:47:22Z
м90-20260923-006,vehicle-936,м90,10034851401,8,2026-09-23T06:48:09Z,2026-09-23T06:48:39Z
м90-20260923-006,vehicle-936,м90,10034851394,9,2026-09-23T06:49:39Z,2026-09-23T06:50:09Z
м90-20260923-006,vehicle-936,м90,10743276657,10,2026-09-23T06:51:00Z,2026-09-23T06:51:30Z
м90-20260923-006,vehicle-936,м90,10743276658,11,2026-09-23T06:52:05Z,2026-09-23T06:52:35Z
м90-20260923-006,vehicle-936,м90,10781782841,12,2026-09-23T06:53:00Z,2026-09-23T06:53:30Z
м90-20260923-006,vehicle-936,м90,10735094092,13,2026-09-23T06:54:22Z,2026-09-23T06:54:52Z
м90-20260923-006,vehicle-936,м90,10735094086,14,2026-09-23T06:55:31Z,2026-09-23T06:56:01Z
м90-20260923-006,vehicle-936,м90,10735094098,15,2026-09-23T06:56:45Z,2026-09-23T06:57:15Z
м90-20260923-006,vehicle-936,м90,10735094101,16,2026-09-23T06:57:50Z,2026-09-23T06:58:20Z
м90-20260923-006,vehicle-936,м90,10735094097,17,2026-09-23T06:58:50Z,2026-09-23T06:59:20Z
м90-20260923-006,vehicle-936,м90,10700842468,18,2026-09-23T06:59:57Z,2026-09-23T07:00:27Z
м90-20260923-006,vehicle-936,м90,10700842466,19,2026-09-23T07:01:03Z,2026-09-23T07:01:33Z
м90-20260923-006,vehicle-936,м90,10735116751,20,2026-09-23T07:02:50Z,2026-09-23T07:03:20Z
м90-20260923-006,vehicle-936,м90,10735116760,21,2026-09-23T07:04:08Z,2026-09-23T07:04:38Z
м90-20260923-006,vehicle-936,м90,10735116757,22,2026-09-23T07:05:14Z,2026-09-23T07:05:44Z
м90-20260923-006,vehicle-936,м90,10781355827,23,2026-09-23T07:06:44Z,2026-09-23T07:07:14Z
м90-20260923-006,vehicle-936,м90,10781602191,24,2026-09-23T07:08:04Z,2026-09-23T07:08:34Z
м90-20260923-006,vehicle-936,м90,10777003142,25,2026-09-23T07:09:44Z,2026-09-23T07:10:14Z
м90-20260923-006,vehicle-936,м90,10777003144,26,2026-09-23T07:10:44Z,2026-09-23T07:11:14Z
м90-20260923-006,vehicle-936,м90,10777003147,27,2026-09-23T07:11:52Z,2026-09-23T07:12:22Z
м90-20260923-006,vehicle-936,м90,10777003149,28,2026-09-23T07:13:18Z,2026-09-23T07:13:48Z
м90-20260923-006,vehicle-936,м90,10719762326,29,2026-09-23T07:14:27Z,2026-09-23T07:14:57Z
м90-20260923-006,vehicle-936,м90,10710060863,30,2026-09-23T07:15:28Z,2026-09-23T07:15:58Z
м90-20260923-006,vehicle-936,м90,10777003131,31,2026-09-23T07:16:31Z,2026-09-23T07:17:01Z
м90-20260923-006,vehicle-936,м90,10777003130,32,2026-09-23T07:17:50Z,2026-09-23T07:18:20Z
м90-20260923-006,vehicle-936,м90,10539275620,33,2026-09-23T07:18:51Z,2026-09-23T07:19:21Z
м90-20260923-006,vehicle-936,м90,10781782840,34,2026-09-23T07:20:27Z,2026-09-23T07:20:57Z
м90-20260923-006,vehicle-936,м90,10781782838,35,2026-09-23T07:21:33Z,2026-09-23T07:22:03Z
м90-20260923-006,vehicle-936,м90,10740471007,36,2026-09-23T07:22:39Z,2026-09-23T07:23:09Z
м90-20260923-006,vehicle-936,м90,10711256696,37,2026-09-23T07:24:13Z,2026-09-23T07:24:43Z
м90-20260923-006,vehicle-936,м90,10711256697,38,2026-09-23T07:25:14Z,2026-09-23T07:25:44Z
м90-20260923-006,vehicle-936,м90,10781782847,39,2026-09-23T07:26:40Z,2026-09-23T07:27:10Z
м90-20260923-006,vehicle-936,м90,10781782846,40,2026-09-23T07:28:16Z,2026-09-23T07:28:46Z
м90-20260923-006,vehicle-936,м90,5007785274,41,2026-09-23T07:29:36Z,2026-09-23T07:30:06Z
м90-20260923-006,vehicle-936,м90,9825498517,42,2026-09-23T07:30:48Z,2026-09-23T07:31:18Z
м90-20260923-006,vehicle-936,м90,10781782852,43,2026-09-23T07:32:00Z,2026-09-23T07:32:30Z
м90-20260923-006,vehicle-936,м90,9284083804,44,2026-09-23T07:33:08Z,2026-09-23T07:33:38Z
м90-20260923-006,vehicle-936,м90,5166349030,45,2026-09-23T07:35:07Z,2026-09-23T07:35:37Z
м90-20260923-006,vehicle-936,м90,5152813894,46,2026-09-23T07:36:52Z,2026-09-23T07:37:22Z
м90-20260923-006,vehicle-936,м90,336215380,47,2026-09-23T07:38:48Z,2026-09-23T07:39:18Z
м90-20260923-006,vehicle-936,м90,6074586992,48,2026-09-23T07:40:06Z,2026-09-23T07:40:36Z
м90-20260923-007,vehicle-937,м90,10743189858,1,2026-09-23T06:35:30Z,2026-09-23T06:36:00Z
м90-20260923-007,vehicle-937,м90,10743189857,2,2026-09-23T06:36:31Z,2026-09-23T06:37:01Z
м90-20260923-007,vehicle-937,м90,10743278531,3,2026-09-23T06:37:47Z,2026-09-23T06:38:17Z
м90-20260923-007,vehicle-937,м90,10743278537,4,2026-09-23T06:39:17Z,2026-09-23T06:39:47Z
м90-20260923-007,vehicle-937,м90,10657545795,5,2026-09-23T06:40:36Z,2026-09-23T06:41:06Z
м90-20260923-007,vehicle-937,м90,10743278540,6,2026-09-23T06:42:02Z,2026-09-23T06:42:32Z
м90-20260923-007,vehicle-937,м90,3474605529,7,2026-09-23T06:43:22Z,2026-09-23T06:43:52Z
м90-20260923-007,vehicle-937,м90,10034851401,8,2026-09-23T06:44:39Z,2026-09-23T06:45:09Z
м90-20260923-007,vehicle-937,м90,10034851394,9,2026-09-23T06:46:09Z,2026-09-23T06:46:39Z
м90-20260923-007,vehicle-937,м90,10743276657,10,2026-09-23T06:47:30Z,2026-09-23T06:48:00Z
м90-20260923-007,vehicle-937,м90,10743276658,11,2026-09-23T06:48:35Z,2026-09-23T06:49:05Z
м90-20260923-007,vehicle-937,м90,10781782841,12,2026-09-23T06:49:30Z,2026-09-23T06:50:00Z
м90-20260923-007,vehicle-937,м90,10735094092,13,2026-09-23T06:50:52Z,2026-09-23T06:51:22Z
м90-20260923-007,vehicle-937,м90,10735094086,14,2026-09-23T06:52:01Z,2026-09-23T06:52:31Z
м90-20260923-007,vehicle-937,м90,10735094098,15,2026-09-23T06:53:15Z,2026-09-23T06:53:45Z
м90-20260923-007,vehicle-937,м90,10735094101,16,2026-09-23T06:54:20Z,2026-09-23T06:54:50Z
м90-20260923-007,vehicle-937,м90,10735094097,17,2026-09-23T06:55:20Z,2026-09-23T06:55:50Z
м90-20260923-007,vehicle-937,м90,10700842468,18,2026-09-23T06:56:27Z,2026-09-23T06:56:57Z
м90-20260923-007,vehicle-937,м90,10700842466,19,2026-09-23T06:57:33Z,2026-09-23T06:58:03Z
м90-20260923-007,vehicle-937,м90,10735116751,20,2026-09-23T06:59:20Z,2026-09-23T06:59:50Z
м90-20260923-007,vehicle-937,м90,10735116760,21,2026-09-23T07:00:38Z,2026-09-23T07:01:08Z
м90-20260923-007,vehicle-937,м90,10735116757,22,2026-09-23T07:01:44Z,2026-09-23T07:02:14Z
м90-20260923-007,vehicle-937,м90,10781355827,23,2026-09-23T07:03:14Z,2026-09-23T07:03:44Z
м90-20260923-007,vehicle-937,м90,10781602191,24,2026-09-23T07:04:34Z,2026-09-23T07:05:04Z
м90-20260923-007,vehicle-937,м90,10777003142,25,2026-09-23T07:06:14Z,2026-09-23T07:06:44Z
м90-20260923-007,vehicle-937,м90,10777003144,26,2026-09-23T07:07:14Z,2026-09-23T07:07:44Z
м90-20260923-007,vehicle-937,м90,10777003147,27,2026-09-23T07:08:22Z,2026-09-23T07:08:52Z
м90-20260923-007,vehicle-937,м90,10777003149,28,2026-09-23T07:09:48Z,2026-09-23T07:10:18Z
м90-20260923-007,vehicle-937,м90,10719762326,29,2026-09-23T07:10:57Z,2026-09-23T07:11:27Z
м90-20260923-007,vehicle-937,м90,10710060863,30,2026-09-23T07:11:58Z,2026-09-23T07:12:28Z
м90-20260923-007,vehicle-937,м90,10777003131,31,2026-09-23T07:13:01Z,2026-09-23T07:13:31Z
м90-20260923-007,vehicle-937,м90,10777003130,32,2026-09-23T07:14:20Z,2026-09-23T07:14:50Z
м90-20260923-007,vehicle-937,м90,10539275620,33,2026-09-23T07:15:21Z,2026-09-23T07:15:51Z
м90-20260923-007,vehicle-937,м90,10781782840,34,2026-09-23T07:16:57Z,2026-09-23T07:17:27Z
м90-20260923-007,vehicle-937,м90,10781782838,35,2026-09-23T07:18:03Z,2026-09-23T07:18:33Z
м90-20260923-007,vehicle-937,м90,10740471007,36,2026-09-23T07:19:09Z,2026-09-23T07:19:39Z
м90-20260923-007,vehicle-937,м90,10711256696,37,2026-09-23T07:20:43Z,2026-09-23T07:21:13Z
м90-20260923-007,vehicle-937,м90,10711256697,38,2026-09-23T07:21:44Z,2026-09-23T07:22:14Z
м90-20260923-007,vehicle-937,м90,10781782847,39,2026-09-23T07:23:10Z,2026-09-23T07:23:40Z
м90-20260923-007,vehicle-937,м90,10781782846,40,2026-09-23T07:24:46Z,2026-09-23T07:25:16Z
м90-20260923-007,vehicle-937,м90,5007785274,41,2026-09-23T07:26:06Z,2026-09-23T07:26:36Z
м90-20260923-007,vehicle-937,м90,9825498517,42,2026-09-23T07:27:18Z,2026-09-23T07:27:48Z
м90-20260923-007,vehicle-937,м90,10781782852,43,2026-09-23T07:28:30Z,2026-09-23T07:29:00Z
м90-20260923-007,vehicle-937,м90,9284083804,44,2026-09-23T07:29:38Z,2026-09-23T07:30:08Z
м90-20260923-007,vehicle-937,м90,5166349030,45,2026-09-23T07:31:37Z,2026-09-23T07:32:07Z
м90-20260923-007,vehicle-937,м90,5152813894,46,2026-09-23T07:33:22Z,2026-09-23T07:33:52Z
м90-20260923-007,vehicle-937,м90,336215380,47,2026-09-23T07:35:18Z,2026-09-23T07:35:48Z
м90-20260923-007,vehicle-937,м90,6074586992,48,2026-09-23T07:36:36Z,2026-09-23T07:37:06Z
384-20260923-000,vehicle-940,384,5041552958,1,2026-09-23T07:00:00Z,2026-09-23T07:00:30Z
384-20260923-000,vehicle-940,384,1253685272,2,2026-09-23T07:01:57Z,2026-09-23T07:02:27Z
384-20260923-000,vehicle-940,384,1253685152,3,2026-09-23T07:03:04Z,2026-09-23T07:03:34Z
384-20260923-000,vehicle-940,384,1253685235,4,2026-09-23T07:04:02Z,2026-09-23T07:04:32Z
384-20260923-000,vehicle-940,384,1253685318,5,2026-09-23T07:05:18Z,2026-09-23T07:05:48Z
384-20260923-000,vehicle-940,384,1390556618,6,2026-09-23T07:08:18Z,2026-09-23T07:08:48Z
384-20260923-000,vehicle-940,384,2250377775,7,2026-09-23T07:09:25Z,2026-09-23T07:09:55Z
384-20260923-000,vehicle-940,384,10770807633,8,2026-09-23T07:10:32Z,2026-09-23T07:11:02Z
384-20260923-000,vehicle-940,384,10770807635,9,2026-09-23T07:11:35Z,2026-09-23T07:12:05Z
384-20260923-000,vehicle-940,384,10770807638,10,2026-09-23T07:13:05Z,2026-09-23T07:13:35Z
384-20260923-000,vehicle-940,384,10770807640,11,2026-09-23T07:14:47Z,2026-09-23T07:15:17Z
384-20260923-000,vehicle-940,384,1449161160,12,2026-09-23T07:16:03Z,2026-09-23T07:16:33Z
384-20260923-000,vehicle-940,384,1457589281,13,2026-09-23T07:17:50Z,2026-09-23T07:18:20Z
384-20260923-000,vehicle-940,384,10777614858,14,2026-09-23T07:19:01Z,2026-09-23T07:19:31Z
384-20260923-000,vehicle-940,384,1251642862,15,2026-09-23T07:20:56Z,2026-09-23T07:21:26Z
384-20260923-000,vehicle-940,384,5465097778,16,2026-09-23T07:22:55Z,2026-09-23T07:23:25Z
384-20260923-000,vehicle-940,384,4447489243,17,2026-09-23T07:24:00Z,2026-09-23T07:24:30Z
384-20260923-000,vehicle-940,384,10769940172,18,2026-09-23T07:25:34Z,2026-09-23T07:26:04Z
384-20260923-000,vehicle-940,384,10769940171,19,2026-09-23T07:26:46Z,2026-09-23T07:27:16Z
384-20260923-000,vehicle-940,384,10746718173,20,2026-09-23T07:28:02Z,2026-09-23T07:28:32Z
384-20260923-000,vehicle-940,384,10746718174,21,2026-09-23T07:29:24Z,2026-09-23T07:29:54Z
384-20260923-000,vehicle-940,384,10746718168,22,2026-09-23T07:30:40Z,2026-09-23T07:31:10Z
384-20260923-000,vehicle-940,384,10746718159,23,2026-09-23T07:31:39Z,2026-09-23T07:32:09Z
384-20260923-000,vehicle-940,384,10746718163,24,2026-09-23T07:32:49Z,2026-09-23T07:33:19Z
384-20260923-000,vehicle-940,384,10746718156,25,2026-09-23T07:34:14Z,2026-09-23T07:34:44Z
384-20260923-000,vehicle-940,384,10746718153,26,2026-09-23T07:35:26Z,2026-09-23T07:35:56Z
384-20260923-000,vehicle-940,384,10746494151,27,2026-09-23T07:36:23Z,2026-09-23T07:36:53Z
384-20260923-000,vehicle-940,384,8518855615,28,2026-09-23T07:38:47Z,2026-09-23T07:39:17Z
384-20260923-001,vehicle-941,384,5041552958,1,2026-09-23T06:56:30Z,2026-09-23T06:57:00Z
384-20260923-001,vehicle-941,384,1253685272,2,2026-09-23T06:58:27Z,2026-09-23T06:58:57Z
384-20260923-001,vehicle-941,384,1253685152,3,2026-09-23T06:59:34Z,2026-09-23T07:00:04Z
384-20260923-001,vehicle-941,384,1253685235,4,2026-09-23T07:00:32Z,2026-09-23T07:01:02Z
384-20260923-001,vehicle-941,384,1253685318,5,2026-09-23T07:01:48Z,2026-09-23T07:02:18Z
384-20260923-001,vehicle-941,384,1390556618,6,2026-09-23T07:04:48Z,2026-09-23T07:05:18Z
384-20260923-001,vehicle-941,384,2250377775,7,2026-09-23T07:05:55Z,2026-09-23T07:06:25Z
384-20260923-001,vehicle-941,384,10770807633,8,2026-09-23T07:07:02Z,2026-09-23T07:07:32Z
384-20260923-001,vehicle-941,384,10770807635,9,2026-09-23T07:08:05Z,2026-09-23T07:08:35Z
384-20260923-001,vehicle-941,384,10770807638,10,2026-09-23T07:09:35Z,2026-09-23T07:10:05Z
384-20260923-001,vehicle-941,384,10770807640,11,2026-09-23T07:11:17Z,2026-09-23T07:11:47Z
384-20260923-001,vehicle-941,384,1449161160,12,2026-09-23T07:12:33Z,2026-09-23T07:13:03Z
384-20260923-001,vehicle-941,384,1457589281,13,2026-09-23T07:14:20Z,2026-09-23T07:14:50Z
384-20260923-001,vehicle-941,384,10777614858,14,2026-09-23T07:15:31Z,2026-09-23T07:16:01Z
384-20260923-001,vehicle-941,384,1251642862,15,2026-09-23T07:17:26Z,2026-09-23T07:17:56Z
384-20260923-001,vehicle-941,384,5465097778,16,2026-09-23T07:19:25Z,2026-09-23T07:19:55Z
384-20260923-001,vehicle-941,384,4447489243,17,2026-09-23T07:20:30Z,2026-09-23T07:21:00Z
384-20260923-001,vehicle-941,384,10769940172,18,2026-09-23T07:22:04Z,2026-09-23T07:22:34Z
384-20260923-001,vehicle-941,384,10769940171,19,2026-09-23T07:23:16Z,2026-09-23T07:23:46Z
384-20260923-001,vehicle-941,384,10746718173,20,2026-09-23T07:24:32Z,2026-09-23T07:25:02Z
384-20260923-001,vehicle-941,384,10746718174,21,2026-09-23T07:25:54Z,2026-09-23T07:26:24Z
384-20260923-001,vehicle-941,384,10746718168,22,2026-09-23T07:27:10Z,2026-09-23T07:27:40Z
384-20260923-001,vehicle-941,384,10746718159,23,2026-09-23T07:28:09Z,2026-09-23T07:28:39Z
384-20260923-001,vehicle-941,384,10746718163,24,2026-09-23T07:29:19Z,2026-09-23T07:29:49Z
384-20260923-001,vehicle-941,384,10746718156,25,2026-09-23T07:30:44Z,2026-09-23T07:31:14Z
384-20260923-001,vehicle-941,384,10746718153,26,2026-09-23T07:31:56Z,2026-09-23T07:32:26Z
384-20260923-001,vehicle-941,384,10746494151,27,2026-09-23T07:32:53Z,2026-09-23T07:33:23Z
384-20260923-001,vehicle-941,384,8518855615,28,2026-09-23T07:35:17Z,2026-09-23T07:35:47Z
384-20260923-002,vehicle-942,384,5041552958,1,2026-09-23T06:53:00Z,2026-09-23T06:53:30Z
384-20260923-002,vehicle-942,384,1253685272,2,2026-09-23T06:54:57Z,2026-09-23T06:55:27Z
384-20260923-002,vehicle-942,384,1253685152,3,2026-09-23T06:56:04Z,2026-09-23T06:56:34Z
384-20260923-002,vehicle-942,384,1253685235,4,2026-09-23T06:57:02Z,2026-09-23T06:57:32Z
384-20260923-002,vehicle-942,384,1253685318,5,2026-09-23T06:58:18Z,2026-09-23T06:58:48Z
384-20260923-002,vehicle-942,384,1390556618,6,2026-09-23T07:01:18Z,2026-09-23T07:01:48Z
384-20260923-002,vehicle-942,384,2250377775,7,2026-09-23T07:02:25Z,2026-09-23T07:02:55Z
384-20260923-002,vehicle-942,384,10770807633,8,2026-09-23T07:03:32Z,2026-09-23T07:04:02Z
384-20260923-002,vehicle-942,384,10770807635,9,2026-09-23T07:04:35Z,2026-09-23T07:05:05Z
384-20260923-002,vehicle-942,384,10770807638,10,2026-09-23T07:06:05Z,2026-09-23T07:06:35Z
384-20260923-002,vehicle-942,384,10770807640,11,2026-09-23T07:07:47Z,2026-09-23T07:08:17Z
384-20260923-002,vehicle-942,384,1449161160,12,2026-09-23T07:09:03Z,2026-09-23T07:09:33Z
384-20260923-002,vehicle-942,384,1457589281,13,2026-09-23T07:10:50Z,2026-09-23T07:11:20Z
384-20260923-002,vehicle-942,384,10777614858,14,2026-09-23T07:12:01Z,2026-09-23T07:12:31Z
384-20260923-002,vehicle-942,384,1251642862,15,2026-09-23T07:13:56Z,2026-09-23T07:14:26Z
384-20260923-002,vehicle-942,384,5465097778,16,2026-09-23T07:15:55Z,2026-09-23T07:16:25Z
384-20260923-002,vehicle-942,384,4447489243,17,2026-09-23T07:17:00Z,2026-09-23T07:17:30Z
384-20260923-002,vehicle-942,384,10769940172,18,2026-09-23T07:18:34Z,2026-09-23T07:19:04Z
384-20260923-002,vehicle-942,384,10769940171,19,2026-09-23T07:19:46Z,2026-09-23T07:20:16Z
384-20260923-002,vehicle-942,384,10746718173,20,2026-09-23T07:21:02Z,2026-09-23T07:21:32Z
384-20260923-002,vehicle-942,384,10746718174,21,2026-09-23T07:22:24Z,2026-09-23T07:22:54Z
384-20260923-002,vehicle-942,384,10746718168,22,2026-09-23T07:23:40Z,2026-09-23T07:24:10Z
384-20260923-002,vehicle-942,384,10746718159,23,2026-09-23T07:24:39Z,2026-09-23T07:25:09Z
384-20260923-002,vehicle-942,384,10746718163,24,2026-09-23T07:25:49Z,2026-09-23T07:26:19Z
384-20260923-002,vehicle-942,384,10746718156,25,2026-09-23T07:27:14Z,2026-09-23T07:27:44Z
384-20260923-002,vehicle-942,384,10746718153,26,2026-09-23T07:28:26Z,2026-09-23T07:28:56Z
384-20260923-002,vehicle-942,384,10746494151,27,2026-09-23T07:29:23Z,2026-09-23T07:29:53Z
384-20260923-002,vehicle-942,384,8518855615,28,2026-09-23T07:31:47Z,2026-09-23T07:32:17Z
384-20260923-003,vehicle-943,384,5041552958,1,2026-09-23T06:49:30Z,2026-09-23T06:50:00Z
384-20260923-003,vehicle-943,384,1253685272,2,2026-09-23T06:51:27Z,2026-09-23T06:51:57Z
384-20260923-003,vehicle-943,384,1253685152,3,2026-09-23T06:52:34Z,2026-09-23T06:53:04Z
384-20260923-003,vehicle-943,384,1253685235,4,2026-09-23T06:53:32Z,2026-09-23T06:54:02Z
384-20260923-003,vehicle-943,384,1253685318,5,2026-09-23T06:54:48Z,2026-09-23T06:55:18Z
384-20260923-003,vehicle-943,384,1390556618,6,2026-09-23T06:57:48Z,2026-09-23T06:58:18Z
384-20260923-003,vehicle-943,384,2250377775,7,2026-09-23T06:58:55Z,2026-09-23T06:59:25Z
384-20260923-003,vehicle-943,384,10770807633,8,2026-09-23T07:00:02Z,2026-09-23T07:00:32Z
384-20260923-003,vehicle-943,384,10770807635,9,2026-09-23T07:01:05Z,2026-09-23T07:01:35Z
384-20260923-003,vehicle-943,384,10770807638,10,2026-09-23T07:02:35Z,2026-09-23T07:03:05Z
384-20260923-003,vehicle-943,384,10770807640,11,2026-09-23T07:04:17Z,2026-09-23T07:04:47Z
384-20260923-003,vehicle-943,384,1449161160,12,2026-09-23T07:05:33Z,2026-09-23T07:06:03Z
384-20260923-003,vehicle-943,384,1457589281,13,2026-09-23T07:07:20Z,2026-09-23T07:07:50Z
384-20260923-003,vehicle-943,384,10777614858,14,2026-09-23T07:08:31Z,2026-09-23T07:09:01Z
384-20260923-003,vehicle-943,384,1251642862,15,2026-09-23T07:10:26Z,2026-09-23T07:10:56Z
384-20260923-003,vehicle-943,384,5465097778,16,2026-09-23T07:12:25Z,2026-09-23T07:12:55Z
384-20260923-003,vehicle-943,384,4447489243,17,2026-09-23T07:13:30Z,2026-09-23T07:14:00Z
384-20260923-003,vehicle-943,384,10769940172,18,2026-09-23T07:15:04Z,2026-09-23T07:15:34Z
384-20260923-003,vehicle-943,384,10769940171,19,2026-09-23T07:16:16Z,2026-09-23T07:16:46Z
384-20260923-003,vehicle-943,384,10746718173,20,2026-09-23T07:17:32Z,2026-09-23T07:18:02Z
384-20260923-003,vehicle-943,384,10746718174,21,2026-09-23T07:18:54Z,2026-09-23T07:19:24Z
384-20260923-003,vehicle-943,384,10746718168,22,2026-09-23T07:20:10Z,2026-09-23T07:20:40Z
384-20260923-003,vehicle-943,384,10746718159,23,2026-09-23T07:21:09Z,2026-09-23T07:21:39Z
384-20260923-003,vehicle-943,384,10746718163,24,2026-09-23T07:22:19Z,2026-09-23T07:22:49Z
384-20260923-003,vehicle-943,384,10746718156,25,2026-09-23T07:23:44Z,2026-09-23T07:24:14Z
384-20260923-003,vehicle-943,384,10746718153,26,2026-09-23T07:24:56Z,2026-09-23T07:25:26Z
384-20260923-003,vehicle-943,384,10746494151,27,2026-09-23T07:25:53Z,2026-09-23T07:26:23Z
384-20260923-003,vehicle-943,384,8518855615,28,2026-09-23T07:28:17Z,2026-09-23T07:28:47Z
384-20260923-004,vehicle-944,384,5041552958,1,2026-09-23T06:46:00Z,2026-09-23T06:46:30Z
384-20260923-004,vehicle-944,384,1253685272,2,2026-09-23T06:47:57Z,2026-09-23T06:48:27Z
384-20260923-004,vehicle-944,384,1253685152,3,2026-09-23T06:49:04Z,2026-09-23T06:49:34Z
384-20260923-004,vehicle-944,384,1253685235,4,2026-09-23T06:50:02Z,2026-09-23T06:50:32Z
384-20260923-004,vehicle-944,384,1253685318,5,2026-09-23T06:51:18Z,2026-09-23T06:51:48Z
384-20260923-004,vehicle-944,384,1390556618,6,2026-09-23T06:54:18Z,2026-09-23T06:54:48Z
384-20260923-004,vehicle-944,384,2250377775,7,2026-09-23T06:55:25Z,2026-09-23T06:55:55Z
384-20260923-004,vehicle-944,384,10770807633,8,2026-09-23T06:56:32Z,2026-09-23T06:57:02Z
384-20260923-004,vehicle-944,384,10770807635,9,2026-09-23T06:57:35Z,2026-09-23T06:58:05Z
384-20260923-004,vehicle-944,384,10770807638,10,2026-09-23T06:59:05Z,2026-09-23T06:59:35Z
384-20260923-004,vehicle-944,384,10770807640,11,2026-09-23T07:00:47Z,2026-09-23T07:01:17Z
384-20260923-004,vehicle-944,384,1449161160,12,2026-09-23T07:02:03Z,2026-09-23T07:02:33Z
384-20260923-004,vehicle-944,384,1457589281,13,2026-09-23T07:03:50Z,2026-09-23T07:04:20Z
384-20260923-004,vehicle-944,384,10777614858,14,2026-09-23T07:05:01Z,2026-09-23T07:05:31Z
384-20260923-004,vehicle-944,384,1251642862,15,2026-09-23T07:06:56Z,2026-09-23T07:07:26Z
384-20260923-004,vehicle-944,384,5465097778,16,2026-09-23T07:08:55Z,2026-09-23T07:09:25Z
384-20260923-004,vehicle-944,384,4447489243,17,2026-09-23T07:10:00Z,2026-09-23T07:10:30Z
384-20260923-004,vehicle-944,384,10769940172,18,2026-09-23T07:11:34Z,2026-09-23T07:12:04Z
384-20260923-004,vehicle-944,384,10769940171,19,2026-09-23T07:12:46Z,2026-09-23T07:13:16Z
384-20260923-004,vehicle-944,384,10746718173,20,2026-09-23T07:14:02Z,2026-09-23T07:14:32Z
384-20260923-004,vehicle-944,384,10746718174,21,2026-09-23T07:15:24Z,2026-09-23T07:15:54Z
384-20260923-004,vehicle-944,384,10746718168,22,2026-09-23T07:16:40Z,2026-09-23T07:17:10Z
384-20260923-004,vehicle-944,384,10746718159,23,2026-09-23T07:17:39Z,2026-09-23T07:18:09Z
384-20260923-004,vehicle-944,384,10746718163,24,2026-09-23T07:18:49Z,2026-09-23T07:19:19Z
384-20260923-004,vehicle-944,384,10746718156,25,2026-09-23T07:20:14Z,2026-09-23T07:20:44Z
384-20260923-004,vehicle-944,384,10746718153,26,2026-09-23T07:21:26Z,2026-09-23T07:21:56Z
384-20260923-004,vehicle-944,384,10746494151,27,2026-09-23T07:22:23Z,2026-09-23T07:22:53Z
384-20260923-004,vehicle-944,384,8518855615,28,2026-09-23T07:24:47Z,2026-09-23T07:25:17Z
384-20260923-005,vehicle-945,384,5041552958,1,2026-09-23T06:42:30Z,2026-09-23T06:43:00Z
384-20260923-005,vehicle-945,384,1253685272,2,2026-09-23T06:44:27Z,2026-09-23T06:44:57Z
384-20260923-005,vehicle-945,384,1253685152,3,2026-09-23T06:45:34Z,2026-09-23T06:46:04Z
384-20260923-005,vehicle-945,384,1253685235,4,2026-09-23T06:46:32Z,2026-09-23T06:47:02Z
384-20260923-005,vehicle-945,384,1253685318,5,2026-09-23T06:47:48Z,2026-09-23T06:48:18Z
384-20260923-005,vehicle-945,384,1390556618,6,2026-09-23T06:50:48Z,2026-09-23T06:51:18Z
384-20260923-005,vehicle-945,384,2250377775,7,2026-09-23T06:51:55Z,2026-09-23T06:52:25Z
384-20260923-005,vehicle-945,384,10770807633,8,2026-09-23T06:53:02Z,2026-09-23T06:53:32Z
384-20260923-005,vehicle-945,384,10770807635,9,2026-09-23T06:54:05Z,2026-09-23T06:54:35Z
384-20260923-005,vehicle-945,384,10770807638,10,2026-09-23T06:55:35Z,2026-09-23T06:56:05Z
384-20260923-005,vehicle-945,384,10770807640,11,2026-09-23T06:57:17Z,2026-09-23T06:57:47Z
384-20260923-005,vehicle-945,384,1449161160,12,2026-09-23T06:58:33Z,2026-09-23T06:59:03Z
384-20260923-005,vehicle-945,384,1457589281,13,2026-09-23T07:00:20Z,2026-09-23T07:00:50Z
384-20260923-005,vehicle-945,384,10777614858,14,2026-09-23T07:01:31Z,2026-09-23T07:02:01Z
384-20260923-005,vehicle-945,384,1251642862,15,2026-09-23T07:03:26Z,2026-09-23T07:03:56Z
384-20260923-005,vehicle-945,384,5465097778,16,2026-09-23T07:05:25Z,2026-09-23T07:05:55Z
384-20260923-005,vehicle-945,384,4447489243,17,2026-09-23T07:06:30Z,2026-09-23T07:07:00Z
384-20260923-005,vehicle-945,384,10769940172,18,2026-09-23T07:08:04Z,2026-09-23T07:08:34Z
384-20260923-005,vehicle-945,384,10769940171,19,2026-09-23T07:09:16Z,2026-09-23T07:09:46Z
384-20260923-005,vehicle-945,384,10746718173,20,2026-09-23T07:10:32Z,2026-09-23T07:11:02Z
384-20260923-005,vehicle-945,384,10746718174,21,2026-09-23T07:11:54Z,2026-09-23T07:12:24Z
384-20260923-005,vehicle-945,384,10746718168,22,2026-09-23T07:13:10Z,2026-09-23T07:13:40Z
384-20260923-005,vehicle-945,384,10746718159,23,2026-09-23T07:14:09Z,2026-09-23T07:14:39Z
384-20260923-005,vehicle-945,384,10746718163,24,2026-09-23T07:15:19Z,2026-09-23T07:15:49Z
384-20260923-005,vehicle-945,384,10746718156,25,2026-09-23T07:16:44Z,2026-09-23T07:17:14Z
384-20260923-005,vehicle-945,384,10746718153,26,2026-09-23T07:17:56Z,2026-09-23T07:18:26Z
384-20260923-005,vehicle-945,384,10746494151,27,2026-09-23T07:18:53Z,2026-09-23T07:19:23Z
384-20260923-005,vehicle-945,384,8518855615,28,2026-09-23T07:21:17Z,2026-09-23T07:21:47Z
384-20260923-006,vehicle-946,384,5041552958,1,2026-09-23T06:39:00Z,2026-09-23T06:39:30Z
384-20260923-006,vehicle-946,384,1253685272,2,2026-09-23T06:40:57Z,2026-09-23T06:41:27Z
384-20260923-006,vehicle-946,384,1253685152,3,2026-09-23T06:42:04Z,2026-09-23T06:42:34Z
384-20260923-006,vehicle-946,384,1253685235,4,2026-09-23T06:43:02Z,2026-09-23T06:43:32Z
384-20260923-006,vehicle-946,384,1253685318,5,2026-09-23T06:44:18Z,2026-09-23T06:44:48Z
384-20260923-006,vehicle-946,384,1390556618,6,2026-09-23T06:47:18Z,2026-09-23T06:47:48Z
384-20260923-006,vehicle-946,384,2250377775,7,2026-09-23T06:48:25Z,2026-09-23T06:48:55Z
384-20260923-006,vehicle-946,384,10770807633,8,2026-09-23T06:49:32Z,2026-09-23T06:50:02Z
384-20260923-006,vehicle-946,384,10770807635,9,2026-09-23T06:50:35Z,2026-09-23T06:51:05Z
384-20260923-006,vehicle-946,384,10770807638,10,2026-09-23T06:52:05Z,2026-09-23T06:52:35Z
384-20260923-006,vehicle-946,384,10770807640,11,2026-09-23T06:53:47Z,2026-09-23T06:54:17Z
384-20260923-006,vehicle-946,384,1449161160,12,2026-09-23T06:55:03Z,2026-09-23T06:55:33Z
384-20260923-006,vehicle-946,384,1457589281,13,2026-09-23T06:56:50Z,2026-09-23T06:57:20Z
384-20260923-006,vehicle-946,384,10777614858,14,2026-09-23T06:58:01Z,2026-09-23T06:58:31Z
384-20260923-006,vehicle-946,384,1251642862,15,2026-09-23T06:59:56Z,2026-09-23T07:00:26Z
384-20260923-006,vehicle-946,384,5465097778,16,2026-09-23T07:01:55Z,2026-09-23T07:02:25Z
384-20260923-006,vehicle-946,384,4447489243,17,2026-09-23T07:03:00Z,2026-09-23T07:03:30Z
384-20260923-006,vehicle-946,384,10769940172,18,2026-09-23T07:04:34Z,2026-09-23T07:05:04Z
384-20260923-006,vehicle-946,384,10769940171,19,2026-09-23T07:05:46Z,2026-09-23T07:06:16Z
384-20260923-006,vehicle-946,384,10746718173,20,2026-09-23T07:07:02Z,2026-09-23T07:07:32Z
384-20260923-006,vehicle-946,384,10746718174,21,2026-09-23T07:08:24Z,2026-09-23T07:08:54Z
384-20260923-006,vehicle-946,384,10746718168,22,2026-09-23T07:09:40Z,2026-09-23T07:10:10Z
384-20260923-006,vehicle-946,384,10746718159,23,2026-09-23T07:10:39Z,2026-09-23T07:11:09Z
384-20260923-006,vehicle-946,384,10746718163,24,2026-09-23T07:11:49Z,2026-09-23T07:12:19Z
384-20260923-006,vehicle-946,384,10746718156,25,2026-09-23T07:13:14Z,2026-09-23T07:13:44Z
384-20260923-006,vehicle-946,384,10746718153,26,2026-09-23T07:14:26Z,2026-09-23T07:14:56Z
384-20260923-006,vehicle-946,384,10746494151,27,2026-09-23T07:15:23Z,2026-09-23T07:15:53Z
384-20260923-006,vehicle-946,384,8518855615,28,2026-09-23T07:17:47Z,2026-09-23T07:18:17Z
384-20260923-007,vehicle-947,384,5041552958,1,2026-09-23T06:35:30Z,2026-09-23T06:36:00Z
384-20260923-007,vehicle-947,384,1253685272,2,2026-09-23T06:37:27Z,2026-09-23T06:37:57Z
384-20260923-007,vehicle-947,384,1253685152,3,2026-09-23T06:38:34Z,2026-09-23T06:39:04Z
384-20260923-007,vehicle-947,384,1253685235,4,2026-09-23T06:39:32Z,2026-09-23T06:40:02Z
384-20260923-007,vehicle-947,384,1253685318,5,2026-09-23T06:40:48Z,2026-09-23T06:41:18Z
384-20260923-007,vehicle-947,384,1390556618,6,2026-09-23T06:43:48Z,2026-09-23T06:44:18Z
384-20260923-007,vehicle-947,384,2250377775,7,2026-09-23T06:44:55Z,2026-09-23T06:45:25Z
384-20260923-007,vehicle-947,384,10770807633,8,2026-09-23T06:46:02Z,2026-09-23T06:46:32Z
384-20260923-007,vehicle-947,384,10770807635,9,2026-09-23T06:47:05Z,2026-09-23T06:47:35Z
384-20260923-007,vehicle-947,384,10770807638,10,2026-09-23T06:48:35Z,2026-09-23T06:49:05Z
384-20260923-007,vehicle-947,384,10770807640,11,2026-09-23T06:50:17Z,2026-09-23T06:50:47Z
384-20260923-007,vehicle-947,384,1449161160,12,2026-09-23T06:51:33Z,2026-09-23T06:52:03Z
384-20260923-007,vehicle-947,384,1457589281,13,2026-09-23T06:53:20Z,2026-09-23T06:53:50Z
384-20260923-007,vehicle-947,384,10777614858,14,2026-09-23T06:54:31Z,2026-09-23T06:55:01Z
384-20260923-007,vehicle-947,384,1251642862,15,2026-09-23T06:56:26Z,2026-09-23T06:56:56Z
384-20260923-007,vehicle-947,384,5465097778,16,2026-09-23T06:58:25Z,2026-09-23T06:58:55Z
384-20260923-007,vehicle-947,384,4447489243,17,2026-09-23T06:59:30Z,2026-09-23T07:00:00Z
384-20260923-007,vehicle-947,384,10769940172,18,2026-09-23T07:01:04Z,2026-09-23T07:01:34Z
384-20260923-007,vehicle-947,384,10769940171,19,2026-09-23T07:02:16Z,2026-09-23T07:02:46Z
384-20260923-007,vehicle-947,384,10746718173,20,2026-09-23T07:03:32Z,2026-09-23T07:04:02Z
384-20260923-007,vehicle-947,384,10746718174,21,2026-09-23T07:04:54Z,2026-09-23T07:05:24Z
384-20260923-007,vehicle-947,384,10746718168,22,2026-09-23T07:06:10Z,2026-09-23T07:06:40Z
384-20260923-007,vehicle-947,384,10746718159,23,2026-09-23T07:07:09Z,2026-09-23T07:07:39Z
384-20260923-007,vehicle-947,384,10746718163,24,2026-09-23T07:08:19Z,2026-09-23T07:08:49Z
384-20260923-007,vehicle-947,384,10746718156,25,2026-09-23T07:09:44Z,2026-09-23T07:10:14Z
384-20260923-007,vehicle-947,384,10746718153,26,2026-09-23T07:10:56Z,2026-09-23T07:11:26Z
384-20260923-007,vehicle-947,384,10746494151,27,2026-09-23T07:11:53Z,2026-09-23T07:12:23Z
384-20260923-007,vehicle-947,384,8518855615,28,2026-09-23T07:14:17Z,2026-09-23T07:14:47Z
