route_id,point_sequence,lat,lon
м3,1,55.7779901,37.71884
м3,2,55.7774057,37.7176657
м3,3,55.7763448,37.7155443
м3,4,55.776227,37.7153089
м3,5,55.776193,37.7152408
м3,6,55.7761356,37.7151261
м3,7,55.7763824,37.7147091
м3,8,55.7765873,37.7148374
м3,9,55.7768205,37.715004
м3,10,55.7770656,37.7151792
м3,11,55.7770974,37.7152019
м3,12,55.7777466,37.7156483
м3,13,55.777958,37.7157818
м3,14,55.7780982,37.7158596
м3,15,55.7783215,37.7159569
м3,16,55.7787789,37.716143
м3,17,55.7789028,37.7161921
м3,18,55.7790438,37.7162453
м3,19,55.7804197,37.7168139
м3,20,55.7805135,37.7168563
м3,21,55.7805924,37.7169093
м3,22,55.7806847,37.7166407
м3,23,55.7807193,37.7165295
м3,24,55.7807799,37.7163385
м3,25,55.7808327,37.7161401
м3,26,55.7809052,37.715809
м3,27,55.7809224,37.7157183
м3,28,55.7810527,37.7150307
м3,29,55.78108,37.7148877
м3,30,55.7813224,37.7136153
м3,31,55.7816297,37.711998
м3,32,55.7817218,37.7115175
м3,33,55.7818341,37.7109008
м3,34,55.7820684,37.7096421
м3,35,55.7820933,37.7094616
м3,36,55.7821129,37.709231
м3,37,55.7821331,37.7089852
м3,38,55.7821829,37.7081008
м3,39,55.7822171,37.7074968
м3,40,55.7822463,37.7069707
м3,41,55.78227,37.7066022
м3,42,55.7822857,37.7063587
м3,43,55.7823034,37.7060454
м3,44,55.7823552,37.7056521
м3,45,55.7824014,37.705198
м3,46,55.7824398,37.7049115
м3,47,55.782498,37.7045566
м3,48,55.7826195,37.7039201
м3,49,55.7827388,37.7033129
м3,50,55.7827711,37.7031193
м3,51,55.782786,37.7029912
м3,52,55.7827932,37.7029296
м3,53,55.7828039,37.7027198
м3,54,55.7828029,37.7024023
м3,55,55.782798,37.7021035
м3,56,55.7827959,37.7019175
м3,57,55.7827876,37.7014116
м3,58,55.7827668,37.700201
м3,59,55.7827506,37.6992617
м3,60,55.7827409,37.6987077
м3,61,55.7827192,37.6974884
м3,62,55.7826857,37.697234
м3,63,55.7826386,37.6970317
м3,64,55.7826038,37.6969335
м3,65,55.782564,37.6968463
м3,66,55.7824735,37.6967067
м3,67,55.7824423,37.6966788
м3,68,55.7823846,37.6966353
м3,69,55.7823058,37.6966061
м3,70,55.7820115,37.6965532
м3,71,55.7819362,37.6965313
м3,72,55.781846,37.6964865
м3,73,55.7816205,37.6963318
м3,74,55.7814889,37.6962008
м3,75,55.7813915,37.6960937
м3,76,55.7813191,37.6959847
м3,77,55.781314,37.6959754
м3,78,55.7812121,37.6957814
м3,79,55.781163,37.6956757
м3,80,55.7810514,37.6954358
м3,81,55.7809824,37.6952875
м3,82,55.7805573,37.6943668
м3,83,55.780495,37.6942299
м3,84,55.7804479,37.6941275
м3,85,55.7801297,37.6934356
м3,86,55.779745,37.6925879
м3,87,55.7796186,37.6923457
м3,88,55.7794917,37.6921155
м3,89,55.7793747,37.691927
м3,90,55.7793075,37.6918253
м3,91,55.7791675,37.6916196
м3,92,55.7788927,37.6912157
м3,93,55.7782612,37.6902868
м3,94,55.7781284,37.6900978
м3,95,55.777924,37.6897857
м3,96,55.7778121,37.6895872
м3,97,55.7776175,37.6892227
м3,98,55.7772352,37.6885069
м3,99,55.7770617,37.6881711
м3,100,55.7767387,37.6875615
м3,101,55.7764614,37.6870321
м3,102,55.7759861,37.6861219
м3,103,55.7759464,37.6860462
м3,104,55.7759117,37.6859801
м3,105,55.7757352,37.6856383
м3,106,55.7756636,37.6854995
м3,107,55.7751066,37.6844641
м3,108,55.7749449,37.6841508
м3,109,55.7746936,37.6835675
м3,110,55.7746214,37.6833879
м3,111,55.7745456,37.6831595
м3,112,55.774501,37.6830254
м3,113,55.774221,37.682069
м3,114,55.7740459,37.6814612
м3,115,55.7739624,37.6811787
м3,116,55.7738472,37.6807789
м3,117,55.7736973,37.6802437
м3,118,55.7736683,37.6801404
м3,119,55.7734827,37.6794798
м3,120,55.7734644,37.6794155
м3,121,55.773215,37.6785348
м3,122,55.7731852,37.6784255
м3,123,55.7731791,37.6784013
м3,124,55.7731735,37.6783765
м3,125,55.7731487,37.6782686
м3,126,55.7730827,37.6779822
м3,127,55.7730641,37.677891
м3,128,55.7729735,37.6774462
м3,129,55.7729571,37.6773644
м3,130,55.7729326,37.6772429
м3,131,55.7727094,37.6761276
м3,132,55.7726614,37.6759278
м3,133,55.7725973,37.6756647
м3,134,55.7724911,37.675269
м3,135,55.7724145,37.6750062
м3,136,55.7722258,37.6743579
м3,137,55.7721774,37.6742201
м3,138,55.7721691,37.6741963
м3,139,55.7720111,37.6738508
м3,140,55.7718483,37.6735608
м3,141,55.7716122,37.6731245
м3,142,55.7711886,37.6723435
м3,143,55.7711639,37.6723003
м3,144,55.7711062,37.6721929
м3,145,55.7710432,37.6720798
м3,146,55.7709272,37.671888
м3,147,55.7708396,37.6717366
м3,148,55.7700384,37.6703331
м3,149,55.769914,37.6701151
м3,150,55.7698668,37.6700324
м3,151,55.7696648,37.6696646
м3,152,55.7694928,37.6693314
м3,153,55.7694775,37.6693045
м3,154,55.7692113,37.6687906
м3,155,55.7691345,37.6686414
м3,156,55.7688533,37.6680949
м3,157,55.7686447,37.667685
м3,158,55.7685893,37.6675821
м3,159,55.7683189,37.6670516
м3,160,55.7680071,37.6664395
м3,161,55.7679543,37.6663357
м3,162,55.7679388,37.6663043
м3,163,55.7676687,37.6657568
м3,164,55.767514,37.6654431
м3,165,55.7670849,37.6645447
м3,166,55.7669821,37.664307
м3,167,55.7669291,37.6641788
м3,168,55.7669052,37.6641207
м3,169,55.7668236,37.6639167
м3,170,55.7666624,37.663514
м3,171,55.7663533,37.6627416
м3,172,55.7662933,37.6625915
м3,173,55.7662648,37.6625203
м3,174,55.7662326,37.6624398
м3,175,55.7661725,37.6622781
м3,176,55.7660626,37.6619882
м3,177,55.765987,37.6617886
м3,178,55.7657766,37.6612306
м3,179,55.7655819,37.6606748
м3,180,55.7654926,37.6604091
м3,181,55.7654493,37.6602803
м3,182,55.765362,37.6600206
м3,183,55.7651157,37.6592875
м3,184,55.765018,37.6589959
м3,185,55.764969,37.6588448
м3,186,55.7649387,37.6587494
м3,187,55.7648784,37.658568
м3,188,55.7647396,37.6581564
м3,189,55.7647303,37.65813
м3,190,55.7644383,37.6572771
м3,191,55.7643347,37.6569686
м3,192,55.7642071,37.6565645
м3,193,55.7641383,37.6563983
м3,194,55.7640398,37.6561443
м3,195,55.763966,37.6559372
м3,196,55.7637872,37.6554904
м3,197,55.7637089,37.6553086
м3,198,55.7635957,37.6550396
м3,199,55.7634638,37.6547556
м3,200,55.7633145,37.6544415
м3,201,55.7633094,37.6544308
м3,202,55.7632302,37.6542654
м3,203,55.7631605,37.654119
м3,204,55.7630837,37.6539526
м3,205,55.7630076,37.6537944
м3,206,55.7628541,37.6534824
м3,207,55.7626874,37.6531621
м3,208,55.7626679,37.6531262
м3,209,55.7625168,37.652851
м3,210,55.7624471,37.6527209
м3,211,55.7624016,37.6526408
м3,212,55.7621981,37.6522953
м3,213,55.7620701,37.6520806
м3,214,55.7619872,37.6519485
м3,215,55.7619672,37.6519166
м3,216,55.7618761,37.6517758
м3,217,55.7618234,37.6516993
м3,218,55.7618025,37.6516689
м3,219,55.7617557,37.6516007
м3,220,55.7615964,37.6513628
м3,221,55.7613681,37.6510212
м3,222,55.7611173,37.650666
м3,223,55.7610685,37.650596
м3,224,55.7610056,37.6505042
м3,225,55.7609366,37.6504066
м3,226,55.7607479,37.6501318
м3,227,55.7606276,37.6499412
м3,228,55.7605607,37.6498359
м3,229,55.760458,37.6496691
м3,230,55.7603972,37.6495687
м3,231,55.760351,37.6494952
м3,232,55.7602708,37.6493522
м3,233,55.7602601,37.6493324
м3,234,55.7601608,37.6491308
м3,235,55.7601465,37.6491013
м3,236,55.7600038,37.6488062
м3,237,55.7598947,37.6485683
м3,238,55.7598422,37.6484262
м3,239,55.7597618,37.6482101
м3,240,55.7597255,37.6480963
м3,241,55.7597234,37.6480885
м3,242,55.7597047,37.6480182
м3,243,55.7596619,37.6478432
м3,244,55.7596236,37.647657
м3,245,55.7596006,37.6475475
м3,246,55.7595925,37.647508
м3,247,55.7595608,37.6473337
м3,248,55.7595127,37.6470373
м3,249,55.7594959,37.64692
м3,250,55.7594368,37.6465152
м3,251,55.7594107,37.64634
м3,252,55.7593985,37.6462527
м3,253,55.7593913,37.6462024
м3,254,55.7593754,37.6460911
м3,255,55.7593496,37.6458975
м3,256,55.7592834,37.645363
м3,257,55.7592756,37.6453078
м3,258,55.7592511,37.6450867
м3,259,55.7591815,37.6444598
м3,260,55.7591722,37.6443762
м3,261,55.7591143,37.6438537
м3,262,55.7591126,37.6438371
м3,263,55.7590558,37.6432963
м3,264,55.7590396,37.6431663
м3,265,55.7590116,37.6429524
м3,266,55.7588144,37.6417553
м3,267,55.7587941,37.6416331
м3,268,55.7586476,37.6407432
м3,269,55.7585941,37.6404388
м3,270,55.7585688,37.6403078
м3,271,55.7585628,37.640277
м3,272,55.7584728,37.6398889
м3,273,55.7584416,37.6397609
м3,274,55.7583618,37.639416
м3,275,55.7583093,37.6391896
м3,276,55.7581803,37.638644
м3,277,55.7581305,37.6384348
м3,278,55.758113,37.6383575
м3,279,55.7580464,37.6380625
м3,280,55.7579812,37.637756
м3,281,55.757878,37.6372976
м3,282,55.7578141,37.6370033
м3,283,55.7577778,37.6368259
м3,284,55.7577597,37.6367141
м3,285,55.757745,37.6365963
м3,286,55.7577331,37.6364927
м3,287,55.7577239,37.6363903
м3,288,55.7577155,37.6362858
м3,289,55.7576914,37.6360305
м3,290,55.7576769,37.6358409
м3,291,55.7576594,37.6355881
м3,292,55.7576349,37.6352293
м3,293,55.7576157,37.6347859
м3,294,55.757601,37.6344718
м3,295,55.7575832,37.6341313
м3,296,55.7575712,37.633915
м3,297,55.7575647,37.6338089
м3,298,55.7575565,37.6337092
м3,299,55.757531,37.633485
м3,300,55.7574914,37.6331769
м3,301,55.7574458,37.6328822
м3,302,55.7574315,37.6327897
м3,303,55.7574263,37.6327562
м3,304,55.7573933,37.6325611
м3,305,55.7573533,37.6323244
м3,306,55.7572436,37.6317406
м3,307,55.7572329,37.6316987
м3,308,55.7572217,37.6316624
м3,309,55.7572095,37.6316236
м3,310,55.7572015,37.6316008
м3,311,55.7571629,37.6314869
м3,312,55.7572653,37.6313541
м3,313,55.7573018,37.6312802
м3,314,55.7573428,37.6312037
м3,315,55.757477,37.6309482
м3,316,55.7576108,37.6306618
м3,317,55.7576392,37.6306142
м3,318,55.7579356,37.6301168
м3,319,55.7581491,37.6298059
м3,320,55.7582182,37.629715
м3,321,55.7584351,37.6294169
м3,322,55.7587911,37.6289303
м3,323,55.7588201,37.6288885
м3,324,55.7589141,37.6287503
м3,325,55.7590708,37.6285173
м3,326,55.7594166,37.6280175
м3,327,55.759523,37.6278676
м3,328,55.7597289,37.6277085
м3,329,55.76007,37.6272981
м3,330,55.7601197,37.6272251
м3,331,55.7602398,37.6270379
м3,332,55.7603379,37.6268783
м3,333,55.760454,37.6266878
м3,334,55.7604948,37.626559
м3,335,55.7603987,37.6264773
м3,336,55.7603577,37.6264424
м3,337,55.7602109,37.6263128
м3,338,55.7600902,37.6262062
м3,339,55.7599891,37.6261169
м3,340,55.7599452,37.6260781
м3,341,55.7599009,37.6260341
м3,342,55.7598613,37.6259845
м3,343,55.7598285,37.6259266
м3,344,55.7598002,37.6258618
м3,345,55.7597809,37.625794
м3,346,55.7597634,37.6256937
м3,347,55.759753,37.6256177
м3,348,55.7596964,37.6251805
м3,349,55.7594995,37.6237166
м3,350,55.7594659,37.6234652
м3,351,55.7593579,37.6227357
м3,352,55.7593259,37.6225197
м3,353,55.7592144,37.621719
м3,354,55.7591999,37.6216145
м3,355,55.7591821,37.6214044
м3,356,55.7591697,37.6212591
м3,357,55.759039,37.6204729
м3,358,55.7590007,37.6202144
м3,359,55.7589845,37.6199957
м3,360,55.7589731,37.6198081
м3,361,55.7588678,37.6191652
м3,362,55.7587703,37.6186167
м3,363,55.758723,37.6183547
м3,364,55.7586721,37.6180894
м3,365,55.7586083,37.6178533
м3,366,55.758557,37.6177132
м3,367,55.7585053,37.6176099
м3,368,55.7584032,37.6174541
м3,369,55.758212,37.617158
м3,370,55.7581035,37.616993
м3,371,55.7575262,37.616073
м3,372,55.7571124,37.6153811
м3,373,55.7569923,37.6150498
м3,374,55.7569514,37.6149501
м3,375,55.7568004,37.6146579
м3,376,55.7565723,37.6143141
м3,377,55.7564079,37.6140921
м3,378,55.7563526,37.6140222
м3,379,55.7562055,37.6138327
м3,380,55.7559043,37.6134859
м3,381,55.7555854,37.6131188
м3,382,55.7553283,37.6128355
м3,383,55.7550984,37.612594
м3,384,55.7549033,37.6123892
м3,385,55.754815,37.6122965
м3,386,55.7545999,37.6120935
м3,387,55.7546405,37.611965
м3,388,55.7548248,37.611365
м3,389,55.7548763,37.6111973
м3,390,55.7550973,37.610478
м3,391,55.7552053,37.6101264
м3,392,55.7553453,37.6096606
м3,393,55.7553832,37.6095324
м3,394,55.7556281,37.6087899
м3,395,55.7556355,37.6087672
м3,396,55.7556973,37.6085823
м3,397,55.7560454,37.607535
м3,398,55.7561042,37.6073565
м3,399,55.7561289,37.607282
м3,400,55.7562189,37.6069962
м3,401,55.756315,37.6066491
м3,402,55.7564125,37.6062661
м3,403,55.7564912,37.60587
м3,404,55.7565726,37.6054382
м3,405,55.7566401,37.6050348
м3,406,55.7566629,37.6048962
м3,407,55.7566687,37.6048544
м3,408,55.7566956,37.6046609
м3,409,55.7567172,37.6045057
м3,410,55.7567624,37.6041803
м3,411,55.7568214,37.603756
м3,412,55.7568382,37.603635
м3,413,55.7568624,37.6034615
м3,414,55.7568963,37.6032074
м3,415,55.7569081,37.6031139
м3,416,55.7569193,37.6030255
м3,417,55.7569469,37.6027994
м3,418,55.7570209,37.6021918
м3,419,55.7570314,37.6021016
м3,420,55.7570632,37.6018407
м3,421,55.7570819,37.6017212
м3,422,55.7571273,37.601435
м3,423,55.7573193,37.6002203
м3,424,55.7573597,37.5999611
м3,425,55.7574015,37.5996454
м3,426,55.7574741,37.5991402
м3,427,55.7574949,37.5989952
м3,428,55.7575025,37.5989332
м3,429,55.7575311,37.5987386
м3,430,55.757529,37.5984393
м3,431,55.7575261,37.5983836
м3,432,55.7575221,37.5982965
м3,433,55.7574939,37.5979563
м3,434,55.7574598,37.5977307
м3,435,55.757437,37.5976173
м3,436,55.7574203,37.5975464
м3,437,55.7573623,37.5973003
м3,438,55.7573367,37.5971607
м3,439,55.75731,37.5970284
м3,440,55.7572943,37.5968973
м3,441,55.7572795,37.5967104
м3,442,55.7572697,37.5965099
м3,443,55.7572689,37.5964388
м3,444,55.7572783,37.5961591
м3,445,55.7573297,37.5955941
м3,446,55.757389,37.5949993
м3,447,55.7573984,37.594895
м3,448,55.757408,37.5947854
м3,449,55.7574124,37.5947335
м3,450,55.7574301,37.5945266
м3,451,55.7574369,37.5944465
м3,452,55.7575018,37.5936863
м3,453,55.7575077,37.593617
м3,454,55.7575691,37.5928974
м3,455,55.757607,37.5924526
м3,456,55.7576123,37.5923899
м3,457,55.7576268,37.5922193
м3,458,55.7576705,37.5917069
м3,459,55.7576999,37.591362
м3,460,55.7577184,37.5911459
м3,461,55.7577202,37.5911247
м3,462,55.75774,37.5908925
м3,463,55.7577571,37.5906922
м3,464,55.7577667,37.5905795
м3,465,55.7578047,37.5901337
м3,466,55.7578435,37.5896783
м3,467,55.7578642,37.5895389
м3,468,55.7578999,37.5893552
м3,469,55.7580109,37.5888426
м3,470,55.7581034,37.5884159
м3,471,55.7581554,37.5881757
м3,472,55.7581614,37.5881483
м3,473,55.7582722,37.5876368
м3,474,55.7582968,37.5875229
м3,475,55.7584675,37.5867353
м3,476,55.7586215,37.5860241
м3,477,55.7586488,37.5858975
м3,478,55.7586739,37.5858136
м3,479,55.7587406,37.5855296
м3,480,55.7587825,37.5853291
м3,481,55.7588267,37.5851214
м3,482,55.7588586,37.5849715
м3,483,55.7588784,37.584898
м3,484,55.7589072,37.5848159
м3,485,55.758948,37.5847265
м3,486,55.7590142,37.5846095
м3,487,55.7590634,37.5845043
м3,488,55.7591012,37.5843877
м3,489,55.7591585,37.5841673
м3,490,55.7591906,37.5840032
м3,491,55.7592304,37.5837852
м3,492,55.759308,37.583341
м3,493,55.7593423,37.5829988
м3,494,55.7594639,37.5823494
м3,495,55.759487,37.582228
м3,496,55.7595009,37.5821721
м3,497,55.7595225,37.5821085
м3,498,55.7595696,37.5820116
м3,499,55.7596021,37.5819537
м3,500,55.759621,37.58192
м3,501,55.7598256,37.5815667
м3,502,55.7599635,37.5813421
м3,503,55.7600069,37.5812665
м3,504,55.7601415,37.5810317
м3,505,55.7602951,37.5807543
м3,506,55.7603375,37.580677
м3,507,55.7604714,37.5804332
м3,508,55.7605297,37.5802903
м3,509,55.7605884,37.5800457
м3,510,55.7606441,37.5798107
м3,511,55.7607527,37.5792598
м3,512,55.7607706,37.579125
м3,513,55.7607737,37.5790821
м3,514,55.7607814,37.5789782
м3,515,55.7607848,37.5787912
м3,516,55.7607929,37.578555
м3,517,55.7608114,37.5783296
м3,518,55.760831,37.5781273
м3,519,55.7608527,37.5779337
м3,520,55.7609948,37.5766766
м3,521,55.7611571,37.5752644
м3,522,55.7612263,37.5747114
м3,523,55.7612416,37.5745873
м3,524,55.7612573,37.5744625
м3,525,55.761508,37.5725137
м3,526,55.7615863,37.5719344
м3,527,55.7616155,37.5717021
м3,528,55.7616592,37.5713545
м3,529,55.7616984,37.5710503
м3,530,55.7618046,37.5702992
м3,531,55.7619212,37.5694857
м3,532,55.7619521,37.5692811
м3,533,55.7621875,37.5678046
м3,534,55.7622947,37.5671108
м3,535,55.762417,37.5663749
м3,536,55.7624334,37.5662762
м3,537,55.7624863,37.5659593
м3,538,55.7625261,37.5657278
м3,539,55.7627458,37.5645342
м3,540,55.7628299,37.5641058
м3,541,55.7628882,37.5638464
м3,542,55.7630025,37.5633401
м3,543,55.763063,37.5630585
м3,544,55.763095,37.5628727
м3,545,55.7631279,37.5626649
м3,546,55.7631832,37.5623164
м3,547,55.7632672,37.5617981
м3,548,55.7633282,37.5614034
м3,549,55.763357,37.5612072
м3,550,55.7634113,37.5608365
м3,551,55.7634338,37.5606549
м3,552,55.7634675,37.5603963
м3,553,55.763537,37.5598525
м3,554,55.7636534,37.5589606
м3,555,55.7637659,37.5580516
м3,556,55.7638575,37.5573217
м3,557,55.7639382,37.5566825
м3,558,55.7640576,37.5557422
м3,559,55.7641001,37.5554253
м3,560,55.7641156,37.5553025
м3,561,55.7641193,37.5552739
м3,562,55.7643379,37.5535714
м3,563,55.7643687,37.5533318
м3,564,55.7644588,37.5525737
м3,565,55.7645171,37.5521455
м3,566,55.7650278,37.5481253
м3,567,55.7653305,37.5457429
м3,568,55.7655766,37.5438059
м3,569,55.7657189,37.5426858
м3,570,55.7657936,37.5420796
м3,571,55.7659755,37.5406633
м3,572,55.7662047,37.5387719
м3,573,55.7664843,37.5362613
м3,574,55.7666665,37.534736
м3,575,55.7667875,37.5336726
м3,576,55.7668006,37.5335576
м3,577,55.7669159,37.5325979
м3,578,55.7672143,37.5301133
м3,579,55.7680846,37.5231454
м3,580,55.7684967,37.5198459
м3,581,55.7687916,37.5174827
м3,582,55.7688976,37.5166395
м3,583,55.7690893,37.5150801
м3,584,55.7693559,37.513148
м3,585,55.7694836,37.5122194
м3,586,55.7698283,37.509763
м3,587,55.769894,37.509311
м3,588,55.7701001,37.5078937
м3,589,55.7703909,37.5060263
м3,590,55.7707485,37.503837
м3,591,55.7710965,37.5017447
м3,592,55.7711409,37.5014665
м3,593,55.7714858,37.4993062
м3,594,55.7717273,37.4980761
м3,595,55.7718362,37.4974987
м3,596,55.7718719,37.4972819
м3,597,55.7720261,37.4963441
м3,598,55.7725023,37.4931473
м3,599,55.7725587,37.4927688
м3,600,55.7725709,37.4926864
м3,601,55.7726409,37.4922166
м3,602,55.7728021,37.4911345
м3,603,55.772877,37.4906287
м3,604,55.7730796,37.4893069
м3,605,55.7730921,37.4892286
м3,606,55.7731689,37.488739
м3,607,55.7733781,37.4874576
м3,608,55.7735106,37.4866429
м3,609,55.7736347,37.4858801
м3,610,55.7739802,37.4835953
м3,611,55.7744244,37.4807621
м3,612,55.7746525,37.4793035
м3,613,55.7747762,37.4786917
м3,614,55.7748544,37.4782982
м3,615,55.7749738,37.4777646
м3,616,55.7751271,37.4771231
м3,617,55.7752122,37.4767691
м3,618,55.7753436,37.4764626
м3,619,55.7754578,37.4761203
м3,620,55.7755749,37.4756412
м3,621,55.7757316,37.4749498
м3,622,55.7759228,37.4740084
м3,623,55.7760071,37.473473
м3,624,55.7761418,37.4726171
м3,625,55.7762296,37.4720776
м3,626,55.7762979,37.4716526
м3,627,55.7763871,37.4711273
м3,628,55.776478,37.4705977
м3,629,55.7766084,37.4697858
м3,630,55.7766988,37.4692232
м3,631,55.7769095,37.4679066
м3,632,55.7769873,37.4674233
м3,633,55.7770336,37.4671138
м3,634,55.77713,37.4664701
м3,635,55.777202,37.466001
м3,636,55.7773563,37.4650107
м3,637,55.7774364,37.4644945
м3,638,55.7775129,37.4640005
м3,639,55.7775689,37.4636324
м3,640,55.7776945,37.4628168
м3,641,55.777884,37.4616857
м3,642,55.778141,37.4602009
м3,643,55.7782396,37.4595613
м3,644,55.7785024,37.4579178
м3,645,55.778577,37.4574492
м3,646,55.7786387,37.4570641
м3,647,55.7787564,37.4563754
м3,648,55.7790106,37.454888
м3,649,55.7790639,37.4544964
м3,650,55.7791108,37.4539931
м3,651,55.7793097,37.4526117
м3,652,55.7793709,37.4521728
м3,653,55.7795131,37.4511285
м3,654,55.779558,37.450737
м3,655,55.7795803,37.4505422
м3,656,55.7796339,37.449968
м3,657,55.7796531,37.4496293
м3,658,55.7796533,37.4492539
м3,659,55.7796436,37.4489425
м3,660,55.7796421,37.4485016
м3,661,55.7796423,37.4481088
м3,662,55.7796551,37.4456044
м3,663,55.7796564,37.4455437
м3,664,55.7796601,37.4454302
м3,665,55.7796657,37.4452877
м3,666,55.7796732,37.4451205
м3,667,55.7796833,37.4449755
м3,668,55.7796983,37.4448429
м3,669,55.7797208,37.4446776
м3,670,55.7797416,37.4445444
м3,671,55.7797542,37.4444697
м3,672,55.7798655,37.4439084
м3,673,55.7798992,37.4437412
м3,674,55.7799934,37.4432759
м3,675,55.780049,37.443002
м3,676,55.780336,37.4415883
м3,677,55.780522,37.4406736
м3,678,55.7805389,37.4405936
м3,679,55.7806454,37.4400301
м3,680,55.7807668,37.439487
м3,681,55.7808878,37.4390358
м3,682,55.7810676,37.438405
с344,1,55.7579777,37.6130528
с344,2,55.7578674,37.6131919
с344,3,55.7577209,37.6134154
с344,4,55.7576122,37.6136092
с344,5,55.7573597,37.6140893
с344,6,55.7570829,37.6146394
с344,7,55.757076,37.6146542
с344,8,55.7570415,37.6147199
с344,9,55.7569791,37.6147581
с344,10,55.7569319,37.6147628
с344,11,55.7568643,37.6147279
с344,12,55.7568004,37.6146579
с344,13,55.7565723,37.6143141
с344,14,55.7564079,37.6140921
с344,15,55.7563526,37.6140222
с344,16,55.7562055,37.6138327
с344,17,55.7559043,37.6134859
с344,18,55.7555854,37.6131188
с344,19,55.7553283,37.6128355
с344,20,55.7550984,37.612594
с344,21,55.7549033,37.6123892
с344,22,55.754815,37.6122965
с344,23,55.7545999,37.6120935
с344,24,55.7546405,37.611965
с344,25,55.7548248,37.611365
с344,26,55.7548763,37.6111973
с344,27,55.7550973,37.610478
с344,28,55.7552053,37.6101264
с344,29,55.7553453,37.6096606
с344,30,55.7553832,37.6095324
с344,31,55.7556281,37.6087899
с344,32,55.7556355,37.6087672
с344,33,55.7556973,37.6085823
с344,34,55.7560454,37.607535
с344,35,55.7561042,37.6073565
с344,36,55.7561289,37.607282
с344,37,55.7562189,37.6069962
с344,38,55.756315,37.6066491
с344,39,55.7564125,37.6062661
с344,40,55.7564912,37.60587
с344,41,55.7565726,37.6054382
с344,42,55.7566401,37.6050348
с344,43,55.7566629,37.6048962
с344,44,55.7566687,37.6048544
с344,45,55.7566956,37.6046609
с344,46,55.7567172,37.6045057
с344,47,55.7567624,37.6041803
с344,48,55.7568214,37.603756
с344,49,55.7568382,37.603635
с344,50,55.7568624,37.6034615
с344,51,55.7568963,37.6032074
с344,52,55.7569081,37.6031139
с344,53,55.7569193,37.6030255
с344,54,55.7569469,37.6027994
с344,55,55.7570209,37.6021918
с344,56,55.7570314,37.6021016
с344,57,55.7570632,37.6018407
с344,58,55.7570819,37.6017212
с344,59,55.7571273,37.601435
с344,60,55.7573193,37.6002203
с344,61,55.7573597,37.5999611
с344,62,55.7574015,37.5996454
с344,63,55.7574741,37.5991402
с344,64,55.7574949,37.5989952
с344,65,55.7575025,37.5989332
с344,66,55.7575311,37.5987386
с344,67,55.757529,37.5984393
с344,68,55.7575261,37.5983836
с344,69,55.7575221,37.5982965
с344,70,55.7574939,37.5979563
с344,71,55.7574598,37.5977307
с344,72,55.757437,37.5976173
с344,73,55.7574203,37.5975464
с344,74,55.7573623,37.5973003
с344,75,55.7573367,37.5971607
с344,76,55.75731,37.5970284
с344,77,55.7572943,37.5968973
с344,78,55.7572795,37.5967104
с344,79,55.7572697,37.5965099
с344,80,55.7572689,37.5964388
с344,81,55.7572783,37.5961591
с344,82,55.7573297,37.5955941
с344,83,55.757389,37.5949993
с344,84,55.7573984,37.594895
с344,85,55.757408,37.5947854
с344,86,55.7574124,37.5947335
с344,87,55.7574301,37.5945266
с344,88,55.7574369,37.5944465
с344,89,55.7575018,37.5936863
с344,90,55.7575077,37.593617
с344,91,55.7575691,37.5928974
с344,92,55.757607,37.5924526
с344,93,55.7576123,37.5923899
с344,94,55.7576268,37.5922193
с344,95,55.7576705,37.5917069
с344,96,55.7576999,37.591362
с344,97,55.7577184,37.5911459
с344,98,55.7577202,37.5911247
с344,99,55.75774,37.5908925
с344,100,55.7577571,37.5906922
с344,101,55.7577667,37.5905795
с344,102,55.7578047,37.5901337
с344,103,55.7578435,37.5896783
с344,104,55.7578642,37.5895389
с344,105,55.7578999,37.5893552
с344,106,55.7580109,37.5888426
с344,107,55.7581034,37.5884159
с344,108,55.7581554,37.5881757
с344,109,55.7581614,37.5881483
с344,110,55.7582722,37.5876368
с344,111,55.7582968,37.5875229
с344,112,55.7584675,37.5867353
с344,113,55.7586215,37.5860241
с344,114,55.7586488,37.5858975
с344,115,55.7586739,37.5858136
с344,116,55.7587406,37.5855296
с344,117,55.7587825,37.5853291
с344,118,55.7588267,37.5851214
с344,119,55.7588586,37.5849715
с344,120,55.7588784,37.584898
с344,121,55.7589072,37.5848159
с344,122,55.758948,37.5847265
с344,123,55.7590142,37.5846095
с344,124,55.7590634,37.5845043
с344,125,55.7591012,37.5843877
с344,126,55.7591585,37.5841673
с344,127,55.7591906,37.5840032
с344,128,55.7592304,37.5837852
с344,129,55.759308,37.583341
с344,130,55.7593423,37.5829988
с344,131,55.7594639,37.5823494
с344,132,55.759487,37.582228
с344,133,55.7595009,37.5821721
с344,134,55.7595225,37.5821085
с344,135,55.7595696,37.5820116
с344,136,55.7596021,37.5819537
с344,137,55.759621,37.58192
с344,138,55.7598256,37.5815667
с344,139,55.7599635,37.5813421
с344,140,55.7600069,37.5812665
с344,141,55.7601415,37.5810317
с344,142,55.7602951,37.5807543
с344,143,55.7603375,37.580677
с344,144,55.7604714,37.5804332
с344,145,55.7605297,37.5802903
с344,146,55.7605884,37.5800457
с344,147,55.7606441,37.5798107
с344,148,55.7607527,37.5792598
с344,149,55.7607706,37.579125
с344,150,55.7607737,37.5790821
с344,151,55.7607814,37.5789782
с344,152,55.7607848,37.5787912
с344,153,55.7607929,37.578555
с344,154,55.7608114,37.5783296
с344,155,55.760831,37.5781273
с344,156,55.7608527,37.5779337
с344,157,55.7609948,37.5766766
с344,158,55.7611571,37.5752644
с344,159,55.7612263,37.5747114
с344,160,55.7612416,37.5745873
с344,161,55.7612573,37.5744625
с344,162,55.761508,37.5725137
с344,163,55.7615863,37.5719344
с344,164,55.7616155,37.5717021
с344,165,55.7616592,37.5713545
с344,166,55.7616984,37.5710503
с344,167,55.7618046,37.5702992
с344,168,55.7619212,37.5694857
с344,169,55.7619521,37.5692811
с344,170,55.7621875,37.5678046
с344,171,55.7622947,37.5671108
с344,172,55.762417,37.5663749
с344,173,55.7624334,37.5662762
с344,174,55.7624863,37.5659593
с344,175,55.7625261,37.5657278
с344,176,55.7627458,37.5645342
с344,177,55.7628299,37.5641058
с344,178,55.7628882,37.5638464
с344,179,55.7630025,37.5633401
с344,180,55.763063,37.5630585
с344,181,55.763095,37.5628727
с344,182,55.7631279,37.5626649
с344,183,55.7631832,37.5623164
с344,184,55.7632672,37.5617981
с344,185,55.7633282,37.5614034
с344,186,55.7633952,37.5612237
с344,187,55.7634077,37.5611851
с344,188,55.7634392,37.5611087
с344,189,55.7634703,37.5610636
с344,190,55.7635089,37.5610321
с344,191,55.7635589,37.561014
с344,192,55.7636262,37.5610065
с344,193,55.7637674,37.5610143
с344,194,55.7639733,37.5610784
с344,195,55.7640978,37.5611199
с344,196,55.7641942,37.5611428
с344,197,55.7643165,37.5611533
с344,198,55.7645022,37.5611615
с344,199,55.7646592,37.5611533
с344,200,55.764675,37.5611523
с344,201,55.7647987,37.5611373
с344,202,55.764837,37.5611326
с344,203,55.7649948,37.5610958
с344,204,55.765217,37.5609991
с344,205,55.7653557,37.560929
с344,206,55.7654827,37.5608528
с344,207,55.7656474,37.5607231
с344,208,55.7657592,37.5606204
с344,209,55.7658097,37.5605741
с344,210,55.7660558,37.5603076
с344,211,55.7664126,37.5599095
с344,212,55.7666832,37.5596076
с344,213,55.7667708,37.5595099
с344,214,55.7676194,37.5585947
с344,215,55.76942,37.5566159
с344,216,55.7694645,37.5565698
с344,217,55.7696764,37.5563489
с344,218,55.7697015,37.5563657
с344,219,55.769768,37.5563875
с344,220,55.7698485,37.5563963
с344,221,55.7701495,37.5563121
с344,222,55.7702208,37.5562834
с344,223,55.7705278,37.5561809
с344,224,55.770691,37.5561273
с344,225,55.7710094,37.5560168
с344,226,55.77106,37.5559998
с344,227,55.7712265,37.5559439
с344,228,55.7713178,37.5559143
с344,229,55.7714693,37.5558564
с344,230,55.7715558,37.5558128
с344,231,55.7716154,37.5557537
с344,232,55.771647,37.5556607
с344,233,55.7716707,37.5555631
с344,234,55.771677,37.5554574
с344,235,55.7716728,37.5551467
с344,236,55.7716416,37.5547737
с344,237,55.7716221,37.5546986
с344,238,55.7715662,37.5545659
с344,239,55.7715165,37.5544924
с344,240,55.7714615,37.5544368
с344,241,55.771392,37.5543982
с344,242,55.7713101,37.5543662
с344,243,55.7712485,37.5543577
с344,244,55.7711393,37.5543411
с344,245,55.7710506,37.5543447
с344,246,55.7709582,37.5543667
с344,247,55.7708835,37.5543931
с344,248,55.7708101,37.5544299
с344,249,55.7706701,37.5544962
с344,250,55.7705439,37.5545822
с344,251,55.7704106,37.5547137
с344,252,55.7702936,37.554847
с344,253,55.7699414,37.5552643
с344,254,55.7696631,37.5556225
с344,255,55.7695831,37.5557777
с344,256,55.7694718,37.5559668
с344,257,55.7694001,37.556114
с344,258,55.7693322,37.5562327
с344,259,55.7692249,37.5564014
с344,260,55.769142,37.5565382
с344,261,55.7690585,37.556671
с344,262,55.7689137,37.5568916
с344,263,55.7688385,37.5569743
с344,264,55.7685468,37.5572906
с344,265,55.7677925,37.5581242
с344,266,55.7659908,37.5601148
с344,267,55.7657802,37.5603474
с344,268,55.7656141,37.5605188
с344,269,55.7655071,37.560613
с344,270,55.7653549,37.5607273
с344,271,55.7651769,37.5608268
с344,272,55.7649965,37.5608958
с344,273,55.7648602,37.5609291
с344,274,55.7647904,37.5609389
с344,275,55.7647102,37.5609501
с344,276,55.7646551,37.5609527
с344,277,55.7644998,37.5609592
с344,278,55.7644109,37.5609585
с344,279,55.7642067,37.5609382
с344,280,55.7640465,37.5609013
с344,281,55.7638277,37.5608344
с344,282,55.7636164,37.5607454
с344,283,55.7634338,37.5606549
с344,284,55.7632915,37.5605837
с344,285,55.7631466,37.5605012
с344,286,55.7629573,37.5603741
с344,287,55.7628635,37.5603081
с344,288,55.7622002,37.5598102
с344,289,55.7610826,37.5589713
с344,290,55.7610367,37.5589369
с344,291,55.7607078,37.5586899
с344,292,55.7605532,37.5585678
с344,293,55.7601815,37.5582811
с344,294,55.7599824,37.5581628
с344,295,55.7598474,37.5581011
с344,296,55.7597025,37.5580542
с344,297,55.7596059,37.5580381
с344,298,55.7594037,37.5580274
с344,299,55.7592331,37.5580408
с344,300,55.7590985,37.5580598
с344,301,55.7589475,37.558081
с344,302,55.7588052,37.5581156
с344,303,55.7586906,37.5581434
с344,304,55.7585549,37.558181
с344,305,55.7581496,37.5582931
с344,306,55.7580795,37.5583125
с344,307,55.7579612,37.5583452
с344,308,55.7570227,37.5585938
с344,309,55.7568528,37.5586389
с344,310,55.7566899,37.5586822
с344,311,55.7565232,37.5587225
с344,312,55.7563912,37.5587544
с344,313,55.7562745,37.5587971
с344,314,55.7560824,37.5589161
с344,315,55.7558591,37.5590651
с344,316,55.7553073,37.5595595
с344,317,55.7547449,37.5600633
с344,318,55.7542704,37.5605076
с344,319,55.7541807,37.5605916
с344,320,55.7539757,37.5595957
с344,321,55.7537966,37.5587743
с344,322,55.7537282,37.5584998
с344,323,55.7537038,37.5584018
с344,324,55.7536215,37.5580716
с344,325,55.7533994,37.5572712
с344,326,55.7533533,37.557105
с344,327,55.7530901,37.5562412
с344,328,55.7530676,37.5561674
с344,329,55.753045,37.5560933
с344,330,55.7528783,37.5555463
с344,331,55.7528606,37.5554881
с344,332,55.752256,37.5536083
с344,333,55.7521801,37.5534096
с344,334,55.7521066,37.5532171
с344,335,55.7520816,37.5531517
с344,336,55.7519056,37.5526907
с344,337,55.7518478,37.5525393
с344,338,55.7517489,37.5523087
с344,339,55.751718,37.5522367
с344,340,55.7516881,37.5521671
с344,341,55.7516788,37.5521454
с344,342,55.7514414,37.551592
с344,343,55.7511186,37.5508425
с344,344,55.751065,37.5507147
с344,345,55.7509613,37.550499
с344,346,55.750332,37.5491913
с344,347,55.7501174,37.5487454
с344,348,55.7500837,37.5486753
с344,349,55.7500536,37.5486129
с344,350,55.7493346,37.5471192
с344,351,55.7492339,37.5469099
с344,352,55.7486994,37.5458289
с344,353,55.7484908,37.5454072
с344,354,55.7484471,37.5453227
с344,355,55.7484082,37.5452477
с344,356,55.7482867,37.5450065
с344,357,55.7481311,37.5447092
с344,358,55.7480104,37.5444438
с344,359,55.7476422,37.5436239
с344,360,55.747524,37.5433361
с344,361,55.7473705,37.5429336
с344,362,55.7472264,37.5425371
с344,363,55.747159,37.5423425
с344,364,55.747131,37.5422548
с344,365,55.7468069,37.5412764
с344,366,55.7466969,37.5409319
с344,367,55.7466297,37.5407171
с344,368,55.7466113,37.5406535
с344,369,55.7465531,37.5403799
с344,370,55.7464164,37.5397789
с344,371,55.7462259,37.5389038
с344,372,55.7461743,37.5386524
с344,373,55.7461478,37.5385233
с344,374,55.7461065,37.5383125
с344,375,55.7460771,37.5381676
с344,376,55.746009,37.5377671
с344,377,55.7459509,37.5374253
с344,378,55.745842,37.5367215
с344,379,55.7458246,37.5364447
с344,380,55.7458271,37.5362633
с344,381,55.7458392,37.5361307
с344,382,55.7458643,37.5360042
с344,383,55.7458923,37.5359061
с344,384,55.7459378,37.5358093
с344,385,55.7461137,37.5355451
с344,386,55.746154,37.5354696
с344,387,55.7461974,37.535364
с344,388,55.746251,37.5351789
с344,389,55.7463268,37.5349458
с344,390,55.7463596,37.534851
с344,391,55.7464041,37.534729
с344,392,55.746513,37.5345579
с344,393,55.7466119,37.5343818
с344,394,55.7466617,37.5342934
с344,395,55.7468691,37.5339562
с344,396,55.7468889,37.5339304
с344,397,55.7469599,37.533862
с344,398,55.7470119,37.533811
с344,399,55.7471093,37.5337332
с344,400,55.7471939,37.5336796
с344,401,55.747292,37.5336233
с344,402,55.7474928,37.5335348
с344,403,55.7476846,37.5334656
с344,404,55.7479524,37.5333862
с344,405,55.7480826,37.5333522
с344,406,55.7482173,37.533317
с344,407,55.7484543,37.5332446
с344,408,55.7486228,37.5332014
с344,409,55.748744,37.5331801
с344,410,55.7487959,37.5331725
с344,411,55.7488991,37.533174
с344,412,55.7489661,37.5331779
с344,413,55.7491874,37.5332489
с344,414,55.7493366,37.5332845
с344,415,55.7494274,37.5332963
с344,416,55.7495558,37.5333182
с344,417,55.7496891,37.5333378
с344,418,55.7497818,37.5333523
с344,419,55.7497947,37.5333621
с344,420,55.7498529,37.5333879
с344,421,55.7500162,37.5335046
с344,422,55.75014,37.5336608
с344,423,55.750208,37.533813
с344,424,55.7502848,37.5340621
с344,425,55.7503057,37.534136
с344,426,55.7504838,37.5347673
с344,427,55.7505223,37.5349049
с344,428,55.7507168,37.5356037
с344,429,55.7510436,37.536778
с344,430,55.7512101,37.5373763
с344,431,55.7512642,37.5375744
с344,432,55.7513097,37.5376258
с344,433,55.7513388,37.5376452
с344,434,55.7513848,37.5376518
с344,435,55.7514124,37.5376325
с344,436,55.7514411,37.5376064
с344,437,55.7515233,37.5375044
с344,438,55.7516079,37.5373569
с344,439,55.7516525,37.5372617
с344,440,55.7516903,37.5371558
с344,441,55.7518055,37.5367787
с344,442,55.7519079,37.5364435
с344,443,55.7522531,37.5356357
с344,444,55.752365,37.5353341
с344,445,55.7525548,37.534787
с344,446,55.7527666,37.5341874
с344,447,55.7529632,37.5335852
с344,448,55.7530291,37.5333834
с344,449,55.7531614,37.5329783
с344,450,55.7531968,37.5328897
с344,451,55.7532305,37.5328118
с344,452,55.7532519,37.5327622
с344,453,55.7533597,37.5324991
с344,454,55.7539425,37.5327559
с344,455,55.7540886,37.5328034
с344,456,55.7542165,37.532834
с344,457,55.7545814,37.532903
с344,458,55.7547222,37.532931
с344,459,55.7548049,37.5329515
с344,460,55.7548815,37.5329765
с344,461,55.7549734,37.5330145
с344,462,55.7552834,37.5331554
с344,463,55.7558564,37.5333937
с344,464,55.7559445,37.5334799
с344,465,55.7559927,37.5335215
с344,466,55.7560195,37.5335577
с344,467,55.7560416,37.5335969
с344,468,55.7560634,37.5336454
с344,469,55.7560831,37.5337038
с344,470,55.7561004,37.5337754
с344,471,55.7561716,37.5341476
с344,472,55.7561893,37.5342443
с344,473,55.7562144,37.5344043
с344,474,55.756239,37.5345855
с344,475,55.7562495,37.5347246
с344,476,55.7562543,37.5348461
с344,477,55.7562548,37.5349588
с344,478,55.7562494,37.5350698
с344,479,55.756238,37.5351736
с344,480,55.7562209,37.5352854
с344,481,55.7561941,37.5354075
с344,482,55.7561638,37.5355112
с344,483,55.7561245,37.5356216
с344,484,55.7560802,37.5357144
с344,485,55.756043,37.535787
с344,486,55.7560025,37.5358553
с344,487,55.7559626,37.535911
с344,488,55.7559225,37.5359567
с344,489,55.755878,37.5360011
с344,490,55.7558003,37.5360682
с344,491,55.7557596,37.5361024
с344,492,55.7557369,37.5361177
с344,493,55.7557026,37.5361339
с344,494,55.7556605,37.5361414
с344,495,55.7556215,37.5361436
с344,496,55.7555863,37.5361376
с344,497,55.7555464,37.5361202
с344,498,55.7555117,37.5360891
с344,499,55.7554798,37.5360411
с344,500,55.7554447,37.5359428
с344,501,55.7554334,37.5358875
с344,502,55.7554274,37.5358284
с344,503,55.7554263,37.5357544
с344,504,55.7554394,37.5356606
с344,505,55.7561392,37.530678
с344,506,55.7561725,37.5304331
с344,507,55.7562019,37.5302002
с344,508,55.7562245,37.5299808
с344,509,55.7562474,37.5297175
с344,510,55.756253,37.529622
с344,511,55.7562589,37.5295208
с344,512,55.7562618,37.5294715
с344,513,55.7562635,37.5294107
с344,514,55.7562684,37.5292203
с344,515,55.7562702,37.5290264
с344,516,55.7562696,37.5288366
с344,517,55.7562651,37.5286402
с344,518,55.7562562,37.5284285
с344,519,55.7562434,37.5281976
с344,520,55.7562316,37.5280312
с344,521,55.7562283,37.527984
с344,522,55.7562119,37.5277984
с344,523,55.7561881,37.5275882
с344,524,55.7561586,37.5273719
с344,525,55.7561232,37.5271434
с344,526,55.7561048,37.5270376
с344,527,55.7560843,37.5269201
с344,528,55.7560386,37.5266812
с344,529,55.7555072,37.5241486
с344,530,55.7554858,37.524049
с344,531,55.755461,37.5239332
с344,532,55.7552848,37.5231128
с344,533,55.7551841,37.5226511
с344,534,55.7551797,37.522535
с344,535,55.7551788,37.5224169
с344,536,55.7551831,37.5223067
с344,537,55.7551916,37.5221741
с344,538,55.7552256,37.5217117
с344,539,55.7552292,37.5216159
с344,540,55.75523,37.5215552
с344,541,55.7552272,37.5214779
с344,542,55.7552226,37.5214221
с344,543,55.7552119,37.5213694
с344,544,55.7551022,37.5209873
с344,545,55.7548417,37.5200339
с344,546,55.7546738,37.5194632
с344,547,55.7545405,37.5190095
с344,548,55.7547219,37.5189367
с344,549,55.7553456,37.5186865
с344,550,55.7554513,37.5186441
с344,551,55.7555518,37.5185979
с344,552,55.7556025,37.5185746
с344,553,55.756004,37.5183899
с344,554,55.7565564,37.5180784
с344,555,55.7566204,37.5180279
с344,556,55.7578366,37.5170692
с344,557,55.7581608,37.5167629
с344,558,55.7582668,37.5166512
с344,559,55.7584864,37.5163953
с344,560,55.7590896,37.5156656
с344,561,55.759147,37.5158155
с344,562,55.7594597,37.5166317
с344,563,55.7598726,37.5177116
с344,564,55.7599252,37.5178491
с344,565,55.760064,37.518212
с344,566,55.7604701,37.5192742
с344,567,55.7607219,37.5199265
с344,568,55.7608315,37.5202126
с344,569,55.7608975,37.5203849
с344,570,55.7609302,37.5204703
с344,571,55.7610507,37.520785
с344,572,55.7611227,37.5209729
с344,573,55.7613553,37.5206933
с344,574,55.7614387,37.5205751
с344,575,55.7615405,37.5204177
с344,576,55.7616303,37.52025
с344,577,55.7617255,37.5200578
с344,578,55.7618946,37.5196914
с344,579,55.7620779,37.5192602
с344,580,55.7621559,37.5190608
с344,581,55.7623777,37.5185457
с344,582,55.7623995,37.5184961
с344,583,55.7624702,37.5183353
с344,584,55.762604,37.5180308
с344,585,55.7633587,37.5162359
с344,586,55.7641935,37.5142492
с344,587,55.764489,37.5135415
с344,588,55.764542,37.5134146
с344,589,55.7647026,37.5130299
с344,590,55.7647526,37.512989
с344,591,55.764797,37.5129952
с344,592,55.7648462,37.5130132
с344,593,55.7649488,37.5130413
с344,594,55.7650054,37.5130373
с344,595,55.7650668,37.513021
с344,596,55.7651191,37.513004
с344,597,55.7652136,37.5129622
с344,598,55.7652989,37.512883
с344,599,55.7653728,37.5127959
с344,600,55.7654649,37.5129113
с344,601,55.7655199,37.5129609
с344,602,55.7655737,37.5129773
с344,603,55.765658,37.5129448
с344,604,55.765728,37.5128906
с344,605,55.7663111,37.512319
с344,606,55.7679845,37.5106788
с344,607,55.7680832,37.510582
с344,608,55.7681862,37.510481
с344,609,55.7682608,37.5103915
с344,610,55.7683693,37.5105526
с344,611,55.7684407,37.5106565
с344,612,55.7684824,37.5106944
с344,613,55.7686148,37.5108244
с344,614,55.7687744,37.510981
с344,615,55.7689261,37.5111299
с344,616,55.7692744,37.5114816
с344,617,55.7694887,37.5116799
с344,618,55.7695903,37.5117576
с344,619,55.7697063,37.5118007
с344,620,55.7696689,37.5120824
с344,621,55.7696554,37.512184
с344,622,55.7695955,37.512588
е70,1,55.693954,37.8178928
е70,2,55.6940504,37.8180709
е70,3,55.6943666,37.8186554
е70,4,55.6952349,37.8202603
е70,5,55.6954263,37.820622
е70,6,55.6957637,37.8212364
е70,7,55.6961268,37.8219284
е70,8,55.6965629,37.8227632
е70,9,55.6966532,37.8229359
е70,10,55.6967802,37.823179
е70,11,55.6972363,37.8240518
е70,12,55.6973273,37.824226
е70,13,55.6973688,37.8243056
е70,14,55.6974138,37.8243887
е70,15,55.69778,37.8250654
е70,16,55.6983425,37.8261049
е70,17,55.69881,37.826988
е70,18,55.6989613,37.8272352
е70,19,55.6990988,37.827325
е70,20,55.6991346,37.8273484
е70,21,55.6994561,37.8274404
е70,22,55.699603,37.8274824
е70,23,55.699615,37.8274854
е70,24,55.6997688,37.8275234
е70,25,55.6998867,37.8275116
е70,26,55.6999931,37.8274426
е70,27,55.700083,37.8273199
е70,28,55.7003913,37.8267788
е70,29,55.7017473,37.8245337
е70,30,55.7018881,37.8243005
е70,31,55.7021065,37.8239035
е70,32,55.7022935,37.8235902
е70,33,55.7023815,37.8234427
е70,34,55.7026557,37.823012
е70,35,55.7026947,37.8229484
е70,36,55.7028384,37.8227155
е70,37,55.7029227,37.8225906
е70,38,55.7034871,37.821663
е70,39,55.7037841,37.8211775
е70,40,55.7038632,37.8210444
е70,41,55.7042179,37.820448
е70,42,55.7044257,37.8200711
е70,43,55.7046113,37.8196744
е70,44,55.7047049,37.8194841
е70,45,55.7047264,37.8194315
е70,46,55.7049055,37.8191176
е70,47,55.7051386,37.8185574
е70,48,55.70534,37.8180166
е70,49,55.7054991,37.8177222
е70,50,55.705547,37.8176384
е70,51,55.7055667,37.8176149
е70,52,55.7055999,37.8175834
е70,53,55.7056906,37.8175472
е70,54,55.70581,37.8175047
е70,55,55.7061649,37.8176756
е70,56,55.7062407,37.8177121
е70,57,55.706342,37.8177497
е70,58,55.7065785,37.8177725
е70,59,55.7070387,37.8179159
е70,60,55.7072363,37.8179783
е70,61,55.7076082,37.8180958
е70,62,55.7078221,37.8181578
е70,63,55.7080709,37.8182278
е70,64,55.7081406,37.8182474
е70,65,55.7081932,37.8182624
е70,66,55.7082256,37.8182716
е70,67,55.7085322,37.8183589
е70,68,55.7089749,37.8184926
е70,69,55.7098301,37.818751
е70,70,55.7101612,37.818851
е70,71,55.7102435,37.818876
е70,72,55.7105023,37.8189598
е70,73,55.7106379,37.8189956
е70,74,55.7107423,37.8190382
е70,75,55.7108956,37.8190935
е70,76,55.7110225,37.8191642
е70,77,55.7111401,37.8192357
е70,78,55.7111893,37.819277
е70,79,55.7112773,37.819353
е70,80,55.7113827,37.8194403
е70,81,55.7114891,37.8195339
е70,82,55.7116061,37.8196269
е70,83,55.7119175,37.8183714
е70,84,55.7119839,37.8180716
е70,85,55.7122548,37.8168487
е70,86,55.7126516,37.8152863
е70,87,55.71268,37.815179
е70,88,55.7127884,37.8147673
е70,89,55.7130362,37.8137612
е70,90,55.7132521,37.8127709
е70,91,55.7136214,37.8109198
е70,92,55.7137321,37.8104958
е70,93,55.7140619,37.8092321
е70,94,55.7149842,37.8056537
е70,95,55.7152382,37.8046658
е70,96,55.7155849,37.8033173
е70,97,55.7158611,37.8021241
е70,98,55.7160732,37.8010528
е70,99,55.7162943,37.7997543
е70,100,55.7163062,37.7996842
е70,101,55.7165025,37.7983428
е70,102,55.7165555,37.7979971
е70,103,55.7167873,37.7965978
е70,104,55.7168357,37.7963146
е70,105,55.7168551,37.7961909
е70,106,55.7168654,37.7961262
е70,107,55.7169844,37.7953644
е70,108,55.7170345,37.7950433
е70,109,55.7171534,37.7942817
е70,110,55.7173072,37.7933389
е70,111,55.7176358,37.7913248
е70,112,55.7180546,37.788758
е70,113,55.718254,37.7875355
е70,114,55.7184283,37.7864674
е70,115,55.7186005,37.7854122
е70,116,55.7187316,37.7846084
е70,117,55.7189579,37.7832444
е70,118,55.7191061,37.7824243
е70,119,55.719258,37.7817424
е70,120,55.719443,37.7809262
е70,121,55.7195693,37.7803555
е70,122,55.7197949,37.7794439
е70,123,55.719817,37.7793662
е70,124,55.720014,37.7786731
е70,125,55.7201119,37.7783286
е70,126,55.7204959,37.7770875
е70,127,55.7212103,37.7749809
е70,128,55.7223989,37.7714759
е70,129,55.7230202,37.7696438
е70,130,55.7231131,37.7693565
е70,131,55.724325,37.7658024
е70,132,55.725358,37.7628576
е70,133,55.7255846,37.7621851
е70,134,55.7260144,37.7609096
е70,135,55.7262023,37.7603521
е70,136,55.72656,37.7592555
е70,137,55.7266546,37.7589936
е70,138,55.7268503,37.7584405
е70,139,55.7278864,37.7551139
е70,140,55.7287202,37.7522644
е70,141,55.7289524,37.7513732
е70,142,55.7290405,37.7510452
е70,143,55.7291476,37.7506247
е70,144,55.72935,37.7497208
е70,145,55.729498,37.7489188
е70,146,55.7295982,37.7483657
е70,147,55.729779,37.7473363
е70,148,55.7299088,37.7465183
е70,149,55.7300655,37.7455712
е70,150,55.7301445,37.745094
е70,151,55.7304194,37.7434793
е70,152,55.7305708,37.7425872
е70,153,55.7306429,37.7421623
е70,154,55.730886,37.740714
е70,155,55.7310399,37.7397746
е70,156,55.7311654,37.7390081
е70,157,55.7313255,37.7380264
е70,158,55.7314116,37.7373987
е70,159,55.731432,37.737216
е70,160,55.7314741,37.73663
е70,161,55.7314901,37.7360254
е70,162,55.7314916,37.7353549
е70,163,55.7314856,37.7348506
е70,164,55.7314672,37.7344581
е70,165,55.7314524,37.7342122
е70,166,55.7314179,37.7337885
е70,167,55.7313826,37.7333999
е70,168,55.7313095,37.7326504
е70,169,55.731256,37.73211
е70,170,55.7310794,37.7299296
е70,171,55.730909,37.7277052
е70,172,55.7308828,37.727182
е70,173,55.7308702,37.7269608
е70,174,55.7308481,37.7265734
е70,175,55.7308225,37.7260708
е70,176,55.7308069,37.725691
е70,177,55.730809,37.7253637
е70,178,55.7308322,37.7249609
е70,179,55.7309028,37.7243462
е70,180,55.7310583,37.7230248
е70,181,55.7310623,37.7229917
е70,182,55.7311058,37.7226517
е70,183,55.7311956,37.7219734
е70,184,55.7313708,37.7207556
е70,185,55.7314123,37.7205009
е70,186,55.7314938,37.7200001
е70,187,55.7316389,37.7191588
е70,188,55.7316664,37.7189936
е70,189,55.731768,37.7184677
е70,190,55.7318919,37.717891
е70,191,55.7320399,37.7172956
е70,192,55.7321818,37.716727
е70,193,55.7323007,37.7162795
е70,194,55.732523,37.7154477
е70,195,55.7326912,37.7148149
е70,196,55.7327275,37.714683
е70,197,55.7333708,37.7122835
е70,198,55.7334241,37.7120805
е70,199,55.7338151,37.710613
е70,200,55.7343414,37.7086374
е70,201,55.7345545,37.707778
е70,202,55.7347302,37.7070478
е70,203,55.7348229,37.7066684
е70,204,55.735138,37.7053784
е70,205,55.7354136,37.7042547
е70,206,55.7358219,37.7028355
е70,207,55.7359865,37.7022079
е70,208,55.7361437,37.701505
е70,209,55.736248,37.7009149
е70,210,55.7363825,37.7000239
е70,211,55.7364637,37.6994372
е70,212,55.7365304,37.6989346
е70,213,55.7365469,37.6988098
е70,214,55.7366066,37.698256
е70,215,55.7366803,37.697397
е70,216,55.7367228,37.6968728
е70,217,55.7368281,37.6958391
е70,218,55.7368812,37.6952765
е70,219,55.7369946,37.6940589
е70,220,55.7371496,37.6924105
е70,221,55.7373495,37.6902836
е70,222,55.7374502,37.6891441
е70,223,55.7374753,37.6888874
е70,224,55.737571,37.6878576
е70,225,55.7376153,37.6874097
е70,226,55.7377433,37.6860511
е70,227,55.7379186,37.6841662
е70,228,55.7379363,37.6840147
е70,229,55.7380102,37.6833548
е70,230,55.7381094,37.6824695
е70,231,55.7382813,37.6809823
е70,232,55.7384953,37.6791358
е70,233,55.7385346,37.6787845
е70,234,55.7388669,37.6758688
е70,235,55.7390708,37.6740587
е70,236,55.7390838,37.6739573
е70,237,55.7390982,37.673648
е70,238,55.7391107,37.6733197
е70,239,55.7391077,37.6732142
е70,240,55.7391004,37.6731408
е70,241,55.7390966,37.6730742
е70,242,55.7391028,37.6729797
е70,243,55.7391142,37.672808
е70,244,55.7391416,37.6723936
е70,245,55.7391694,37.6719749
е70,246,55.73919,37.6716638
е70,247,55.7392215,37.6711877
е70,248,55.7392543,37.6706927
е70,249,55.7392614,37.6705852
е70,250,55.7393051,37.6699245
е70,251,55.7394058,37.6684036
е70,252,55.7394194,37.6681982
е70,253,55.7394501,37.6677343
е70,254,55.7394582,37.6676119
е70,255,55.7394808,37.6672703
е70,256,55.739506,37.6668901
е70,257,55.7395265,37.6665817
е70,258,55.7396141,37.665367
е70,259,55.7396274,37.6651508
е70,260,55.7396478,37.664902
е70,261,55.7396589,37.6647867
е70,262,55.7396773,37.6646437
е70,263,55.7396963,37.6645288
е70,264,55.7398394,37.6636892
е70,265,55.7400816,37.6625538
е70,266,55.740112,37.6623649
е70,267,55.7402305,37.6618027
е70,268,55.740276,37.6615619
е70,269,55.740308,37.6614016
е70,270,55.7403713,37.6611141
е70,271,55.7403936,37.6610216
е70,272,55.7404251,37.6608783
е70,273,55.7405419,37.660446
е70,274,55.7406126,37.6601489
е70,275,55.7406418,37.660026
е70,276,55.7409187,37.6588315
е70,277,55.7409568,37.6586459
е70,278,55.7409644,37.6586088
е70,279,55.741025,37.6583128
е70,280,55.741151,37.6576981
е70,281,55.7412488,37.6572357
е70,282,55.7413618,37.6567013
е70,283,55.7414748,37.6563716
е70,284,55.7414928,37.6562753
е70,285,55.7415109,37.6561785
е70,286,55.7415998,37.655722
е70,287,55.7416683,37.6553701
е70,288,55.741703,37.6551886
е70,289,55.7417317,37.6550252
е70,290,55.7417941,37.6549529
е70,291,55.7419381,37.6547973
е70,292,55.742053,37.6547069
е70,293,55.7421637,37.6546513
е70,294,55.7422576,37.6545836
е70,295,55.7423173,37.6545194
е70,296,55.7423732,37.6544191
е70,297,55.7424606,37.6542071
е70,298,55.742475,37.654171
е70,299,55.7424871,37.654142
е70,300,55.7425793,37.6538818
е70,301,55.7430067,37.6528753
е70,302,55.7430453,37.6527768
е70,303,55.7431161,37.6525964
е70,304,55.7431417,37.6525311
е70,305,55.7432655,37.6522131
е70,306,55.7433328,37.6520315
е70,307,55.7433734,37.651906
е70,308,55.7434097,37.6517759
е70,309,55.7434682,37.651568
е70,310,55.7434742,37.6515532
е70,311,55.7437865,37.6507798
е70,312,55.744063,37.6501132
е70,313,55.7441875,37.6498181
е70,314,55.7441898,37.6498129
е70,315,55.7442172,37.6497491
е70,316,55.744421,37.6492938
е70,317,55.7444879,37.6491481
е70,318,55.7445309,37.6490693
е70,319,55.7445433,37.6490504
е70,320,55.7445793,37.6489991
е70,321,55.7446199,37.6489539
е70,322,55.7446793,37.6489105
е70,323,55.7447432,37.6488729
е70,324,55.7448599,37.6488249
е70,325,55.7449091,37.6488058
е70,326,55.7449972,37.6487714
е70,327,55.7450761,37.6487408
е70,328,55.745091,37.6487348
е70,329,55.7452054,37.6486888
е70,330,55.7452706,37.6486635
е70,331,55.7453299,37.6486401
е70,332,55.7454392,37.6485937
е70,333,55.7455818,37.6485331
е70,334,55.7457534,37.6484436
е70,335,55.7458653,37.6483682
е70,336,55.7458861,37.6483527
е70,337,55.7460518,37.6482095
е70,338,55.7461733,37.6480898
е70,339,55.7463354,37.6479251
е70,340,55.746626,37.6476226
е70,341,55.7469335,37.6473036
е70,342,55.7473101,37.6469115
е70,343,55.7477171,37.6464911
е70,344,55.7477884,37.646426
е70,345,55.7478784,37.6463551
е70,346,55.7479897,37.6462421
е70,347,55.7480306,37.6461932
е70,348,55.7480523,37.6461635
е70,349,55.7481964,37.6459607
е70,350,55.7483102,37.6458375
е70,351,55.7483719,37.6457704
е70,352,55.7484662,37.6456679
е70,353,55.7485953,37.6455117
е70,354,55.7486864,37.6453991
е70,355,55.7487027,37.645379
е70,356,55.7488853,37.6451221
е70,357,55.7489538,37.6450356
е70,358,55.7490489,37.6449363
е70,359,55.7491467,37.6448425
е70,360,55.7492427,37.6447505
е70,361,55.7494243,37.6445179
е70,362,55.7495996,37.6442667
е70,363,55.7497479,37.6440096
е70,364,55.7498768,37.6437494
е70,365,55.7500636,37.6433377
е70,366,55.7501787,37.6431112
е70,367,55.7502176,37.6430346
е70,368,55.7502836,37.6429045
е70,369,55.7504197,37.6426633
е70,370,55.7504654,37.6425952
е70,371,55.7504769,37.6425782
е70,372,55.7504872,37.6425628
е70,373,55.7505312,37.6424973
е70,374,55.7506237,37.6423192
е70,375,55.7506618,37.6422534
е70,376,55.7507015,37.6421905
е70,377,55.7509458,37.6418695
е70,378,55.7509752,37.6418309
е70,379,55.7511749,37.6415694
е70,380,55.7512713,37.6414432
е70,381,55.7516294,37.6409843
е70,382,55.7518089,37.6407545
е70,383,55.7518334,37.640723
е70,384,55.7520741,37.6404144
е70,385,55.7521414,37.640328
е70,386,55.7523884,37.6400142
е70,387,55.7528437,37.6394363
е70,388,55.7529584,37.6392906
е70,389,55.7530096,37.6392254
е70,390,55.7531697,37.6388961
е70,391,55.7532242,37.6387203
е70,392,55.7533269,37.6384152
е70,393,55.7533777,37.6382643
е70,394,55.7535072,37.6378848
е70,395,55.7535419,37.6377942
е70,396,55.7535776,37.63772
е70,397,55.7536238,37.6376393
е70,398,55.7538808,37.6373003
е70,399,55.7541005,37.6370234
е70,400,55.7542043,37.6369656
е70,401,55.7541557,37.636756
е70,402,55.7539003,37.6356382
е70,403,55.7538922,37.635596
е70,404,55.7538309,37.6353028
е70,405,55.7538141,37.6351183
е70,406,55.753826,37.6349987
е70,407,55.7538622,37.6348525
е70,408,55.7539468,37.6347342
е70,409,55.7540833,37.6346455
е70,410,55.7541123,37.634625
е70,411,55.7540879,37.6344894
е70,412,55.7540403,37.6342289
е70,413,55.7540221,37.6341398
м6,1,55.7384304,37.7168359
м6,2,55.738417,37.7170186
м6,3,55.7384005,37.7172483
м6,4,55.7383623,37.717805
м6,5,55.7383578,37.7178699
м6,6,55.7383246,37.7183529
м6,7,55.7383148,37.7184963
м6,8,55.7381857,37.7203713
м6,9,55.7381772,37.7204946
м6,10,55.7381551,37.7204965
м6,11,55.7381344,37.7205103
м6,12,55.7381171,37.7205347
м6,13,55.7381049,37.7205673
м6,14,55.7380988,37.720605
м6,15,55.7380995,37.7206439
м6,16,55.7381068,37.7206805
м6,17,55.73812,37.7207115
м6,18,55.7381379,37.7207339
м6,19,55.7381588,37.7207456
м6,20,55.7381819,37.7207452
м6,21,55.7382037,37.7207316
м6,22,55.7382219,37.7207064
м6,23,55.7382346,37.7206721
м6,24,55.7382405,37.7206324
м6,25,55.7383508,37.7206527
м6,26,55.7383989,37.7206616
м6,27,55.7384393,37.7206693
м6,28,55.7384919,37.7206794
м6,29,55.7386496,37.7207124
м6,30,55.739274,37.7208281
м6,31,55.7392885,37.7208309
м6,32,55.7393752,37.720847
м6,33,55.7394502,37.720861
м6,34,55.739524,37.7208753
м6,35,55.7395543,37.7208808
м6,36,55.7397004,37.7209076
м6,37,55.7399815,37.720959
м6,38,55.7401411,37.7209882
м6,39,55.74039,37.7210363
м6,40,55.7408891,37.7211346
м6,41,55.7410865,37.7211722
м6,42,55.7411743,37.7211892
м6,43,55.74122,37.7211931
м6,44,55.741569,37.7212749
м6,45,55.7419755,37.7213635
м6,46,55.7420952,37.7213994
м6,47,55.7421775,37.7214171
м6,48,55.7422468,37.7214391
м6,49,55.7423619,37.7214731
м6,50,55.7426129,37.7215352
м6,51,55.7431847,37.7216328
м6,52,55.7437786,37.7217441
м6,53,55.7440624,37.7217648
м6,54,55.7441999,37.7217772
м6,55,55.7443375,37.7217622
м6,56,55.7444756,37.7217022
м6,57,55.7444998,37.7216867
м6,58,55.7446201,37.721611
м6,59,55.7446913,37.7215644
м6,60,55.7447559,37.7215238
м6,61,55.7448417,37.7214686
м6,62,55.7449351,37.7214089
м6,63,55.7452002,37.7212398
м6,64,55.7452987,37.721177
м6,65,55.745377,37.721127
м6,66,55.7455115,37.7210411
м6,67,55.7455633,37.7210081
м6,68,55.7456308,37.7209624
м6,69,55.7459126,37.7207856
м6,70,55.745972,37.7207483
м6,71,55.7460383,37.720706
м6,72,55.7467812,37.7202317
м6,73,55.7470877,37.7200323
м6,74,55.747184,37.7199721
м6,75,55.7475219,37.7197607
м6,76,55.7480135,37.719453
м6,77,55.7481736,37.7193529
м6,78,55.7482517,37.719304
м6,79,55.7484952,37.7191512
м6,80,55.7491432,37.7187446
м6,81,55.749544,37.718493
м6,82,55.749627,37.7184409
м6,83,55.749693,37.7183989
м6,84,55.7500774,37.7181544
м6,85,55.750472,37.7178996
м6,86,55.7506176,37.7178053
м6,87,55.75068,37.7177653
м6,88,55.7507641,37.7177081
м6,89,55.7508726,37.7176339
м6,90,55.7511115,37.7174878
м6,91,55.7514135,37.7172962
м6,92,55.7515104,37.7172387
м6,93,55.7516134,37.7171762
м6,94,55.7513305,37.715718
м6,95,55.75107,37.7143751
м6,96,55.751011,37.7140707
м6,97,55.7509297,37.7136515
м6,98,55.7508505,37.713227
м6,99,55.7507986,37.7129456
м6,100,55.7503565,37.7107453
м6,101,55.7503097,37.7105135
м6,102,55.7494317,37.7060682
м6,103,55.7493058,37.7054234
м6,104,55.7489816,37.7037627
м6,105,55.7489247,37.7034715
м6,106,55.7486712,37.7021729
м6,107,55.748607,37.7018442
м6,108,55.7485227,37.7014124
м6,109,55.7482028,37.699795
м6,110,55.7480852,37.6990917
м6,111,55.7480415,37.6987615
м6,112,55.7479977,37.6983031
м6,113,55.7479645,37.6979099
м6,114,55.747806,37.6957532
м6,115,55.7477463,37.6949084
м6,116,55.7477139,37.6944913
м6,117,55.7476747,37.693972
м6,118,55.7475965,37.692985
м6,119,55.7474462,37.6910775
м6,120,55.7473351,37.689916
м6,121,55.7472784,37.68906
м6,122,55.7472521,37.6886623
м6,123,55.7470796,37.6860585
м6,124,55.7470299,37.6853091
м6,125,55.7467279,37.6814726
м6,126,55.7467151,37.6813073
м6,127,55.7467074,37.681208
м6,128,55.7466982,37.6810849
м6,129,55.7466751,37.6807736
м6,130,55.7466647,37.6805352
м6,131,55.74666,37.6803443
м6,132,55.7466613,37.6802631
м6,133,55.7466623,37.6802055
м6,134,55.7466644,37.6800558
м6,135,55.7466688,37.6798797
м6,136,55.7466723,37.6797942
м6,137,55.7466874,37.6794577
м6,138,55.7466899,37.6794263
м6,139,55.7467137,37.6791671
м6,140,55.7467954,37.6782782
м6,141,55.7468377,37.677812
м6,142,55.7468761,37.6773665
м6,143,55.7469769,37.6761953
м6,144,55.7469936,37.6759277
м6,145,55.7470008,37.6758226
м6,146,55.7470058,37.6756361
м6,147,55.7470076,37.6754995
м6,148,55.7470094,37.6753689
м6,149,55.7470098,37.6753004
м6,150,55.7469987,37.6748988
м6,151,55.7469621,37.6742303
м6,152,55.7469024,37.6733508
м6,153,55.7468824,37.6730571
м6,154,55.7468571,37.6726858
м6,155,55.7468065,37.6719441
м6,156,55.7467549,37.6711388
м6,157,55.7467253,37.6706651
м6,158,55.7467189,37.6705309
м6,159,55.7467146,37.6704382
м6,160,55.7467062,37.6702615
м6,161,55.7466975,37.6701937
м6,162,55.7466915,37.6701459
м6,163,55.7466852,37.6700885
м6,164,55.7466575,37.6698037
м6,165,55.7466099,37.6695081
м6,166,55.7465786,37.66935
м6,167,55.7465277,37.6691695
м6,168,55.7464363,37.6688451
м6,169,55.7464195,37.6687854
м6,170,55.746382,37.6685833
м6,171,55.746376,37.6684204
м6,172,55.7463899,37.6682953
м6,173,55.7464343,37.6681242
м6,174,55.7464751,37.6679498
м6,175,55.7464854,37.6678933
м6,176,55.7464942,37.6677608
м6,177,55.7465085,37.6673234
м6,178,55.7465102,37.6673065
м6,179,55.7465157,37.6672549
м6,180,55.7465211,37.6672072
м6,181,55.7465527,37.6669309
м6,182,55.7465899,37.6666081
м6,183,55.7466088,37.6664483
м6,184,55.7466689,37.6659424
м6,185,55.7467257,37.6654638
м6,186,55.7467473,37.6652827
м6,187,55.7467573,37.6651977
м6,188,55.7467868,37.6649492
м6,189,55.7468323,37.6645694
м6,190,55.7468437,37.6644738
м6,191,55.7468725,37.6642163
м6,192,55.7468848,37.6641063
м6,193,55.7469416,37.6635919
м6,194,55.7469678,37.663332
м6,195,55.7470181,37.662832
м6,196,55.7470561,37.662429
м6,197,55.7470637,37.6623476
м6,198,55.747069,37.6622773
м6,199,55.7470779,37.6621579
м6,200,55.7470889,37.6620138
м6,201,55.7471226,37.6615709
м6,202,55.7471511,37.6611513
м6,203,55.7471764,37.6607899
м6,204,55.7472073,37.660388
м6,205,55.7472126,37.6603019
м6,206,55.7472248,37.6601042
м6,207,55.7472435,37.6596715
м6,208,55.7472458,37.6596015
м6,209,55.7472511,37.6593712
м6,210,55.7472508,37.6592116
м6,211,55.7472503,37.6591704
м6,212,55.7472479,37.658994
м6,213,55.7472288,37.6583791
м6,214,55.7472218,37.658153
м6,215,55.7472121,37.6578691
м6,216,55.7471993,37.6574904
м6,217,55.7471834,37.6571337
м6,218,55.7471727,37.6568728
м6,219,55.7471553,37.6565883
м6,220,55.7471413,37.6563845
м6,221,55.7471092,37.6560667
м6,222,55.747091,37.6558981
м6,223,55.7470728,37.6557296
м6,224,55.7470535,37.6555216
м6,225,55.7470431,37.6553519
м6,226,55.7470427,37.6552306
м6,227,55.7470502,37.6550744
м6,228,55.7470559,37.6550083
м6,229,55.7471164,37.6544226
м6,230,55.7471279,37.6543192
м6,231,55.7471581,37.6540664
м6,232,55.7472213,37.6535032
м6,233,55.7472528,37.6532416
м6,234,55.7472762,37.653032
м6,235,55.747385,37.6521055
м6,236,55.747392,37.652046
м6,237,55.7474357,37.651675
м6,238,55.7474579,37.6515114
м6,239,55.7474817,37.651337
м6,240,55.7475087,37.6511494
м6,241,55.7475921,37.6506133
м6,242,55.7476436,37.6503402
м6,243,55.7476531,37.6502895
м6,244,55.7477323,37.6498862
м6,245,55.7477439,37.6498266
м6,246,55.7477647,37.6497282
м6,247,55.7479028,37.6490744
м6,248,55.7479257,37.6489695
м6,249,55.7479673,37.6487792
м6,250,55.7480012,37.6486242
м6,251,55.7481263,37.6480356
м6,252,55.7482567,37.6473788
м6,253,55.7482925,37.6471992
м6,254,55.748311,37.64709
м6,255,55.7482341,37.6470234
м6,256,55.7481515,37.6469224
м6,257,55.7480135,37.6467507
м6,258,55.7479054,37.646592
м6,259,55.7478543,37.6465002
м6,260,55.74785,37.6464374
м6,261,55.7478784,37.6463551
м6,262,55.7479897,37.6462421
м6,263,55.7480306,37.6461932
м6,264,55.7480523,37.6461635
м6,265,55.7481964,37.6459607
м6,266,55.7483102,37.6458375
м6,267,55.7483719,37.6457704
м6,268,55.7484662,37.6456679
м6,269,55.7485953,37.6455117
м6,270,55.7486864,37.6453991
м6,271,55.7487027,37.645379
м6,272,55.7488853,37.6451221
м6,273,55.7489538,37.6450356
м6,274,55.7490489,37.6449363
м6,275,55.7491467,37.6448425
м6,276,55.7492427,37.6447505
м6,277,55.7494243,37.6445179
м6,278,55.7495996,37.6442667
м6,279,55.7497479,37.6440096
м6,280,55.7498768,37.6437494
м6,281,55.7500636,37.6433377
м6,282,55.7501787,37.6431112
м6,283,55.7502176,37.6430346
м6,284,55.7502836,37.6429045
м6,285,55.7504197,37.6426633
м6,286,55.7504654,37.6425952
м6,287,55.7504769,37.6425782
м6,288,55.7504872,37.6425628
м6,289,55.7505312,37.6424973
м6,290,55.7506237,37.6423192
м6,291,55.7506618,37.6422534
м6,292,55.7507015,37.6421905
м6,293,55.7509458,37.6418695
м6,294,55.7509752,37.6418309
м6,295,55.7511749,37.6415694
м6,296,55.7512713,37.6414432
м6,297,55.7516294,37.6409843
м6,298,55.7518089,37.6407545
м6,299,55.7518334,37.640723
м6,300,55.7520741,37.6404144
м6,301,55.7521414,37.640328
м6,302,55.7523884,37.6400142
м6,303,55.7528437,37.6394363
м6,304,55.7529584,37.6392906
м6,305,55.7530096,37.6392254
м6,306,55.7531697,37.6388961
м6,307,55.7532242,37.6387203
м6,308,55.7533269,37.6384152
м6,309,55.7533777,37.6382643
м6,310,55.7535072,37.6378848
м6,311,55.7535419,37.6377942
м6,312,55.7535776,37.63772
м6,313,55.7536238,37.6376393
м6,314,55.7538808,37.6373003
м6,315,55.7541005,37.6370234
м6,316,55.7542043,37.6369656
м6,317,55.7541557,37.636756
м6,318,55.7539003,37.6356382
м6,319,55.7538922,37.635596
м6,320,55.7538309,37.6353028
м6,321,55.7538141,37.6351183
м6,322,55.753826,37.6349987
м6,323,55.7538622,37.6348525
м6,324,55.7539468,37.6347342
м6,325,55.7540833,37.6346455
м6,326,55.7541123,37.634625
м6,327,55.7542713,37.6345153
м6,328,55.7543151,37.6344864
м6,329,55.7544339,37.6345804
м6,330,55.7544688,37.6345566
м6,331,55.7546948,37.6344022
м6,332,55.7548619,37.6342916
м6,333,55.7549866,37.6341786
м6,334,55.7550788,37.6340854
м6,335,55.7551657,37.6339842
м6,336,55.7554836,37.6335952
м6,337,55.7557574,37.6332607
м6,338,55.7559984,37.6329504
м6,339,55.756095,37.6328276
м6,340,55.7563739,37.6324445
м6,341,55.7564746,37.6323282
м6,342,55.756703,37.6320642
м6,343,55.7568761,37.6318529
м6,344,55.7570123,37.6316808
м6,345,55.7570484,37.6316351
м6,346,55.7571629,37.6314869
м6,347,55.7572653,37.6313541
м6,348,55.7573018,37.6312802
м6,349,55.7573428,37.6312037
м6,350,55.757477,37.6309482
м6,351,55.7576108,37.6306618
м6,352,55.7576392,37.6306142
м6,353,55.7579356,37.6301168
м6,354,55.7581491,37.6298059
м6,355,55.7582182,37.629715
м6,356,55.7584351,37.6294169
м6,357,55.7587911,37.6289303
м6,358,55.7588201,37.6288885
м6,359,55.7589141,37.6287503
м6,360,55.7590708,37.6285173
м6,361,55.7594166,37.6280175
м6,362,55.759523,37.6278676
м6,363,55.7597289,37.6277085
м6,364,55.76007,37.6272981
м6,365,55.7601197,37.6272251
м6,366,55.7602398,37.6270379
м6,367,55.7603379,37.6268783
м6,368,55.760454,37.6266878
м6,369,55.7604948,37.626559
м6,370,55.7603987,37.6264773
м6,371,55.7603577,37.6264424
м6,372,55.7602109,37.6263128
м6,373,55.7600902,37.6262062
м6,374,55.7599891,37.6261169
м6,375,55.7599452,37.6260781
м6,376,55.7599009,37.6260341
м6,377,55.7598613,37.6259845
м6,378,55.7598285,37.6259266
м6,379,55.7598002,37.6258618
м6,380,55.7597809,37.625794
м6,381,55.7597634,37.6256937
м6,382,55.759753,37.6256177
м6,383,55.7596964,37.6251805
м6,384,55.7594995,37.6237166
м6,385,55.7594659,37.6234652
м6,386,55.7593579,37.6227357
м6,387,55.7593259,37.6225197
м6,388,55.7592144,37.621719
м6,389,55.7591999,37.6216145
м6,390,55.7591821,37.6214044
м6,391,55.7591697,37.6212591
м6,392,55.759039,37.6204729
м6,393,55.7590007,37.6202144
м6,394,55.7589845,37.6199957
м6,395,55.7589731,37.6198081
м6,396,55.7588678,37.6191652
м6,397,55.7587703,37.6186167
м6,398,55.758723,37.6183547
м6,399,55.7586721,37.6180894
м6,400,55.7586083,37.6178533
м6,401,55.758557,37.6177132
м6,402,55.7585053,37.6176099
м6,403,55.7584032,37.6174541
м6,404,55.758212,37.617158
м6,405,55.7581035,37.616993
м6,406,55.7575262,37.616073
м6,407,55.7571124,37.6153811
м6,408,55.7569923,37.6150498
м6,409,55.7569514,37.6149501
м6,410,55.7568004,37.6146579
м6,411,55.7565723,37.6143141
м6,412,55.7564079,37.6140921
м6,413,55.7563526,37.6140222
м6,414,55.7562055,37.6138327
м6,415,55.7559043,37.6134859
м6,416,55.7555854,37.6131188
м6,417,55.7553283,37.6128355
м6,418,55.7550984,37.612594
м6,419,55.7549033,37.6123892
м6,420,55.754815,37.6122965
м6,421,55.7545999,37.6120935
м6,422,55.754345,37.6119099
м6,423,55.754263,37.611862
м6,424,55.7538827,37.6116804
м6,425,55.7530419,37.6112571
м6,426,55.7525928,37.6109936
м6,427,55.7525181,37.6109165
м6,428,55.7524738,37.6108491
м6,429,55.7523852,37.6107207
м6,430,55.7523173,37.6106389
м6,431,55.7522598,37.6106063
м6,432,55.751863,37.6103251
м6,433,55.7514433,37.6100971
м6,434,55.7509339,37.609798
м6,435,55.7508105,37.6097253
м6,436,55.7505814,37.6095901
м6,437,55.7501716,37.6093447
м6,438,55.7496206,37.6090604
м6,439,55.7492613,37.6088311
м6,440,55.7491855,37.6088003
м6,441,55.7491309,37.6087995
м6,442,55.7490207,37.6087789
м6,443,55.7489712,37.6088441
м6,444,55.7489455,37.6088995
м6,445,55.7489119,37.6090218
м6,446,55.7488861,37.6090936
м6,447,55.7488605,37.6091422
м6,448,55.7488249,37.6091731
м6,449,55.7487957,37.6091779
м6,450,55.7487593,37.60917
м6,451,55.7486606,37.6091191
м6,452,55.7482888,37.6086685
м6,453,55.7480686,37.6084059
м6,454,55.7480033,37.608328
м6,455,55.7478581,37.6081419
м6,456,55.7474959,37.6077114
м6,457,55.74741,37.607613
м6,458,55.7470458,37.6071604
м6,459,55.7470312,37.6071426
м6,460,55.7469053,37.6069511
м6,461,55.7468943,37.606936
м6,462,55.746731,37.6066503
м6,463,55.7465594,37.6063445
м6,464,55.7465479,37.6063225
м6,465,55.7464452,37.6060096
м6,466,55.7462122,37.60553
м6,467,55.7460526,37.6052236
м6,468,55.7459054,37.6049465
м6,469,55.7458534,37.604846
м6,470,55.7455052,37.6041767
м6,471,55.7452161,37.6036336
м6,472,55.7449166,37.6030567
м6,473,55.7448541,37.6028664
м6,474,55.7448355,37.602793
м6,475,55.7448201,37.6027216
м6,476,55.7447901,37.6025521
м6,477,55.7447193,37.6021682
м6,478,55.7446765,37.6019361
м6,479,55.7446678,37.6018897
м6,480,55.7446612,37.6018568
м6,481,55.744644,37.6017718
м6,482,55.7446174,37.6016373
м6,483,55.744574,37.6014305
м6,484,55.744559,37.6013584
м6,485,55.7444843,37.6010349
м6,486,55.7444595,37.6009458
м6,487,55.744333,37.6005894
м6,488,55.7443233,37.6005515
м6,489,55.7442667,37.6003479
м6,490,55.7441951,37.6001122
м6,491,55.7441257,37.5999032
м6,492,55.74395,37.5994161
м6,493,55.7438376,37.5991081
м6,494,55.7437914,37.5989779
м6,495,55.7437565,37.5988785
м6,496,55.7432974,37.5976307
м6,497,55.7432622,37.5975497
м6,498,55.743216,37.5974404
м6,499,55.7427908,37.5964191
м6,500,55.7427419,37.5962958
м6,501,55.7426859,37.5961686
м6,502,55.7425042,37.595754
м6,503,55.7424713,37.5956806
м6,504,55.7423031,37.5953056
м6,505,55.7422568,37.5952022
м6,506,55.7422376,37.5951595
м6,507,55.7421262,37.594911
м6,508,55.7419581,37.5945362
м6,509,55.7417623,37.5940728
м6,510,55.7417052,37.5939432
м6,511,55.741583,37.5936746
м6,512,55.7414573,37.5933946
м6,513,55.7412953,37.5930242
м6,514,55.7411536,37.5927029
м6,515,55.7409248,37.5921531
м6,516,55.7408605,37.5919817
м6,517,55.740817,37.5918652
м6,518,55.7407473,37.591662
м6,519,55.7407172,37.5915793
м6,520,55.7406645,37.591424
м6,521,55.7404913,37.5909167
м6,522,55.7402875,37.5903191
м6,523,55.7402385,37.5901847
м6,524,55.7401346,37.5899089
м6,525,55.7400624,37.58972
м6,526,55.7400045,37.5895687
м6,527,55.7398427,37.5891861
м6,528,55.7396738,37.5887879
м6,529,55.7395534,37.5884955
м6,530,55.7394901,37.5883413
м6,531,55.7393276,37.5879452
м6,532,55.739275,37.587817
м6,533,55.739225,37.5876952
м6,534,55.7390852,37.5873561
м6,535,55.7390672,37.5873125
м6,536,55.7387701,37.5865962
м6,537,55.7386422,37.5863192
м6,538,55.7386135,37.5861852
м6,539,55.7385754,37.5860447
м6,540,55.7384867,37.5858425
м6,541,55.7379767,37.5846793
м6,542,55.737877,37.5844606
м6,543,55.7377232,37.5841275
м6,544,55.737519,37.5836702
м6,545,55.7375034,37.5836354
м6,546,55.7374538,37.5835244
м6,547,55.7373463,37.5833052
м6,548,55.7369507,37.5824418
м6,549,55.7368379,37.5821946
м6,550,55.7365999,37.5816757
м6,551,55.7364849,37.581426
м6,552,55.7358235,37.5799856
м6,553,55.7353896,37.5790395
м6,554,55.7352221,37.5786754
м6,555,55.7348322,37.5778092
м6,556,55.7347803,37.577689
м6,557,55.7346391,37.5773789
м6,558,55.7341856,37.5763387
м6,559,55.7338386,37.5755431
м6,560,55.7337509,37.5753446
м6,561,55.7336068,37.575024
м6,562,55.7329789,37.5735855
м6,563,55.7329781,37.5735835
м6,564,55.7327239,37.573002
м6,565,55.7325325,37.5725655
м6,566,55.732272,37.5719662
м6,567,55.7321358,37.5716529
м6,568,55.732005,37.5713521
м6,569,55.7316656,37.5705513
м6,570,55.7314856,37.5701268
м6,571,55.7314364,37.570013
м6,572,55.7314214,37.5699783
м6,573,55.7313006,37.5696992
м6,574,55.7302775,37.5673499
м6,575,55.7302352,37.5672458
м6,576,55.7296947,37.5659914
м6,577,55.7292676,37.5650004
м6,578,55.7291406,37.5647029
м6,579,55.7290853,37.5645741
м6,580,55.7289636,37.5642888
м6,581,55.72872,37.5637181
м6,582,55.7283585,37.5629017
м6,583,55.7279698,37.5619911
м6,584,55.7277992,37.5615913
м6,585,55.727684,37.5613215
м6,586,55.7275214,37.5609406
м6,587,55.7274388,37.5607572
м6,588,55.7273609,37.560608
м6,589,55.727267,37.5604363
м6,590,55.7271419,37.5601811
м6,591,55.7270659,37.5601682
м6,592,55.7269966,37.5601903
м6,593,55.7269452,37.5602474
м6,594,55.7268298,37.5604272
м6,595,55.7267699,37.5605245
м6,596,55.7265068,37.5609573
м6,597,55.726408,37.5611327
м6,598,55.7263119,37.5613133
м6,599,55.7262018,37.5615125
м6,600,55.7258034,37.5622156
м6,601,55.7256145,37.562549
м6,602,55.725284,37.5631258
м6,603,55.7250699,37.5634995
м6,604,55.7250117,37.5636028
м6,605,55.7249361,37.5637344
м6,606,55.7248545,37.5638362
м6,607,55.7247406,37.5639858
м6,608,55.7246434,37.5641141
м6,609,55.7244489,37.564371
м6,610,55.7240383,37.5649133
м6,611,55.7239337,37.5650504
м6,612,55.7239077,37.5650845
м6,613,55.7237645,37.5652737
м6,614,55.7235258,37.5655892
м6,615,55.722888,37.5664322
м6,616,55.7228463,37.5664513
м6,617,55.7227867,37.5664018
м6,618,55.7225975,37.565982
м6,619,55.7224058,37.5655565
м6,620,55.7222089,37.5651196
м6,621,55.7220556,37.5647792
м6,622,55.7219932,37.5646405
м6,623,55.7219478,37.5645434
м6,624,55.7219024,37.5644441
м6,625,55.7217183,37.5640416
м6,626,55.7217078,37.5640185
м6,627,55.7215479,37.5636681
м6,628,55.7214898,37.5635299
м6,629,55.7214351,37.5637281
м6,630,55.7212994,37.5641841
м6,631,55.7211486,37.5646908
м6,632,55.7210287,37.5650939
м6,633,55.7208924,37.565556
м6,634,55.7208283,37.5657787
м6,635,55.7207896,37.5659126
м6,636,55.7207436,37.5658685
м6,637,55.7206176,37.5657425
м6,638,55.7203856,37.5655104
м6,639,55.7202827,37.5653893
м6,640,55.7202342,37.5653093
м6,641,55.7200847,37.5651887
м6,642,55.720057,37.565178
м6,643,55.7200386,37.5651843
м6,644,55.7199841,37.565203
м6,645,55.7198976,37.5652548
м6,646,55.7190565,37.5679777
м6,647,55.7189655,37.5682667
м6,648,55.7187411,37.5689988
м6,649,55.7185137,37.5697348
м6,650,55.7184566,37.5699036
м6,651,55.7184067,37.57006
м6,652,55.7180921,37.5696249
м6,653,55.7176057,37.5689894
м6,654,55.7175858,37.568965
м6,655,55.7173804,37.5684024
м6,656,55.7173153,37.5683152
м6,657,55.7169169,37.5677637
м40,1,55.8930707,37.524191
м40,2,55.8930374,37.5242537
м40,3,55.8929651,37.5243895
м40,4,55.892599,37.5250779
м40,5,55.8924657,37.5253285
м40,6,55.8923683,37.5255117
м40,7,55.8923221,37.5255985
м40,8,55.8913301,37.5274638
м40,9,55.8909569,37.5281653
м40,10,55.8909473,37.5281834
м40,11,55.8908072,37.5284469
м40,12,55.8907691,37.5285477
м40,13,55.8907285,37.5286996
м40,14,55.8908322,37.5288273
м40,15,55.8910159,37.5290595
м40,16,55.891364,37.5294751
м40,17,55.8914586,37.5295864
м40,18,55.8915392,37.5296641
м40,19,55.8916038,37.5297
м40,20,55.8916648,37.52973
м40,21,55.8917367,37.5297366
м40,22,55.8917862,37.5297824
м40,23,55.8918146,37.5298591
м40,24,55.8918268,37.5299429
м40,25,55.8919034,37.5307368
м40,26,55.8919528,37.5312492
м40,27,55.8919819,37.5315229
м40,28,55.8919921,37.5316071
м40,29,55.8920028,37.5316728
м40,30,55.8920179,37.5317278
м40,31,55.8920375,37.5317916
м40,32,55.8920565,37.5318473
м40,33,55.8921633,37.5320571
м40,34,55.892348,37.5323725
м40,35,55.8924663,37.5325746
м40,36,55.8926435,37.5328899
м40,37,55.8927835,37.5331388
м40,38,55.8930836,37.5336724
м40,39,55.8935088,37.5344138
м40,40,55.8935177,37.5344324
м40,41,55.8935423,37.5344816
м40,42,55.89357,37.5345535
м40,43,55.8935905,37.5346272
м40,44,55.8936048,37.5347032
м40,45,55.893615,37.5348106
м40,46,55.8936205,37.5349263
м40,47,55.8936224,37.535016
м40,48,55.8936219,37.5350718
м40,49,55.8936244,37.5357474
м40,50,55.8936228,37.5359916
м40,51,55.8936229,37.5360258
м40,52,55.8936023,37.5361291
м40,53,55.8935853,37.5362091
м40,54,55.8935685,37.5362837
м40,55,55.8935476,37.5363548
м40,56,55.8935227,37.5364218
м40,57,55.8934941,37.5364858
м40,58,55.8934569,37.5365488
м40,59,55.8934194,37.5366145
м40,60,55.8933053,37.536617
м40,61,55.8931998,37.5366199
м40,62,55.8928541,37.5366216
м40,63,55.8927005,37.5366251
м40,64,55.8924448,37.5366308
м40,65,55.8920092,37.5366406
м40,66,55.8919723,37.5366391
м40,67,55.8917234,37.536646
м40,68,55.8906307,37.5366728
м40,69,55.8904187,37.5366717
м40,70,55.8901039,37.5366758
м40,71,55.8898899,37.5366797
м40,72,55.8896159,37.5366847
м40,73,55.889332,37.5366899
м40,74,55.8892212,37.536661
м40,75,55.8890908,37.5365714
м40,76,55.8890223,37.536564
м40,77,55.8886244,37.5365711
м40,78,55.8885557,37.5365708
м40,79,55.8882381,37.5365692
м40,80,55.8880337,37.5365681
м40,81,55.887848,37.5365512
м40,82,55.8876482,37.5364978
м40,83,55.887524,37.536422
м40,84,55.88741,37.5363426
м40,85,55.8873282,37.5362627
м40,86,55.8872791,37.536211
м40,87,55.8872457,37.5361758
м40,88,55.8872244,37.536149
м40,89,55.8871495,37.5360549
м40,90,55.8870613,37.535944
м40,91,55.887006,37.5358711
м40,92,55.8868669,37.5356653
м40,93,55.8866873,37.5353616
м40,94,55.8865606,37.5351058
м40,95,55.8864945,37.5349724
м40,96,55.8864089,37.5347998
м40,97,55.8862779,37.5345278
м40,98,55.8862279,37.5344214
м40,99,55.886187,37.5343203
м40,100,55.8861212,37.534181
м40,101,55.8859838,37.5338902
м40,102,55.8859418,37.5338057
м40,103,55.8858221,37.5335649
м40,104,55.8857599,37.5334484
м40,105,55.8856413,37.5332633
м40,106,55.8855095,37.533088
м40,107,55.8854155,37.5329804
м40,108,55.8852329,37.5328423
м40,109,55.8851229,37.5327902
м40,110,55.8850921,37.5327859
м40,111,55.8849563,37.5327757
м40,112,55.8848691,37.5327769
м40,113,55.8847149,37.5327791
м40,114,55.8844094,37.5327833
м40,115,55.8839859,37.5327749
м40,116,55.8836649,37.5327686
м40,117,55.8835888,37.5327735
м40,118,55.8832753,37.5327832
м40,119,55.883209,37.5327835
м40,120,55.8822319,37.5327878
м40,121,55.8819295,37.532835
м40,122,55.8817817,37.5328581
м40,123,55.8816084,37.5328852
м40,124,55.8812249,37.5329617
м40,125,55.8810946,37.5329815
м40,126,55.8808277,37.5330219
м40,127,55.880729,37.5330369
м40,128,55.8804721,37.5330793
м40,129,55.8803929,37.5330924
м40,130,55.8802272,37.533116
м40,131,55.8798824,37.5331683
м40,132,55.8790406,37.533296
м40,133,55.8789778,37.5333055
м40,134,55.8780659,37.5334618
м40,135,55.8778116,37.5335054
м40,136,55.8767447,37.5336607
м40,137,55.8762523,37.5337324
м40,138,55.8761145,37.5337411
м40,139,55.875988,37.5337657
м40,140,55.8757597,37.5338641
м40,141,55.8755927,37.5339455
м40,142,55.8755451,37.5339687
м40,143,55.8754623,37.534009
м40,144,55.8753079,37.5341007
м40,145,55.8752898,37.5341129
м40,146,55.8750767,37.5342677
м40,147,55.8749918,37.5343372
м40,148,55.8749048,37.5344084
м40,149,55.8748579,37.5344467
м40,150,55.8746648,37.5346288
м40,151,55.8744361,37.5348742
м40,152,55.8743038,37.5350463
м40,153,55.8742273,37.535165
м40,154,55.8741882,37.5352313
м40,155,55.8741124,37.5353559
м40,156,55.8739656,37.5356134
м40,157,55.8739361,37.5356653
м40,158,55.8738448,37.5358475
м40,159,55.8737505,37.5360712
м40,160,55.8737152,37.5361534
м40,161,55.8736755,37.5362551
м40,162,55.8736016,37.5364612
м40,163,55.8735803,37.5365273
м40,164,55.8735737,37.5365477
м40,165,55.8734789,37.5368953
м40,166,55.8734531,37.5370053
м40,167,55.8733911,37.537263
м40,168,55.8733618,37.5374173
м40,169,55.8733353,37.5375904
м40,170,55.8733116,37.5378446
м40,171,55.8732994,37.5380807
м40,172,55.8732864,37.5384199
м40,173,55.8732849,37.5384848
м40,174,55.8732815,37.5386591
м40,175,55.8732768,37.538902
м40,176,55.8732866,37.5392815
м40,177,55.8732958,37.5394378
м40,178,55.8733039,37.5395747
м40,179,55.8733222,37.539849
м40,180,55.8733368,37.5400568
м40,181,55.8733413,37.5401222
м40,182,55.8733648,37.5404727
м40,183,55.8733832,37.5407538
м40,184,55.8733968,37.5409625
м40,185,55.8734126,37.5411853
м40,186,55.8734577,37.5418698
м40,187,55.8734939,37.5423998
м40,188,55.8735016,37.5425127
м40,189,55.8735067,37.5425873
м40,190,55.8735209,37.5427958
м40,191,55.8735361,37.5430179
м40,192,55.8735478,37.5431861
м40,193,55.8735586,37.5433387
м40,194,55.8735655,37.5434357
м40,195,55.8735833,37.5436972
м40,196,55.8736159,37.5441808
м40,197,55.8736214,37.5442618
м40,198,55.8736872,37.5452436
м40,199,55.8737108,37.5455945
м40,200,55.8737188,37.5457164
м40,201,55.8737557,37.5462777
м40,202,55.873781,37.5466796
м40,203,55.8737919,37.5468536
м40,204,55.8737967,37.54693
м40,205,55.873829,37.547398
м40,206,55.8738456,37.5477475
м40,207,55.8738526,37.5480305
м40,208,55.8738499,37.5482278
м40,209,55.8738481,37.5483338
м40,210,55.87384,37.5488148
м40,211,55.8738092,37.5495
м40,212,55.8737832,37.5498852
м40,213,55.8737736,37.5500026
м40,214,55.8736965,37.550706
м40,215,55.8736534,37.5510189
м40,216,55.8736369,37.5511358
м40,217,55.8736116,37.5513147
м40,218,55.8735739,37.5515305
м40,219,55.8735569,37.5516277
м40,220,55.8735111,37.5518446
м40,221,55.8734728,37.5520062
м40,222,55.8733532,37.5523872
м40,223,55.873242,37.5526882
м40,224,55.8731939,37.5528079
м40,225,55.8731347,37.5529552
м40,226,55.8730119,37.553214
м40,227,55.8729099,37.5534099
м40,228,55.8728647,37.5534967
м40,229,55.8728107,37.5535771
м40,230,55.8726638,37.5537836
м40,231,55.8726027,37.5538548
м40,232,55.8724119,37.5540769
м40,233,55.8722578,37.5542137
м40,234,55.8721225,37.5543184
м40,235,55.872052,37.5543703
м40,236,55.8719617,37.5544369
м40,237,55.8717928,37.5545599
м40,238,55.8711848,37.5550492
м40,239,55.871106,37.5551127
м40,240,55.8707934,37.5553544
м40,241,55.8707396,37.5553973
м40,242,55.8703762,37.5556874
м40,243,55.8698187,37.5561165
м40,244,55.8691849,37.5566044
м40,245,55.8688772,37.5568412
м40,246,55.8687431,37.5569444
м40,247,55.8685714,37.5570833
м40,248,55.8684436,37.5571818
м40,249,55.8677118,37.5577484
м40,250,55.8676597,37.5577889
м40,251,55.8674967,37.5579149
м40,252,55.8673076,37.5580611
м40,253,55.8669669,37.5583285
м40,254,55.8668712,37.5584037
м40,255,55.8668098,37.5584519
м40,256,55.8667406,37.5585052
м40,257,55.8655519,37.5594205
м40,258,55.8652491,37.559653
м40,259,55.8651619,37.55972
м40,260,55.865092,37.5597736
м40,261,55.864833,37.5599725
м40,262,55.8646144,37.5601404
м40,263,55.8644908,37.5602386
м40,264,55.8643727,37.5603325
м40,265,55.8642462,37.5604301
м40,266,55.8634981,37.5610073
м40,267,55.8630094,37.5613844
м40,268,55.8628424,37.5615133
м40,269,55.8626903,37.5616269
м40,270,55.862557,37.5617133
м40,271,55.8623422,37.5618407
м40,272,55.8619982,37.562039
м40,273,55.861862,37.5621084
м40,274,55.8616096,37.562237
м40,275,55.8614821,37.5622903
м40,276,55.8610248,37.562449
м40,277,55.8608161,37.5625029
м40,278,55.8606896,37.5625356
м40,279,55.860562,37.5625612
м40,280,55.8604332,37.5625871
м40,281,55.8601525,37.5626261
м40,282,55.8599733,37.562639
м40,283,55.8597634,37.5626542
м40,284,55.8596172,37.5626611
м40,285,55.8594134,37.5626707
м40,286,55.8591186,37.5626574
м40,287,55.8590476,37.5626542
м40,288,55.8586976,37.5626099
м40,289,55.8585117,37.5625817
м40,290,55.8583359,37.5625393
м40,291,55.858072,37.5624633
м40,292,55.8578287,37.562384
м40,293,55.8577736,37.5623649
м40,294,55.8576878,37.5623386
м40,295,55.8577015,37.5621745
м40,296,55.8576583,37.5615631
м40,297,55.8576452,37.5613786
м40,298,55.8576327,37.5612095
м40,299,55.8576039,37.5608194
м40,300,55.8575783,37.5607029
м40,301,55.8575513,37.5606037
м40,302,55.8575027,37.5605005
м40,303,55.8574609,37.5604456
м40,304,55.857373,37.5603299
м40,305,55.8573002,37.5602677
м40,306,55.8572291,37.5602442
м40,307,55.85716,37.5602585
м40,308,55.8571134,37.560321
м40,309,55.8568991,37.5605534
м40,310,55.8565562,37.5608735
м40,311,55.8558217,37.5614869
м40,312,55.8555452,37.5617084
м40,313,55.8551937,37.5619915
м40,314,55.8549058,37.562227
м40,315,55.8546185,37.5624687
м40,316,55.8544459,37.5626228
м40,317,55.8534462,37.5634576
м40,318,55.8524874,37.5643015
м40,319,55.8522402,37.5645131
м40,320,55.852191,37.5645553
м40,321,55.851626,37.5650396
м40,322,55.8510734,37.5655006
м40,323,55.8505706,37.5659162
м40,324,55.8498174,37.5665287
м40,325,55.8495605,37.5667003
м40,326,55.8490132,37.5670195
м40,327,55.8486442,37.5672018
м40,328,55.8468618,37.567904
м40,329,55.845794,37.5683235
м40,330,55.8432649,37.5693288
м40,331,55.8426577,37.5695701
м40,332,55.8417813,37.5698855
м40,333,55.8414985,37.5699982
м40,334,55.8413038,37.570066
м40,335,55.8411091,37.5701338
м40,336,55.8410277,37.5701624
м40,337,55.8407918,37.5702453
м40,338,55.8401868,37.5704579
м40,339,55.8397791,37.5706037
м40,340,55.8394627,37.5707182
м40,341,55.8363292,37.5719436
м40,342,55.8352929,37.5722944
м40,343,55.8349566,37.5724096
м40,344,55.8345795,37.5725081
м40,345,55.8342823,37.5725945
м40,346,55.8340068,37.5726427
м40,347,55.8338941,37.5726627
м40,348,55.8335608,37.572683
м40,349,55.8327711,37.5726909
м40,350,55.8324719,37.5726939
м40,351,55.8322237,37.5727002
м40,352,55.8305181,37.5727276
м40,353,55.8296853,37.5727345
м40,354,55.8292327,37.5727382
м40,355,55.8285698,37.572723
м40,356,55.8281141,37.5727126
м40,357,55.8271066,37.5727209
м40,358,55.826954,37.57272
м40,359,55.8267456,37.5727188
м40,360,55.8262189,37.5727158
м40,361,55.8257909,37.5727287
м40,362,55.8251017,37.5727316
м40,363,55.8246455,37.5727306
м40,364,55.8243863,37.57273
м40,365,55.8240229,37.5727312
м40,366,55.8234367,37.5727663
м40,367,55.823189,37.5727903
м40,368,55.8226346,37.5728808
м40,369,55.8224032,37.5729461
м40,370,55.8221021,37.573034
м40,371,55.8220504,37.5730517
м40,372,55.8216308,37.5731909
м40,373,55.821261,37.5733458
м40,374,55.8210795,37.5734373
м40,375,55.819955,37.5740359
м40,376,55.8190399,37.574545
м40,377,55.8185657,37.5748096
м40,378,55.8180521,37.5750961
м40,379,55.817397,37.5754556
м40,380,55.8149558,37.5767968
м40,381,55.8142659,37.577179
м40,382,55.8136376,37.577527
м40,383,55.8135577,37.5775713
м40,384,55.8132587,37.5777341
м40,385,55.8132097,37.577765
м40,386,55.8130693,37.5778405
м40,387,55.8127634,37.5780188
м40,388,55.8124662,37.5781921
м40,389,55.812186,37.5783465
м40,390,55.8118543,37.5785292
м40,391,55.8115514,37.5786967
м40,392,55.8112226,37.5788915
м40,393,55.8102279,37.5794367
м40,394,55.8100001,37.5795616
м40,395,55.8095984,37.5797842
м40,396,55.8091904,37.5800103
м40,397,55.8084002,37.5804376
м40,398,55.8079268,37.5807224
м40,399,55.8075243,37.5809829
м40,400,55.8073206,37.5811149
м40,401,55.8069535,37.5813327
м40,402,55.8066575,37.5815083
м40,403,55.8064072,37.5816568
м40,404,55.8058857,37.5819971
м40,405,55.8056943,37.5821179
м40,406,55.8056269,37.5821595
м40,407,55.8054788,37.5822284
м40,408,55.8052753,37.5822926
м40,409,55.8046533,37.5824618
м40,410,55.8045801,37.5824816
м40,411,55.8042883,37.5825544
м40,412,55.8039705,37.5826349
м40,413,55.8038348,37.5826693
м40,414,55.803679,37.5827087
м40,415,55.8031217,37.5828499
м40,416,55.8030617,37.5828651
м40,417,55.8029642,37.5828898
м40,418,55.8027343,37.582948
м40,419,55.8023866,37.5830361
м40,420,55.8023034,37.5830573
м40,421,55.8020493,37.5831222
м40,422,55.8020084,37.5831326
м40,423,55.8017655,37.5831945
м40,424,55.801312,37.5833102
м40,425,55.8012308,37.5833268
м40,426,55.8008205,37.5834164
м40,427,55.8006832,37.583444
м40,428,55.8005218,37.5834764
м40,429,55.8002037,37.5835402
м40,430,55.7999921,37.5835743
м40,431,55.7996961,37.583627
м40,432,55.7994892,37.5836636
м40,433,55.7993525,37.5836834
м40,434,55.7989531,37.5837377
м40,435,55.7984241,37.5838098
м40,436,55.7979815,37.5838598
м40,437,55.7973941,37.5839291
м40,438,55.7967701,37.5840027
м40,439,55.7963586,37.5840512
м40,440,55.7962045,37.584069
м40,441,55.795795,37.5841164
м40,442,55.7955739,37.5841418
м40,443,55.7954538,37.5841159
м40,444,55.7953228,37.5840828
м40,445,55.7952035,37.5840713
м40,446,55.7948702,37.5841045
м40,447,55.7948394,37.5841066
м40,448,55.7947669,37.5841427
м40,449,55.7947096,37.5841802
м40,450,55.7946275,37.5842553
м40,451,55.7945031,37.5844257
м40,452,55.7942109,37.5850502
м40,453,55.7935584,37.5861121
м40,454,55.7934774,37.5862438
м40,455,55.7932856,37.5865433
м40,456,55.7930825,37.586858
м40,457,55.7924194,37.5879068
м40,458,55.7923701,37.5879742
м40,459,55.7923203,37.5880413
м40,460,55.7922464,37.5881531
м40,461,55.7920511,37.5884483
м40,462,55.791937,37.5886179
м40,463,55.7918389,37.5887777
м40,464,55.791764,37.5888996
м40,465,55.7916876,37.5890247
м40,466,55.7916403,37.5891007
м40,467,55.7916062,37.5891506
м40,468,55.791562,37.5892035
м40,469,55.7909101,37.5898055
м40,470,55.7908025,37.5899034
м40,471,55.7904188,37.5902526
м40,472,55.7902046,37.5904476
м40,473,55.7901431,37.5905059
м40,474,55.7900397,37.5906051
м40,475,55.790005,37.5906383
м40,476,55.7895909,37.5910693
м40,477,55.7895059,37.5911504
м40,478,55.7893926,37.5912602
м40,479,55.7889855,37.5916548
м40,480,55.7886846,37.5919439
м40,481,55.7886066,37.5920167
м40,482,55.7884767,37.5921413
м40,483,55.7883739,37.5922405
м40,484,55.7883459,37.5922676
м40,485,55.7881795,37.592427
м40,486,55.7880837,37.5925188
м40,487,55.7879999,37.5925991
м40,488,55.7879025,37.5926926
м40,489,55.7876409,37.5929433
м40,490,55.7874963,37.5930831
м40,491,55.7874577,37.5931209
м40,492,55.7874073,37.5931695
м40,493,55.7873617,37.593213
м40,494,55.7872569,37.5933155
м40,495,55.7870669,37.5935013
м40,496,55.7870057,37.5935611
м40,497,55.7867119,37.5938614
м40,498,55.7864532,37.5941258
м40,499,55.7861567,37.5944596
м40,500,55.7861238,37.5944955
м40,501,55.7860762,37.5945475
м40,502,55.7857975,37.5948583
м40,503,55.7856792,37.5949854
м40,504,55.7855621,37.5951103
м40,505,55.7853373,37.5953412
м40,506,55.7847383,37.5959566
м40,507,55.7846356,37.5960621
м40,508,55.7846107,37.5960877
м40,509,55.7844667,37.5962351
м40,510,55.784144,37.5965652
м40,511,55.7840191,37.5966895
м40,512,55.7839936,37.596713
м40,513,55.7839844,37.5967214
м40,514,55.7839689,37.5967357
м40,515,55.7839006,37.5968009
м40,516,55.7838422,37.5968583
м40,517,55.7835385,37.5971468
м40,518,55.7834071,37.5972732
м40,519,55.7832343,37.5974522
м40,520,55.7831847,37.5974974
м40,521,55.7830754,37.5975968
м40,522,55.7830122,37.5976544
м40,523,55.782937,37.5977229
м40,524,55.7828549,37.597793
м40,525,55.7828294,37.5978148
м40,526,55.7826078,37.5980042
м40,527,55.7825865,37.5980224
м40,528,55.7825371,37.5980646
м40,529,55.7822051,37.598351
м40,530,55.7820249,37.5985074
м40,531,55.7819199,37.5985985
м40,532,55.7818823,37.5986293
м40,533,55.7814231,37.599006
м40,534,55.7813785,37.5990426
м40,535,55.781175,37.5992192
м40,536,55.7810404,37.5993361
м40,537,55.7807738,37.5995681
м40,538,55.7806937,37.5996379
м40,539,55.7805723,37.5997436
м40,540,55.7805518,37.5997614
м40,541,55.7804708,37.5998319
м40,542,55.7801754,37.600089
м40,543,55.7801026,37.6001524
м40,544,55.7798007,37.6004054
м40,545,55.7795542,37.600612
м40,546,55.7793796,37.6007621
м40,547,55.7793469,37.6007895
м40,548,55.7789466,37.6011195
м40,549,55.7786683,37.6013407
м40,550,55.7785365,37.6014408
м40,551,55.7782991,37.6016242
м40,552,55.7780903,37.6017715
м40,553,55.777718,37.6020275
м40,554,55.7776568,37.6020696
м40,555,55.7776135,37.602098
м40,556,55.7772334,37.6023477
м40,557,55.7771565,37.6023982
м40,558,55.7771306,37.6024157
м40,559,55.7771055,37.6024315
м40,560,55.7767713,37.6026566
м40,561,55.7767056,37.6026964
м40,562,55.7764077,37.6028842
м40,563,55.7763599,37.6029157
м40,564,55.7762416,37.6029864
м40,565,55.7759995,37.603131
м40,566,55.7759141,37.6031842
м40,567,55.7758585,37.6032135
м40,568,55.7754364,37.6033992
м40,569,55.7753813,37.6034202
м40,570,55.7751216,37.603519
м40,571,55.7750412,37.6035483
м40,572,55.7749261,37.6035893
м40,573,55.7747973,37.6036384
м40,574,55.7747169,37.6036657
м40,575,55.7744035,37.6037776
м40,576,55.7741403,37.6038617
м40,577,55.7740247,37.6038986
м40,578,55.7738689,37.6039484
м40,579,55.7737934,37.6039725
м40,580,55.7737319,37.603997
м40,581,55.7736312,37.6040361
м40,582,55.7735186,37.6040798
м40,583,55.7731239,37.6042291
м40,584,55.7730566,37.6042629
м40,585,55.7729169,37.6043643
м40,586,55.7726554,37.6044205
м40,587,55.7725302,37.6044479
м40,588,55.7723833,37.6044849
м40,589,55.7722371,37.6045289
м40,590,55.7721915,37.6045478
м40,591,55.7721502,37.6045655
м40,592,55.7719875,37.6046358
м40,593,55.771731,37.6047527
м40,594,55.7715727,37.6048185
м40,595,55.7713512,37.6049109
м40,596,55.7713148,37.6049265
м40,597,55.7712005,37.6049754
м40,598,55.7710957,37.6050203
м40,599,55.771051,37.6050391
м40,600,55.7709583,37.6050777
м40,601,55.7709174,37.6050948
м40,602,55.770898,37.6051026
м40,603,55.770734,37.6051686
м40,604,55.7705664,37.605236
м40,605,55.7704547,37.6052809
м40,606,55.7703892,37.6053072
м40,607,55.7703122,37.6053369
м40,608,55.7701205,37.6054106
м40,609,55.7700214,37.6054481
м40,610,55.7697995,37.6055295
м40,611,55.7691057,37.6057799
м40,612,55.7690326,37.6058043
м40,613,55.768761,37.6058885
м40,614,55.7685115,37.605972
м40,615,55.7682817,37.6060469
м40,616,55.7682263,37.6060647
м40,617,55.7677643,37.6062173
м40,618,55.7676937,37.6062406
м40,619,55.7673945,37.6063389
м40,620,55.767136,37.6064238
м40,621,55.7667794,37.6065393
м40,622,55.7667445,37.6065501
м40,623,55.7665651,37.6066064
м40,624,55.7665119,37.6066248
м40,625,55.7664348,37.6066443
м40,626,55.7663841,37.6066642
м40,627,55.7663391,37.6065559
м40,628,55.7663106,37.6064863
м40,629,55.7661711,37.6061661
м40,630,55.765895,37.605551
м40,631,55.7655079,37.6046851
м40,632,55.7653587,37.6044139
м40,633,55.7652721,37.6042748
м40,634,55.7648127,37.6051335
м40,635,55.7647742,37.6052008
м40,636,55.7645712,37.6055673
м40,637,55.764531,37.6056404
м40,638,55.7645225,37.6056555
м40,639,55.7644707,37.6057479
м40,640,55.7643923,37.6058677
м40,641,55.7641903,37.6061252
м40,642,55.7640406,37.6063161
м40,643,55.7631896,37.6074083
м40,644,55.7625141,37.6082285
м40,645,55.7623417,37.6084436
м40,646,55.7618137,37.6090746
м40,647,55.7613935,37.6095423
м40,648,55.7611492,37.6097935
м40,649,55.7604211,37.6105086
м40,650,55.7600093,37.6109333
м40,651,55.7593246,37.6115889
м40,652,55.7592068,37.6117017
м40,653,55.7590588,37.6118494
м40,654,55.7588634,37.6120596
м40,655,55.7587424,37.6122091
м40,656,55.7584833,37.6125156
м40,657,55.7582979,37.6127198
м40,658,55.7579777,37.6130528
м40,659,55.7578674,37.6131919
м40,660,55.7577209,37.6134154
м40,661,55.7576122,37.6136092
м40,662,55.7573597,37.6140893
м40,663,55.7570829,37.6146394
м40,664,55.757076,37.6146542
м40,665,55.7570415,37.6147199
м40,666,55.7569907,37.614821
м40,667,55.7569514,37.6149501
м40,668,55.7569383,37.6150759
м40,669,55.7569277,37.6152127
м40,670,55.7569334,37.6152804
м40,671,55.7569589,37.6153923
м40,672,55.7569762,37.6154263
м40,673,55.7570361,37.6155389
м40,674,55.7570847,37.6156265
м40,675,55.7571498,37.6157473
м40,676,55.757216,37.6158551
м40,677,55.757296,37.6159866
м40,678,55.7574163,37.6161787
м40,679,55.757663,37.6165697
м40,680,55.7578799,37.6169041
м40,681,55.7580294,37.6171346
м40,682,55.7581839,37.6173794
м40,683,55.7583682,37.6177138
м40,684,55.7584476,37.6178969
м40,685,55.7584826,37.6180102
м40,686,55.7585096,37.6181629
м40,687,55.7585617,37.6184398
м40,688,55.7586085,37.6186984
м40,689,55.7586431,37.6188901
м40,690,55.7587253,37.6193518
м40,691,55.7587973,37.6197569
м40,692,55.7588074,37.6198135
м40,693,55.7588197,37.6198822
м40,694,55.7588517,37.6200704
м40,695,55.7588625,37.6201345
м40,696,55.7588974,37.6203419
м40,697,55.7589822,37.6208543
м40,698,55.7589912,37.620909
м40,699,55.7591029,37.6215936
м40,700,55.7591918,37.6221931
м40,701,55.7592224,37.6224277
м40,702,55.7592685,37.6227738
м40,703,55.7593909,37.6237253
м40,704,55.7595345,37.624786
м40,705,55.7596466,37.6252556
м40,706,55.759753,37.6256177
м40,707,55.7597634,37.6256937
м40,708,55.7597809,37.625794
м40,709,55.7598002,37.6258618
м40,710,55.7598285,37.6259266
м40,711,55.7597897,37.6259301
м40,712,55.7597611,37.6259455
м40,713,55.7597115,37.6259731
м40,714,55.7596731,37.6260093
м40,715,55.7595835,37.6261188
м40,716,55.7595406,37.6261883
м40,717,55.759481,37.6262938
м40,718,55.7590663,37.6268596
м40,719,55.7588862,37.6271062
м40,720,55.7584996,37.6276384
м40,721,55.7581288,37.6281527
м40,722,55.7581061,37.6281841
м40,723,55.7566517,37.6301978
м40,724,55.7565441,37.6304052
м40,725,55.7563235,37.6307436
м40,726,55.755656,37.6316859
м40,727,55.7547646,37.6329173
м40,728,55.754646,37.6330469
м40,729,55.7545469,37.6331465
м40,730,55.7544049,37.633274
м40,731,55.7542788,37.6333572
м40,732,55.7541196,37.6334254
м40,733,55.753989,37.633458
м40,734,55.7538894,37.6334678
м40,735,55.7539347,37.6337107
м40,736,55.7540221,37.6341398
м40,737,55.7540403,37.6342289
370,1,55.7759813,37.5845022
370,2,55.7758667,37.5843311
370,3,55.7758304,37.58426
370,4,55.7758176,37.5842324
370,5,55.7757939,37.5841735
370,6,55.7757791,37.5841279
370,7,55.7757652,37.5840773
370,8,55.7757438,37.5839805
370,9,55.7757215,37.5837806
370,10,55.7757248,37.5837216
370,11,55.7757309,37.583664
370,12,55.7757403,37.5835955
370,13,55.7757511,37.5835383
370,14,55.7757671,37.5834735
370,15,55.7757818,37.5834239
370,16,55.775801,37.5833675
370,17,55.7758215,37.5833188
370,18,55.7758485,37.5832609
370,19,55.7758726,37.5832142
370,20,55.7758979,37.5831764
370,21,55.7759292,37.5831389
370,22,55.7759624,37.5831067
370,23,55.7759945,37.5830839
370,24,55.7760299,37.5830653
370,25,55.7760609,37.5830564
370,26,55.7760975,37.583051
370,27,55.776131,37.5830504
370,28,55.7761552,37.5830512
370,29,55.7761816,37.583053
370,30,55.7762166,37.5830597
370,31,55.7762566,37.5830765
370,32,55.7763127,37.5831063
370,33,55.7763806,37.5831878
370,34,55.7767675,37.5837472
370,35,55.7768009,37.5837955
370,36,55.7768709,37.5838432
370,37,55.7769376,37.5838719
370,38,55.7770148,37.5838808
370,39,55.77707,37.5838696
370,40,55.7771263,37.5838389
370,41,55.7771784,37.583789
370,42,55.7772383,37.5836698
370,43,55.7777246,37.5826577
370,44,55.7784939,37.5810905
370,45,55.7785612,37.5810005
370,46,55.778759,37.5807649
370,47,55.7791941,37.5802702
370,48,55.7792657,37.580165
370,49,55.7793396,37.5800376
370,50,55.7794239,37.5798859
370,51,55.7795961,37.5795121
370,52,55.7797843,37.5791034
370,53,55.7798992,37.5788541
370,54,55.7802753,37.5780374
370,55,55.7804245,37.5777135
370,56,55.7804967,37.5775568
370,57,55.7807192,37.5770733
370,58,55.7809797,37.5765013
370,59,55.7812731,37.5758797
370,60,55.7816071,37.5751843
370,61,55.7818887,37.5745704
370,62,55.7820891,37.5741299
370,63,55.782481,37.573279
370,64,55.7828855,37.572386
370,65,55.7830982,37.5719203
370,66,55.7834075,37.5712666
370,67,55.7835946,37.5708641
370,68,55.7839088,37.5701883
370,69,55.7846224,37.5686159
370,70,55.7849898,37.5678397
370,71,55.7852922,37.5672023
370,72,55.7855319,37.5666872
370,73,55.785752,37.5662219
370,74,55.7858263,37.5660672
370,75,55.7860283,37.5656267
370,76,55.7862625,37.5651161
370,77,55.786598,37.5642983
370,78,55.787769,37.5616339
370,79,55.7884414,37.5601314
370,80,55.7885767,37.5598317
370,81,55.7888884,37.5591414
370,82,55.7890023,37.5588886
370,83,55.7892664,37.5583021
370,84,55.7897205,37.5572935
370,85,55.7900918,37.5564566
370,86,55.7902449,37.556127
370,87,55.790494,37.5555728
370,88,55.7908281,37.5548135
370,89,55.791065,37.5542748
370,90,55.7919285,37.5523017
370,91,55.7919901,37.5521609
370,92,55.7920904,37.5519316
370,93,55.7922433,37.5515714
370,94,55.7922727,37.5515007
370,95,55.7923841,37.551237
370,96,55.792609,37.5507211
370,97,55.7928992,37.5500691
370,98,55.7929812,37.5498848
370,99,55.7936872,37.5483145
370,100,55.7940096,37.5476173
370,101,55.7943911,37.5467319
370,102,55.7946582,37.5461031
370,103,55.7950486,37.5452316
370,104,55.7951188,37.5450736
370,105,55.7957264,37.5437134
370,106,55.7963646,37.542285
370,107,55.7967129,37.5415101
370,108,55.7974244,37.5399246
370,109,55.7977874,37.5391097
370,110,55.7979889,37.5386573
370,111,55.7980643,37.5384889
370,112,55.7980977,37.5384142
370,113,55.7982338,37.5380709
370,114,55.7986468,37.5369864
370,115,55.798703,37.5368389
370,116,55.7996624,37.5346928
370,117,55.8000276,37.5338869
370,118,55.8002982,37.533259
370,119,55.8005045,37.5327891
370,120,55.8005432,37.5327009
370,121,55.800684,37.5323399
370,122,55.8008069,37.5320387
370,123,55.800959,37.5315473
370,124,55.8010995,37.5310533
370,125,55.8012337,37.5305346
370,126,55.8013547,37.5300287
370,127,55.8015063,37.5293952
370,128,55.8020097,37.5274347
370,129,55.8022228,37.5266049
370,130,55.8025579,37.5253863
370,131,55.8028165,37.524441
370,132,55.802879,37.5242125
370,133,55.8030746,37.5234272
370,134,55.803437,37.5218982
370,135,55.8037817,37.5204876
370,136,55.8038602,37.5201551
370,137,55.8040671,37.5192955
370,138,55.8044185,37.5179958
370,139,55.804511,37.5176543
370,140,55.8048759,37.5163068
370,141,55.8050373,37.5157708
370,142,55.8051753,37.5153124
370,143,55.8052496,37.5150532
370,144,55.8053296,37.5147742
370,145,55.8054275,37.514413
370,146,55.8054845,37.5142024
370,147,55.8057243,37.5132878
370,148,55.805926,37.5124595
370,149,55.8060159,37.51209
370,150,55.8061954,37.5113586
370,151,55.8062726,37.5110573
370,152,55.806366,37.510484
370,153,55.8064231,37.5101859
370,154,55.8064831,37.5099044
370,155,55.8065132,37.5097247
370,156,55.8065429,37.5095093
370,157,55.8065944,37.5090738
370,158,55.8067297,37.5078842
370,159,55.806799,37.5073302
370,160,55.8068623,37.5068792
370,161,55.8069394,37.5064329
370,162,55.807303,37.5045691
370,163,55.8074262,37.503939
370,164,55.8075492,37.5033726
370,165,55.8076209,37.5030771
370,166,55.8079718,37.5016427
370,167,55.8079992,37.5015061
370,168,55.8083666,37.4994606
370,169,55.8085376,37.4984969
370,170,55.8086236,37.4980089
370,171,55.8087586,37.4972426
370,172,55.8088536,37.4967459
370,173,55.808909,37.4964067
370,174,55.808948,37.4961253
370,175,55.8089645,37.4959762
370,176,55.8090597,37.495063
370,177,55.8091317,37.4947098
370,178,55.8092126,37.4943174
370,179,55.8092803,37.4939858
370,180,55.8093275,37.4937544
370,181,55.8095263,37.4928455
370,182,55.8098536,37.4913705
370,183,55.8099972,37.4906866
370,184,55.810423,37.4883278
370,185,55.8105537,37.4876417
370,186,55.8112785,37.4838595
370,187,55.8115259,37.4826277
370,188,55.8115444,37.4825303
370,189,55.8117589,37.4814403
370,190,55.8120104,37.480195
370,191,55.8120247,37.4801243
370,192,55.8123049,37.4786793
370,193,55.8123666,37.4783614
370,194,55.8125058,37.4776434
370,195,55.8127097,37.4766562
370,196,55.8128748,37.475857
370,197,55.8130538,37.4751142
370,198,55.8131878,37.4746364
370,199,55.8135498,37.4733182
370,200,55.8137097,37.4727089
370,201,55.8145764,37.4696428
370,202,55.8158798,37.4648505
370,203,55.8165331,37.4625179
370,204,55.8167042,37.4619089
370,205,55.8167908,37.4616006
370,206,55.817113,37.4605332
370,207,55.8171989,37.4602426
370,208,55.8172473,37.4600802
370,209,55.8181585,37.4575125
370,210,55.8187372,37.4556878
370,211,55.8192305,37.4542793
370,212,55.8193943,37.4537567
370,213,55.8199884,37.4520059
370,214,55.8200757,37.4516908
370,215,55.820124,37.45152
370,216,55.8201486,37.451433
370,217,55.820216,37.4511804
370,218,55.8204353,37.4506281
370,219,55.8205441,37.4504674
370,220,55.8206312,37.450384
370,221,55.820761,37.4502997
370,222,55.8208392,37.4502714
370,223,55.820937,37.4502651
370,224,55.8211072,37.4503195
370,225,55.8213696,37.4504542
370,226,55.8219658,37.450712
370,227,55.8224188,37.4508923
370,228,55.8226181,37.4509584
370,229,55.8230578,37.4510146
370,230,55.8235816,37.4512222
370,231,55.8243127,37.4515199
370,232,55.8246804,37.4516694
370,233,55.8253118,37.4519262
370,234,55.825502,37.4520021
370,235,55.8259417,37.4521775
370,236,55.8263119,37.4523251
370,237,55.8265087,37.4524036
370,238,55.8266074,37.4524446
370,239,55.8266731,37.4524686
370,240,55.8267273,37.4524824
370,241,55.8267586,37.4524898
370,242,55.8267898,37.4524972
370,243,55.8273687,37.4526163
370,244,55.8274112,37.452625
370,245,55.8276135,37.4526667
370,246,55.8282561,37.4528019
370,247,55.8283874,37.4528294
370,248,55.8284835,37.45285
370,249,55.8285962,37.4528767
370,250,55.8288167,37.4529116
370,251,55.829256,37.4529997
370,252,55.8300063,37.4531501
370,253,55.8300796,37.4531655
370,254,55.8301748,37.4531856
370,255,55.8302859,37.4532091
370,256,55.8307541,37.4533041
370,257,55.8308103,37.4533154
370,258,55.830882,37.4533296
370,259,55.8312817,37.4534085
370,260,55.8313462,37.4534212
370,261,55.8318041,37.453515
370,262,55.8319588,37.4535458
370,263,55.8323007,37.4536141
370,264,55.832415,37.4536364
370,265,55.8325054,37.4536569
370,266,55.8328846,37.4537314
370,267,55.8330072,37.4537558
370,268,55.8336851,37.4538922
370,269,55.8337549,37.4539062
370,270,55.8338821,37.453933
370,271,55.8345258,37.4540684
370,272,55.83463,37.4540901
370,273,55.8347354,37.4541114
370,274,55.8349817,37.4541603
370,275,55.8356008,37.4542903
370,276,55.8356476,37.4542969
370,277,55.8357162,37.4542908
370,278,55.8357861,37.4542728
370,279,55.8359142,37.4542299
370,280,55.8364271,37.4539747
370,281,55.8364835,37.4539724
370,282,55.8365489,37.4539727
370,283,55.836925,37.4540539
370,284,55.8370748,37.4540863
370,285,55.837126,37.4540974
370,286,55.8372878,37.4541352
370,287,55.8375855,37.4542046
370,288,55.8383439,37.4543637
370,289,55.8402696,37.4547939
370,290,55.8404371,37.4548313
370,291,55.8406351,37.4548769
370,292,55.8407858,37.4549125
370,293,55.8411422,37.4549894
370,294,55.8419671,37.4551743
370,295,55.8425324,37.4553011
370,296,55.8427021,37.4553155
370,297,55.842875,37.4552865
370,298,55.8430176,37.4552478
370,299,55.8431062,37.4552183
370,300,55.8438732,37.4549458
370,301,55.8443891,37.4547625
370,302,55.8445189,37.4547098
370,303,55.8446436,37.4546679
370,304,55.8453502,37.4544372
370,305,55.8454619,37.4543985
370,306,55.8461149,37.454182
370,307,55.8466872,37.4539871
370,308,55.8471222,37.453839
370,309,55.8474282,37.4537392
370,310,55.8475449,37.4536985
370,311,55.8476351,37.4536687
370,312,55.8477292,37.4536308
370,313,55.8481072,37.4534976
370,314,55.8491742,37.453119
370,315,55.8498168,37.4529024
370,316,55.8507367,37.452607
370,317,55.8509253,37.4525521
370,318,55.8511782,37.452455
370,319,55.8512735,37.4524184
370,320,55.8519808,37.4521686
370,321,55.8519614,37.4519664
370,322,55.8519486,37.451831
370,323,55.8519209,37.451553
370,324,55.8518811,37.451258
370,325,55.8518138,37.4506378
370,326,55.8517929,37.4505023
370,327,55.8517359,37.4499571
370,328,55.851725,37.44989
370,329,55.8516046,37.4487775
370,330,55.8515149,37.4479481
370,331,55.8514279,37.4471445
370,332,55.851394,37.4467905
370,333,55.8513733,37.4466218
370,334,55.8513418,37.446349
370,335,55.851327,37.4462118
370,336,55.8513206,37.4461528
370,337,55.8513064,37.4460215
370,338,55.85126,37.4455925
370,339,55.8511736,37.4447942
370,340,55.8511271,37.4443599
370,341,55.8511161,37.4442574
370,342,55.8511061,37.4441755
370,343,55.8509866,37.4430827
370,344,55.8509048,37.4423407
370,345,55.8508934,37.4422346
370,346,55.8508341,37.4416819
370,347,55.8506966,37.4403234
370,348,55.8506858,37.4401552
370,349,55.8506799,37.4395983
370,350,55.8506639,37.4394046
370,351,55.85066,37.4393582
370,352,55.8506337,37.439041
370,353,55.8506551,37.4387276
370,354,55.8506348,37.4383861
370,355,55.8505656,37.4377531
370,356,55.8505029,37.4371445
370,357,55.8501927,37.4343229
370,358,55.8499672,37.4322714
370,359,55.8499433,37.4320541
370,360,55.8498628,37.4313038
370,361,55.8496241,37.4291037
370,362,55.8493486,37.4265636
370,363,55.8491367,37.4246108
370,364,55.8491259,37.4245105
370,365,55.8490673,37.4239703
370,366,55.8490013,37.4233202
370,367,55.8489228,37.4230755
370,368,55.8488959,37.4228467
370,369,55.8488535,37.4224434
370,370,55.8488049,37.421972
370,371,55.8487692,37.4216216
370,372,55.8487437,37.4214434
370,373,55.8487478,37.4212316
370,374,55.8487613,37.4209615
370,375,55.8487787,37.4207411
370,376,55.8488217,37.4203774
370,377,55.8488444,37.4202044
370,378,55.8488564,37.4201054
370,379,55.8489286,37.4195832
370,380,55.8489708,37.4193304
370,381,55.8490499,37.4189956
370,382,55.8491728,37.4185348
370,383,55.8492653,37.4182116
370,384,55.8493577,37.4179226
370,385,55.8494259,37.417675
370,386,55.8496067,37.4170775
370,387,55.8496608,37.4168929
370,388,55.8497501,37.4165869
370,389,55.8498096,37.4163934
370,390,55.8499106,37.4160297
370,391,55.8499541,37.4158544
370,392,55.849987,37.4157224
370,393,55.8500445,37.415475
370,394,55.8500959,37.415223
370,395,55.850135,37.4149967
370,396,55.8501955,37.4146475
370,397,55.8502378,37.4143402
370,398,55.8502909,37.4140135
370,399,55.8503192,37.4138295
370,400,55.8503528,37.4135937
370,401,55.8503827,37.413373
370,402,55.8504249,37.4130327
370,403,55.850459,37.4126535
370,404,55.8504873,37.4122781
370,405,55.8504958,37.4121543
370,406,55.8505037,37.411928
370,407,55.8505115,37.4116801
370,408,55.8505136,37.4114051
370,409,55.8505115,37.4111771
370,410,55.8505112,37.4110544
370,411,55.8505103,37.4109633
370,412,55.8505069,37.4104274
370,413,55.8505067,37.4103158
370,414,55.850507,37.4100748
370,415,55.8505065,37.4099484
370,416,55.850504,37.4095161
370,417,55.8505008,37.4087048
370,418,55.8505016,37.4084178
370,419,55.850497,37.4076909
370,420,55.8504912,37.4071186
370,421,55.8504887,37.40687
370,422,55.8504885,37.4063385
370,423,55.8504824,37.4060097
370,424,55.8504775,37.4056854
370,425,55.8504763,37.4052672
370,426,55.8504765,37.4051164
345,1,55.7759813,37.5845022
345,2,55.7758667,37.5843311
345,3,55.7758304,37.58426
345,4,55.7758176,37.5842324
345,5,55.7757939,37.5841735
345,6,55.7757791,37.5841279
345,7,55.7757652,37.5840773
345,8,55.7757438,37.5839805
345,9,55.7757215,37.5837806
345,10,55.7757248,37.5837216
345,11,55.7757309,37.583664
345,12,55.7757403,37.5835955
345,13,55.7757511,37.5835383
345,14,55.7757671,37.5834735
345,15,55.7757818,37.5834239
345,16,55.775801,37.5833675
345,17,55.7758215,37.5833188
345,18,55.7758485,37.5832609
345,19,55.7758726,37.5832142
345,20,55.7758979,37.5831764
345,21,55.7759292,37.5831389
345,22,55.7759624,37.5831067
345,23,55.7759945,37.5830839
345,24,55.7760299,37.5830653
345,25,55.7760609,37.5830564
345,26,55.7760975,37.583051
345,27,55.776131,37.5830504
345,28,55.7761552,37.5830512
345,29,55.7761816,37.583053
345,30,55.7762166,37.5830597
345,31,55.7762566,37.5830765
345,32,55.7763127,37.5831063
345,33,55.7763806,37.5831878
345,34,55.7767675,37.5837472
345,35,55.7768009,37.5837955
345,36,55.7768709,37.5838432
345,37,55.7769376,37.5838719
345,38,55.7770148,37.5838808
345,39,55.77707,37.5838696
345,40,55.7771263,37.5838389
345,41,55.7771784,37.583789
345,42,55.7772383,37.5836698
345,43,55.7777246,37.5826577
345,44,55.7784939,37.5810905
345,45,55.7785612,37.5810005
345,46,55.778759,37.5807649
345,47,55.7791941,37.5802702
345,48,55.7792657,37.580165
345,49,55.7793396,37.5800376
345,50,55.7794239,37.5798859
345,51,55.7795961,37.5795121
345,52,55.7797843,37.5791034
345,53,55.7798992,37.5788541
345,54,55.7802753,37.5780374
345,55,55.7804245,37.5777135
345,56,55.7804967,37.5775568
345,57,55.7807192,37.5770733
345,58,55.7809797,37.5765013
345,59,55.7812731,37.5758797
345,60,55.7816071,37.5751843
345,61,55.7818887,37.5745704
345,62,55.7820891,37.5741299
345,63,55.782481,37.573279
345,64,55.7828855,37.572386
345,65,55.7830982,37.5719203
345,66,55.7834075,37.5712666
345,67,55.7835946,37.5708641
345,68,55.7839088,37.5701883
345,69,55.7846224,37.5686159
345,70,55.7849898,37.5678397
345,71,55.7852922,37.5672023
345,72,55.7855319,37.5666872
345,73,55.785752,37.5662219
345,74,55.7858263,37.5660672
345,75,55.7859375,37.565944
345,76,55.786023,37.5658778
345,77,55.7861142,37.5658614
345,78,55.7862202,37.5659105
345,79,55.7863171,37.5660202
345,80,55.7874057,37.5674387
345,81,55.7874869,37.5675601
345,82,55.7875319,37.5676587
345,83,55.7875558,37.5677631
345,84,55.7875542,37.5678579
345,85,55.7875369,37.5679341
345,86,55.7874981,37.5679867
345,87,55.7874561,37.5680092
345,88,55.7874061,37.5680092
345,89,55.7873047,37.5679585
345,90,55.7871056,37.5677689
345,91,55.7865191,37.5669488
345,92,55.7859934,37.5662136
345,93,55.7851408,37.5650213
345,94,55.7828221,37.5617971
345,95,55.7827089,37.5616371
345,96,55.782226,37.5609886
345,97,55.7817942,37.5604057
345,98,55.7811755,37.5595703
345,99,55.780635,37.558769
345,100,55.7801185,37.55806
345,101,55.7797878,37.5576799
345,102,55.779512,37.5574421
345,103,55.7794112,37.5573552
345,104,55.7786738,37.5567865
345,105,55.777425,37.555858
345,106,55.7771374,37.5556466
345,107,55.776809,37.5554052
345,108,55.7766096,37.5552489
345,109,55.7763658,37.5550578
345,110,55.7759491,37.5547122
345,111,55.7756702,37.5544732
345,112,55.7755345,37.5543428
345,113,55.7754019,37.5542038
345,114,55.7752488,37.5540231
345,115,55.7751047,37.5538265
345,116,55.774935,37.5535769
345,117,55.7748056,37.5533558
345,118,55.7747161,37.5531807
345,119,55.7745464,37.5527947
345,120,55.7744521,37.5525563
345,121,55.7743511,37.5519865
345,122,55.7742966,37.5516391
345,123,55.7742763,37.5513575
345,124,55.7742705,37.5512176
345,125,55.7742674,37.5510753
345,126,55.7742692,37.550978
345,127,55.7742727,37.5508763
345,128,55.7742837,37.5506754
345,129,55.7742892,37.5505774
345,130,55.7742936,37.550481
345,131,55.7742932,37.5503817
345,132,55.7742908,37.5502774
345,133,55.7742796,37.5500712
345,134,55.7742639,37.5498728
345,135,55.7742325,37.5495894
345,136,55.7742202,37.5494781
345,137,55.7740468,37.5480057
345,138,55.7740349,37.5479043
345,139,55.7739832,37.5475644
345,140,55.7739813,37.547552
345,141,55.7739192,37.5472055
345,142,55.7738544,37.5469066
345,143,55.7737356,37.5464277
345,144,55.7737254,37.5463857
345,145,55.7736934,37.5462547
345,146,55.7736585,37.5460799
345,147,55.7736326,37.545897
345,148,55.7736141,37.545712
345,149,55.7736043,37.5455193
345,150,55.7736031,37.5453254
345,151,55.7736038,37.5452807
345,152,55.773607,37.5452263
345,153,55.7736169,37.5451219
345,154,55.7736369,37.5449282
345,155,55.7738216,37.5440386
345,156,55.7745258,37.5407719
345,157,55.7746144,37.5403548
345,158,55.7746992,37.5399561
345,159,55.7747188,37.5398663
345,160,55.774744,37.5397499
345,161,55.7749355,37.5388983
345,162,55.7750366,37.5384491
345,163,55.7750429,37.538422
345,164,55.7750909,37.5381904
345,165,55.7751341,37.5379873
345,166,55.7752001,37.5376631
345,167,55.7752763,37.5373044
345,168,55.7754579,37.5364487
345,169,55.7760055,37.5339589
345,170,55.7760457,37.5337763
345,171,55.7760676,37.5336793
345,172,55.7762032,37.5330513
345,173,55.7764561,37.5318804
345,174,55.77668,37.530831
345,175,55.7767079,37.5307004
345,176,55.7768176,37.5301991
345,177,55.7768703,37.5299475
345,178,55.776917,37.5297242
345,179,55.7770756,37.5290034
345,180,55.7772445,37.5282357
345,181,55.7775865,37.5266567
345,182,55.7777056,37.5261255
345,183,55.7777355,37.5259929
345,184,55.7777821,37.5257857
345,185,55.7779125,37.5252046
345,186,55.7779446,37.5250536
345,187,55.7781544,37.5240649
345,188,55.7781858,37.5238745
345,189,55.7782044,37.52371
345,190,55.7782142,37.5235566
345,191,55.7782128,37.5234121
345,192,55.7782005,37.5232389
345,193,55.778182,37.5230641
345,194,55.7781478,37.522835
345,195,55.778067,37.5223691
345,196,55.7779297,37.5216128
345,197,55.7778193,37.5210051
345,198,55.7776754,37.5202054
345,199,55.7774762,37.5190616
345,200,55.7773314,37.5181415
345,201,55.7773194,37.5180519
345,202,55.7773104,37.5179304
345,203,55.7773062,37.5178155
345,204,55.7773155,37.5176153
345,205,55.7773297,37.5174354
345,206,55.7773539,37.5171981
345,207,55.7774102,37.5165819
345,208,55.7774897,37.5158583
345,209,55.7777283,37.5139351
345,210,55.7778074,37.5132623
345,211,55.7779135,37.51236
345,212,55.7779395,37.5121289
345,213,55.7779526,37.5119223
345,214,55.7779588,37.5117553
345,215,55.7779583,37.5116199
345,216,55.7779573,37.5114529
345,217,55.7779471,37.5111363
345,218,55.777936,37.5109102
345,219,55.7779112,37.5106565
345,220,55.7778984,37.5105258
345,221,55.777859,37.5102131
345,222,55.777801,37.5098811
345,223,55.7777871,37.5098199
345,224,55.777666,37.509286
345,225,55.7775146,37.5086185
345,226,55.7771918,37.5071812
345,227,55.7770327,37.5064933
345,228,55.7768399,37.5056597
345,229,55.7767305,37.5051868
345,230,55.7764564,37.5040303
345,231,55.7764197,37.5038837
345,232,55.7763055,37.5034857
345,233,55.7762888,37.5034073
345,234,55.7762651,37.5032653
345,235,55.7762462,37.5031211
345,236,55.7762367,37.502987
345,237,55.7762281,37.5027996
345,238,55.7762098,37.5023912
345,239,55.7761779,37.5017691
345,240,55.7761416,37.5008074
345,241,55.7761078,37.4998663
345,242,55.7760897,37.4988268
345,243,55.7760327,37.49743
345,244,55.7760157,37.4970018
345,245,55.7759868,37.4962631
345,246,55.775947,37.4949231
345,247,55.7759322,37.4944691
345,248,55.7759063,37.4936835
345,249,55.7758925,37.4932956
345,250,55.7756924,37.4884408
345,251,55.77569,37.4882572
345,252,55.7756834,37.4879915
345,253,55.7756205,37.4862391
345,254,55.7755788,37.4850269
345,255,55.7755132,37.4831953
345,256,55.7754966,37.4827234
345,257,55.775471,37.4818317
345,258,55.7754637,37.4810299
345,259,55.7754514,37.4804604
345,260,55.775444,37.4796719
345,261,55.7754443,37.4793401
345,262,55.7754698,37.4781685
345,263,55.7754887,37.4777869
345,264,55.7755412,37.4769878
345,265,55.7756733,37.4758277
345,266,55.7756948,37.4756511
345,267,55.7757371,37.4753274
345,268,55.7757854,37.4749684
345,269,55.7759228,37.4740084
345,270,55.7760071,37.473473
345,271,55.7761418,37.4726171
345,272,55.7762296,37.4720776
345,273,55.7762979,37.4716526
345,274,55.7763871,37.4711273
345,275,55.776478,37.4705977
345,276,55.7766084,37.4697858
345,277,55.7766988,37.4692232
345,278,55.7769095,37.4679066
345,279,55.7769873,37.4674233
345,280,55.7770336,37.4671138
345,281,55.77713,37.4664701
345,282,55.777202,37.466001
345,283,55.7773563,37.4650107
345,284,55.7774364,37.4644945
345,285,55.7775129,37.4640005
345,286,55.7775689,37.4636324
345,287,55.7776945,37.4628168
345,288,55.777884,37.4616857
345,289,55.778141,37.4602009
345,290,55.7782396,37.4595613
345,291,55.7785024,37.4579178
345,292,55.778577,37.4574492
345,293,55.7786387,37.4570641
345,294,55.7787564,37.4563754
345,295,55.7790106,37.454888
345,296,55.7790639,37.4544964
345,297,55.7791394,37.4545302
345,298,55.7793846,37.45464
345,299,55.7796265,37.4547512
345,300,55.7800823,37.4549683
345,301,55.7802125,37.4550319
345,302,55.7804839,37.4551646
345,303,55.7808493,37.4553322
345,304,55.7809731,37.4553891
345,305,55.7813078,37.4555429
345,306,55.7815587,37.4556581
345,307,55.7817555,37.4557485
345,308,55.7819646,37.4558448
345,309,55.7826228,37.4561502
345,310,55.7830485,37.4563477
345,311,55.7830813,37.4563612
345,312,55.7831428,37.4563852
345,313,55.783282,37.4565201
345,314,55.7833691,37.4566202
345,315,55.783482,37.4567704
345,316,55.7835986,37.4569885
345,317,55.7837047,37.4572152
345,318,55.7838098,37.4574666
345,319,55.7838469,37.4575748
345,320,55.7840028,37.4580811
345,321,55.784511,37.4596967
345,322,55.784804,37.4606289
345,323,55.7850499,37.4614137
345,324,55.7851336,37.4616717
345,325,55.7852154,37.4619199
345,326,55.7854123,37.4625174
345,327,55.7854553,37.4626479
345,328,55.7855795,37.4631042
345,329,55.7856101,37.463332
345,330,55.7856024,37.4635135
345,331,55.7855766,37.4636973
345,332,55.7855389,37.463973
345,333,55.7854859,37.4643093
345,334,55.7852133,37.4660392
345,335,55.7851457,37.4664677
345,336,55.785049,37.4670819
345,337,55.784942,37.4677606
345,338,55.7848358,37.4684327
345,339,55.7846237,37.469775
345,340,55.7846095,37.4698651
345,341,55.7845889,37.4699955
345,342,55.7844751,37.4707156
345,343,55.7844513,37.4708661
345,344,55.7843788,37.4713221
345,345,55.7843667,37.4714002
345,346,55.7843325,37.4716172
345,347,55.7842924,37.4718703
345,348,55.7842093,37.4723732
345,349,55.7841279,37.4728643
345,350,55.7840775,37.4731836
345,351,55.78407,37.4732307
345,352,55.7839734,37.4738404
345,353,55.7838816,37.4744295
345,354,55.7838378,37.4747104
345,355,55.7838137,37.4748635
т78,1,55.9359775,37.5538875
т78,2,55.9358908,37.5535739
т78,3,55.9358516,37.5535899
т78,4,55.9357876,37.5536161
т78,5,55.9357734,37.5536305
т78,6,55.9357684,37.5536356
т78,7,55.9357557,37.5536571
т78,8,55.9357375,37.5537163
т78,9,55.9357318,37.5537913
т78,10,55.9357612,37.5539783
т78,11,55.9358158,37.5543252
т78,12,55.9357639,37.5543397
т78,13,55.9356943,37.5543696
т78,14,55.9356328,37.5543992
т78,15,55.9355347,37.5544492
т78,16,55.9353829,37.5545045
т78,17,55.9343486,37.5548702
т78,18,55.9343008,37.5548868
т78,19,55.9341703,37.5549316
т78,20,55.9341584,37.554809
т78,21,55.9341409,37.5546495
т78,22,55.9341345,37.5545886
т78,23,55.9341023,37.5542843
т78,24,55.9340722,37.5541266
т78,25,55.9339779,37.5537751
т78,26,55.9339512,37.5536853
т78,27,55.9338149,37.5533147
т78,28,55.9337619,37.5531702
т78,29,55.9336232,37.5527795
т78,30,55.9335891,37.5526846
т78,31,55.933542,37.5525515
т78,32,55.9335179,37.5524817
т78,33,55.9334695,37.5523411
т78,34,55.9332338,37.5516568
т78,35,55.9331351,37.5513703
т78,36,55.9330992,37.5512664
т78,37,55.9329761,37.5509392
т78,38,55.9326627,37.5500473
т78,39,55.9325819,37.5498174
т78,40,55.9324127,37.5493619
т78,41,55.9323013,37.5490491
т78,42,55.9321416,37.5491007
т78,43,55.9321242,37.5491065
т78,44,55.9315529,37.5492968
т78,45,55.9314716,37.549293
т78,46,55.9314134,37.5492797
т78,47,55.9313744,37.5492458
т78,48,55.931315,37.5491711
т78,49,55.9312552,37.5490734
т78,50,55.9311891,37.5488461
т78,51,55.9311355,37.5486681
т78,52,55.9310163,37.5483229
т78,53,55.9309869,37.5482378
т78,54,55.9309185,37.5480347
т78,55,55.9308543,37.547852
т78,56,55.9307257,37.5475538
т78,57,55.9307213,37.5475445
т78,58,55.9305897,37.5474023
т78,59,55.9305027,37.5473278
т78,60,55.9304053,37.5472657
т78,61,55.9302931,37.5472209
т78,62,55.9301289,37.5471775
т78,63,55.9299442,37.5471422
т78,64,55.9295995,37.5471306
т78,65,55.9292699,37.5471205
т78,66,55.9285692,37.5470539
т78,67,55.9278685,37.546934
т78,68,55.9270217,37.5468012
т78,69,55.9259809,37.5464352
т78,70,55.9252163,37.5461731
т78,71,55.9239191,37.5457355
т78,72,55.9236828,37.5456015
т78,73,55.9235172,37.5454989
т78,74,55.9233128,37.5453642
т78,75,55.9233091,37.5453617
т78,76,55.9231279,37.5452154
т78,77,55.9229675,37.5450814
т78,78,55.9226785,37.5448294
т78,79,55.9223371,37.5445891
т78,80,55.9218102,37.5441105
т78,81,55.921626,37.5439761
т78,82,55.9213831,37.5438146
т78,83,55.9211577,37.5436998
т78,84,55.920813,37.5435885
т78,85,55.9207198,37.5435646
т78,86,55.9203738,37.5434744
т78,87,55.9201281,37.5434208
т78,88,55.9199715,37.5433971
т78,89,55.9198859,37.5433932
т78,90,55.9197926,37.5433892
т78,91,55.919513,37.5433772
т78,92,55.9192921,37.543366
т78,93,55.9190003,37.5433647
т78,94,55.9185765,37.5433626
т78,95,55.9182455,37.5433611
т78,96,55.9178882,37.5433673
т78,97,55.9175046,37.5433927
т78,98,55.9174478,37.5433965
т78,99,55.917308,37.5434188
т78,100,55.9171489,37.5434439
т78,101,55.9170397,37.5434616
т78,102,55.916934,37.5434844
т78,103,55.9165612,37.543565
т78,104,55.9163273,37.5436227
т78,105,55.9160934,37.5436813
т78,106,55.9153811,37.543889
т78,107,55.9152058,37.5439287
т78,108,55.914338,37.5440646
т78,109,55.9135221,37.54411
т78,110,55.9133745,37.5441232
т78,111,55.9125478,37.544151
т78,112,55.9122286,37.544142
т78,113,55.9121416,37.5441395
т78,114,55.9120264,37.5441268
т78,115,55.9119227,37.5441121
т78,116,55.9117728,37.5440713
т78,117,55.9113108,37.5438975
т78,118,55.910992,37.5437774
т78,119,55.9102315,37.543511
т78,120,55.9098469,37.5433989
т78,121,55.9097203,37.543377
т78,122,55.9095845,37.5433873
т78,123,55.9094322,37.5434003
т78,124,55.9092694,37.5434177
т78,125,55.9090855,37.5434513
т78,126,55.9089372,37.5434843
т78,127,55.9087641,37.5434814
т78,128,55.9082771,37.5434616
т78,129,55.9077698,37.5434413
т78,130,55.9075008,37.5433779
т78,131,55.90562,37.5429665
т78,132,55.9053768,37.5429171
т78,133,55.9051484,37.5428931
т78,134,55.9051042,37.5428897
т78,135,55.9046933,37.5428576
т78,136,55.9042046,37.5428686
т78,137,55.9040041,37.5428729
т78,138,55.9034106,37.5428856
т78,139,55.9025294,37.5429584
т78,140,55.9019919,37.5430196
т78,141,55.901102,37.5431188
т78,142,55.9005386,37.5431816
т78,143,55.9003223,37.5432057
т78,144,55.8998789,37.5432487
т78,145,55.899133,37.5433083
т78,146,55.8989711,37.5433209
т78,147,55.8988502,37.5433295
т78,148,55.8987008,37.5433328
т78,149,55.8985394,37.543336
т78,150,55.8983268,37.5433289
т78,151,55.8980482,37.5433195
т78,152,55.8980125,37.5433255
т78,153,55.8974411,37.5432924
т78,154,55.8969528,37.5432672
т78,155,55.8954545,37.5431324
т78,156,55.8950816,37.5431032
т78,157,55.894634,37.5430681
т78,158,55.8944783,37.543056
т78,159,55.894425,37.5430513
т78,160,55.8942596,37.5430276
т78,161,55.8940393,37.5430171
т78,162,55.8939976,37.5430134
т78,163,55.8939108,37.5430015
т78,164,55.8938759,37.5429949
т78,165,55.8934048,37.542906
т78,166,55.8932764,37.5428837
т78,167,55.8930662,37.5428437
т78,168,55.8925928,37.5427717
т78,169,55.8923907,37.5427529
т78,170,55.8923162,37.542749
т78,171,55.8920742,37.5427434
т78,172,55.8916892,37.5427345
т78,173,55.8912599,37.5427246
т78,174,55.8909792,37.5427235
т78,175,55.8899582,37.5427176
т78,176,55.8897302,37.5427137
т78,177,55.8892519,37.5427096
т78,178,55.8890913,37.54271
т78,179,55.8886673,37.5427154
т78,180,55.8880464,37.5427232
т78,181,55.8878323,37.5427259
т78,182,55.8865871,37.5427411
т78,183,55.8864554,37.5427427
т78,184,55.8859656,37.5427389
т78,185,55.8857896,37.5427502
т78,186,55.8854798,37.5427647
т78,187,55.885045,37.5427852
т78,188,55.884893,37.5427923
т78,189,55.8842543,37.5428936
т78,190,55.8839575,37.5429646
т78,191,55.8833555,37.543159
т78,192,55.883262,37.5431956
т78,193,55.8827438,37.5433983
т78,194,55.8823635,37.5435696
т78,195,55.8822026,37.5436421
т78,196,55.8819793,37.54376
т78,197,55.8818042,37.5438632
т78,198,55.8813044,37.5441579
т78,199,55.8793824,37.545285
т78,200,55.8790508,37.5454692
т78,201,55.8784126,37.5458396
т78,202,55.878252,37.5459242
т78,203,55.8781647,37.5459692
т78,204,55.8780749,37.5460073
т78,205,55.8776563,37.5461907
т78,206,55.8775407,37.5462507
т78,207,55.8772448,37.5463951
т78,208,55.8767899,37.5465703
т78,209,55.8763186,37.54672
т78,210,55.8759152,37.5468422
т78,211,55.8755353,37.5469539
т78,212,55.8754308,37.5469821
т78,213,55.8754127,37.5469869
т78,214,55.8751565,37.5470588
т78,215,55.8747371,37.5471766
т78,216,55.8745719,37.5472211
т78,217,55.8745354,37.5472342
т78,218,55.8740352,37.5473565
т78,219,55.873829,37.547398
т78,220,55.8736875,37.5474232
т78,221,55.87338,37.5474957
т78,222,55.8732852,37.54752
т78,223,55.8728839,37.5475967
т78,224,55.872443,37.5476598
т78,225,55.8722592,37.5476861
т78,226,55.8717573,37.5477277
т78,227,55.871618,37.5477116
т78,228,55.8713613,37.5476429
т78,229,55.8707534,37.5474643
т78,230,55.8697977,37.5471521
т78,231,55.8694798,37.5470004
т78,232,55.8694037,37.5469733
т78,233,55.8692035,37.5468932
т78,234,55.8688828,37.5467798
т78,235,55.8686519,37.5465958
т78,236,55.8685173,37.5465068
т78,237,55.8683396,37.5463947
т78,238,55.8682592,37.5463465
т78,239,55.8681896,37.5463193
т78,240,55.8681243,37.5463037
т78,241,55.8680208,37.5462863
т78,242,55.867913,37.5462806
т78,243,55.8675829,37.5462831
т78,244,55.8672018,37.5463416
т78,245,55.8668439,37.5464414
т78,246,55.8665757,37.5465167
т78,247,55.8661606,37.5466332
т78,248,55.8659128,37.5467513
т78,249,55.8658308,37.546801
т78,250,55.8657134,37.5468908
т78,251,55.865529,37.5470625
т78,252,55.8652786,37.5472605
т78,253,55.8648282,37.5474035
т78,254,55.8646094,37.547501
т78,255,55.8644468,37.5475699
т78,256,55.8642077,37.5477288
т78,257,55.8641381,37.547775
т78,258,55.8639406,37.5479482
т78,259,55.863753,37.5481448
т78,260,55.8635226,37.5483992
т78,261,55.8633945,37.5486274
т78,262,55.8632241,37.5489588
т78,263,55.8629335,37.5494682
т78,264,55.8628822,37.5495603
т78,265,55.8627726,37.5497573
т78,266,55.8627142,37.5498627
т78,267,55.8623332,37.5505501
т78,268,55.861959,37.5512575
т78,269,55.8608367,37.553379
т78,270,55.8605968,37.5538325
т78,271,55.8603968,37.5542091
т78,272,55.8602839,37.5544216
т78,273,55.8600317,37.5548878
т78,274,55.8599347,37.5550765
т78,275,55.8594419,37.5560345
т78,276,55.8585598,37.557755
т78,277,55.8582203,37.5584187
т78,278,55.8579091,37.5590166
т78,279,55.8576192,37.5595473
т78,280,55.8573953,37.5599105
т78,281,55.85716,37.5602585
т78,282,55.8571134,37.560321
т78,283,55.8568991,37.5605534
т78,284,55.8565562,37.5608735
т78,285,55.8558217,37.5614869
т78,286,55.8555452,37.5617084
т78,287,55.8551937,37.5619915
т78,288,55.8549058,37.562227
т78,289,55.8546185,37.5624687
т78,290,55.8544459,37.5626228
т78,291,55.8534462,37.5634576
т78,292,55.8524874,37.5643015
т78,293,55.8522402,37.5645131
т78,294,55.852191,37.5645553
т78,295,55.851626,37.5650396
т78,296,55.8510734,37.5655006
т78,297,55.8505706,37.5659162
т78,298,55.8498174,37.5665287
т78,299,55.8495605,37.5667003
т78,300,55.8492424,37.5667818
т78,301,55.8489076,37.5668675
т78,302,55.8487852,37.5669146
т78,303,55.8484434,37.5670536
т78,304,55.8482834,37.5671103
т78,305,55.8477366,37.5673223
т78,306,55.8471449,37.5675693
т78,307,55.8466921,37.5677586
т78,308,55.8465729,37.5677987
т78,309,55.8463501,37.5678799
т78,310,55.8462037,37.5679342
т78,311,55.8461013,37.5679742
т78,312,55.8458017,37.5680982
т78,313,55.8451112,37.5683718
т78,314,55.8448373,37.5684852
т78,315,55.8441567,37.5687668
т78,316,55.8433411,37.5690855
т78,317,55.8426699,37.5693536
т78,318,55.8423669,37.5695044
т78,319,55.8417813,37.5698855
т78,320,55.8414985,37.5699982
т78,321,55.8413038,37.570066
т78,322,55.8411091,37.5701338
т78,323,55.8410277,37.5701624
т78,324,55.8407918,37.5702453
т78,325,55.8401868,37.5704579
т78,326,55.8397791,37.5706037
т78,327,55.8394627,37.5707182
т78,328,55.8363292,37.5719436
т78,329,55.8352929,37.5722944
т78,330,55.8349566,37.5724096
т78,331,55.8345795,37.5725081
т78,332,55.8342823,37.5725945
т78,333,55.8340068,37.5726427
т78,334,55.8338941,37.5726627
т78,335,55.8335608,37.572683
т78,336,55.8327711,37.5726909
т78,337,55.8324719,37.5726939
т78,338,55.8322237,37.5727002
т78,339,55.8305181,37.5727276
т78,340,55.8296853,37.5727345
т78,341,55.8292327,37.5727382
т78,342,55.8285698,37.572723
т78,343,55.8281141,37.5727126
т78,344,55.8271066,37.5727209
т78,345,55.826954,37.57272
т78,346,55.8267456,37.5727188
т78,347,55.8262189,37.5727158
т78,348,55.8257909,37.5727287
т78,349,55.8251017,37.5727316
т78,350,55.8246455,37.5727306
т78,351,55.8243863,37.57273
т78,352,55.8240229,37.5727312
т78,353,55.8234367,37.5727663
т78,354,55.823189,37.5727903
т78,355,55.8226346,37.5728808
т78,356,55.8224032,37.5729461
т78,357,55.8221021,37.573034
т78,358,55.8220504,37.5730517
т78,359,55.8216308,37.5731909
т78,360,55.821261,37.5733458
т78,361,55.8210795,37.5734373
т78,362,55.819955,37.5740359
т78,363,55.8190399,37.574545
т78,364,55.8185657,37.5748096
т78,365,55.8180521,37.5750961
т78,366,55.817397,37.5754556
т78,367,55.8149558,37.5767968
т78,368,55.8142659,37.577179
т78,369,55.8136376,37.577527
т78,370,55.8135577,37.5775713
т78,371,55.8132587,37.5777341
т78,372,55.8132097,37.577765
т78,373,55.8130693,37.5778405
т78,374,55.8127634,37.5780188
т78,375,55.8124662,37.5781921
т78,376,55.812186,37.5783465
т78,377,55.8118543,37.5785292
т78,378,55.8115514,37.5786967
т78,379,55.8112226,37.5788915
т78,380,55.8102279,37.5794367
т78,381,55.8100001,37.5795616
т78,382,55.8095984,37.5797842
т78,383,55.8091904,37.5800103
т78,384,55.8084002,37.5804376
т78,385,55.8079268,37.5807224
т78,386,55.8075243,37.5809829
т78,387,55.8073206,37.5811149
т78,388,55.8069535,37.5813327
т78,389,55.8066575,37.5815083
т78,390,55.8064072,37.5816568
т78,391,55.8058857,37.5819971
т78,392,55.8056943,37.5821179
т78,393,55.8056269,37.5821595
т78,394,55.8054788,37.5822284
т78,395,55.8052753,37.5822926
т78,396,55.8046533,37.5824618
т78,397,55.8045801,37.5824816
т78,398,55.8042883,37.5825544
т78,399,55.8039705,37.5826349
т78,400,55.8038348,37.5826693
т78,401,55.803679,37.5827087
т78,402,55.8031217,37.5828499
т78,403,55.8030617,37.5828651
т78,404,55.8029642,37.5828898
т78,405,55.8027343,37.582948
т78,406,55.8023866,37.5830361
т78,407,55.8023034,37.5830573
т78,408,55.8020493,37.5831222
т78,409,55.8020084,37.5831326
т78,410,55.8017655,37.5831945
т78,411,55.801312,37.5833102
т78,412,55.8012308,37.5833268
т78,413,55.8008205,37.5834164
т78,414,55.8006832,37.583444
т78,415,55.8005218,37.5834764
т78,416,55.8002037,37.5835402
т78,417,55.7999921,37.5835743
т78,418,55.7996961,37.583627
т78,419,55.7994892,37.5836636
т78,420,55.7993525,37.5836834
т78,421,55.7989531,37.5837377
т78,422,55.7984241,37.5838098
т78,423,55.7979815,37.5838598
т78,424,55.7973941,37.5839291
т78,425,55.7967701,37.5840027
т78,426,55.7963586,37.5840512
т78,427,55.7962045,37.584069
т78,428,55.795795,37.5841164
т78,429,55.7955739,37.5841418
т78,430,55.7954538,37.5841159
т78,431,55.7953228,37.5840828
т78,432,55.7952035,37.5840713
т78,433,55.7948702,37.5841045
т78,434,55.7948394,37.5841066
т78,435,55.7947669,37.5841427
т78,436,55.7947096,37.5841802
т78,437,55.7946275,37.5842553
т78,438,55.7945031,37.5844257
т78,439,55.7942109,37.5850502
т78,440,55.7935584,37.5861121
т78,441,55.7934774,37.5862438
т78,442,55.7932856,37.5865433
т78,443,55.7930825,37.586858
т78,444,55.7924194,37.5879068
т78,445,55.7923701,37.5879742
т78,446,55.7923203,37.5880413
т78,447,55.7922464,37.5881531
т78,448,55.7920511,37.5884483
т78,449,55.791937,37.5886179
т78,450,55.7918389,37.5887777
т78,451,55.791764,37.5888996
т78,452,55.7916876,37.5890247
т78,453,55.7916403,37.5891007
т78,454,55.7916062,37.5891506
т78,455,55.791562,37.5892035
т78,456,55.7915081,37.5892383
т78,457,55.7914525,37.589253
т78,458,55.791385,37.589258
т78,459,55.7913378,37.589255
т78,460,55.791289,37.5892452
т78,461,55.7912597,37.5892316
т78,462,55.7912351,37.5892099
т78,463,55.7911966,37.5891785
т78,464,55.7911579,37.5891341
т78,465,55.7910881,37.5890344
т78,466,55.7910036,37.5889338
т78,467,55.7909091,37.5888441
т78,468,55.790774,37.5887588
т78,469,55.7904421,37.5886565
т78,470,55.7901723,37.5886417
т78,471,55.7899355,37.5885676
т78,472,55.7895803,37.5884729
т78,473,55.7894322,37.5884334
т78,474,55.7893503,37.5884181
т78,475,55.7892018,37.5883773
т78,476,55.7890743,37.5883423
т78,477,55.788915,37.5882986
т78,478,55.7886741,37.5882322
т78,479,55.7884231,37.5881645
т78,480,55.7880431,37.588062
т78,481,55.7879673,37.5880413
т78,482,55.7877148,37.5879685
т78,483,55.7876342,37.5879445
т78,484,55.7873761,37.5878677
т78,485,55.7870165,37.5877683
т78,486,55.7862912,37.5875705
т78,487,55.7862446,37.5875579
т78,488,55.7858877,37.5874594
т78,489,55.7858147,37.5874393
т78,490,55.7854238,37.5873284
т78,491,55.7851154,37.5872391
т78,492,55.7850423,37.5872179
т78,493,55.7848547,37.5871581
т78,494,55.7846259,37.5870851
т78,495,55.7836991,37.5868232
т78,496,55.7832014,37.5866738
т78,497,55.7824025,37.5864519
т78,498,55.7821761,37.5863892
т78,499,55.7819505,37.5863246
т78,500,55.7816986,37.5862538
т78,501,55.7815968,37.5862276
т78,502,55.780783,37.5859964
т78,503,55.7804952,37.5859155
т78,504,55.7803981,37.5858875
т78,505,55.7801512,37.5858181
т78,506,55.7800642,37.5857861
т78,507,55.7799595,37.5857567
т78,508,55.7797719,37.5857039
т78,509,55.7796844,37.5856793
т78,510,55.7795924,37.5856537
т78,511,55.7793528,37.5855811
т78,512,55.7792464,37.5855445
т78,513,55.7791443,37.5855143
т78,514,55.778832,37.5854219
т78,515,55.7788939,37.5854778
т78,516,55.7789342,37.5855483
т78,517,55.778958,37.5856438
т78,518,55.7789581,37.5857068
т78,519,55.7789416,37.5859011
т78,520,55.7789303,37.5860084
т78,521,55.7789186,37.5860545
т78,522,55.7788953,37.5861054
т78,523,55.77887,37.5861514
т78,524,55.7787461,37.5863826
т78,525,55.7786618,37.58654
т78,526,55.7786454,37.5865797
т78,527,55.7786304,37.5866265
т78,528,55.7786263,37.5866509
т78,529,55.7786201,37.5866877
т78,530,55.7786178,37.5867349
т78,531,55.7786151,37.5867886
т78,532,55.7786132,37.5868275
т78,533,55.7786119,37.5869098
т78,534,55.778609,37.5870035
т78,535,55.7785935,37.5871232
т78,536,55.7785555,37.5872505
т78,537,55.7784619,37.5874268
т78,538,55.7784383,37.5874713
т78,539,55.7782129,37.5878895
т78,540,55.7781711,37.5879708
т78,541,55.7780529,37.5877878
т78,542,55.7779711,37.5876596
т78,543,55.7779096,37.5875578
т78,544,55.7774722,37.5868882
т78,545,55.7773845,37.5867372
т78,546,55.777288,37.5865812
т78,547,55.7769224,37.5859848
т78,548,55.7766841,37.5856102
т78,549,55.7766495,37.585549
т78,550,55.7766115,37.58548
т78,551,55.7765508,37.5853557
т78,552,55.7765381,37.5852977
т78,553,55.77653,37.585241
т78,554,55.7765271,37.5851808
т78,555,55.7765305,37.5851165
т78,556,55.7765406,37.5850513
т78,557,55.7765568,37.5849929
т78,558,55.7765779,37.5849373
т78,559,55.7766427,37.5848193
м3к,1,55.7584996,37.6276384
м3к,2,55.7581288,37.6281527
м3к,3,55.7581061,37.6281841
м3к,4,55.7566517,37.6301978
м3к,5,55.7568529,37.6306849
м3к,6,55.7569297,37.6309007
м3к,7,55.7570672,37.6312494
м3к,8,55.7570964,37.6313221
м3к,9,55.7571629,37.6314869
м3к,10,55.7572015,37.6316008
м3к,11,55.7572095,37.6316236
м3к,12,55.7572217,37.6316624
м3к,13,55.7572329,37.6316987
м3к,14,55.7572436,37.6317406
м3к,15,55.7573533,37.6323244
м3к,16,55.7573933,37.6325611
м3к,17,55.7574263,37.6327562
м3к,18,55.7574315,37.6327897
м3к,19,55.7574458,37.6328822
м3к,20,55.7574914,37.6331769
м3к,21,55.757531,37.633485
м3к,22,55.7575565,37.6337092
м3к,23,55.7575647,37.6338089
м3к,24,55.7575712,37.633915
м3к,25,55.7575832,37.6341313
м3к,26,55.757601,37.6344718
м3к,27,55.7576157,37.6347859
м3к,28,55.7576349,37.6352293
м3к,29,55.7576594,37.6355881
м3к,30,55.7576769,37.6358409
м3к,31,55.7576914,37.6360305
м3к,32,55.7577155,37.6362858
м3к,33,55.7577239,37.6363903
м3к,34,55.7577331,37.6364927
м3к,35,55.757745,37.6365963
м3к,36,55.7577597,37.6367141
м3к,37,55.7577778,37.6368259
м3к,38,55.7578141,37.6370033
м3к,39,55.757878,37.6372976
м3к,40,55.7579812,37.637756
м3к,41,55.7580464,37.6380625
м3к,42,55.758113,37.6383575
м3к,43,55.7581305,37.6384348
м3к,44,55.7581803,37.638644
м3к,45,55.7583093,37.6391896
м3к,46,55.7583618,37.639416
м3к,47,55.7584416,37.6397609
м3к,48,55.7584728,37.6398889
м3к,49,55.7585628,37.640277
м3к,50,55.7585688,37.6403078
м3к,51,55.7585941,37.6404388
м3к,52,55.7586476,37.6407432
м3к,53,55.7587941,37.6416331
м3к,54,55.7588144,37.6417553
м3к,55,55.7590116,37.6429524
м3к,56,55.7590396,37.6431663
м3к,57,55.7590558,37.6432963
м3к,58,55.7591126,37.6438371
м3к,59,55.7591143,37.6438537
м3к,60,55.7591722,37.6443762
м3к,61,55.7591815,37.6444598
м3к,62,55.7592511,37.6450867
м3к,63,55.7592756,37.6453078
м3к,64,55.7592834,37.645363
м3к,65,55.7593496,37.6458975
м3к,66,55.7593754,37.6460911
м3к,67,55.7593913,37.6462024
м3к,68,55.7593985,37.6462527
м3к,69,55.7594107,37.64634
м3к,70,55.7594368,37.6465152
м3к,71,55.7594959,37.64692
м3к,72,55.7595127,37.6470373
м3к,73,55.7595608,37.6473337
м3к,74,55.7595925,37.647508
м3к,75,55.7596006,37.6475475
м3к,76,55.7596236,37.647657
м3к,77,55.7596619,37.6478432
м3к,78,55.7597047,37.6480182
м3к,79,55.7597234,37.6480885
м3к,80,55.7597255,37.6480963
м3к,81,55.7597618,37.6482101
м3к,82,55.7598422,37.6484262
м3к,83,55.7598947,37.6485683
м3к,84,55.7600038,37.6488062
м3к,85,55.7601465,37.6491013
м3к,86,55.7601608,37.6491308
м3к,87,55.7602601,37.6493324
м3к,88,55.7602708,37.6493522
м3к,89,55.760351,37.6494952
м3к,90,55.7603972,37.6495687
м3к,91,55.760458,37.6496691
м3к,92,55.7605607,37.6498359
м3к,93,55.7606276,37.6499412
м3к,94,55.7607479,37.6501318
м3к,95,55.7609366,37.6504066
м3к,96,55.7610056,37.6505042
м3к,97,55.7610685,37.650596
м3к,98,55.7611173,37.650666
м3к,99,55.7613681,37.6510212
м3к,100,55.7615964,37.6513628
м3к,101,55.7617557,37.6516007
м3к,102,55.7618025,37.6516689
м3к,103,55.7618234,37.6516993
м3к,104,55.7618761,37.6517758
м3к,105,55.7619672,37.6519166
м3к,106,55.7619872,37.6519485
м3к,107,55.7620701,37.6520806
м3к,108,55.7621981,37.6522953
м3к,109,55.7624016,37.6526408
м3к,110,55.7624471,37.6527209
м3к,111,55.7625168,37.652851
м3к,112,55.7626679,37.6531262
м3к,113,55.7626874,37.6531621
м3к,114,55.7628541,37.6534824
м3к,115,55.7630076,37.6537944
м3к,116,55.7630837,37.6539526
м3к,117,55.7631605,37.654119
м3к,118,55.7632302,37.6542654
м3к,119,55.7633094,37.6544308
м3к,120,55.7633145,37.6544415
м3к,121,55.7634638,37.6547556
м3к,122,55.7635957,37.6550396
м3к,123,55.7637089,37.6553086
м3к,124,55.7637872,37.6554904
м3к,125,55.763966,37.6559372
м3к,126,55.7640398,37.6561443
м3к,127,55.7641028,37.6564269
м3к,128,55.7641551,37.6566225
м3к,129,55.7641797,37.6567018
м3к,130,55.7643011,37.6570642
м3к,131,55.7645653,37.6578526
м3к,132,55.7646813,37.6581992
м3к,133,55.7648182,37.658612
м3к,134,55.7648729,37.6587773
м3к,135,55.7648822,37.658804
м3к,136,55.7649144,37.6589026
м3к,137,55.7649628,37.6590493
м3к,138,55.7649867,37.6591215
м3к,139,55.765145,37.6595852
м3к,140,55.7652519,37.6598984
м3к,141,55.7652728,37.6599597
м3к,142,55.7654005,37.6603338
м3к,143,55.7654451,37.6604645
м3к,144,55.7655379,37.6607226
м3к,145,55.7656221,37.6609614
м3к,146,55.7659317,37.661839
м3к,147,55.7660026,37.6620355
м3к,148,55.7661767,37.6625073
м3к,149,55.7662153,37.6626024
м3к,150,55.7664947,37.6633071
м3к,151,55.76685,37.6641882
м3к,152,55.766874,37.6642491
м3к,153,55.766927,37.6643778
м3к,154,55.7670379,37.6646287
м3к,155,55.7671134,37.6647848
м3к,156,55.7674657,37.6655128
м3к,157,55.7676642,37.6659187
м3к,158,55.7678951,37.6663733
м3к,159,55.7682253,37.6670233
м3к,160,55.7685445,37.6676506
м3к,161,55.768599,37.6677543
м3к,162,55.7686763,37.6679079
м3к,163,55.768796,37.6681456
м3к,164,55.7690482,37.6686492
м3к,165,55.7691507,37.6688524
м3к,166,55.7692258,37.6690014
м3к,167,55.7693804,37.6692994
м3к,168,55.7694248,37.6693849
м3к,169,55.7694524,37.6694395
м3к,170,55.7696607,37.6698673
м3к,171,55.7697828,37.6700828
м3к,172,55.7698093,37.6701293
м3к,173,55.7699395,37.6703591
м3к,174,55.7701329,37.6707003
м3к,175,55.7701762,37.6707768
м3к,176,55.7704421,37.6712457
м3к,177,55.7708108,37.671887
м3к,178,55.77087,37.6719901
м3к,179,55.7708973,37.6720375
м3к,180,55.770958,37.6721431
м3к,181,55.7710224,37.672255
м3к,182,55.7710394,37.672286
м3к,183,55.7711074,37.6724116
м3к,184,55.7715527,37.6732194
м3к,185,55.7717644,37.6736063
м3к,186,55.7718354,37.673736
м3к,187,55.7719493,37.6739423
м3к,188,55.7720469,37.6741191
м3к,189,55.772123,37.6743047
м3к,190,55.7721607,37.6744274
м3к,191,55.7722682,37.6748128
м3к,192,55.77229,37.674891
м3к,193,55.772441,37.6754303
м3к,194,55.7725062,37.6756843
м3к,195,55.7725168,37.6757279
м3к,196,55.7725875,37.6760202
м3к,197,55.772623,37.6761871
м3к,198,55.7728112,37.6770725
м3к,199,55.7728696,37.6773473
м3к,200,55.7730829,37.678284
м3к,201,55.7731095,37.6783946
м3к,202,55.7731154,37.6784201
м3к,203,55.7731215,37.6784448
м3к,204,55.7731505,37.6785567
м3к,205,55.7732597,37.6789489
м3к,206,55.77334,37.6792296
м3к,207,55.7735759,37.6800535
м3к,208,55.7736434,37.6802919
м3к,209,55.7738561,37.6810291
м3к,210,55.77402,37.6816073
м3к,211,55.7741819,37.6821807
м3к,212,55.7743707,37.6828182
м3к,213,55.7744464,37.6830787
м3к,214,55.7745666,37.6834538
м3к,215,55.7746406,37.6836593
м3к,216,55.7747353,37.6839002
м3к,217,55.7748838,37.6842264
м3к,218,55.7750493,37.6845453
м3к,219,55.7754207,37.6852984
м3к,220,55.7758065,37.6860254
м3к,221,55.7758425,37.6860933
м3к,222,55.775971,37.6863401
м3к,223,55.7766666,37.6876758
м3к,224,55.7766935,37.6877254
м3к,225,55.776841,37.6880067
м3к,226,55.7775473,37.6893461
м3к,227,55.777713,37.6896535
м3к,228,55.7777904,37.6897929
м3к,229,55.7778559,37.6899067
м3к,230,55.7779023,37.689974
м3к,231,55.7781262,37.6902985
м3к,232,55.7785277,37.6908967
м3к,233,55.7789969,37.691594
м3к,234,55.7791169,37.6917674
м3к,235,55.7793113,37.6920559
м3к,236,55.7794219,37.6922418
м3к,237,55.7795066,37.6923872
м3к,238,55.7795457,37.6924616
м3к,239,55.7796448,37.6926505
м3к,240,55.7797557,37.6928823
м3к,241,55.7801457,37.6937289
м3к,242,55.7803699,37.6942298
м3к,243,55.7804189,37.6943379
м3к,244,55.7804797,37.6944759
м3к,245,55.7809315,37.6954325
м3к,246,55.7809895,37.6955554
м3к,247,55.7811986,37.6959982
м3к,248,55.7812544,37.6961207
м3к,249,55.781308,37.6962081
м3к,250,55.7813606,37.6962784
м3к,251,55.7813959,37.6963202
м3к,252,55.7815749,37.6964863
м3к,253,55.7816708,37.6965474
м3к,254,55.781771,37.6966039
м3к,255,55.7819119,37.6966622
м3к,256,55.7822376,37.6967436
м3к,257,55.7823403,37.6968243
м3к,258,55.7823976,37.6968777
м3к,259,55.7824506,37.6969296
м3к,260,55.7825027,37.6970014
м3к,261,55.782545,37.6970834
м3к,262,55.7825741,37.6971792
м3к,263,55.782595,37.6972595
м3к,264,55.7826165,37.6974051
м3к,265,55.7826519,37.6996321
м3к,266,55.7826601,37.7001495
м3к,267,55.7826786,37.7013122
м3к,268,55.7826798,37.7014176
м3к,269,55.7827015,37.702197
м3к,270,55.7827047,37.7026327
м3к,271,55.7826994,37.7028454
м3к,272,55.7826885,37.7030401
м3к,273,55.7826718,37.7031685
м3к,274,55.7826423,37.7033588
м3к,275,55.7824509,37.7043865
м3к,276,55.7824005,37.7046935
м3к,277,55.7823293,37.7051695
м3к,278,55.7823103,37.7054161
м3к,279,55.7822979,37.7056526
м3к,280,55.7823034,37.7060454
м3к,281,55.7822857,37.7063587
м3к,282,55.78227,37.7066022
м3к,283,55.7822463,37.7069707
м3к,284,55.7822171,37.7074968
м3к,285,55.7821829,37.7081008
м3к,286,55.7821331,37.7089852
м3к,287,55.7821129,37.709231
м3к,288,55.7820933,37.7094616
м3к,289,55.7820684,37.7096421
м3к,290,55.7818341,37.7109008
м3к,291,55.7817218,37.7115175
м3к,292,55.7816297,37.711998
м3к,293,55.7813224,37.7136153
м3к,294,55.78108,37.7148877
м3к,295,55.7810527,37.7150307
м3к,296,55.7809224,37.7157183
м3к,297,55.7809052,37.715809
м3к,298,55.7808327,37.7161401
м3к,299,55.7807799,37.7163385
м3к,300,55.7807193,37.7165295
м3к,301,55.7806847,37.7166407
м3к,302,55.7805924,37.7169093
м3к,303,55.7804034,37.7174297
м3к,304,55.7802905,37.7177405
м3к,305,55.7802616,37.71782
м3к,306,55.7801258,37.7181531
м3к,307,55.7800717,37.7182858
м3к,308,55.7800274,37.7183998
м3к,309,55.7799774,37.7185673
м3к,310,55.7799378,37.7187496
м3к,311,55.7799098,37.7188915
м3к,312,55.7798779,37.7190797
м3к,313,55.7797214,37.72024
м3к,314,55.7796801,37.7203687
м3к,315,55.7796421,37.7204459
м3к,316,55.7795987,37.7204826
м3к,317,55.7795732,37.7204973
м3к,318,55.7795586,37.7205058
м3к,319,55.779499,37.7205169
м3к,320,55.7792551,37.7205121
м3к,321,55.7791058,37.7205092
м3к,322,55.7790598,37.7204552
м3к,323,55.7790201,37.720366
м3к,324,55.779001,37.7202309
м3к,325,55.7790141,37.7200684
116,1,55.7529225,37.4945218
116,2,55.7529184,37.4946289
116,3,55.7529146,37.4947988
116,4,55.7528985,37.4957883
116,5,55.7528982,37.4963449
116,6,55.7528947,37.4967013
116,7,55.7528938,37.4968077
116,8,55.7528923,37.496974
116,9,55.7528917,37.4970984
116,10,55.7528904,37.4973332
116,11,55.7528908,37.4976052
116,12,55.7528947,37.4980383
116,13,55.7528989,37.4984244
116,14,55.7529038,37.4988704
116,15,55.7529146,37.4998634
116,16,55.7529154,37.4999601
116,17,55.7529204,37.5005395
116,18,55.7529226,37.5010281
116,19,55.7529242,37.5011779
116,20,55.7529293,37.5015526
116,21,55.7529315,37.5017561
116,22,55.7529372,37.5021235
116,23,55.7529423,37.5027882
116,24,55.7529447,37.503195
116,25,55.7529422,37.5033114
116,26,55.7529316,37.5033961
116,27,55.7528887,37.5035705
116,28,55.7527605,37.5039871
116,29,55.7526968,37.5042078
116,30,55.7526212,37.5044619
116,31,55.752611,37.5044972
116,32,55.7525671,37.5046504
116,33,55.7525606,37.504673
116,34,55.7525212,37.5048102
116,35,55.7524957,37.5048945
116,36,55.7524732,37.5049724
116,37,55.7524023,37.5051998
116,38,55.7523275,37.5054523
116,39,55.7521755,37.5059655
116,40,55.752023,37.5064793
116,41,55.7519048,37.5068102
116,42,55.7516788,37.5072985
116,43,55.7515413,37.5075988
116,44,55.7514706,37.5077368
116,45,55.7513675,37.5079482
116,46,55.7512668,37.5081321
116,47,55.7511884,37.5082706
116,48,55.7511229,37.5083863
116,49,55.7509962,37.5086102
116,50,55.7508885,37.5088029
116,51,55.7508191,37.5089269
116,52,55.750698,37.5091464
116,53,55.7505092,37.5094884
116,54,55.749938,37.5105389
116,55,55.7498442,37.5107006
116,56,55.7495121,37.5111947
116,57,55.7493828,37.5113872
116,58,55.749259,37.5115714
116,59,55.7486429,37.5123971
116,60,55.7481271,37.5130343
116,61,55.7479117,37.5132948
116,62,55.7474941,37.5138051
116,63,55.7473774,37.5139434
116,64,55.7472207,37.5141338
116,65,55.7469165,37.5145517
116,66,55.7467323,37.5147723
116,67,55.746672,37.5145972
116,68,55.7466614,37.5145664
116,69,55.7464819,37.5140633
116,70,55.7464644,37.5140138
116,71,55.7464212,37.5138921
116,72,55.7463842,37.5137778
116,73,55.7462618,37.5133994
116,74,55.7462217,37.5132756
116,75,55.7462105,37.5132411
116,76,55.7461634,37.5130953
116,77,55.7461283,37.512987
116,78,55.7461113,37.5129345
116,79,55.7458201,37.5120345
116,80,55.7457821,37.5119175
116,81,55.7457263,37.5117459
116,82,55.7452982,37.5104144
116,83,55.7451921,37.5100881
116,84,55.7451471,37.5099494
116,85,55.7450972,37.5097958
116,86,55.745032,37.5095953
116,87,55.7449796,37.5094257
116,88,55.7449074,37.509184
116,89,55.7446312,37.5082588
116,90,55.744608,37.5081811
116,91,55.7444072,37.5075086
116,92,55.7443748,37.507403
116,93,55.7443616,37.5073598
116,94,55.7443299,37.5072566
116,95,55.7441139,37.5065864
116,96,55.7439616,37.5061026
116,97,55.7436487,37.505124
116,98,55.7427104,37.5021718
116,99,55.7425027,37.5015183
116,100,55.7424429,37.5013304
116,101,55.7423726,37.5011104
116,102,55.7422293,37.5006616
116,103,55.7420763,37.5001826
116,104,55.7419678,37.4998428
116,105,55.7419344,37.4997385
116,106,55.7418896,37.4998248
116,107,55.7417621,37.5000641
116,108,55.7416175,37.5003478
116,109,55.7415437,37.5004892
116,110,55.741512,37.50055
116,111,55.7414099,37.5007555
116,112,55.741325,37.5009334
116,113,55.7412883,37.5010103
116,114,55.740798,37.5021067
116,115,55.7405062,37.5027511
116,116,55.7402831,37.5032506
116,117,55.7402611,37.5033002
116,118,55.7399109,37.5040888
116,119,55.7398253,37.5042881
116,120,55.739581,37.5048573
116,121,55.7393168,37.5054844
116,122,55.7392607,37.5056177
116,123,55.7389232,37.506404
116,124,55.7388905,37.50648
116,125,55.7386214,37.5070734
116,126,55.7384224,37.5074959
116,127,55.7378581,37.5086868
116,128,55.7377739,37.508866
116,129,55.7377501,37.5089168
116,130,55.737698,37.5090476
116,131,55.7376788,37.5090958
116,132,55.7376278,37.5092454
116,133,55.7375698,37.5094518
116,134,55.7375319,37.5096074
116,135,55.7374738,37.5097979
116,136,55.7374387,37.5098896
116,137,55.737387,37.5099567
116,138,55.7373427,37.5099907
116,139,55.7372841,37.5100037
116,140,55.737245,37.5099989
116,141,55.7371863,37.5099855
116,142,55.7370806,37.5099598
116,143,55.736986,37.5098605
116,144,55.7368875,37.5097756
116,145,55.7367571,37.5097023
116,146,55.7365621,37.5096624
116,147,55.7364074,37.5096796
116,148,55.7362804,37.5097194
116,149,55.7361171,37.5097827
116,150,55.7359649,37.5099139
116,151,55.7358295,37.5100851
116,152,55.7357365,37.510224
116,153,55.7356457,37.510396
116,154,55.7354813,37.5107569
116,155,55.7353959,37.5110425
116,156,55.7353162,37.5113585
116,157,55.7352267,37.51185
116,158,55.7351863,37.5121721
116,159,55.7351894,37.512496
116,160,55.7352345,37.5129018
116,161,55.7354287,37.5140773
116,162,55.7358574,37.516329
116,163,55.735974,37.5169412
116,164,55.7360623,37.5174895
116,165,55.7361483,37.5180048
116,166,55.7362376,37.5185132
116,167,55.7362678,37.5186676
116,168,55.7363515,37.5191012
116,169,55.736462,37.5196067
116,170,55.7366422,37.520431
116,171,55.7372142,37.522855
116,172,55.7373155,37.523292
116,173,55.7375679,37.5244093
116,174,55.7382168,37.5272967
116,175,55.7383177,37.5277256
116,176,55.7389574,37.530418
116,177,55.7389875,37.5305391
116,178,55.7390827,37.5309563
116,179,55.7396923,37.5336122
116,180,55.7398249,37.5341743
116,181,55.7399424,37.5346683
116,182,55.7402082,37.5358224
116,183,55.7401944,37.5360695
116,184,55.7402019,37.5363377
116,185,55.7402216,37.536567
116,186,55.7402563,37.5367735
116,187,55.7403291,37.5369647
116,188,55.7405949,37.5376316
116,189,55.7406178,37.5376793
116,190,55.7406987,37.5378478
116,191,55.7411495,37.5385724
116,192,55.7412698,37.5388703
116,193,55.7414213,37.5392574
116,194,55.7416934,37.5399285
116,195,55.7419848,37.5406424
116,196,55.7424365,37.5417506
116,197,55.742841,37.5427398
116,198,55.7433843,37.5440671
116,199,55.7435832,37.5445851
116,200,55.7440188,37.5457939
116,201,55.7440918,37.5459987
116,202,55.74412,37.5460772
116,203,55.7442139,37.5463395
116,204,55.7444107,37.5468954
116,205,55.7444345,37.5469639
116,206,55.7447143,37.5477585
116,207,55.7452174,37.5490239
116,208,55.7460374,37.5513674
116,209,55.7462141,37.5518677
116,210,55.7463645,37.5523383
116,211,55.747131,37.5550921
116,212,55.7471528,37.555167
116,213,55.7473463,37.5559018
116,214,55.7475355,37.5565776
116,215,55.7478614,37.5577433
116,216,55.7483557,37.559511
116,217,55.748416,37.5597299
116,218,55.7484574,37.5598779
116,219,55.7490358,37.5619133
116,220,55.7495639,37.5637458
116,221,55.7498279,37.5646836
116,222,55.7503334,37.5664568
116,223,55.7504992,37.5670406
116,224,55.7505628,37.5672549
116,225,55.7508365,37.5682504
116,226,55.7508573,37.568329
116,227,55.7514566,37.570469
116,228,55.7517551,37.5715143
116,229,55.752473,37.5740291
116,230,55.7525,37.5741635
116,231,55.7525103,37.5742897
116,232,55.7524865,37.5745314
116,233,55.7524653,37.574638
116,234,55.7524264,37.5747326
116,235,55.7523844,37.5747946
116,236,55.7523392,37.5748377
116,237,55.7522251,37.5749121
116,238,55.7519407,37.5751083
116,239,55.7518455,37.5751997
116,240,55.7517282,37.5752682
116,241,55.7512628,37.5755708
116,242,55.7512052,37.5756089
116,243,55.7511546,37.5756412
116,244,55.7511059,37.5756641
116,245,55.7510765,37.5756721
116,246,55.7510192,37.5756622
116,247,55.7509825,37.5756375
116,248,55.7509545,37.5755955
116,249,55.7509312,37.5755274
116,250,55.7509154,37.575462
116,251,55.7510982,37.5753489
116,252,55.7513321,37.575173
116,253,55.7515342,37.5749997
116,254,55.7516468,37.5748861
116,255,55.7520793,37.5743861
116,256,55.7523259,37.5740539
116,257,55.7527154,37.5734713
116,258,55.7530682,37.5728074
116,259,55.7532109,37.5724939
116,260,55.7534838,37.5718387
116,261,55.7537312,37.5711544
116,262,55.7538866,37.5706556
116,263,55.7539417,37.5705535
116,264,55.7539748,37.5705054
116,265,55.7540124,37.5704647
116,266,55.7540519,37.5704551
116,267,55.7540999,37.5704754
116,268,55.7541369,37.5705143
116,269,55.7541565,37.5705633
116,270,55.7541722,37.5706138
116,271,55.7541681,37.5706902
116,272,55.7541424,37.5707963
116,273,55.7539309,37.5715336
116,274,55.7537276,37.5721642
116,275,55.7534811,37.5728586
116,276,55.753114,37.5737546
116,277,55.7530941,37.5738051
116,278,55.7529672,37.574185
116,279,55.7529332,37.5743097
116,280,55.7529256,37.5743754
116,281,55.7529219,37.5744305
116,282,55.7529399,37.5744592
116,283,55.7530492,37.5746612
116,284,55.7531699,37.5748435
116,285,55.753234,37.5749181
116,286,55.753345,37.5750474
116,287,55.7539159,37.5755716
116,288,55.7543195,37.5759421
116,289,55.7544212,37.5760355
116,290,55.754642,37.5762382
116,291,55.7548407,37.5764291
116,292,55.7548993,37.576482
116,293,55.7549979,37.576571
116,294,55.7552186,37.576776
116,295,55.7553097,37.5768634
116,296,55.7560508,37.5775421
116,297,55.7561269,37.5776118
116,298,55.7562053,37.5776836
116,299,55.7565434,37.5779551
116,300,55.7568805,37.5781683
116,301,55.7572113,37.5783081
116,302,55.7574161,37.5783809
116,303,55.7575675,37.5784275
116,304,55.7577449,37.5784822
116,305,55.7578106,37.5785016
116,306,55.75791,37.578531
116,307,55.7579898,37.5785531
116,308,55.758061,37.5785648
116,309,55.7581259,37.5785737
116,310,55.7582027,37.5785768
116,311,55.7582387,37.5785782
116,312,55.7583307,37.5785817
116,313,55.7584668,37.5785791
116,314,55.7587197,37.5785572
116,315,55.7587943,37.5785626
116,316,55.7588587,37.5785769
116,317,55.7589403,37.5785973
116,318,55.7589811,37.5786053
116,319,55.7590367,37.5786071
116,320,55.7593234,37.5785924
116,321,55.7594977,37.5785928
116,322,55.7596991,37.5785956
116,323,55.7597448,37.5785949
116,324,55.7599541,37.5785986
116,325,55.7600964,37.5786013
116,326,55.7601929,37.5786031
116,327,55.760288,37.5785878
116,328,55.760353,37.5785888
116,329,55.760402,37.5785893
116,330,55.7604857,37.5785959
116,331,55.7605478,37.578608
116,332,55.7605903,37.5786255
116,333,55.7606495,37.5786652
116,334,55.7606958,37.5787029
116,335,55.7607373,37.5787402
116,336,55.7607848,37.5787912
116,337,55.760838,37.578848
116,338,55.7608929,37.5789036
116,339,55.7609435,37.5789529
116,340,55.7609883,37.5789933
116,341,55.7610355,37.5790227
116,342,55.7611049,37.5790524
116,343,55.7611868,37.5790729
116,344,55.7612231,37.5790816
116,345,55.7613818,37.5791312
116,346,55.7615611,37.5791873
116,347,55.7619388,37.579324
116,348,55.7620517,37.579354
116,349,55.7621975,37.5793915
116,350,55.7623023,37.5793999
116,351,55.7623757,37.5793889
116,352,55.7624502,37.5793697
116,353,55.762523,37.5793415
116,354,55.7625838,37.5793107
116,355,55.7626977,37.5792061
116,356,55.7629782,37.5789418
116,357,55.7630542,37.5788701
116,358,55.7634799,37.5784279
116,359,55.7635329,37.5783783
116,360,55.7635719,37.5783519
116,361,55.7636145,37.5783332
116,362,55.7636685,37.5783286
116,363,55.7637224,37.5783251
116,364,55.7640426,37.5783359
116,365,55.7642691,37.5783485
116,366,55.7643052,37.578349
116,367,55.7643511,37.5783496
116,368,55.7644343,37.5783407
116,369,55.7644958,37.5783317
116,370,55.7645524,37.5783149
116,371,55.7647666,37.5782433
116,372,55.7649451,37.5781836
116,373,55.7651305,37.5781091
116,374,55.7652583,37.5780624
116,375,55.765401,37.5780401
116,376,55.7654263,37.5780357
116,377,55.7654575,37.5780303
116,378,55.7655144,37.5780266
116,379,55.7655293,37.5779234
116,380,55.7655415,37.5778388
116,381,55.7655961,37.5774595
116,382,55.7656027,37.5774114
116,383,55.7656056,37.5773621
116,384,55.7655987,37.5772724
116,385,55.7655605,37.5770823
116,386,55.7654986,37.576768
116,387,55.7654179,37.5763509
116,388,55.7653706,37.5760719
116,389,55.7653333,37.575815
116,390,55.7653102,37.5756512
116,391,55.7652521,37.5751629
116,392,55.7652422,37.5750872
116,393,55.7652089,37.5747892
116,394,55.7651932,37.5746567
116,395,55.7651568,37.5743452
116,396,55.7651438,37.5741408
116,397,55.7651406,37.5740355
116,398,55.7651412,37.5739602
116,399,55.7651589,37.5736257
116,400,55.7651749,37.573325
116,401,55.7652376,37.5721853
116,402,55.765245,37.5720449
116,403,55.765311,37.572066
116,404,55.7655841,37.5721093
116,405,55.7658231,37.5721456
116,406,55.766277,37.5722145
116,407,55.7667987,37.5722913
116,408,55.7672119,37.5723562
116,409,55.767367,37.5723791
116,410,55.7676358,37.5724139
116,411,55.7677206,37.5724248
116,412,55.767802,37.5724324
116,413,55.7679152,37.5724429
116,414,55.7681066,37.5724521
116,415,55.7685944,37.5724755
116,416,55.7691526,37.5725023
116,417,55.7692131,37.5725121
116,418,55.7692808,37.5725218
116,419,55.7694757,37.5725537
116,420,55.7697064,37.5725887
116,421,55.7698845,37.5726149
116,422,55.7700355,37.5726427
116,423,55.7705997,37.57276
116,424,55.7706702,37.5727739
116,425,55.7708723,37.5728146
116,426,55.7711805,37.5728742
116,427,55.7713125,37.572903
116,428,55.7713702,37.5729164
116,429,55.7715023,37.5729471
116,430,55.7717466,37.5730072
116,431,55.7718949,37.5730464
116,432,55.7720129,37.573075
116,433,55.7722089,37.5731246
116,434,55.7724291,37.5731803
116,435,55.7724785,37.5731932
116,436,55.772532,37.5731692
116,437,55.7725812,37.5731031
116,438,55.7726685,37.5732885
116,439,55.7727018,37.5733755
116,440,55.7729022,37.5739746
116,441,55.7729504,37.5741508
116,442,55.7729727,37.5742386
116,443,55.7729901,37.5743325
116,444,55.7729984,37.5744049
116,445,55.7730059,37.5745323
116,446,55.7730067,37.5746785
116,447,55.7729976,37.5747912
116,448,55.7729035,37.5754585
116,449,55.7728882,37.5755628
116,450,55.772849,37.5758271
116,451,55.7728403,37.5758975
116,452,55.7728329,37.5759672
116,453,55.7728306,37.5760372
116,454,55.7728355,37.5761065
116,455,55.7728433,37.5761623
116,456,55.7728543,37.5762063
116,457,55.7728935,37.5763509
116,458,55.7730816,37.5768889
116,459,55.7731591,37.5771105
116,460,55.7731835,37.5771834
116,461,55.7733385,37.5776459
116,462,55.7734115,37.5778638
116,463,55.7734335,37.5779295
116,464,55.7734619,37.5780144
116,465,55.7735187,37.5781823
116,466,55.7735825,37.5783707
116,467,55.7736164,37.578471
116,468,55.7736622,37.5786065
116,469,55.7736834,37.5786686
116,470,55.7736925,37.5786953
116,471,55.7737711,37.5789243
116,472,55.7738091,37.5790363
116,473,55.7739887,37.5795658
116,474,55.7740544,37.5797581
116,475,55.7741199,37.57995
116,476,55.7742043,37.5801941
116,477,55.7742284,37.5802648
116,478,55.7744274,37.5808468
116,479,55.7745578,37.5812267
116,480,55.7746412,37.5814805
116,481,55.7747688,37.5818678
116,482,55.7748536,37.5821254
116,483,55.7748944,37.5822492
116,484,55.7749856,37.582526
116,485,55.7750699,37.5827821
116,486,55.7751187,37.5829304
116,487,55.7751475,37.5830177
116,488,55.7752007,37.5831666
116,489,55.7752557,37.5833151
116,490,55.7751337,37.5834739
116,491,55.774959,37.5837515
116,492,55.7748033,37.5840201
116,493,55.7746952,37.5842064
м1,1,55.6740592,37.5249629
м1,2,55.6750346,37.5264098
м1,3,55.6757153,37.5274052
м1,4,55.6759388,37.5277399
м1,5,55.6770554,37.5293525
м1,6,55.6774831,37.5300089
м1,7,55.6775512,37.5301085
м1,8,55.6776876,37.5303136
м1,9,55.6783878,37.5313414
м1,10,55.6786675,37.531752
м1,11,55.6791567,37.5324475
м1,12,55.6797206,37.5332743
м1,13,55.6810556,37.535232
м1,14,55.682177,37.536897
м1,15,55.6824208,37.5372607
м1,16,55.6842253,37.5399216
м1,17,55.684326,37.5400706
м1,18,55.6849162,37.5409507
м1,19,55.6851541,37.5413014
м1,20,55.6861495,37.5427855
м1,21,55.6874109,37.5446345
м1,22,55.6876724,37.5450357
м1,23,55.6877375,37.5451277
м1,24,55.6878155,37.545246
м1,25,55.6878247,37.54526
м1,26,55.6878545,37.5453085
м1,27,55.6878933,37.5453718
м1,28,55.6879576,37.5454666
м1,29,55.6881481,37.545748
м1,30,55.6882249,37.5458614
м1,31,55.6887901,37.5468315
м1,32,55.6895398,37.5481169
м1,33,55.6897904,37.5485842
м1,34,55.6913844,37.5513893
м1,35,55.6920853,37.5526226
м1,36,55.6922214,37.5528626
м1,37,55.6935288,37.5550769
м1,38,55.6942299,37.5563149
м1,39,55.6943248,37.5564945
м1,40,55.6947261,37.5572287
м1,41,55.6948072,37.5573809
м1,42,55.694937,37.557608
м1,43,55.6949738,37.5576632
м1,44,55.6962423,37.5598917
м1,45,55.6965016,37.5603532
м1,46,55.6972663,37.5617145
м1,47,55.6974116,37.5619705
м1,48,55.6993151,37.5653239
м1,49,55.6997068,37.566014
м1,50,55.6997568,37.5661021
м1,51,55.6998475,37.5662659
м1,52,55.7001728,37.5668502
м1,53,55.7010451,37.5683946
м1,54,55.7013969,37.5690199
м1,55,55.7015411,37.5692754
м1,56,55.7020523,37.5701813
м1,57,55.7024982,37.5709618
м1,58,55.7031217,37.5720493
м1,59,55.7035044,37.5727319
м1,60,55.7037909,37.5732565
м1,61,55.7040557,37.5737412
м1,62,55.7043843,37.5743428
м1,63,55.7045658,37.5746809
м1,64,55.7054806,37.5763848
м1,65,55.7064703,37.5782314
м1,66,55.7067539,37.5787668
м1,67,55.7069224,37.5790914
м1,68,55.7072519,37.5797236
м1,69,55.7075952,37.5803976
м1,70,55.7077752,37.5807463
м1,71,55.7081855,37.5814897
м1,72,55.7092192,37.5834562
м1,73,55.7092429,37.5835012
м1,74,55.7095326,37.5840174
м1,75,55.7098119,37.5844229
м1,76,55.7103741,37.5851287
м1,77,55.7104144,37.5851836
м1,78,55.7112967,37.586384
м1,79,55.7116131,37.5868069
м1,80,55.7119734,37.5872886
м1,81,55.7133733,37.5891607
м1,82,55.7143625,37.5904835
м1,83,55.7144709,37.5906256
м1,84,55.7145895,37.5907871
м1,85,55.7150574,37.5914444
м1,86,55.7162447,37.5931122
м1,87,55.7171365,37.594365
м1,88,55.7173057,37.5946027
м1,89,55.7174937,37.5948765
м1,90,55.7184987,37.5963418
м1,91,55.7193911,37.5976399
м1,92,55.7195044,37.5978071
м1,93,55.7202587,37.5989206
м1,94,55.7203166,37.5990059
м1,95,55.7205648,37.5993723
м1,96,55.7207578,37.5996572
м1,97,55.7212787,37.6004261
м1,98,55.7224016,37.6021733
м1,99,55.7227493,37.6026876
м1,100,55.7239128,37.6043779
м1,101,55.7239276,37.6044053
м1,102,55.7242333,37.6048615
м1,103,55.7247357,37.6056114
м1,104,55.7247972,37.6057033
м1,105,55.7248633,37.6057991
м1,106,55.7250944,37.6061323
м1,107,55.7256406,37.6069242
м1,108,55.7266738,37.6084224
м1,109,55.7270744,37.6090033
м1,110,55.7272657,37.6093045
м1,111,55.7274764,37.6096518
м1,112,55.7276124,37.609893
м1,113,55.7276568,37.6099756
м1,114,55.7277997,37.6102458
м1,115,55.7279818,37.6106016
м1,116,55.728085,37.6108015
м1,117,55.728207,37.611039
м1,118,55.7282899,37.6112003
м1,119,55.728431,37.6114751
м1,120,55.7284731,37.6115524
м1,121,55.7285087,37.6116179
м1,122,55.7285861,37.6117548
м1,123,55.7286714,37.611891
м1,124,55.728765,37.6120128
м1,125,55.7288766,37.6121095
м1,126,55.7289833,37.6121784
м1,127,55.7290842,37.6122211
м1,128,55.7291857,37.612248
м1,129,55.7292755,37.612263
м1,130,55.7293629,37.6122696
м1,131,55.7294733,37.6122767
м1,132,55.7295843,37.6122837
м1,133,55.7297763,37.6122963
м1,134,55.729962,37.6123085
м1,135,55.7302804,37.6122938
м1,136,55.7304856,37.6122772
м1,137,55.731121,37.6122585
м1,138,55.7313013,37.6122626
м1,139,55.7316611,37.6122701
м1,140,55.7319251,37.6122972
м1,141,55.7319862,37.6123035
м1,142,55.7322839,37.6123552
м1,143,55.7325921,37.612428
м1,144,55.7329265,37.6125212
м1,145,55.7330798,37.6125748
м1,146,55.7333057,37.6126537
м1,147,55.7336438,37.6127748
м1,148,55.7343457,37.6130472
м1,149,55.7345396,37.613129
м1,150,55.734828,37.6132506
м1,151,55.7351978,37.6134307
м1,152,55.7353905,37.6135348
м1,153,55.7359131,37.6138675
м1,154,55.7367035,37.6143939
м1,155,55.7374173,37.6148632
м1,156,55.7384865,37.6155715
м1,157,55.7388165,37.6157998
м1,158,55.7392931,37.6161038
м1,159,55.7395978,37.6163033
м1,160,55.7399088,37.6165079
м1,161,55.7399559,37.6165389
м1,162,55.7400247,37.6165842
м1,163,55.7402087,37.6166953
м1,164,55.7403395,37.6167567
м1,165,55.7404984,37.6167951
м1,166,55.7406081,37.6167869
м1,167,55.7407398,37.616746
м1,168,55.7416418,37.6162514
м1,169,55.7422556,37.6158516
м1,170,55.7423069,37.6158214
м1,171,55.7424294,37.6157492
м1,172,55.7425461,37.6156844
м1,173,55.7426033,37.6156528
м1,174,55.743111,37.6152992
м1,175,55.7433971,37.6151083
м1,176,55.7437852,37.6148131
м1,177,55.744104,37.6145791
м1,178,55.7444464,37.6143164
м1,179,55.7446725,37.6141588
м1,180,55.7471657,37.6121093
м1,181,55.7478969,37.6115083
м1,182,55.7485376,37.6109816
м1,183,55.7486205,37.6108924
м1,184,55.7487189,37.6107167
м1,185,55.7487982,37.6105207
м1,186,55.7488533,37.6103515
м1,187,55.7489177,37.6101517
м1,188,55.7489577,37.6100294
м1,189,55.7490302,37.609832
м1,190,55.7491216,37.6096096
м1,191,55.7491714,37.6095223
м1,192,55.7492176,37.6094646
м1,193,55.7492668,37.6094212
м1,194,55.7493991,37.609352
м1,195,55.7494815,37.6093165
м1,196,55.7495465,37.6093047
м1,197,55.7496459,37.6093001
м1,198,55.7497417,37.6093133
м1,199,55.7498993,37.6093614
м1,200,55.7499571,37.6093945
м1,201,55.7499988,37.6094179
м1,202,55.7505824,37.6097564
м1,203,55.750894,37.6099352
м1,204,55.7515539,37.610314
м1,205,55.7519521,37.6105426
м1,206,55.7522434,37.610777
м1,207,55.7524248,37.6109284
м1,208,55.7524749,37.6109901
м1,209,55.7526507,37.6111999
м1,210,55.7528146,37.6112886
м1,211,55.752943,37.6113558
м1,212,55.7535234,37.6116729
м1,213,55.7538599,37.6118409
м1,214,55.754321,37.6120806
м1,215,55.7544689,37.6121702
м1,216,55.7545607,37.6122435
м1,217,55.7547182,37.6124046
м1,218,55.7548481,37.6125501
м1,219,55.7550483,37.6127792
м1,220,55.7552359,37.6129739
м1,221,55.7552711,37.6130105
м1,222,55.7555302,37.6132885
м1,223,55.7556133,37.6133819
м1,224,55.7558501,37.613648
м1,225,55.755921,37.6137217
м1,226,55.7560415,37.6138639
м1,227,55.7561619,37.6140109
м1,228,55.7562829,37.6141734
м1,229,55.7563561,37.6142577
м1,230,55.7565198,37.6144754
м1,231,55.7567459,37.6147605
м1,232,55.7568992,37.614918
м1,233,55.7569514,37.6149501
м1,234,55.756969,37.6149529
м1,235,55.7570113,37.6149588
м1,236,55.7570577,37.6149462
м1,237,55.7571024,37.6149151
м1,238,55.7571459,37.6148403
м1,239,55.7573044,37.6145157
м1,240,55.7575453,37.614045
м1,241,55.7577727,37.6136351
м1,242,55.7578748,37.6134485
м1,243,55.7579727,37.6133122
м1,244,55.7580982,37.6131661
м1,245,55.7583368,37.6129196
м1,246,55.7586092,37.6126281
м1,247,55.7588316,37.612385
м1,248,55.7591644,37.6120465
м1,249,55.7592823,37.6119265
м1,250,55.7593295,37.6118808
м1,251,55.7603099,37.6109129
м1,252,55.7607744,37.6104315
м1,253,55.7611393,37.6100751
м1,254,55.7614092,37.6097962
м1,255,55.7616664,37.6095134
м1,256,55.7618822,37.6092664
м1,257,55.762116,37.6089933
м1,258,55.762501,37.6085107
м1,259,55.7625946,37.6083942
м1,260,55.7638551,37.6067892
м1,261,55.7640936,37.6064853
м1,262,55.764158,37.6064033
м1,263,55.7642723,37.6062577
м1,264,55.7644937,37.6059757
м1,265,55.7645466,37.6059014
м1,266,55.7645875,37.6058409
м1,267,55.7646358,37.6057609
м1,268,55.7646825,37.6056838
м1,269,55.764834,37.6054004
м1,270,55.7648752,37.6053262
м1,271,55.7653587,37.6044139
м1,272,55.76575,37.6036869
м1,273,55.7663347,37.6026107
м1,274,55.7668382,37.6016999
м1,275,55.7670354,37.6013433
м1,276,55.7673771,37.6007246
м1,277,55.7676675,37.6001696
м1,278,55.7677426,37.6000338
м1,279,55.7681172,37.5993395
м1,280,55.7687344,37.5982167
м1,281,55.7695025,37.5968806
м1,282,55.7695728,37.5967711
м1,283,55.7696906,37.5966009
м1,284,55.7701795,37.5959026
м1,285,55.7705423,37.5953158
м1,286,55.7707086,37.5950332
м1,287,55.7712235,37.5941579
м1,288,55.7718976,37.5930104
м1,289,55.7724252,37.592113
м1,290,55.7726075,37.5918021
м1,291,55.7728076,37.5914618
м1,292,55.7732372,37.5907312
м1,293,55.7741107,37.589275
м1,294,55.7746064,37.5884243
м1,295,55.7748839,37.5879398
м1,296,55.7752777,37.5872523
м1,297,55.7757971,37.586323
м1,298,55.7762603,37.5855074
м1,299,55.7763657,37.5853165
м1,300,55.776416,37.5852278
м1,301,55.7764322,37.5852003
м1,302,55.7765779,37.5849373
м1,303,55.7766427,37.5848193
м1,304,55.7767111,37.584692
м1,305,55.776877,37.5843778
м1,306,55.7768985,37.5843371
м1,307,55.7769924,37.5841574
м1,308,55.7771784,37.583789
м1,309,55.7772383,37.5836698
м1,310,55.7777246,37.5826577
м1,311,55.7784939,37.5810905
м1,312,55.7785612,37.5810005
м1,313,55.778759,37.5807649
м1,314,55.7791941,37.5802702
м1,315,55.7792657,37.580165
м1,316,55.7793396,37.5800376
м1,317,55.7794239,37.5798859
м1,318,55.7795961,37.5795121
м1,319,55.7797843,37.5791034
м1,320,55.7798992,37.5788541
м1,321,55.7802753,37.5780374
м1,322,55.7804245,37.5777135
м1,323,55.7804967,37.5775568
м1,324,55.7807192,37.5770733
м1,325,55.7809797,37.5765013
м1,326,55.7812731,37.5758797
м1,327,55.7816071,37.5751843
м1,328,55.7818887,37.5745704
м1,329,55.7820891,37.5741299
м1,330,55.782481,37.573279
м1,331,55.7828855,37.572386
м1,332,55.7830982,37.5719203
м1,333,55.7834075,37.5712666
м1,334,55.7835946,37.5708641
м1,335,55.7839088,37.5701883
м1,336,55.7846224,37.5686159
м1,337,55.7849898,37.5678397
м1,338,55.7852922,37.5672023
м1,339,55.7855319,37.5666872
м1,340,55.785752,37.5662219
м1,341,55.7858263,37.5660672
м1,342,55.7860283,37.5656267
м1,343,55.7862625,37.5651161
м1,344,55.786598,37.5642983
м1,345,55.787769,37.5616339
м1,346,55.7884414,37.5601314
м1,347,55.7885767,37.5598317
м1,348,55.7888884,37.5591414
м1,349,55.7890023,37.5588886
м1,350,55.7892664,37.5583021
м1,351,55.7897205,37.5572935
м1,352,55.7900918,37.5564566
м1,353,55.7902449,37.556127
м1,354,55.790494,37.5555728
м1,355,55.7908281,37.5548135
м1,356,55.791065,37.5542748
м1,357,55.7919285,37.5523017
м1,358,55.7919901,37.5521609
м1,359,55.7920904,37.5519316
м1,360,55.7922433,37.5515714
м1,361,55.7922727,37.5515007
м1,362,55.7923841,37.551237
м1,363,55.792609,37.5507211
м1,364,55.7928992,37.5500691
м1,365,55.7929812,37.5498848
м1,366,55.7936872,37.5483145
м1,367,55.7940096,37.5476173
м1,368,55.7943911,37.5467319
м1,369,55.7946582,37.5461031
м1,370,55.7950486,37.5452316
м1,371,55.7951188,37.5450736
м1,372,55.7957264,37.5437134
м1,373,55.7963646,37.542285
м1,374,55.7967129,37.5415101
м1,375,55.7974244,37.5399246
м1,376,55.7977874,37.5391097
м1,377,55.7979889,37.5386573
м1,378,55.7980643,37.5384889
м1,379,55.7980977,37.5384142
м1,380,55.7982338,37.5380709
м1,381,55.7986468,37.5369864
м1,382,55.798703,37.5368389
м1,383,55.7996624,37.5346928
м1,384,55.8000276,37.5338869
м1,385,55.8002982,37.533259
м1,386,55.8005045,37.5327891
м1,387,55.8005432,37.5327009
м1,388,55.800684,37.5323399
м1,389,55.8008069,37.5320387
м1,390,55.800959,37.5315473
м1,391,55.8010995,37.5310533
м1,392,55.8012337,37.5305346
м1,393,55.8013547,37.5300287
м1,394,55.8015063,37.5293952
м1,395,55.8020097,37.5274347
м1,396,55.8022228,37.5266049
м1,397,55.8025579,37.5253863
м1,398,55.8028165,37.524441
м1,399,55.802879,37.5242125
м1,400,55.8030746,37.5234272
м1,401,55.803437,37.5218982
м1,402,55.8037817,37.5204876
м1,403,55.8038602,37.5201551
м1,404,55.8040671,37.5192955
м1,405,55.8044185,37.5179958
м1,406,55.804511,37.5176543
м1,407,55.8048759,37.5163068
м1,408,55.8050373,37.5157708
м1,409,55.8051753,37.5153124
м1,410,55.8052496,37.5150532
м1,411,55.8053296,37.5147742
м1,412,55.8054275,37.514413
м1,413,55.8054845,37.5142024
м1,414,55.8057243,37.5132878
м1,415,55.805926,37.5124595
м1,416,55.8060159,37.51209
м1,417,55.8061954,37.5113586
м1,418,55.8062726,37.5110573
м1,419,55.806366,37.510484
м1,420,55.8064231,37.5101859
м1,421,55.8064831,37.5099044
м1,422,55.8065132,37.5097247
м1,423,55.8065429,37.5095093
м1,424,55.8065944,37.5090738
м1,425,55.8067297,37.5078842
м1,426,55.806799,37.5073302
м1,427,55.8068623,37.5068792
м1,428,55.8069394,37.5064329
м1,429,55.807303,37.5045691
м1,430,55.8074262,37.503939
м1,431,55.8075492,37.5033726
м1,432,55.8076209,37.5030771
м1,433,55.8079718,37.5016427
м1,434,55.8079992,37.5015061
м1,435,55.8083666,37.4994606
м1,436,55.8085376,37.4984969
м1,437,55.8086236,37.4980089
м1,438,55.8087586,37.4972426
м1,439,55.8088536,37.4967459
м1,440,55.808909,37.4964067
м1,441,55.808948,37.4961253
м1,442,55.8089645,37.4959762
м1,443,55.8090597,37.495063
м1,444,55.8091317,37.4947098
м1,445,55.8092126,37.4943174
м1,446,55.8092803,37.4939858
м1,447,55.8093275,37.4937544
м1,448,55.8095263,37.4928455
м1,449,55.8098536,37.4913705
м1,450,55.8099972,37.4906866
м1,451,55.810423,37.4883278
м1,452,55.8105537,37.4876417
м1,453,55.8112785,37.4838595
м1,454,55.8115259,37.4826277
м1,455,55.8115444,37.4825303
м1,456,55.8117589,37.4814403
м1,457,55.8120104,37.480195
м1,458,55.8120247,37.4801243
м1,459,55.8123049,37.4786793
м1,460,55.8123666,37.4783614
м1,461,55.8125058,37.4776434
м1,462,55.8127097,37.4766562
м1,463,55.8128748,37.475857
м1,464,55.8130538,37.4751142
м1,465,55.8131878,37.4746364
м1,466,55.8135498,37.4733182
м1,467,55.8137097,37.4727089
м1,468,55.8137753,37.472528
м1,469,55.8139374,37.4721758
м1,470,55.8141366,37.471814
м1,471,55.8146374,37.4709643
м1,472,55.8148866,37.4705228
м1,473,55.8149299,37.4704481
м1,474,55.8151429,37.4700775
м1,475,55.8152321,37.4699326
м1,476,55.8154071,37.4696348
м1,477,55.815515,37.4694263
м1,478,55.8155884,37.4692599
м1,479,55.8156135,37.4691969
м1,480,55.8156697,37.469033
м1,481,55.8157122,37.4688793
м1,482,55.8157582,37.4686858
м1,483,55.8158201,37.4683941
м1,484,55.8158905,37.4680694
м1,485,55.816001,37.4675474
м1,486,55.8162709,37.4663044
м1,487,55.8165695,37.4648945
м1,488,55.8168131,37.46378
м1,489,55.8168565,37.4635834
м1,490,55.8169969,37.4629754
м1,491,55.8172305,37.4619093
м1,492,55.8172692,37.4617328
м1,493,55.8173079,37.4615507
м1,494,55.8173453,37.4614227
м1,495,55.8175526,37.4607139
м1,496,55.8175786,37.4606249
м1,497,55.8175952,37.4605635
418,1,55.7926128,37.6331945
418,2,55.7922404,37.633242
418,3,55.7920415,37.6332598
418,4,55.7919928,37.6332365
418,5,55.7919592,37.6331962
418,6,55.79193,37.6331209
418,7,55.7919154,37.6330471
418,8,55.7919062,37.6329554
418,9,55.7919069,37.6328606
418,10,55.7919396,37.6322337
418,11,55.7919439,37.632164
418,12,55.7919513,37.6320997
418,13,55.7919613,37.6320446
418,14,55.7919773,37.6319893
418,15,55.7920619,37.6317492
418,16,55.7921476,37.6315359
418,17,55.7922253,37.6313425
418,18,55.7922847,37.6312054
418,19,55.7925015,37.6307109
418,20,55.7925464,37.6305767
418,21,55.7925821,37.6304502
418,22,55.7926018,37.6303582
418,23,55.7926175,37.6302646
418,24,55.7926328,37.6301478
418,25,55.7926416,37.6300387
418,26,55.7926469,37.6298864
418,27,55.7926469,37.6294358
418,28,55.7926313,37.6289542
418,29,55.7926271,37.6286859
418,30,55.7926207,37.6281692
418,31,55.7926156,37.6277522
418,32,55.792635,37.6273968
418,33,55.7926796,37.6265992
418,34,55.7927496,37.6253219
418,35,55.7927753,37.6248588
418,36,55.7928137,37.6241655
418,37,55.7928247,37.6239143
418,38,55.792829,37.623816
418,39,55.7928317,37.6237555
418,40,55.7928785,37.6233934
418,41,55.7929251,37.6229784
418,42,55.7929566,37.6227242
418,43,55.7929871,37.6224069
418,44,55.7930112,37.6220854
418,45,55.7930745,37.6210983
418,46,55.793131,37.6202182
418,47,55.7931739,37.6195995
418,48,55.7932378,37.6187434
418,49,55.7932694,37.6181873
418,50,55.7933152,37.6173622
418,51,55.7933389,37.6168214
418,52,55.7933437,37.6167117
418,53,55.793353,37.6165144
418,54,55.793357,37.6162979
418,55,55.7933621,37.6158711
418,56,55.793342,37.6150306
418,57,55.7933202,37.6143769
418,58,55.7933049,37.6139167
418,59,55.79329,37.6134865
418,60,55.7932768,37.61313
418,61,55.7932722,37.6129878
418,62,55.793179,37.6107627
418,63,55.7931604,37.6103209
418,64,55.7931189,37.6093324
418,65,55.7930682,37.6081249
418,66,55.7930415,37.6074714
418,67,55.79301,37.6067028
418,68,55.7929954,37.6065192
418,69,55.7928463,37.6053838
418,70,55.7928427,37.6052789
418,71,55.792829,37.6048798
418,72,55.7928173,37.6045537
418,73,55.7927745,37.6034829
418,74,55.79273,37.6023695
418,75,55.7927102,37.6019029
418,76,55.7926954,37.6015558
418,77,55.7926627,37.6008183
418,78,55.7926454,37.6005221
418,79,55.7925867,37.5996791
418,80,55.792542,37.5991276
418,81,55.7925167,37.5988141
418,82,55.7924734,37.5982708
418,83,55.7923856,37.5972342
418,84,55.7923616,37.5969714
418,85,55.7923131,37.5963643
418,86,55.7922955,37.5960926
418,87,55.7922819,37.595855
418,88,55.7922792,37.5958078
418,89,55.792283,37.5954429
418,90,55.7922902,37.5952491
418,91,55.7922985,37.5950329
418,92,55.7923024,37.5949634
418,93,55.7923098,37.5948279
418,94,55.7923176,37.5946691
418,95,55.7923437,37.5934014
418,96,55.7923544,37.5925138
418,97,55.7923553,37.5902431
418,98,55.7923532,37.589899
418,99,55.7923449,37.5897423
418,100,55.7923221,37.589576
418,101,55.7922935,37.5894437
418,102,55.7922487,37.5893026
418,103,55.7922076,37.5891959
418,104,55.7921523,37.5890989
418,105,55.7920861,37.5890255
418,106,55.7920094,37.5889647
418,107,55.7918341,37.5888437
418,108,55.7916424,37.5887358
418,109,55.7916159,37.5887218
418,110,55.7915426,37.5886913
418,111,55.7914583,37.5886564
418,112,55.7912559,37.5885929
418,113,55.790605,37.5884231
418,114,55.7905499,37.5884123
418,115,55.7904869,37.588411
418,116,55.7902771,37.5884145
418,117,55.7899679,37.5884221
418,118,55.7897714,37.5884262
418,119,55.7895039,37.5884154
418,120,55.7893503,37.5884181
418,121,55.7892018,37.5883773
418,122,55.7890743,37.5883423
418,123,55.788915,37.5882986
418,124,55.7886741,37.5882322
418,125,55.7884231,37.5881645
418,126,55.7880431,37.588062
418,127,55.7879673,37.5880413
418,128,55.7877148,37.5879685
418,129,55.7876342,37.5879445
418,130,55.7873761,37.5878677
418,131,55.7870165,37.5877683
418,132,55.7862912,37.5875705
418,133,55.7862446,37.5875579
418,134,55.7858877,37.5874594
418,135,55.7858147,37.5874393
418,136,55.7854238,37.5873284
418,137,55.7851154,37.5872391
418,138,55.7850423,37.5872179
418,139,55.7848547,37.5871581
418,140,55.7846259,37.5870851
418,141,55.7836991,37.5868232
418,142,55.7832014,37.5866738
418,143,55.7824025,37.5864519
418,144,55.7821761,37.5863892
418,145,55.7819505,37.5863246
418,146,55.7816986,37.5862538
418,147,55.7815968,37.5862276
418,148,55.780783,37.5859964
418,149,55.7804952,37.5859155
418,150,55.7803981,37.5858875
418,151,55.7801512,37.5858181
418,152,55.7800642,37.5857861
418,153,55.7799595,37.5857567
418,154,55.7797719,37.5857039
418,155,55.7796844,37.5856793
418,156,55.7795924,37.5856537
418,157,55.7793528,37.5855811
418,158,55.7792464,37.5855445
418,159,55.7791443,37.5855143
418,160,55.778832,37.5854219
418,161,55.7785377,37.5853436
418,162,55.7783759,37.5853005
418,163,55.7782299,37.585205
418,164,55.7781088,37.5851329
418,165,55.778041,37.5850963
418,166,55.7779182,37.5850229
418,167,55.777821,37.5849575
418,168,55.7777306,37.5848814
418,169,55.7776169,37.584771
418,170,55.7775612,37.5847132
418,171,55.7774627,37.5845443
418,172,55.7774374,37.5844846
418,173,55.7774276,37.5844345
418,174,55.7774201,37.5843724
418,175,55.7774189,37.5843124
418,176,55.777425,37.5842392
418,177,55.7774368,37.5841815
418,178,55.777457,37.5841105
418,179,55.7775311,37.5838913
418,180,55.7775913,37.5837774
418,181,55.7776177,37.5837228
418,182,55.7776408,37.5836725
418,183,55.7776566,37.5836291
418,184,55.7776676,37.5835948
418,185,55.7776748,37.5835564
418,186,55.7776779,37.5835201
418,187,55.7776793,37.5834819
418,188,55.7776794,37.5834481
418,189,55.7776771,37.5834104
418,190,55.7776723,37.5833785
418,191,55.7776652,37.5833483
418,192,55.7776501,37.5833113
418,193,55.7776077,37.5832388
418,194,55.7773154,37.582795
418,195,55.7772447,37.5826896
418,196,55.7772164,37.5826473
418,197,55.7771019,37.5824742
418,198,55.7770616,37.5823995
418,199,55.7770278,37.5823424
418,200,55.7768981,37.5821413
418,201,55.7768641,37.5821136
418,202,55.7768242,37.5821039
418,203,55.7767802,37.5821163
418,204,55.7765005,37.5823156
418,205,55.77637,37.5824111
418,206,55.7763007,37.582459
418,207,55.7762168,37.582517
418,208,55.7761894,37.5825337
418,209,55.775999,37.5826501
418,210,55.7759434,37.5826854
418,211,55.7758471,37.5827561
418,212,55.7754611,37.5830877
418,213,55.775416,37.5831289
418,214,55.7753258,37.583208
418,215,55.7752557,37.5833151
418,216,55.7752007,37.5831666
418,217,55.7751475,37.5830177
418,218,55.7751187,37.5829304
418,219,55.7750699,37.5827821
418,220,55.7749856,37.582526
418,221,55.7748944,37.5822492
418,222,55.7748536,37.5821254
418,223,55.7747688,37.5818678
418,224,55.7746412,37.5814805
418,225,55.7745578,37.5812267
418,226,55.7744274,37.5808468
418,227,55.7742284,37.5802648
418,228,55.7742043,37.5801941
418,229,55.7741199,37.57995
418,230,55.7740544,37.5797581
418,231,55.7739887,37.5795658
418,232,55.7738091,37.5790363
418,233,55.7737711,37.5789243
418,234,55.7736925,37.5786953
418,235,55.7736834,37.5786686
418,236,55.7736622,37.5786065
418,237,55.7736164,37.578471
418,238,55.7735825,37.5783707
418,239,55.7735187,37.5781823
418,240,55.7734619,37.5780144
418,241,55.7734335,37.5779295
418,242,55.7734115,37.5778638
418,243,55.7733385,37.5776459
418,244,55.7731835,37.5771834
418,245,55.7731591,37.5771105
418,246,55.7730816,37.5768889
418,247,55.7728935,37.5763509
418,248,55.7728543,37.5762063
418,249,55.7728433,37.5761623
418,250,55.7728355,37.5761065
418,251,55.7728306,37.5760372
418,252,55.7728329,37.5759672
418,253,55.7728403,37.5758975
418,254,55.772849,37.5758271
418,255,55.7728882,37.5755628
418,256,55.7729035,37.5754585
418,257,55.7729976,37.5747912
418,258,55.7730067,37.5746785
418,259,55.7730059,37.5745323
418,260,55.7729984,37.5744049
418,261,55.7729901,37.5743325
418,262,55.7729727,37.5742386
418,263,55.7729504,37.5741508
418,264,55.7729022,37.5739746
418,265,55.7727018,37.5733755
418,266,55.7726685,37.5732885
418,267,55.7725812,37.5731031
418,268,55.7724836,37.5728926
418,269,55.77244,37.5727878
418,270,55.7722342,37.5722002
418,271,55.772047,37.5716654
418,272,55.7720204,37.5715916
418,273,55.7717695,37.5708847
418,274,55.7716757,37.5706154
418,275,55.7716178,37.5704526
418,276,55.7713235,37.5696135
418,277,55.7712932,37.5695255
418,278,55.7711206,37.5690444
418,279,55.77109,37.5689565
418,280,55.771041,37.5688162
418,281,55.7707713,37.5680544
418,282,55.7705673,37.5674763
418,283,55.7704452,37.5671269
418,284,55.7703991,37.5669962
418,285,55.7703215,37.5667784
418,286,55.7702387,37.5665462
418,287,55.7701884,37.5664091
418,288,55.7700956,37.5661496
418,289,55.7700816,37.566111
418,290,55.7700107,37.5659308
418,291,55.7698975,37.5656333
418,292,55.7698327,37.5655239
418,293,55.7698484,37.5654734
418,294,55.769857,37.5654179
418,295,55.7698582,37.5653603
418,296,55.7698519,37.5653038
418,297,55.7698384,37.5652514
418,298,55.7698145,37.5651991
418,299,55.7697835,37.5651602
418,300,55.7697478,37.5651377
418,301,55.7697099,37.5651331
418,302,55.7696728,37.5651468
418,303,55.7696391,37.5651778
418,304,55.7696114,37.5652238
418,305,55.7695938,37.5652732
418,306,55.7695832,37.5653286
418,307,55.7695802,37.5653869
418,308,55.7694083,37.5653873
418,309,55.7692342,37.5653458
418,310,55.7691359,37.5653149
418,311,55.7687848,37.565212
418,312,55.7687064,37.5651905
418,313,55.7686099,37.5651641
418,314,55.7679993,37.5649967
418,315,55.7679101,37.5649676
418,316,55.7676757,37.5648986
418,317,55.7674946,37.5648481
418,318,55.7671975,37.5647614
418,319,55.7670474,37.5647196
418,320,55.7669657,37.5646969
418,321,55.7668449,37.5646633
418,322,55.7666785,37.564617
418,323,55.7662974,37.564506
418,324,55.7656484,37.5643258
418,325,55.7656065,37.5643165
418,326,55.765538,37.5642985
418,327,55.7652146,37.5642077
418,328,55.7649954,37.5641462
418,329,55.7646763,37.5640544
418,330,55.7644258,37.5639769
418,331,55.7643893,37.5639656
418,332,55.7642288,37.563916
418,333,55.7641384,37.5638933
418,334,55.7637366,37.5637736
418,335,55.763452,37.5636917
418,336,55.7633459,37.5636432
418,337,55.7632465,37.5635689
418,338,55.7631767,37.5635107
418,339,55.7630025,37.5633401
418,340,55.7628732,37.5632231
418,341,55.7627017,37.5630658
418,342,55.7622612,37.5626767
418,343,55.7617354,37.5621547
418,344,55.7615497,37.5619957
418,345,55.7613852,37.5618513
418,346,55.7612475,37.5617395
418,347,55.7611751,37.5616811
418,348,55.7605585,37.5611933
418,349,55.7599371,37.5607018
418,350,55.7599046,37.5606766
418,351,55.7594723,37.5603273
418,352,55.7593319,37.5601871
418,353,55.7592258,37.56006
418,354,55.7591433,37.5599344
418,355,55.7590913,37.559813
418,356,55.7590565,37.5596488
418,357,55.7590354,37.5594851
418,358,55.7590163,37.5592469
418,359,55.7590101,37.5591635
418,360,55.7589611,37.5583688
418,361,55.7589522,37.5582072
418,362,55.7589475,37.558081
418,363,55.75894,37.5579376
418,364,55.7588384,37.5561562
418,365,55.7588269,37.555993
418,366,55.7587656,37.5550034
418,367,55.7587537,37.5548432
418,368,55.7587033,37.5541623
418,369,55.7586733,37.5537579
418,370,55.7586565,37.5535307
418,371,55.7586323,37.5532585
418,372,55.7586151,37.55313
418,373,55.7585953,37.5530114
418,374,55.7584627,37.5522646
418,375,55.758147,37.5504866
418,376,55.7580583,37.549987
418,377,55.75802,37.5497642
418,378,55.7577294,37.5480482
418,379,55.757596,37.5472603
418,380,55.7575214,37.5468199
418,381,55.7574598,37.5464428
418,382,55.7574107,37.5461349
418,383,55.7573953,37.546035
418,384,55.757284,37.5451928
418,385,55.7572128,37.5446701
418,386,55.7571871,37.5444962
418,387,55.7571192,37.5440765
418,388,55.7570751,37.5438402
418,389,55.7570373,37.5436808
418,390,55.7569074,37.5431508
418,391,55.7566231,37.5420036
418,392,55.7565607,37.5417519
418,393,55.7565166,37.5415743
418,394,55.7564249,37.5412042
418,395,55.7563804,37.5410283
418,396,55.7564823,37.5409128
418,397,55.7566254,37.5407282
418,398,55.7567977,37.5404603
418,399,55.7568099,37.5404431
418,400,55.7569542,37.5402189
418,401,55.7570936,37.5400022
418,402,55.7571417,37.5399291
418,403,55.7572183,37.5398165
418,404,55.7574522,37.5394638
418,405,55.7574798,37.5394314
418,406,55.7575604,37.5393682
418,407,55.7585562,37.5386497
418,408,55.7586219,37.5386162
418,409,55.7586714,37.538603
418,410,55.758738,37.5386057
418,411,55.7588015,37.5386149
418,412,55.7588528,37.5386309
418,413,55.7589049,37.5386471
418,414,55.759031,37.538703
418,415,55.7596855,37.5389577
418,416,55.7598362,37.5390164
418,417,55.7599856,37.5390745
418,418,55.7603555,37.5392185
418,419,55.7607359,37.5393665
418,420,55.7607815,37.5393843
418,421,55.7610041,37.5394709
418,422,55.7614333,37.539638
418,423,55.7616779,37.5397332
418,424,55.7617742,37.5397712
418,425,55.7618006,37.539554
418,426,55.7618461,37.5391803
418,427,55.7620729,37.5372195
418,428,55.7620914,37.5370594
418,429,55.762129,37.5367343
418,430,55.7621402,37.5366379
418,431,55.7621905,37.536656
418,432,55.763032,37.5369581
418,433,55.763168,37.5370095
418,434,55.7641043,37.5373638
418,435,55.7648289,37.5376378
418,436,55.7648667,37.5376525
418,437,55.7650894,37.5377392
418,438,55.7652094,37.5377859
418,439,55.7652312,37.5377944
418,440,55.7656685,37.5379647
418,441,55.7658229,37.5380246
418,442,55.765678,37.5391829
418,443,55.7655945,37.5398074
418,444,55.76557,37.5399378
418,445,55.7655529,37.5400147
418,446,55.7655206,37.5401596
418,447,55.7654452,37.5404124
418,448,55.7654203,37.540515
418,449,55.7653194,37.5408697
418,450,55.7652684,37.5409704
418,451,55.7652124,37.5410124
418,452,55.7651495,37.5410342
418,453,55.7651018,37.5410414
418,454,55.7650429,37.5410361
418,455,55.7649127,37.5409852
418,456,55.7648581,37.5409616
418,457,55.7647401,37.540916
418,458,55.7646851,37.5408964
418,459,55.7646177,37.5408693
м34,1,55.7407754,37.4823436
м34,2,55.7414327,37.4817365
м34,3,55.7425967,37.480666
м34,4,55.7428448,37.4804457
м34,5,55.7428666,37.4804267
м34,6,55.7429077,37.4804253
м34,7,55.7429306,37.4804272
м34,8,55.7429594,37.4804357
м34,9,55.7429798,37.4804453
м34,10,55.7430043,37.4804602
м34,11,55.7430337,37.4804793
м34,12,55.7430896,37.4805363
м34,13,55.7431337,37.480618
м34,14,55.7431732,37.480694
м34,15,55.7432432,37.4808388
м34,16,55.7432653,37.4808846
м34,17,55.7432954,37.4809922
м34,18,55.7433116,37.4810533
м34,19,55.743379,37.481307
м34,20,55.7435304,37.4818371
м34,21,55.7436207,37.4821534
м34,22,55.7436691,37.4823176
м34,23,55.7437627,37.482642
м34,24,55.7437871,37.4827261
м34,25,55.7443271,37.4845875
м34,26,55.7444503,37.4850122
м34,27,55.7445663,37.4854141
м34,28,55.7445831,37.4854767
м34,29,55.7446306,37.4856486
м34,30,55.7448937,37.486578
м34,31,55.7452617,37.4877745
м34,32,55.7453498,37.488084
м34,33,55.7455999,37.4889437
м34,34,55.7458178,37.4897048
м34,35,55.7459212,37.4900602
м34,36,55.7459484,37.4901541
м34,37,55.7460571,37.4905121
м34,38,55.7462236,37.4910833
м34,39,55.7463371,37.4914731
м34,40,55.7466247,37.4924608
м34,41,55.7468771,37.4933277
м34,42,55.7469775,37.49369
м34,43,55.7472102,37.4945506
м34,44,55.7472706,37.4947562
м34,45,55.7473141,37.4949256
м34,46,55.7474546,37.495393
м34,47,55.7478301,37.4966325
м34,48,55.7479589,37.4970574
м34,49,55.7479892,37.4971622
м34,50,55.7484068,37.4986258
м34,51,55.748427,37.4986967
м34,52,55.748524,37.4990323
м34,53,55.7487411,37.4997856
м34,54,55.7488816,37.5002732
м34,55,55.748998,37.5006773
м34,56,55.7490204,37.50075
м34,57,55.7491362,37.5011576
м34,58,55.7492308,37.5014818
м34,59,55.7493553,37.5019093
м34,60,55.7497552,37.5032826
м34,61,55.7500046,37.5041395
м34,62,55.7502356,37.5049332
м34,63,55.7504018,37.5055041
м34,64,55.750553,37.5060235
м34,65,55.7506957,37.5065235
м34,66,55.7508366,37.5070175
м34,67,55.75087,37.507168
м34,68,55.751048,37.5080218
м34,69,55.7511229,37.5083863
м34,70,55.7511526,37.5085484
м34,71,55.7511707,37.508635
м34,72,55.7512925,37.5090715
м34,73,55.7515715,37.510071
м34,74,55.7517775,37.5108094
м34,75,55.7519437,37.5114047
м34,76,55.7525802,37.5136856
м34,77,55.7526713,37.514012
м34,78,55.7532429,37.51606
м34,79,55.7542075,37.5195169
м34,80,55.7547271,37.5213786
м34,81,55.7547875,37.5215952
м34,82,55.7549028,37.5220084
м34,83,55.7549651,37.5222413
м34,84,55.7550241,37.522473
м34,85,55.7550843,37.5227237
м34,86,55.7551413,37.522982
м34,87,55.7552744,37.5236116
м34,88,55.7553185,37.52382
м34,89,55.7553574,37.5240039
м34,90,55.7554361,37.5243761
м34,91,55.755496,37.5246594
м34,92,55.755937,37.5267455
м34,93,55.7559818,37.5269793
м34,94,55.7560197,37.5271971
м34,95,55.7560458,37.5273654
м34,96,55.7560543,37.5274199
м34,97,55.7560829,37.5276296
м34,98,55.7561058,37.5278321
м34,99,55.7561216,37.5280109
м34,100,55.7561363,37.5282189
м34,101,55.7561488,37.528445
м34,102,55.7561575,37.5286513
м34,103,55.7561618,37.528841
м34,104,55.7561624,37.5290249
м34,105,55.756162,37.5292277
м34,106,55.7561553,37.5294114
м34,107,55.756155,37.5294181
м34,108,55.7561501,37.5295163
м34,109,55.7561463,37.5295918
м34,110,55.7561458,37.5296014
м34,111,55.7561398,37.5297184
м34,112,55.7561182,37.529949
м34,113,55.7560962,37.5301621
м34,114,55.7560907,37.5302061
м34,115,55.7560675,37.5303897
м34,116,55.7560345,37.5306321
м34,117,55.7555022,37.5344223
м34,118,55.7553898,37.535223
м34,119,55.7553215,37.5357092
м34,120,55.7552985,37.5358816
м34,121,55.7552843,37.5360023
м34,122,55.7552749,37.5360966
м34,123,55.7552697,37.5361741
м34,124,55.7552664,37.5362357
м34,125,55.7552656,37.5363066
м34,126,55.7552675,37.5363807
м34,127,55.7552729,37.5364571
м34,128,55.7552814,37.5365437
м34,129,55.755292,37.5366268
м34,130,55.7553085,37.536738
м34,131,55.7553355,37.5368874
м34,132,55.755353,37.53697
м34,133,55.7554541,37.5373937
м34,134,55.7555155,37.5376523
м34,135,55.7555248,37.5376901
м34,136,55.7559516,37.5394038
м34,137,55.7560788,37.5399145
м34,138,55.7561399,37.5401601
м34,139,55.7563804,37.5410283
м34,140,55.7564249,37.5412042
м34,141,55.7565166,37.5415743
м34,142,55.7565607,37.5417519
м34,143,55.7566231,37.5420036
м34,144,55.7569074,37.5431508
м34,145,55.7570373,37.5436808
м34,146,55.7570751,37.5438402
м34,147,55.7571192,37.5440765
м34,148,55.7571871,37.5444962
м34,149,55.7572128,37.5446701
м34,150,55.757284,37.5451928
м34,151,55.7573953,37.546035
м34,152,55.7574107,37.5461349
м34,153,55.7574598,37.5464428
м34,154,55.7575214,37.5468199
м34,155,55.757596,37.5472603
м34,156,55.7577294,37.5480482
м34,157,55.75802,37.5497642
м34,158,55.7580583,37.549987
м34,159,55.758147,37.5504866
м34,160,55.7584627,37.5522646
м34,161,55.7585953,37.5530114
м34,162,55.7586151,37.55313
м34,163,55.7586323,37.5532585
м34,164,55.7586565,37.5535307
м34,165,55.7586733,37.5537579
м34,166,55.7587033,37.5541623
м34,167,55.7587537,37.5548432
м34,168,55.7587656,37.5550034
м34,169,55.7588269,37.555993
м34,170,55.7588384,37.5561562
м34,171,55.75894,37.5579376
м34,172,55.7589475,37.558081
м34,173,55.7589522,37.5582072
м34,174,55.7589611,37.5583688
м34,175,55.7590101,37.5591635
м34,176,55.7590163,37.5592469
м34,177,55.7590354,37.5594851
м34,178,55.7590565,37.5596488
м34,179,55.7590913,37.559813
м34,180,55.7591433,37.5599344
м34,181,55.7592258,37.56006
м34,182,55.7593319,37.5601871
м34,183,55.7594723,37.5603273
м34,184,55.7599046,37.5606766
м34,185,55.7599371,37.5607018
м34,186,55.7605585,37.5611933
м34,187,55.7611751,37.5616811
м34,188,55.7612475,37.5617395
м34,189,55.7613852,37.5618513
м34,190,55.7615497,37.5619957
м34,191,55.7617354,37.5621547
м34,192,55.7622612,37.5626767
м34,193,55.7627017,37.5630658
м34,194,55.7628732,37.5632231
м34,195,55.7630025,37.5633401
м34,196,55.7631767,37.5635107
м34,197,55.7632465,37.5635689
м34,198,55.7633459,37.5636432
м34,199,55.763452,37.5636917
м34,200,55.7637366,37.5637736
м34,201,55.7641384,37.5638933
м34,202,55.7642288,37.563916
м34,203,55.7643893,37.5639656
м34,204,55.7644258,37.5639769
м34,205,55.7646763,37.5640544
м34,206,55.7649954,37.5641462
м34,207,55.7652146,37.5642077
м34,208,55.765538,37.5642985
м34,209,55.7656065,37.5643165
м34,210,55.7656484,37.5643258
м34,211,55.7662974,37.564506
м34,212,55.7666785,37.564617
м34,213,55.7668449,37.5646633
м34,214,55.7669657,37.5646969
м34,215,55.7670474,37.5647196
м34,216,55.7671975,37.5647614
м34,217,55.7674946,37.5648481
м34,218,55.7676757,37.5648986
м34,219,55.7679101,37.5649676
м34,220,55.7679993,37.5649967
м34,221,55.7686099,37.5651641
м34,222,55.7687064,37.5651905
м34,223,55.7687848,37.565212
м34,224,55.7691359,37.5653149
м34,225,55.7692342,37.5653458
м34,226,55.7694083,37.5653873
м34,227,55.7695802,37.5653869
м34,228,55.7695849,37.565444
м34,229,55.7695969,37.5654977
м34,230,55.7696155,37.5655449
м34,231,55.7696398,37.5655832
м34,232,55.7696685,37.5656104
м34,233,55.7696981,37.5656247
м34,234,55.7697288,37.565627
м34,235,55.769759,37.5656174
м34,236,55.7697873,37.5655962
м34,237,55.7698123,37.5655646
м34,238,55.7698327,37.5655239
м34,239,55.7698975,37.5656333
м34,240,55.7700107,37.5659308
м34,241,55.7700816,37.566111
м34,242,55.7700956,37.5661496
м34,243,55.7701884,37.5664091
м34,244,55.7702387,37.5665462
м34,245,55.7703215,37.5667784
м34,246,55.7703991,37.5669962
м34,247,55.7704452,37.5671269
м34,248,55.7705673,37.5674763
м34,249,55.7707713,37.5680544
м34,250,55.771041,37.5688162
м34,251,55.77109,37.5689565
м34,252,55.7711206,37.5690444
м34,253,55.7712932,37.5695255
м34,254,55.7713235,37.5696135
м34,255,55.7716178,37.5704526
м34,256,55.7716757,37.5706154
м34,257,55.7717695,37.5708847
м34,258,55.7720204,37.5715916
м34,259,55.772047,37.5716654
м34,260,55.7722342,37.5722002
м34,261,55.77244,37.5727878
м34,262,55.7724836,37.5728926
м34,263,55.7725812,37.5731031
м34,264,55.7726685,37.5732885
м34,265,55.7727018,37.5733755
м34,266,55.7729022,37.5739746
м34,267,55.7729504,37.5741508
м34,268,55.7729727,37.5742386
м34,269,55.7729901,37.5743325
м34,270,55.7729984,37.5744049
м34,271,55.7730059,37.5745323
м34,272,55.7730067,37.5746785
м34,273,55.7729976,37.5747912
м34,274,55.7729035,37.5754585
м34,275,55.7728882,37.5755628
м34,276,55.772849,37.5758271
м34,277,55.7728403,37.5758975
м34,278,55.7728329,37.5759672
м34,279,55.7728306,37.5760372
м34,280,55.7728355,37.5761065
м34,281,55.7728433,37.5761623
м34,282,55.7728543,37.5762063
м34,283,55.7728935,37.5763509
м34,284,55.7730816,37.5768889
м34,285,55.7731591,37.5771105
м34,286,55.7731835,37.5771834
м34,287,55.7733385,37.5776459
м34,288,55.7734115,37.5778638
м34,289,55.7734335,37.5779295
м34,290,55.7734619,37.5780144
м34,291,55.7735187,37.5781823
м34,292,55.7735825,37.5783707
м34,293,55.7736164,37.578471
м34,294,55.7736622,37.5786065
м34,295,55.7736834,37.5786686
м34,296,55.7736925,37.5786953
м34,297,55.7737711,37.5789243
м34,298,55.7738091,37.5790363
м34,299,55.7739887,37.5795658
м34,300,55.7740544,37.5797581
м34,301,55.7741199,37.57995
м34,302,55.7742043,37.5801941
м34,303,55.7742284,37.5802648
м34,304,55.7744274,37.5808468
м34,305,55.7745578,37.5812267
м34,306,55.7746412,37.5814805
м34,307,55.7747688,37.5818678
м34,308,55.7748536,37.5821254
м34,309,55.7748944,37.5822492
м34,310,55.7749856,37.582526
м34,311,55.7750699,37.5827821
м34,312,55.7751187,37.5829304
м34,313,55.7751475,37.5830177
м34,314,55.7752007,37.5831666
м34,315,55.7752557,37.5833151
м34,316,55.7753394,37.5836089
м34,317,55.7754084,37.5837444
м34,318,55.7755371,37.5839437
м34,319,55.7755733,37.5839999
м34,320,55.7756916,37.5841866
м34,321,55.7757751,37.5843197
м34,322,55.7759831,37.5846354
м34,323,55.7761012,37.5848147
м34,324,55.7761588,37.5849021
м34,325,55.776294,37.5851706
м34,326,55.7763657,37.5853165
м34,327,55.776416,37.5852278
м34,328,55.7764322,37.5852003
м34,329,55.7765779,37.5849373
м34,330,55.7766427,37.5848193
м90,1,55.643175,37.5247213
м90,2,55.6430489,37.5250198
м90,3,55.6429365,37.5252996
м90,4,55.6428663,37.5254738
м90,5,55.6427102,37.5258551
м90,6,55.6426058,37.5261373
м90,7,55.642547,37.5263566
м90,8,55.6424634,37.5266422
м90,9,55.642435,37.5267436
м90,10,55.642378,37.526933
м90,11,55.6422634,37.5273236
м90,12,55.6421251,37.5278593
м90,13,55.6420519,37.52814
м90,14,55.6419092,37.5286757
м90,15,55.6418591,37.5288644
м90,16,55.6416697,37.5295548
м90,17,55.6415035,37.5301814
м90,18,55.6414018,37.5305632
м90,19,55.6411783,37.5314016
м90,20,55.6409263,37.5323471
м90,21,55.640847,37.5326445
м90,22,55.6408255,37.5327256
м90,23,55.6407917,37.5328501
м90,24,55.640651,37.5333802
м90,25,55.6404907,37.5339818
м90,26,55.6402272,37.5349703
м90,27,55.6400826,37.5355249
м90,28,55.6399279,37.5361185
м90,29,55.6398394,37.5364507
м90,30,55.6398318,37.5364765
м90,31,55.6395776,37.5374135
м90,32,55.6395012,37.5375782
м90,33,55.6394044,37.5377458
м90,34,55.6393306,37.537846
м90,35,55.6392987,37.5378685
м90,36,55.6392692,37.5378996
м90,37,55.6392254,37.5379721
м90,38,55.6391943,37.5380628
м90,39,55.6391783,37.5381651
м90,40,55.6391784,37.5382713
м90,41,55.6391904,37.5383546
м90,42,55.6392263,37.5384646
м90,43,55.6392804,37.5385482
м90,44,55.6393468,37.5385964
м90,45,55.6394184,37.5386042
м90,46,55.6394808,37.5385758
м90,47,55.6396027,37.5385666
м90,48,55.6397071,37.5385773
м90,49,55.6397924,37.5386017
м90,50,55.6399329,37.53873
м90,51,55.6402152,37.5389879
м90,52,55.6404678,37.5392187
м90,53,55.6405186,37.5392651
м90,54,55.6405694,37.5393115
м90,55,55.6405992,37.5393385
м90,56,55.6413914,37.5400554
м90,57,55.6414188,37.5400802
м90,58,55.641787,37.5404225
м90,59,55.6418622,37.5404924
м90,60,55.6419349,37.5405588
м90,61,55.6419598,37.5405815
м90,62,55.641974,37.5405944
м90,63,55.6422107,37.5408107
м90,64,55.642234,37.540832
м90,65,55.6422361,37.5408338
м90,66,55.6422553,37.5408498
м90,67,55.6426433,37.5411972
м90,68,55.6426833,37.5412354
м90,69,55.6427457,37.541298
м90,70,55.6428308,37.5413808
м90,71,55.6428635,37.541407
м90,72,55.6430209,37.541552
м90,73,55.6430452,37.5415744
м90,74,55.6431409,37.5416671
м90,75,55.6433685,37.5418645
м90,76,55.6435369,37.5420273
м90,77,55.6440177,37.5424702
м90,78,55.6441129,37.542558
м90,79,55.6441301,37.5425738
м90,80,55.6441594,37.5426008
м90,81,55.6442814,37.5427131
м90,82,55.644418,37.5428389
м90,83,55.6445545,37.5429647
м90,84,55.6445823,37.5429903
м90,85,55.6447935,37.5431879
м90,86,55.6448708,37.5432561
м90,87,55.6450543,37.5434251
м90,88,55.6450701,37.5434397
м90,89,55.6451732,37.5435286
м90,90,55.6453433,37.5436885
м90,91,55.645676,37.5440013
м90,92,55.6457617,37.544078
м90,93,55.6458467,37.5441637
м90,94,55.6459299,37.5442555
м90,95,55.6462722,37.5448152
м90,96,55.6463644,37.5449607
м90,97,55.6465266,37.5452169
м90,98,55.6466759,37.5454502
м90,99,55.6467694,37.5456001
м90,100,55.6468164,37.5456754
м90,101,55.6469095,37.5458246
м90,102,55.6470269,37.546011
м90,103,55.6471269,37.5461699
м90,104,55.6473393,37.5465116
м90,105,55.6475569,37.5468605
м90,106,55.6477673,37.5471994
м90,107,55.6481228,37.5477692
м90,108,55.6482769,37.5480162
м90,109,55.648301,37.5480549
м90,110,55.6483606,37.5481549
м90,111,55.6484869,37.548354
м90,112,55.6485294,37.548421
м90,113,55.6486035,37.5485397
м90,114,55.648817,37.548882
м90,115,55.6488453,37.5489273
м90,116,55.6489998,37.549175
м90,117,55.64927,37.5496081
м90,118,55.6494466,37.5498347
м90,119,55.6496249,37.5500197
м90,120,55.649782,37.5501552
м90,121,55.6501287,37.5504543
м90,122,55.6507503,37.5508328
м90,123,55.6511716,37.5510315
м90,124,55.651302,37.551072
м90,125,55.6511801,37.551692
м90,126,55.6510668,37.5523518
м90,127,55.6509684,37.552962
м90,128,55.6509096,37.553397
м90,129,55.6508226,37.5540399
м90,130,55.6507565,37.5545289
м90,131,55.6507292,37.5547262
м90,132,55.6504657,37.5566817
м90,133,55.6499135,37.5607806
м90,134,55.64975,37.5620097
м90,135,55.6496896,37.5623873
м90,136,55.6496162,37.5627729
м90,137,55.6495277,37.5631117
м90,138,55.6494701,37.5631061
м90,139,55.6493745,37.5631333
м90,140,55.649267,37.5631862
м90,141,55.6492244,37.5632214
м90,142,55.6491629,37.5633046
м90,143,55.6491144,37.5634079
м90,144,55.6490687,37.5635234
м90,145,55.6490382,37.5636806
м90,146,55.6490274,37.5638062
м90,147,55.6490282,37.563943
м90,148,55.6490396,37.5640696
м90,149,55.6490779,37.5642068
м90,150,55.649138,37.564384
м90,151,55.6492211,37.5645486
м90,152,55.6492663,37.5645982
м90,153,55.649316,37.5646267
м90,154,55.6493861,37.5646511
м90,155,55.6494471,37.5646564
м90,156,55.6495201,37.5646445
м90,157,55.6496277,37.5645993
м90,158,55.6497202,37.5645269
м90,159,55.6498439,37.5644526
м90,160,55.6499673,37.5644431
м90,161,55.650106,37.5644991
м90,162,55.6502626,37.5646174
м90,163,55.6508744,37.5651587
м90,164,55.6516659,37.5659318
м90,165,55.6518309,37.5661
м90,166,55.6520696,37.5663431
м90,167,55.6521585,37.5664338
м90,168,55.6522545,37.5665316
м90,169,55.6525191,37.5668011
м90,170,55.6529413,37.5672535
м90,171,55.6535575,37.5679138
м90,172,55.6536862,37.5680517
м90,173,55.6538899,37.5682699
м90,174,55.6540714,37.5684643
м90,175,55.6555307,37.570028
м90,176,55.6559158,37.5704406
м90,177,55.6562871,37.5708385
м90,178,55.6563812,37.5709368
м90,179,55.6565456,37.5711065
м90,180,55.6566452,37.5712164
м90,181,55.6568203,37.5714109
м90,182,55.6572708,37.5719108
м90,183,55.657542,37.5722113
м90,184,55.6576525,37.5723326
м90,185,55.6585717,37.5733409
м90,186,55.659249,37.574052
м90,187,55.6596503,37.5744756
м90,188,55.6597849,37.5746176
м90,189,55.6600267,37.5748728
м90,190,55.6602883,37.5751625
м90,191,55.661066,37.576024
м90,192,55.6611262,37.5760907
м90,193,55.6612878,37.5762582
м90,194,55.6614917,37.5764697
м90,195,55.6616953,37.5766809
м90,196,55.6618971,37.5768902
м90,197,55.66203,37.5770317
м90,198,55.6621914,37.5772135
м90,199,55.6623387,37.5773793
м90,200,55.6626756,37.5777588
м90,201,55.66284,37.5779439
м90,202,55.6630453,37.5781751
м90,203,55.6632218,37.578365
м90,204,55.6635112,37.5786763
м90,205,55.6637256,37.5789069
м90,206,55.663817,37.578999
м90,207,55.6639748,37.5791687
м90,208,55.6644985,37.5797318
м90,209,55.6647599,37.5800129
м90,210,55.6650811,37.5803583
м90,211,55.6654669,37.5807732
м90,212,55.6657285,37.5810518
м90,213,55.6663495,37.5817172
м90,214,55.6669923,37.5824061
м90,215,55.6673531,37.5827875
м90,216,55.6679591,37.583441
м90,217,55.6681626,37.5836604
м90,218,55.6682809,37.583788
м90,219,55.6686376,37.5841726
м90,220,55.6689861,37.5845484
м90,221,55.6696907,37.5853029
м90,222,55.6697689,37.5853866
м90,223,55.6698542,37.5854817
м90,224,55.6701792,37.585821
м90,225,55.6703097,37.5859572
м90,226,55.6704161,37.5860809
м90,227,55.6707973,37.5865134
м90,228,55.6710088,37.5867533
м90,229,55.6712185,37.5869798
м90,230,55.6720223,37.587848
м90,231,55.6729332,37.588832
м90,232,55.6733629,37.5892962
м90,233,55.6739557,37.5899366
м90,234,55.6740637,37.5900533
м90,235,55.6746174,37.5906515
м90,236,55.6751398,37.5912158
м90,237,55.6751923,37.591269
м90,238,55.6755578,37.591653
м90,239,55.6760166,37.592135
м90,240,55.6761573,37.5922828
м90,241,55.6764343,37.5925737
м90,242,55.6770027,37.5931709
м90,243,55.6773649,37.5935508
м90,244,55.677806,37.5940148
м90,245,55.6780206,37.5942403
м90,246,55.6784977,37.5947416
м90,247,55.678561,37.5948081
м90,248,55.6791113,37.5953862
м90,249,55.6796499,37.5959546
м90,250,55.6797234,37.5960354
м90,251,55.6797708,37.5960891
м90,252,55.6798117,37.5961331
м90,253,55.6807578,37.5970552
м90,254,55.6816365,37.5978755
м90,255,55.6819416,37.5981431
м90,256,55.6822418,37.5984433
м90,257,55.6822918,37.5984933
м90,258,55.6826041,37.5987664
м90,259,55.6828202,37.5989555
м90,260,55.6837163,37.5997919
м90,261,55.6837857,37.5998548
м90,262,55.6840348,37.6000507
м90,263,55.6842383,37.6002303
м90,264,55.6845057,37.6004859
м90,265,55.6845795,37.6005558
м90,266,55.6848831,37.6008381
м90,267,55.6855764,37.6014817
м90,268,55.6862542,37.6020952
м90,269,55.686575,37.6023987
м90,270,55.6866763,37.6024945
м90,271,55.6868377,37.6026371
м90,272,55.6873219,37.6031049
м90,273,55.6875419,37.6033178
м90,274,55.6877948,37.6035587
м90,275,55.6881167,37.6038549
м90,276,55.6886269,37.604335
м90,277,55.6886481,37.6043543
м90,278,55.6889271,37.6046043
м90,279,55.6903585,37.6059314
м90,280,55.6906815,37.606279
м90,281,55.6909919,37.6065615
м90,282,55.6916975,37.6072036
м90,283,55.6917514,37.6072516
м90,284,55.6918242,37.6073165
м90,285,55.6919448,37.6074247
м90,286,55.6922609,37.6077084
м90,287,55.6931868,37.6085394
м90,288,55.6941515,37.6094411
м90,289,55.6949431,37.610181
м90,290,55.6954267,37.6106157
м90,291,55.6963034,37.611425
м90,292,55.6965839,37.611684
м90,293,55.6968743,37.611909
м90,294,55.697411,37.6123674
м90,295,55.6993209,37.6141353
м90,296,55.6996645,37.6144479
м90,297,55.7001669,37.6149028
м90,298,55.7005499,37.6152462
м90,299,55.700944,37.6155504
м90,300,55.7012714,37.6157693
м90,301,55.7016586,37.6160719
м90,302,55.701743,37.6161304
м90,303,55.7018184,37.6161842
м90,304,55.7021257,37.6163953
м90,305,55.7023924,37.6165822
м90,306,55.7026168,37.6167396
м90,307,55.7027433,37.6168282
м90,308,55.7030832,37.6170664
м90,309,55.7031279,37.6170953
м90,310,55.7032233,37.6171439
м90,311,55.7037047,37.6174145
м90,312,55.7038748,37.6174851
м90,313,55.7039496,37.6175117
м90,314,55.7043925,37.617547
м90,315,55.7045411,37.6175555
м90,316,55.7046947,37.6175643
м90,317,55.7048133,37.6175496
м90,318,55.704952,37.617514
м90,319,55.7051848,37.6174426
м90,320,55.7055294,37.6173181
м90,321,55.7056107,37.6173219
м90,322,55.7058424,37.6173452
м90,323,55.7060495,37.6174146
м90,324,55.7061105,37.6174417
м90,325,55.706147,37.6174601
м90,326,55.7062898,37.6175317
м90,327,55.7067666,37.6177806
м90,328,55.7070071,37.6179125
м90,329,55.7072497,37.6180456
м90,330,55.7072871,37.6180661
м90,331,55.7078892,37.6183736
м90,332,55.7079988,37.6184136
м90,333,55.7080573,37.618435
м90,334,55.7080847,37.6184446
м90,335,55.7087549,37.6186806
м90,336,55.7088167,37.6187024
м90,337,55.7089867,37.6187623
м90,338,55.7090492,37.618789
м90,339,55.7091072,37.6188108
м90,340,55.7094161,37.6189045
м90,341,55.7095062,37.6189521
м90,342,55.7095315,37.6189678
м90,343,55.7096215,37.6190248
м90,344,55.7096982,37.6190899
м90,345,55.7097743,37.6191767
м90,346,55.7099345,37.6193767
м90,347,55.7105127,37.6201171
м90,348,55.7105401,37.6201522
м90,349,55.7110543,37.6208107
м90,350,55.711083,37.6208518
м90,351,55.7111832,37.621005
м90,352,55.7112367,37.6210675
м90,353,55.7112634,37.6211029
м90,354,55.7114489,37.6213485
м90,355,55.7114934,37.6214225
м90,356,55.7115168,37.6214615
м90,357,55.7115951,37.6216279
м90,358,55.7116722,37.6217915
м90,359,55.7117747,37.6217233
м90,360,55.7121351,37.6215527
м90,361,55.712206,37.6215191
м90,362,55.7123518,37.6214501
м90,363,55.7129639,37.6211604
м90,364,55.7130269,37.6211304
м90,365,55.713172,37.6210618
м90,366,55.7132718,37.6210146
м90,367,55.7133756,37.6209655
м90,368,55.7135104,37.6209007
м90,369,55.7140204,37.6206556
м90,370,55.7142659,37.6205456
м90,371,55.7145719,37.6203996
м90,372,55.7146762,37.6203498
м90,373,55.7146792,37.6205414
м90,374,55.7146853,37.621636
м90,375,55.7146906,37.6220743
м90,376,55.7146945,37.622201
м90,377,55.714699,37.6223487
м90,378,55.7147104,37.6225209
м90,379,55.7147402,37.6226951
м90,380,55.7147957,37.6228405
м90,381,55.7148484,37.6229168
м90,382,55.7149059,37.622951
м90,383,55.7149874,37.6229876
м90,384,55.7156754,37.623455
м90,385,55.7158808,37.6235945
м90,386,55.7160032,37.6236814
м90,387,55.7167181,37.6241942
м90,388,55.716805,37.6242609
м90,389,55.7169938,37.6243908
м90,390,55.7173672,37.6246476
м90,391,55.7179723,37.6250638
м90,392,55.7180481,37.6251159
м90,393,55.7181021,37.625153
м90,394,55.7190771,37.6258224
м90,395,55.7197264,37.6262623
м90,396,55.7201419,37.6265502
м90,397,55.7202621,37.6266325
м90,398,55.7203617,37.6267007
м90,399,55.7204955,37.6267933
м90,400,55.7210649,37.6271729
м90,401,55.7211128,37.6272055
м90,402,55.7212043,37.6272633
м90,403,55.7213126,37.6273067
м90,404,55.7214644,37.6273415
м90,405,55.7216934,37.6273487
м90,406,55.7219286,37.6273394
м90,407,55.7222211,37.6272975
м90,408,55.7226106,37.627189
м90,409,55.723016,37.6270608
м90,410,55.7230498,37.6270452
м90,411,55.7236243,37.6267527
м90,412,55.7240154,37.6265535
м90,413,55.7241898,37.6264647
м90,414,55.7245046,37.6263043
м90,415,55.7245781,37.6262669
м90,416,55.724867,37.6261198
м90,417,55.7249657,37.6260695
м90,418,55.7252228,37.6259385
м90,419,55.7253364,37.6258808
м90,420,55.7255063,37.6257941
м90,421,55.7255826,37.6257553
м90,422,55.7256947,37.6256982
м90,423,55.7257434,37.6256734
м90,424,55.7257698,37.62566
м90,425,55.7259805,37.6255527
м90,426,55.7260822,37.6255009
м90,427,55.7261331,37.625475
м90,428,55.726187,37.6254475
м90,429,55.7263016,37.6253925
м90,430,55.726621,37.6252399
м90,431,55.7268691,37.6251214
м90,432,55.7270682,37.625038
м90,433,55.727137,37.6250091
м90,434,55.7272936,37.6249874
м90,435,55.7274424,37.6250061
м90,436,55.7275392,37.625033
м90,437,55.727615,37.6250541
м90,438,55.7277298,37.6250859
м90,439,55.7285763,37.6253201
м90,440,55.7290074,37.6254393
м90,441,55.7290782,37.6254589
м90,442,55.7290856,37.6254611
м90,443,55.7292314,37.6254474
м90,444,55.7293513,37.6254561
м90,445,55.729486,37.6254831
м90,446,55.7295542,37.6254916
м90,447,55.7296487,37.6255078
м90,448,55.7296839,37.6255118
м90,449,55.7297949,37.6255153
м90,450,55.7299778,37.625518
м90,451,55.7300545,37.6255172
м90,452,55.7301587,37.6255651
м90,453,55.7304216,37.6257119
м90,454,55.7304433,37.6257227
м90,455,55.7304791,37.6257393
м90,456,55.7305675,37.6257832
м90,457,55.7308433,37.6259201
м90,458,55.7310008,37.6259995
м90,459,55.7310899,37.6260445
м90,460,55.7311685,37.6260842
м90,461,55.7312323,37.6261164
м90,462,55.7314218,37.6262111
м90,463,55.7315273,37.6262677
м90,464,55.7316186,37.6263242
м90,465,55.7316663,37.6263622
м90,466,55.7317106,37.6263985
м90,467,55.7317789,37.6264602
м90,468,55.7318702,37.6265577
м90,469,55.731919,37.6266107
м90,470,55.7320249,37.6267257
м90,471,55.7320547,37.6267574
м90,472,55.7320751,37.6267785
м90,473,55.7322334,37.6269474
м90,474,55.7323169,37.6270337
м90,475,55.7323736,37.6270871
м90,476,55.7324489,37.6271544
м90,477,55.7325344,37.6272185
м90,478,55.7326043,37.6272674
м90,479,55.7326403,37.62729
м90,480,55.7326566,37.627299
м90,481,55.7327127,37.6273316
м90,482,55.7327658,37.6273592
м90,483,55.7328312,37.627392
м90,484,55.7328403,37.6273973
м90,485,55.7329224,37.6274363
м90,486,55.732955,37.6274522
м90,487,55.7330319,37.6274825
м90,488,55.7331057,37.627506
м90,489,55.733326,37.6275802
м90,490,55.7333532,37.6275869
м90,491,55.7335186,37.6276174
м90,492,55.7336405,37.6276409
м90,493,55.733729,37.6276619
м90,494,55.7338041,37.6276797
м90,495,55.7339563,37.6277047
м90,496,55.7340656,37.6277219
м90,497,55.7341718,37.6277343
м90,498,55.7342723,37.6277463
м90,499,55.7345271,37.6277728
м90,500,55.7346881,37.6277792
м90,501,55.7348074,37.6277767
м90,502,55.7349543,37.6277824
м90,503,55.7350042,37.6277828
м90,504,55.7352297,37.6277845
м90,505,55.7353143,37.6277909
м90,506,55.7354204,37.6277997
м90,507,55.7355683,37.6278197
м90,508,55.7356044,37.6278242
м90,509,55.7357439,37.6278414
м90,510,55.7358217,37.627851
м90,511,55.7358716,37.6278591
м90,512,55.735926,37.6278679
м90,513,55.7359963,37.6278837
м90,514,55.7360296,37.6278908
м90,515,55.7360966,37.6279052
м90,516,55.7362107,37.6279296
м90,517,55.7363262,37.6279537
м90,518,55.7363922,37.627969
м90,519,55.7365017,37.6279918
м90,520,55.7366297,37.6280188
м90,521,55.7366438,37.6280216
м90,522,55.7366939,37.6280316
м90,523,55.7368005,37.6280513
м90,524,55.7368122,37.6280527
м90,525,55.7368596,37.6280585
м90,526,55.7369839,37.6280709
м90,527,55.7370038,37.6280731
м90,528,55.7371898,37.628094
м90,529,55.7372166,37.6280972
м90,530,55.7373458,37.6281108
м90,531,55.7374412,37.6281193
м90,532,55.7374672,37.6281224
м90,533,55.7374929,37.6281254
м90,534,55.7376281,37.6281488
м90,535,55.737668,37.6281553
м90,536,55.7376915,37.6281586
м90,537,55.7378796,37.6281826
м90,538,55.737899,37.6281846
м90,539,55.7380258,37.6281979
м90,540,55.7381867,37.6282172
м90,541,55.7383366,37.6282341
м90,542,55.7384263,37.6282467
м90,543,55.7384866,37.6282552
м90,544,55.7385582,37.6282674
м90,545,55.7386444,37.6282821
м90,546,55.7387431,37.6282992
м90,547,55.7388592,37.6283187
м90,548,55.7389057,37.6283271
м90,549,55.7390666,37.628358
м90,550,55.7391204,37.6283659
м90,551,55.7391788,37.6283749
м90,552,55.7394223,37.6284123
м90,553,55.739464,37.628416
м90,554,55.7395526,37.6284239
м90,555,55.7395921,37.6284274
м90,556,55.7398306,37.6284466
м90,557,55.7398542,37.6284485
м90,558,55.7401855,37.6284849
м90,559,55.7402116,37.6284877
м90,560,55.7402309,37.6284897
м90,561,55.7405039,37.6285178
м90,562,55.7408191,37.6285356
м90,563,55.7412477,37.628565
м90,564,55.7412856,37.628568
м90,565,55.7413401,37.6285673
м90,566,55.7414533,37.6285644
м90,567,55.7414967,37.6285626
м90,568,55.7416779,37.628555
м90,569,55.7417933,37.6285482
м90,570,55.7418444,37.6285417
м90,571,55.741919,37.6285298
м90,572,55.7421079,37.628504
м90,573,55.7422266,37.6284875
м90,574,55.7424362,37.6284583
м90,575,55.7425911,37.6284411
м90,576,55.7427029,37.6284258
м90,577,55.7428973,37.6283853
м90,578,55.7429178,37.6283812
м90,579,55.7429661,37.6283705
м90,580,55.7430043,37.6283625
м90,581,55.7430222,37.6283588
м90,582,55.7430814,37.628342
м90,583,55.7431276,37.6283262
м90,584,55.7432426,37.6282836
м90,585,55.7432848,37.6282693
м90,586,55.7433343,37.6282495
м90,587,55.7433674,37.6282367
м90,588,55.7434957,37.6281811
м90,589,55.7435291,37.6281664
м90,590,55.7436181,37.6281272
м90,591,55.7436632,37.628109
м90,592,55.7437254,37.6280798
м90,593,55.7437882,37.6280483
м90,594,55.7438903,37.6279842
м90,595,55.7440087,37.6279035
м90,596,55.7440994,37.6278401
м90,597,55.7442235,37.6277581
м90,598,55.7443109,37.6277013
м90,599,55.7444972,37.6275772
м90,600,55.744724,37.6274263
м90,601,55.74478,37.627389
м90,602,55.7448551,37.6273306
м90,603,55.7450024,37.6272069
м90,604,55.7451175,37.6271128
м90,605,55.7452391,37.6270041
м90,606,55.7454406,37.6268323
м90,607,55.7458663,37.6264545
м90,608,55.7459815,37.6263845
м90,609,55.7460588,37.6263176
м90,610,55.7463931,37.6261293
м90,611,55.7464143,37.6261161
м90,612,55.7465037,37.6260682
м90,613,55.7465096,37.6259342
м90,614,55.7465058,37.6257417
м90,615,55.7464774,37.6255373
м90,616,55.7464396,37.6252619
м90,617,55.7464264,37.62517
м90,618,55.7463934,37.6249223
м90,619,55.7465762,37.6249041
м90,620,55.7469501,37.6248668
м90,621,55.7471092,37.6248519
м90,622,55.7482095,37.624749
м90,623,55.7499617,37.6245504
м90,624,55.7507407,37.6244807
м90,625,55.7510569,37.624412
м90,626,55.7516064,37.6242484
м90,627,55.7518618,37.6241687
м90,628,55.7519415,37.6241631
м90,629,55.7520534,37.6241552
м90,630,55.7521143,37.6241639
м90,631,55.7521724,37.6241948
м90,632,55.7522107,37.6242406
м90,633,55.752233,37.6242819
м90,634,55.7522476,37.6243221
м90,635,55.7522602,37.6243772
м90,636,55.7522679,37.6244295
м90,637,55.7522848,37.6245519
м90,638,55.752441,37.6256987
м90,639,55.7524631,37.6258595
м90,640,55.7525102,37.626185
м90,641,55.7526882,37.6274036
м90,642,55.7527471,37.6278102
м90,643,55.7527639,37.6279178
м90,644,55.7527971,37.6281491
м90,645,55.7528192,37.628361
м90,646,55.7528412,37.6286277
м90,647,55.7528518,37.6289825
м90,648,55.7528526,37.6291769
м90,649,55.7528461,37.629356
м90,650,55.7528423,37.6294183
м90,651,55.7528378,37.6294767
м90,652,55.7528302,37.6296229
м90,653,55.7528111,37.6298208
м90,654,55.7528053,37.6299447
м90,655,55.7527888,37.630601
м90,656,55.7527872,37.6309532
м90,657,55.7527916,37.6310804
м90,658,55.7527974,37.6311517
м90,659,55.7528068,37.6312288
м90,660,55.7528177,37.6313194
м90,661,55.7528295,37.6314112
м90,662,55.7528427,37.6315078
м90,663,55.7528736,37.6316915
м90,664,55.752908,37.6318786
м90,665,55.7529503,37.6320878
м90,666,55.7531008,37.6325967
м90,667,55.7531666,37.6328024
м90,668,55.7532064,37.6329364
м90,669,55.753313,37.6332682
м90,670,55.7534187,37.6335148
м90,671,55.7535264,37.6337267
м90,672,55.7535559,37.6338297
м90,673,55.7536235,37.6341683
м90,674,55.7536935,37.6345194
м90,675,55.7537672,37.6346661
м90,676,55.75382,37.6347251
м90,677,55.7538585,37.6347412
м90,678,55.7539468,37.6347342
м90,679,55.7540833,37.6346455
м90,680,55.7541123,37.634625
м90,681,55.7542713,37.6345153
м90,682,55.7543151,37.6344864
м90,683,55.7544339,37.6345804
м90,684,55.7544688,37.6345566
м90,685,55.7546948,37.6344022
м90,686,55.7548619,37.6342916
м90,687,55.7549866,37.6341786
м90,688,55.7550788,37.6340854
м90,689,55.7551657,37.6339842
м90,690,55.7554836,37.6335952
м90,691,55.7557574,37.6332607
м90,692,55.7559984,37.6329504
м90,693,55.756095,37.6328276
м90,694,55.7563739,37.6324445
м90,695,55.7564746,37.6323282
м90,696,55.756703,37.6320642
м90,697,55.7568761,37.6318529
м90,698,55.7570123,37.6316808
м90,699,55.7570484,37.6316351
м90,700,55.7571629,37.6314869
м90,701,55.7572653,37.6313541
м90,702,55.7573018,37.6312802
м90,703,55.7573428,37.6312037
м90,704,55.757477,37.6309482
м90,705,55.7576108,37.6306618
м90,706,55.7576392,37.6306142
м90,707,55.7579356,37.6301168
м90,708,55.7581491,37.6298059
м90,709,55.7582182,37.629715
м90,710,55.7584351,37.6294169
м90,711,55.7587911,37.6289303
м90,712,55.7588201,37.6288885
м90,713,55.7589141,37.6287503
м90,714,55.7590708,37.6285173
м90,715,55.7594166,37.6280175
м90,716,55.759523,37.6278676
м90,717,55.7600721,37.6270522
м90,718,55.7601115,37.6268891
м90,719,55.7601205,37.6267912
м90,720,55.7601145,37.626704
м90,721,55.7600971,37.6266343
м90,722,55.7600624,37.6265578
м90,723,55.7600066,37.6264962
м90,724,55.7596877,37.6262252
м90,725,55.7596086,37.6262105
м90,726,55.7595452,37.6262293
м90,727,55.759481,37.6262938
м90,728,55.7590663,37.6268596
м90,729,55.7588862,37.6271062
м90,730,55.7584996,37.6276384
384,1,55.7759813,37.5845022
384,2,55.7758667,37.5843311
384,3,55.7758304,37.58426
384,4,55.7758176,37.5842324
384,5,55.7757939,37.5841735
384,6,55.7757791,37.5841279
384,7,55.7757652,37.5840773
384,8,55.7757438,37.5839805
384,9,55.7757215,37.5837806
384,10,55.7757248,37.5837216
384,11,55.7757309,37.583664
384,12,55.7757403,37.5835955
384,13,55.7757511,37.5835383
384,14,55.7757671,37.5834735
384,15,55.7757818,37.5834239
384,16,55.775801,37.5833675
384,17,55.7758215,37.5833188
384,18,55.7758485,37.5832609
384,19,55.7758726,37.5832142
384,20,55.7758979,37.5831764
384,21,55.7759292,37.5831389
384,22,55.7759624,37.5831067
384,23,55.7759945,37.5830839
384,24,55.7760299,37.5830653
384,25,55.7760609,37.5830564
384,26,55.7760975,37.583051
384,27,55.776131,37.5830504
384,28,55.7761552,37.5830512
384,29,55.7761816,37.583053
384,30,55.7762166,37.5830597
384,31,55.7762566,37.5830765
384,32,55.7763127,37.5831063
384,33,55.7763806,37.5831878
384,34,55.7767675,37.5837472
384,35,55.7768009,37.5837955
384,36,55.7768709,37.5838432
384,37,55.7769376,37.5838719
384,38,55.7770148,37.5838808
384,39,55.77707,37.5838696
384,40,55.7771263,37.5838389
384,41,55.7771784,37.583789
384,42,55.7772383,37.5836698
384,43,55.7777246,37.5826577
384,44,55.7784939,37.5810905
384,45,55.7785612,37.5810005
384,46,55.778759,37.5807649
384,47,55.7791941,37.5802702
384,48,55.7792657,37.580165
384,49,55.7793396,37.5800376
384,50,55.7794239,37.5798859
384,51,55.7795961,37.5795121
384,52,55.7797843,37.5791034
384,53,55.7798992,37.5788541
384,54,55.7802753,37.5780374
384,55,55.7804245,37.5777135
384,56,55.7804967,37.5775568
384,57,55.7807192,37.5770733
384,58,55.7809797,37.5765013
384,59,55.7812731,37.5758797
384,60,55.7816071,37.5751843
384,61,55.7818887,37.5745704
384,62,55.7820891,37.5741299
384,63,55.782481,37.573279
384,64,55.7828855,37.572386
384,65,55.7830982,37.5719203
384,66,55.7834075,37.5712666
384,67,55.7835946,37.5708641
384,68,55.7839088,37.5701883
384,69,55.7846224,37.5686159
384,70,55.7849898,37.5678397
384,71,55.7852922,37.5672023
384,72,55.7855319,37.5666872
384,73,55.785752,37.5662219
384,74,55.7858263,37.5660672
384,75,55.7859375,37.565944
384,76,55.786023,37.5658778
384,77,55.7861142,37.5658614
384,78,55.7862202,37.5659105
384,79,55.7863171,37.5660202
384,80,55.7874057,37.5674387
384,81,55.7874869,37.5675601
384,82,55.7875319,37.5676587
384,83,55.7875558,37.5677631
384,84,55.7875542,37.5678579
384,85,55.7875369,37.5679341
384,86,55.7874981,37.5679867
384,87,55.7874561,37.5680092
384,88,55.7874061,37.5680092
384,89,55.7873047,37.5679585
384,90,55.7871056,37.5677689
384,91,55.7865191,37.5669488
384,92,55.7859934,37.5662136
384,93,55.7851408,37.5650213
384,94,55.7828221,37.5617971
384,95,55.7827089,37.5616371
384,96,55.782226,37.5609886
384,97,55.7817942,37.5604057
384,98,55.7811755,37.5595703
384,99,55.780635,37.558769
384,100,55.7801185,37.55806
384,101,55.7800974,37.5579673
384,102,55.7800931,37.5578666
384,103,55.7801009,37.5577661
384,104,55.7801249,37.5576721
384,105,55.7801602,37.5575896
384,106,55.7803724,37.5572376
384,107,55.7805198,37.5569946
384,108,55.7807596,37.5565992
384,109,55.7808929,37.5563789
384,110,55.7809142,37.5563438
384,111,55.7815508,37.5552918
384,112,55.7816287,37.555163
384,113,55.7817114,37.5550286
384,114,55.7817627,37.5549376
384,115,55.7820035,37.554552
384,116,55.7820946,37.5543861
384,117,55.7822737,37.5540899
384,118,55.7824662,37.5537716
384,119,55.7833304,37.5523442
384,120,55.7834174,37.5521844
384,121,55.7834369,37.5521331
384,122,55.7834555,37.5520577
384,123,55.7834627,37.5519548
384,124,55.7834604,37.5518332
384,125,55.7834482,37.5517241
384,126,55.7834181,37.5516061
384,127,55.7833716,37.5514872
384,128,55.7831621,37.551063
384,129,55.7831034,37.550944
384,130,55.7830081,37.5507202
384,131,55.782903,37.550437
384,132,55.782818,37.5501893
384,133,55.7827503,37.5499849
384,134,55.7826326,37.5496172
384,135,55.7826167,37.5495742
384,136,55.7825182,37.5493077
384,137,55.7824586,37.5491678
384,138,55.7823467,37.5489353
384,139,55.7822246,37.548687
384,140,55.7813379,37.5470257
384,141,55.7812629,37.5468852
384,142,55.7807678,37.5459576
384,143,55.7806564,37.5457329
384,144,55.7805583,37.5454853
384,145,55.7803469,37.5449833
384,146,55.7803156,37.5449088
384,147,55.7798337,37.5437642
384,148,55.7797917,37.5436556
384,149,55.7797546,37.5435275
384,150,55.7797244,37.5434002
384,151,55.7798645,37.543318
384,152,55.7800022,37.5432242
384,153,55.7800489,37.5431924
384,154,55.78016,37.5431065
384,155,55.7802713,37.5430105
384,156,55.7804069,37.5428599
384,157,55.7805476,37.5426919
384,158,55.7807355,37.542414
384,159,55.7807685,37.5423651
384,160,55.7811211,37.5417814
384,161,55.7813455,37.5414082
384,162,55.7814335,37.5412438
384,163,55.7815342,37.541031
384,164,55.7816264,37.5407956
384,165,55.7816753,37.5406487
384,166,55.7817649,37.5403025
384,167,55.7818225,37.5400485
384,168,55.7818619,37.5397979
384,169,55.7818846,37.5396149
384,170,55.7819053,37.5393107
384,171,55.7819356,37.5387287
384,172,55.7819419,37.5385061
384,173,55.7819444,37.5383795
384,174,55.7819465,37.5382745
384,175,55.7819398,37.5380413
384,176,55.7819394,37.5380263
384,177,55.781928,37.5378684
384,178,55.7819026,37.5376526
384,179,55.7818769,37.5374754
384,180,55.781778,37.5369634
384,181,55.7817417,37.5367754
384,182,55.7816834,37.5364653
384,183,55.7816574,37.5363327
384,184,55.7816369,37.5361729
384,185,55.7816513,37.5360494
384,186,55.781689,37.5359336
384,187,55.781764,37.5357704
384,188,55.7819947,37.5352503
384,189,55.7820466,37.5351349
384,190,55.7823119,37.5345731
384,191,55.7825487,37.5340498
384,192,55.7826047,37.5339419
384,193,55.7827394,37.5341588
384,194,55.7830704,37.5346834
384,195,55.783343,37.535099
384,196,55.7836119,37.5355057
384,197,55.7837437,37.5357639
384,198,55.7838406,37.5360185
384,199,55.7838975,37.5362097
384,200,55.7839667,37.5361508
384,201,55.7841262,37.5360206
384,202,55.7843451,37.535833
384,203,55.7852354,37.535127
384,204,55.7854495,37.534968
384,205,55.7854987,37.5349306
384,206,55.7855198,37.5349168
384,207,55.785544,37.5349127
384,208,55.7855715,37.5349288
384,209,55.7855919,37.5349604
384,210,55.7856455,37.5351035
384,211,55.785699,37.5352593
384,212,55.7857803,37.5354876
384,213,55.7858116,37.5355723
384,214,55.7858595,37.5357036
384,215,55.7859856,37.5360164
384,216,55.7860377,37.5361379
384,217,55.7861484,37.5364015
384,218,55.7866062,37.5372909
384,219,55.7867165,37.5374706
384,220,55.7867656,37.537544
384,221,55.7870359,37.5379482
384,222,55.7870909,37.5380211
384,223,55.7872765,37.5382672
384,224,55.7873626,37.5383814
384,225,55.787389,37.5384123
384,226,55.7874979,37.5385528
384,227,55.7877382,37.5388211
384,228,55.7878859,37.5389809
384,229,55.7881431,37.5392973
384,230,55.7883235,37.5395201
384,231,55.7883957,37.5396033
384,232,55.788635,37.5399117
384,233,55.7889459,37.5403475
384,234,55.7890413,37.5404787
384,235,55.7891431,37.5406192
384,236,55.7892482,37.5407586
384,237,55.7893825,37.5409466
384,238,55.7894323,37.5410168
384,239,55.789653,37.5413318
384,240,55.7903289,37.5422965
384,241,55.7904463,37.5424554
384,242,55.7904641,37.5424821
384,243,55.7906298,37.5427132
384,244,55.790821,37.5429799
384,245,55.7912758,37.5436139
384,246,55.7913883,37.5437707
384,247,55.7914901,37.5439126
384,248,55.7918051,37.5443517
384,249,55.7920651,37.5447141
384,250,55.7921804,37.5448748
384,251,55.7922126,37.5449197
384,252,55.7928095,37.5457445
384,253,55.792904,37.545875
384,254,55.7927663,37.5462241
384,255,55.7927491,37.5462969
384,256,55.7927449,37.5463678
384,257,55.7927501,37.5464303
384,258,55.7932288,37.5470756
384,259,55.793322,37.5471947
384,260,55.7931923,37.5474964
384,261,55.7927876,37.5484381
384,262,55.7926687,37.5487147
384,263,55.7926011,37.5488715
384,264,55.792211,37.5497761
384,265,55.7921589,37.5498924
384,266,55.7921056,37.5500111
384,267,55.7920413,37.5502902
384,268,55.7920129,37.5504524
384,269,55.7920086,37.5506227
384,270,55.7920593,37.5508073
384,271,55.7921093,37.5508873
384,272,55.7922724,37.5510949
384,273,55.792311,37.5511439
384,274,55.7923841,37.551237
384,275,55.7925132,37.5514113
384,276,55.792557,37.5515315
384,277,55.7925952,37.5517425
384,278,55.7926203,37.5520492
384,279,55.7926648,37.5524785
384,280,55.7927009,37.5527122
384,281,55.7927378,37.5529143
384,282,55.7927555,37.5531132
384,283,55.7927827,37.553442
384,284,55.7927946,37.5537166
384,285,55.7927881,37.5538946
384,286,55.7927758,37.5539523
384,287,55.7927303,37.5540303
384,288,55.7925149,37.5543986
384,289,55.7922081,37.5549493
384,290,55.7918931,37.5555046
384,291,55.7917996,37.5556659
384,292,55.7914613,37.5562057
384,293,55.7914085,37.5562403
384,294,55.79137,37.5562494
384,295,55.7913474,37.5562477
384,296,55.7913263,37.556235
384,297,55.7913032,37.5562183
384,298,55.7912899,37.5561925
384,299,55.7912738,37.5561721
384,300,55.7912622,37.5561631
384,301,55.7912557,37.5561581
384,302,55.7912364,37.5561512
384,303,55.7912166,37.5561515
384,304,55.7911974,37.5561591
384,305,55.7911794,37.5561737
384,306,55.7911636,37.5561946
384,307,55.7911505,37.5562208
384,308,55.7911408,37.5562514
384,309,55.7911349,37.5562849
384,310,55.791133,37.5563198
384,311,55.7911353,37.5563547
384,312,55.7911415,37.5563879
384,313,55.7911515,37.5564182
384,314,55.7911649,37.556444
384,315,55.7911809,37.5564644
384,316,55.791199,37.5564784
384,317,55.7912184,37.5564854
384,318,55.7912617,37.5565099
384,319,55.791305,37.5565417
384,320,55.7913537,37.5565975
384,321,55.7913569,37.5565894
384,322,55.7914595,37.5566966
384,323,55.7915609,37.5568025
384,324,55.7917968,37.5569387
384,325,55.7920266,37.5572548
384,326,55.7921063,37.5573487
384,327,55.7921759,37.5574082
384,328,55.7922258,37.55744
384,329,55.7922973,37.557466
384,330,55.7924424,37.5575205
384,331,55.7925466,37.557575
384,332,55.7926076,37.5576237
384,333,55.7926981,37.5577141
384,334,55.7928301,37.5578584
384,335,55.7929855,37.5580821
384,336,55.79308,37.5582839
384,337,55.793214,37.5585914
384,338,55.7932659,37.5587133
384,339,55.7932704,37.5587824
384,340,55.7932568,37.5588307
384,341,55.7932169,37.5588789
384,342,55.7932098,37.5588891
384,343,55.7929453,37.5591426
384,344,55.7928028,37.5592915
384,345,55.7927705,37.559343
384,346,55.7927524,37.5593913
384,347,55.7927404,37.5594636
384,348,55.7927472,37.5595441
384,349,55.7927629,37.5596411
384,350,55.7929783,37.5605456
384,351,55.793028,37.5607369
384,352,55.7930869,37.5608242
384,353,55.7931302,37.5608722
384,354,55.7931764,37.5608972
384,355,55.7932229,37.5609013
384,356,55.7932516,37.5608883
384,357,55.7932803,37.5608603
384,358,55.793292,37.560829
384,359,55.7933465,37.5606844
384,360,55.7933766,37.5606085
384,361,55.7935611,37.5601592
384,362,55.7936618,37.5599104
384,363,55.7937587,37.5596849
384,364,55.7938754,37.5594194
384,365,55.7939732,37.5592357
384,366,55.7940072,37.559183
384,367,55.7941011,37.5590523
384,368,55.7941539,37.558992
384,369,55.794207,37.5589312
384,370,55.7943776,37.5588964
384,371,55.7944537,37.5589059
384,372,55.7945308,37.5589309
384,373,55.7947519,37.5590134
384,374,55.7948756,37.5590596
384,375,55.7952168,37.559187
384,376,55.7953726,37.5591807
384,377,55.7955631,37.5591231
384,378,55.7956411,37.559074
384,379,55.7957573,37.5589723
384,380,55.795888,37.5588454
384,381,55.7959698,37.5587526
384,382,55.795992,37.5587274
384,383,55.7960976,37.5585799
384,384,55.7962099,37.5583653
384,385,55.7963177,37.558132
384,386,55.7963384,37.5580911
384,387,55.7964753,37.5576959
384,388,55.796761,37.5568561
384,389,55.7968279,37.5566583
384,390,55.7969704,37.5562352
384,391,55.797187,37.5555925
384,392,55.7973671,37.5550581
384,393,55.7974151,37.5549155
384,394,55.7975387,37.5545452
384,395,55.797585,37.5544064
384,396,55.7976207,37.5542996
384,397,55.7976375,37.5542395
384,398,55.7976687,37.5541279
384,399,55.7977837,37.553812
384,400,55.7978172,37.5537201
384,401,55.7978386,37.5536975
384,402,55.797885,37.5537077
384,403,55.7979319,37.5537325
384,404,55.7980181,37.5537942
384,405,55.7981164,37.5539081
384,406,55.7982668,37.5542912
384,407,55.7984616,37.5548447
384,408,55.7985117,37.5549886
384,409,55.7986069,37.5552627
384,410,55.7987979,37.5558452
384,411,55.79885,37.556009
384,412,55.7988778,37.5560939
384,413,55.7989315,37.5562516
384,414,55.7991277,37.5568333
384,415,55.7992076,37.5570848
384,416,55.799253,37.5572438
384,417,55.7992957,37.5573934
384,418,55.7994001,37.5577138
384,419,55.799471,37.5579313
384,420,55.7995433,37.5581531
384,421,55.7996619,37.5585168
384,422,55.7998931,37.5592285
384,423,55.8000203,37.5596168
384,424,55.8000603,37.5597388
384,425,55.8002906,37.5604088
384,426,55.8003152,37.5604873
384,427,55.80037,37.5606622
384,428,55.8003847,37.560709
384,429,55.8004326,37.5608572
384,430,55.8004758,37.5609974
384,431,55.8005117,37.5611164
384,432,55.8005902,37.561371
384,433,55.8006987,37.5617283
384,434,55.8007263,37.5618241
384,435,55.8007948,37.5620619
384,436,55.8009379,37.5625583
384,437,55.8009987,37.5627743
384,438,55.8010362,37.5628961
384,439,55.8011009,37.5631136
384,440,55.8011455,37.5632593
384,441,55.8011999,37.56344
384,442,55.8012321,37.5635469
384,443,55.8012861,37.5637264
384,444,55.8013633,37.5639827
384,445,55.8014172,37.5641598
384,446,55.8015233,37.5645083
384,447,55.8015734,37.5646687
384,448,55.801485,37.564746
384,449,55.8013458,37.5648811
384,450,55.8010118,37.5652052
384,451,55.8002031,37.5659901
384,452,55.8000342,37.5661549
384,453,55.7999881,37.5661998
384,454,55.7998798,37.5663015
384,455,55.7999377,37.5664886
384,456,55.7999784,37.5666936
384,457,55.80001,37.5669121
384,458,55.8000375,37.567187
384,459,55.8000797,37.5676261
384,460,55.8000924,37.5677583
384,461,55.8002137,37.5690981
384,462,55.8002163,37.569127
384,463,55.8002292,37.5692667
384,464,55.8002442,37.5694291
384,465,55.8002858,37.569881
384,466,55.8003153,37.5702003
384,467,55.800345,37.5705229
384,468,55.8003844,37.5709505
384,469,55.8003969,37.5711134
384,470,55.8004163,37.5712965
384,471,55.8004436,37.5715537
384,472,55.8004669,37.571799
384,473,55.8004833,37.5719709
384,474,55.800512,37.5722728
384,475,55.8005294,37.5724852
384,476,55.8005488,37.5726918
384,477,55.800572,37.5729386
384,478,55.8005869,37.5730975
384,479,55.8006582,37.5738566
384,480,55.8006646,37.5739206
384,481,55.8007092,37.5743702
384,482,55.8007308,37.5745877
384,483,55.8007412,37.5746929
384,484,55.8007573,37.574883
384,485,55.8008,37.5753879
384,486,55.8008137,37.5755714
384,487,55.8007265,37.5755877
384,488,55.8004431,37.5756322
384,489,55.8003519,37.5756465
384,490,55.80024,37.5756633
384,491,55.799468,37.5757792
384,492,55.7992864,37.5758126
384,493,55.7991333,37.5758408
384,494,55.7991155,37.575844
384,495,55.7990331,37.5758589
384,496,55.7986448,37.5759294
384,497,55.7978852,37.576079
384,498,55.797809,37.5760924
384,499,55.7977484,37.5761034
384,500,55.7972215,37.5762301
384,501,55.7971075,37.5762529
384,502,55.7969637,37.5762818
384,503,55.7968933,37.5762959
384,504,55.7968583,37.5763029
384,505,55.7967453,37.5763256
384,506,55.7963942,37.5763959
384,507,55.7963276,37.5764093
384,508,55.7957435,37.5765263
384,509,55.7950417,37.5766736
384,510,55.7949498,37.5766973
384,511,55.7949594,37.5768545
384,512,55.7949753,37.5770761
384,513,55.7950002,37.5774238
384,514,55.7950258,37.5777885
384,515,55.7950333,37.5779003
384,516,55.7950657,37.5783143
384,517,55.7951228,37.5790619
384,518,55.7951318,37.5791727
384,519,55.7951657,37.5794414
384,520,55.7952132,37.579818
384,521,55.7953038,37.5805555
384,522,55.7953514,37.5809428
384,523,55.7953958,37.5813045
384,524,55.7954295,37.5816069
384,525,55.7954364,37.5816714
384,526,55.7954724,37.5820076
384,527,55.7954758,37.582174
384,528,55.7954746,37.5822967
384,529,55.7954613,37.5827506
384,530,55.7954606,37.5827915
384,531,55.7954595,37.5828569
384,532,55.7954541,37.5831696
384,533,55.7954557,37.5834493
384,534,55.795428,37.5837094
384,535,55.795404,37.5838248
384,536,55.7953716,37.5839174
384,537,55.7953354,37.5839764
384,538,55.7952826,37.5840341
384,539,55.7952035,37.5840713
384,540,55.7948702,37.5841045
384,541,55.7948394,37.5841066
384,542,55.7947669,37.5841427
384,543,55.7947096,37.5841802
384,544,55.7946275,37.5842553
384,545,55.7945031,37.5844257
384,546,55.7942109,37.5850502
384,547,55.7935584,37.5861121
384,548,55.7934774,37.5862438
384,549,55.7932856,37.5865433
384,550,55.7930825,37.586858
384,551,55.792888,37.5870502
384,552,55.7928464,37.5870978
384,553,55.7928002,37.5871374
384,554,55.7927517,37.5871556
384,555,55.7926982,37.5871453
384,556,55.7926603,37.5871159
384,557,55.7926205,37.5870622
384,558,55.7925911,37.5869817
384,559,55.7925778,37.5868965
384,560,55.7925744,37.5855783
384,561,55.7925793,37.585511
384,562,55.7925946,37.5854488
384,563,55.7926191,37.5853967
384,564,55.7926509,37.5853591
384,565,55.7926874,37.585339
384,566,55.7927256,37.5853379
384,567,55.7927624,37.5853561
384,568,55.7927948,37.5853919
384,569,55.7931981,37.5861925
384,570,55.7932617,37.5863155
384,571,55.7934971,37.5867805
384,572,55.793516,37.5868281
384,573,55.7935278,37.5868824
384,574,55.7935321,37.5869401
384,575,55.7935284,37.586998
384,576,55.7935155,37.5870568
384,577,55.7934987,37.5871008
384,578,55.7934317,37.5871802
384,579,55.7932529,37.5873915
384,580,55.7932279,37.5874276
384,581,55.7932029,37.5874612
384,582,55.7931831,37.5874948
384,583,55.7931647,37.5875371
384,584,55.7931488,37.5875826
384,585,55.7931351,37.5876343
384,586,55.7931279,37.5876838
384,587,55.793123,37.5877446
384,588,55.7931238,37.5878069
384,589,55.793127,37.5878535
384,590,55.7931345,37.5879092
384,591,55.7931453,37.5879554
384,592,55.7931567,37.587998
384,593,55.7931693,37.5880319
384,594,55.7931884,37.5880651
384,595,55.7932074,37.5880899
384,596,55.7932457,37.5881302
384,597,55.7932911,37.5881781
384,598,55.7933315,37.588225
384,599,55.7933686,37.5882807
384,600,55.7933967,37.5883323
384,601,55.7934178,37.5883833
384,602,55.79343,37.5884161
384,603,55.7934568,37.5885076
384,604,55.7934657,37.5885563
384,605,55.7934707,37.5886122
384,606,55.7934712,37.588662
384,607,55.7935096,37.5885365
384,608,55.7935316,37.5884752
384,609,55.7935631,37.5884042
384,610,55.7937903,37.5878745
