timestamp,trip_id,vehicle_id,lat,lon,speed,delay,next_stop_id
2026-09-23T07:00:00Z,м3-20260923-000,vehicle-742,55.7779901,37.71884,0,60,10707555437
2026-09-23T07:01:00Z,м3-20260923-000,vehicle-742,55.7779901,37.71884,0,69,10707555437
2026-09-23T07:02:00Z,м3-20260923-000,vehicle-742,55.7774206,37.7176957,28.8,78,10702781016
2026-09-23T07:03:00Z,м3-20260923-000,vehicle-742,55.7770662,37.7151797,0,87,10702781016
2026-09-23T07:04:00Z,м3-20260923-000,vehicle-742,55.7791418,37.7162858,28.8,96,1383980899
2026-09-23T07:05:00Z,м3-20260923-000,vehicle-742,55.780923,37.7157149,0,105,1383980899
2026-09-23T07:06:00Z,м3-20260923-000,vehicle-742,55.7818634,37.7107432,28.8,114,1383980929
2026-09-23T07:07:00Z,м3-20260923-000,vehicle-742,55.7822699,37.706603,0,123,1383980929
2026-09-23T07:08:00Z,м3-20260923-000,vehicle-742,55.782793,37.7017424,28.8,132,1373930865
2026-09-23T07:09:00Z,м3-20260923-000,vehicle-742,55.782747,37.6990569,28.8,141,10703096932
2026-09-23T07:10:00Z,м3-20260923-000,vehicle-742,55.7811645,37.6956789,0,150,10703096932
2026-09-23T07:11:00Z,м3-20260923-000,vehicle-742,55.7796962,37.6924944,28.8,159,10707555493
2026-09-23T07:12:00Z,м3-20260923-000,vehicle-742,55.778565,37.6907337,28.8,168,10707555492
2026-09-23T07:13:00Z,м3-20260923-000,vehicle-742,55.7774653,37.6889378,28.8,177,10707555490
2026-09-23T07:14:00Z,м3-20260923-000,vehicle-742,55.7757369,37.6856416,0,186,10707555490
2026-09-23T07:15:00Z,м3-20260923-000,vehicle-742,55.7741775,37.6819179,28.8,195,10707555486
2026-09-23T07:16:00Z,м3-20260923-000,vehicle-742,55.7734939,37.6795197,28.8,204,3206635914
2026-09-23T07:17:00Z,м3-20260923-000,vehicle-742,55.7728915,37.6770376,28.8,213,7935565268
2026-09-23T07:18:00Z,м3-20260923-000,vehicle-742,55.7722809,37.6745473,28.8,222,10703241118
2026-09-23T07:19:00Z,м3-20260923-000,vehicle-742,55.7697527,37.6698247,28.8,231,10703241118
2026-09-23T07:20:00Z,м3-20260923-000,vehicle-742,55.7687313,37.6678551,28.8,240,10703241115
2026-09-23T07:21:00Z,м3-20260923-000,vehicle-742,55.766822,37.6639128,0,249,10703241115
2026-09-23T07:22:00Z,м3-20260923-000,vehicle-742,55.7655801,37.6606695,28.8,258,10703241112
2026-09-23T07:23:00Z,м3-20260923-000,vehicle-742,55.7648107,37.6583673,28.8,267,256021218
2026-09-23T07:24:00Z,м3-20260923-000,vehicle-742,55.7635981,37.6550452,0,276,256021218
2026-09-23T07:25:00Z,м3-20260923-000,vehicle-742,55.7615964,37.6513629,0,285,3048754295
2026-09-23T07:26:00Z,м3-20260923-000,vehicle-742,55.7603726,37.6495295,28.8,294,3048753691
2026-09-23T07:27:00Z,м3-20260923-000,vehicle-742,55.7593505,37.645904,0,303,3048753691
2026-09-23T07:28:00Z,м3-20260923-000,vehicle-742,55.7586849,37.64097,28.8,312,10707555485
2026-09-23T07:29:00Z,м3-20260923-000,vehicle-742,55.7581407,37.6384777,28.8,321,10707555483
2026-09-23T07:30:00Z,м3-20260923-000,vehicle-742,55.757446,37.6328837,0,330,10707555483
2026-09-23T07:00:00Z,м3-20260923-001,vehicle-801,55.780923,37.7157149,0,15,1383980899
2026-09-23T07:01:00Z,м3-20260923-001,vehicle-801,55.7820669,37.7096501,28.8,15,1383980929
2026-09-23T07:02:00Z,м3-20260923-001,vehicle-801,55.7823299,37.705844,28.8,15,1373930865
2026-09-23T07:03:00Z,м3-20260923-001,vehicle-801,55.7827669,37.7002078,0,15,1373930865
2026-09-23T07:04:00Z,м3-20260923-001,vehicle-801,55.7813622,37.6960495,28.8,15,10703096932
2026-09-23T07:05:00Z,м3-20260923-001,vehicle-801,55.7799727,37.6930896,28.8,15,10707555493
2026-09-23T07:06:00Z,м3-20260923-001,vehicle-801,55.7784009,37.6904922,28.8,15,10707555492
2026-09-23T07:07:00Z,м3-20260923-001,vehicle-801,55.7768708,37.6878108,28.8,15,10707555490
2026-09-23T07:08:00Z,м3-20260923-001,vehicle-801,55.7753947,37.6849996,28.8,15,10707555486
2026-09-23T07:09:00Z,м3-20260923-001,vehicle-801,55.7740479,37.6814681,0,15,10707555486
2026-09-23T07:10:00Z,м3-20260923-001,vehicle-801,55.7730646,37.6778933,0,15,3206635914
2026-09-23T07:11:00Z,м3-20260923-001,vehicle-801,55.7723803,37.6748887,28.8,15,10703241118
2026-09-23T07:12:00Z,м3-20260923-001,vehicle-801,55.7694567,37.6692643,28.8,15,10703241118
2026-09-23T07:13:00Z,м3-20260923-001,vehicle-801,55.7680105,37.6664463,28.8,15,10703241115
2026-09-23T07:14:00Z,м3-20260923-001,vehicle-801,55.7666569,37.6635002,28.8,15,10703241112
2026-09-23T07:15:00Z,м3-20260923-001,vehicle-801,55.765361,37.6600175,0,15,10703241112
2026-09-23T07:16:00Z,м3-20260923-001,vehicle-801,55.7635981,37.6550452,0,15,256021218
2026-09-23T07:17:00Z,м3-20260923-001,vehicle-801,55.7615964,37.6513629,0,15,3048754295
2026-09-23T07:18:00Z,м3-20260923-001,vehicle-801,55.7599372,37.648661,28.8,15,3048753691
2026-09-23T07:19:00Z,м3-20260923-001,vehicle-801,55.7592454,37.6450352,28.8,15,10707555485
2026-09-23T07:20:00Z,м3-20260923-001,vehicle-801,55.7583635,37.6394235,0,15,10707555485
2026-09-23T07:21:00Z,м3-20260923-001,vehicle-801,55.7575766,37.6340117,28.8,15,10707555483
2026-09-23T07:22:00Z,м3-20260923-001,vehicle-801,55.7576287,37.6306318,28.8,15,336215380
2026-09-23T07:23:00Z,м3-20260923-001,vehicle-801,55.7592937,37.6281951,28.8,15,10707555443
2026-09-23T07:24:00Z,м3-20260923-001,vehicle-801,55.7596958,37.6251762,0,15,10707555443
2026-09-23T07:25:00Z,м3-20260923-001,vehicle-801,55.7588667,37.6191588,0,15,4436980877
2026-09-23T07:26:00Z,м3-20260923-001,vehicle-801,55.7574387,37.6159267,28.8,15,10030517809
2026-09-23T07:27:00Z,м3-20260923-001,vehicle-801,55.7550978,37.6125933,0,15,10030517809
2026-09-23T07:28:00Z,м3-20260923-001,vehicle-801,55.755098,37.6104756,0,15,5279327451
2026-09-23T07:29:00Z,м3-20260923-001,vehicle-801,55.756777,37.6040756,28.8,15,5279327450
2026-09-23T07:30:00Z,м3-20260923-001,vehicle-801,55.757297,37.6003616,28.8,15,1402324087
2026-09-23T07:00:00Z,м3-20260923-002,vehicle-802,55.7827335,37.6982896,28.8,15,10703096932
2026-09-23T07:01:00Z,м3-20260923-002,vehicle-802,55.7811645,37.6956789,0,15,10703096932
2026-09-23T07:02:00Z,м3-20260923-002,vehicle-802,55.779167,37.6916189,0,15,10707555493
2026-09-23T07:03:00Z,м3-20260923-002,vehicle-802,55.7776149,37.6892179,0,15,10707555492
2026-09-23T07:04:00Z,м3-20260923-002,vehicle-802,55.7757369,37.6856416,0,15,10707555490
2026-09-23T07:05:00Z,м3-20260923-002,vehicle-802,55.7741775,37.6819179,28.8,15,10707555486
2026-09-23T07:06:00Z,м3-20260923-002,vehicle-802,55.773202,37.678487,28.8,15,3206635914
2026-09-23T07:07:00Z,м3-20260923-002,vehicle-802,55.7724134,37.6750025,0,15,7935565268
2026-09-23T07:08:00Z,м3-20260923-002,vehicle-802,55.7709849,37.6719833,28.8,15,10703241118
2026-09-23T07:09:00Z,м3-20260923-002,vehicle-802,55.7692126,37.668793,0,15,10703241118
2026-09-23T07:10:00Z,м3-20260923-002,vehicle-802,55.766822,37.6639128,0,15,10703241115
2026-09-23T07:11:00Z,м3-20260923-002,vehicle-802,55.7654705,37.6603435,28.8,15,10703241112
2026-09-23T07:12:00Z,м3-20260923-002,vehicle-802,55.7643636,37.6570546,28.8,15,256021218
2026-09-23T07:13:00Z,м3-20260923-002,vehicle-802,55.7630886,37.6539632,28.8,15,3048754295
2026-09-23T07:14:00Z,м3-20260923-002,vehicle-802,55.7615408,37.6512795,28.8,15,3048753691
2026-09-23T07:15:00Z,м3-20260923-002,vehicle-802,55.7593505,37.645904,0,15,3048753691
2026-09-23T07:16:00Z,м3-20260923-002,vehicle-802,55.7587451,37.6413356,28.8,15,10707555485
2026-09-23T07:17:00Z,м3-20260923-002,vehicle-802,55.7579825,37.6377621,28.8,15,10707555483
2026-09-23T07:18:00Z,м3-20260923-002,vehicle-802,55.757446,37.6328837,0,15,10707555483
2026-09-23T07:19:00Z,м3-20260923-002,vehicle-802,55.7590704,37.6285178,0,15,336215380
2026-09-23T07:20:00Z,м3-20260923-002,vehicle-802,55.7599306,37.6260636,28.8,15,10707555443
2026-09-23T07:21:00Z,м3-20260923-002,vehicle-802,55.7593195,37.6224736,28.8,15,4436980877
2026-09-23T07:22:00Z,м3-20260923-002,vehicle-802,55.7588015,37.6187924,28.8,15,10030517809
2026-09-23T07:23:00Z,м3-20260923-002,vehicle-802,55.7558325,37.6134033,28.8,15,10030517809
2026-09-23T07:24:00Z,м3-20260923-002,vehicle-802,55.7549578,37.6109321,28.8,15,5279327451
2026-09-23T07:25:00Z,м3-20260923-002,vehicle-802,55.7560193,37.6076136,28.8,15,5279327450
2026-09-23T07:26:00Z,м3-20260923-002,vehicle-802,55.7568955,37.6032131,0,15,5279327450
2026-09-23T07:27:00Z,м3-20260923-002,vehicle-802,55.7572763,37.596645,28.8,15,1402324087
2026-09-23T07:28:00Z,м3-20260923-002,vehicle-802,55.7575789,37.5927828,28.8,15,10740305146
2026-09-23T07:29:00Z,м3-20260923-002,vehicle-802,55.757976,37.5890036,28.8,15,10740305145
2026-09-23T07:30:00Z,м3-20260923-002,vehicle-802,55.7587578,37.5854473,28.8,15,10601114149
2026-09-23T07:00:00Z,м3-20260923-003,vehicle-803,55.7776149,37.6892179,0,60,10707555492
2026-09-23T07:01:00Z,м3-20260923-003,vehicle-803,55.7765739,37.6872468,28.8,69,10707555490
2026-09-23T07:02:00Z,м3-20260923-003,vehicle-803,55.775542,37.6852735,28.8,78,10707555486
2026-09-23T07:03:00Z,м3-20260923-003,vehicle-803,55.7740479,37.6814681,0,87,10707555486
2026-09-23T07:04:00Z,м3-20260923-003,vehicle-803,55.7730646,37.6778933,0,96,3206635914
2026-09-23T07:05:00Z,м3-20260923-003,vehicle-803,55.7724134,37.6750025,0,105,7935565268
2026-09-23T07:06:00Z,м3-20260923-003,vehicle-803,55.7714394,37.6728059,28.8,114,10703241118
2026-09-23T07:07:00Z,м3-20260923-003,vehicle-803,55.7692126,37.668793,0,123,10703241118
2026-09-23T07:08:00Z,м3-20260923-003,vehicle-803,55.7678683,37.6661614,28.8,132,10703241115
2026-09-23T07:09:00Z,м3-20260923-003,vehicle-803,55.766822,37.6639128,0,141,10703241115
2026-09-23T07:10:00Z,м3-20260923-003,vehicle-803,55.765361,37.6600175,0,150,10703241112
2026-09-23T07:11:00Z,м3-20260923-003,vehicle-803,55.7641392,37.6564004,28.8,159,256021218
2026-09-23T07:12:00Z,м3-20260923-003,vehicle-803,55.7632271,37.6542589,28.8,168,3048754295
2026-09-23T07:13:00Z,м3-20260923-003,vehicle-803,55.7615964,37.6513629,0,177,3048754295
2026-09-23T07:14:00Z,м3-20260923-003,vehicle-803,55.7596218,37.6476484,28.8,186,3048753691
2026-09-23T07:15:00Z,м3-20260923-003,vehicle-803,55.7592454,37.6450352,28.8,195,10707555485
2026-09-23T07:16:00Z,м3-20260923-003,vehicle-803,55.7583635,37.6394235,0,204,10707555485
2026-09-23T07:17:00Z,м3-20260923-003,vehicle-803,55.757717,37.6363041,28.8,213,10707555483
2026-09-23T07:18:00Z,м3-20260923-003,vehicle-803,55.757446,37.6328837,0,222,10707555483
2026-09-23T07:19:00Z,м3-20260923-003,vehicle-803,55.7589601,37.6286819,28.8,231,336215380
2026-09-23T07:20:00Z,м3-20260923-003,vehicle-803,55.7601829,37.6271265,28.8,240,10707555443
2026-09-23T07:21:00Z,м3-20260923-003,vehicle-803,55.7596958,37.6251762,0,249,10707555443
2026-09-23T07:22:00Z,м3-20260923-003,vehicle-803,55.7588667,37.6191588,0,258,4436980877
2026-09-23T07:23:00Z,м3-20260923-003,vehicle-803,55.7580806,37.6169565,28.8,267,10030517809
2026-09-23T07:24:00Z,м3-20260923-003,vehicle-803,55.7552839,37.6127888,28.8,276,10030517809
2026-09-23T07:25:00Z,м3-20260923-003,vehicle-803,55.7549578,37.6109321,28.8,285,5279327451
2026-09-23T07:26:00Z,м3-20260923-003,vehicle-803,55.7556926,37.6085964,28.8,294,5279327450
2026-09-23T07:27:00Z,м3-20260923-003,vehicle-803,55.7568955,37.6032131,0,303,5279327450
2026-09-23T07:28:00Z,м3-20260923-003,vehicle-803,55.7573549,37.5999921,28.8,312,1402324087
2026-09-23T07:29:00Z,м3-20260923-003,vehicle-803,55.7572701,37.5965176,0,321,1402324087
2026-09-23T07:30:00Z,м3-20260923-003,vehicle-803,55.7576995,37.5913662,0,330,10740305146
2026-09-23T07:00:00Z,м3-20260923-004,vehicle-804,55.7730646,37.6778933,0,60,3206635914
2026-09-23T07:01:00Z,м3-20260923-004,vehicle-804,55.7724134,37.6750025,0,69,7935565268
2026-09-23T07:02:00Z,м3-20260923-004,vehicle-804,55.7711387,37.6722534,28.8,78,10703241118
2026-09-23T07:03:00Z,м3-20260923-004,vehicle-804,55.7692126,37.668793,0,87,10703241118
2026-09-23T07:04:00Z,м3-20260923-004,vehicle-804,55.7675858,37.6655887,28.8,96,10703241115
2026-09-23T07:05:00Z,м3-20260923-004,vehicle-804,55.7666569,37.6635002,28.8,105,10703241112
2026-09-23T07:06:00Z,м3-20260923-004,vehicle-804,55.765361,37.6600175,0,114,10703241112
2026-09-23T07:07:00Z,м3-20260923-004,vehicle-804,55.7638972,37.6557653,28.8,123,256021218
2026-09-23T07:08:00Z,м3-20260923-004,vehicle-804,55.7629472,37.6536717,28.8,132,3048754295
2026-09-23T07:09:00Z,м3-20260923-004,vehicle-804,55.7615964,37.6513629,0,141,3048754295
2026-09-23T07:10:00Z,м3-20260923-004,vehicle-804,55.759494,37.6469068,28.8,150,3048753691
2026-09-23T07:11:00Z,м3-20260923-004,vehicle-804,55.7591624,37.6442878,28.8,159,10707555485
2026-09-23T07:12:00Z,м3-20260923-004,vehicle-804,55.7583635,37.6394235,0,168,10707555485
2026-09-23T07:13:00Z,м3-20260923-004,vehicle-804,55.7576563,37.6355429,28.8,177,10707555483
2026-09-23T07:14:00Z,м3-20260923-004,vehicle-804,55.757446,37.6328837,0,186,10707555483
2026-09-23T07:15:00Z,м3-20260923-004,vehicle-804,55.7590704,37.6285178,0,195,336215380
2026-09-23T07:16:00Z,м3-20260923-004,vehicle-804,55.7604859,37.6265871,28.8,204,10707555443
2026-09-23T07:17:00Z,м3-20260923-004,vehicle-804,55.7596296,37.6246839,28.8,213,4436980877
2026-09-23T07:18:00Z,м3-20260923-004,vehicle-804,55.7588667,37.6191588,0,222,4436980877
2026-09-23T07:19:00Z,м3-20260923-004,vehicle-804,55.7577587,37.6164435,28.8,231,10030517809
2026-09-23T07:20:00Z,м3-20260923-004,vehicle-804,55.7550978,37.6125933,0,240,10030517809
2026-09-23T07:21:00Z,м3-20260923-004,vehicle-804,55.755098,37.6104756,0,249,5279327451
2026-09-23T07:22:00Z,м3-20260923-004,vehicle-804,55.7559104,37.6079412,28.8,258,5279327450
2026-09-23T07:23:00Z,м3-20260923-004,vehicle-804,55.7568955,37.6032131,0,267,5279327450
2026-09-23T07:24:00Z,м3-20260923-004,vehicle-804,55.7574587,37.5992475,28.8,276,1402324087
2026-09-23T07:25:00Z,м3-20260923-004,vehicle-804,55.7572701,37.5965176,0,285,1402324087
2026-09-23T07:26:00Z,м3-20260923-004,vehicle-804,55.7576995,37.5913662,0,294,10740305146
2026-09-23T07:27:00Z,м3-20260923-004,vehicle-804,55.7582854,37.5875758,28.8,303,10740305145
2026-09-23T07:28:00Z,м3-20260923-004,vehicle-804,55.7588328,37.5850928,28.8,312,10601114149
2026-09-23T07:29:00Z,м3-20260923-004,vehicle-804,55.7603372,37.5806775,0,321,10601114149
2026-09-23T07:30:00Z,м3-20260923-004,vehicle-804,55.7609526,37.5770495,28.8,330,1456333360
2026-09-23T07:00:00Z,м3-20260923-005,vehicle-805,55.7666569,37.6635002,28.8,15,10703241112
2026-09-23T07:01:00Z,м3-20260923-005,vehicle-805,55.765361,37.6600175,0,15,10703241112
2026-09-23T07:02:00Z,м3-20260923-005,vehicle-805,55.7635981,37.6550452,0,15,256021218
2026-09-23T07:03:00Z,м3-20260923-005,vehicle-805,55.7615964,37.6513629,0,15,3048754295
2026-09-23T07:04:00Z,м3-20260923-005,vehicle-805,55.7599372,37.648661,28.8,15,3048753691
2026-09-23T07:05:00Z,м3-20260923-005,vehicle-805,55.7592454,37.6450352,28.8,15,10707555485
2026-09-23T07:06:00Z,м3-20260923-005,vehicle-805,55.7583635,37.6394235,0,15,10707555485
2026-09-23T07:07:00Z,м3-20260923-005,vehicle-805,55.7575766,37.6340117,28.8,15,10707555483
2026-09-23T07:08:00Z,м3-20260923-005,vehicle-805,55.7576287,37.6306318,28.8,15,336215380
2026-09-23T07:09:00Z,м3-20260923-005,vehicle-805,55.7592937,37.6281951,28.8,15,10707555443
2026-09-23T07:10:00Z,м3-20260923-005,vehicle-805,55.7596958,37.6251762,0,15,10707555443
2026-09-23T07:11:00Z,м3-20260923-005,vehicle-805,55.7588667,37.6191588,0,15,4436980877
2026-09-23T07:12:00Z,м3-20260923-005,vehicle-805,55.7574387,37.6159267,28.8,15,10030517809
2026-09-23T07:13:00Z,м3-20260923-005,vehicle-805,55.7550978,37.6125933,0,15,10030517809
2026-09-23T07:14:00Z,м3-20260923-005,vehicle-805,55.755098,37.6104756,0,15,5279327451
2026-09-23T07:15:00Z,м3-20260923-005,vehicle-805,55.756777,37.6040756,28.8,15,5279327450
2026-09-23T07:16:00Z,м3-20260923-005,vehicle-805,55.757297,37.6003616,28.8,15,1402324087
2026-09-23T07:17:00Z,м3-20260923-005,vehicle-805,55.7572701,37.5965176,0,15,1402324087
2026-09-23T07:18:00Z,м3-20260923-005,vehicle-805,55.7576995,37.5913662,0,15,10740305146
2026-09-23T07:19:00Z,м3-20260923-005,vehicle-805,55.7586204,37.586029,0,15,10740305145
2026-09-23T07:20:00Z,м3-20260923-005,vehicle-805,55.7595754,37.5820014,28.8,15,10601114149
2026-09-23T07:21:00Z,м3-20260923-005,vehicle-805,55.7607818,37.5789547,28.8,15,1456333360
2026-09-23T07:22:00Z,м3-20260923-005,vehicle-805,55.7611697,37.5751638,28.8,15,1456333361
2026-09-23T07:23:00Z,м3-20260923-005,vehicle-805,55.7618053,37.5702942,0,15,1456333361
2026-09-23T07:24:00Z,м3-20260923-005,vehicle-805,55.7628553,37.563993,28.8,15,10879083010
2026-09-23T07:25:00Z,м3-20260923-005,vehicle-805,55.7634748,37.5603395,28.8,15,1456333365
2026-09-23T07:26:00Z,м3-20260923-005,vehicle-805,55.7639425,37.5566482,28.8,15,1456333369
2026-09-23T07:27:00Z,м3-20260923-005,vehicle-805,55.7644137,37.5529528,28.8,15,1456333356
2026-09-23T07:28:00Z,м3-20260923-005,vehicle-805,55.7653695,37.5454356,28.8,15,1456333356
2026-09-23T07:29:00Z,м3-20260923-005,vehicle-805,55.765845,37.5416795,28.8,15,6242129325
2026-09-23T07:30:00Z,м3-20260923-005,vehicle-805,55.7667318,37.5341623,28.8,15,6242129325
2026-09-23T07:00:00Z,м3-20260923-006,vehicle-806,55.7615408,37.6512795,28.8,15,3048753691
2026-09-23T07:01:00Z,м3-20260923-006,vehicle-806,55.7593505,37.645904,0,15,3048753691
2026-09-23T07:02:00Z,м3-20260923-006,vehicle-806,55.7587451,37.6413356,28.8,15,10707555485
2026-09-23T07:03:00Z,м3-20260923-006,vehicle-806,55.7579825,37.6377621,28.8,15,10707555483
2026-09-23T07:04:00Z,м3-20260923-006,vehicle-806,55.757446,37.6328837,0,15,10707555483
2026-09-23T07:05:00Z,м3-20260923-006,vehicle-806,55.7590704,37.6285178,0,15,336215380
2026-09-23T07:06:00Z,м3-20260923-006,vehicle-806,55.7599306,37.6260636,28.8,15,10707555443
2026-09-23T07:07:00Z,м3-20260923-006,vehicle-806,55.7593195,37.6224736,28.8,15,4436980877
2026-09-23T07:08:00Z,м3-20260923-006,vehicle-806,55.7588015,37.6187924,28.8,15,10030517809
2026-09-23T07:09:00Z,м3-20260923-006,vehicle-806,55.7558325,37.6134033,28.8,15,10030517809
2026-09-23T07:10:00Z,м3-20260923-006,vehicle-806,55.7549578,37.6109321,28.8,15,5279327451
2026-09-23T07:11:00Z,м3-20260923-006,vehicle-806,55.7560193,37.6076136,28.8,15,5279327450
2026-09-23T07:12:00Z,м3-20260923-006,vehicle-806,55.7568955,37.6032131,0,15,5279327450
2026-09-23T07:13:00Z,м3-20260923-006,vehicle-806,55.7572763,37.596645,28.8,15,1402324087
2026-09-23T07:14:00Z,м3-20260923-006,vehicle-806,55.7575789,37.5927828,28.8,15,10740305146
2026-09-23T07:15:00Z,м3-20260923-006,vehicle-806,55.757976,37.5890036,28.8,15,10740305145
2026-09-23T07:16:00Z,м3-20260923-006,vehicle-806,55.7587578,37.5854473,28.8,15,10601114149
2026-09-23T07:17:00Z,м3-20260923-006,vehicle-806,55.7603372,37.5806775,0,15,10601114149
2026-09-23T07:18:00Z,м3-20260923-006,vehicle-806,55.7609955,37.5766705,0,15,1456333360
2026-09-23T07:19:00Z,м3-20260923-006,vehicle-806,55.7616516,37.5714149,28.8,15,1456333361
2026-09-23T07:20:00Z,м3-20260923-006,vehicle-806,55.7622063,37.5676829,28.8,15,10879083010
2026-09-23T07:21:00Z,м3-20260923-006,vehicle-806,55.7631284,37.562662,0,15,10879083010
2026-09-23T07:22:00Z,м3-20260923-006,vehicle-806,55.7635378,37.5598461,0,15,1456333365
2026-09-23T07:23:00Z,м3-20260923-006,vehicle-806,55.7643689,37.5533298,0,15,1456333369
2026-09-23T07:24:00Z,м3-20260923-006,vehicle-806,55.764892,37.5491944,28.8,15,1456333356
2026-09-23T07:25:00Z,м3-20260923-006,vehicle-806,55.7657197,37.5426792,0,15,1456333356
2026-09-23T07:26:00Z,м3-20260923-006,vehicle-806,55.766299,37.5379249,28.8,15,6242129325
2026-09-23T07:27:00Z,м3-20260923-006,vehicle-806,55.7671793,37.5304049,28.8,15,6242129325
2026-09-23T07:28:00Z,м3-20260923-006,vehicle-806,55.7681145,37.5229056,28.8,15,6242129325
2026-09-23T07:29:00Z,м3-20260923-006,vehicle-806,55.7690492,37.5154059,28.8,15,6242129325
2026-09-23T07:30:00Z,м3-20260923-006,vehicle-806,55.7700917,37.5079513,28.8,15,6242129325
2026-09-23T07:00:00Z,м3-20260923-007,vehicle-807,55.757446,37.6328837,0,-20,10707555483
2026-09-23T07:01:00Z,м3-20260923-007,vehicle-807,55.7590704,37.6285178,0,-20,336215380
2026-09-23T07:02:00Z,м3-20260923-007,vehicle-807,55.7597442,37.62555,28.8,-20,10707555443
2026-09-23T07:03:00Z,м3-20260923-007,vehicle-807,55.7592339,37.6218593,28.8,-20,4436980877
2026-09-23T07:04:00Z,м3-20260923-007,vehicle-807,55.7586901,37.6181834,28.8,-20,10030517809
2026-09-23T07:05:00Z,м3-20260923-007,vehicle-807,55.7555294,37.6130571,28.8,-20,10030517809
2026-09-23T07:06:00Z,м3-20260923-007,vehicle-807,55.755098,37.6104756,0,-20,5279327451
2026-09-23T07:07:00Z,м3-20260923-007,vehicle-807,55.7561975,37.6070641,28.8,-20,5279327450
2026-09-23T07:08:00Z,м3-20260923-007,vehicle-807,55.7568955,37.6032131,0,-20,5279327450
2026-09-23T07:09:00Z,м3-20260923-007,vehicle-807,55.7572701,37.5965176,0,-20,1402324087
2026-09-23T07:10:00Z,м3-20260923-007,vehicle-807,55.7576337,37.5921389,28.8,-20,10740305146
2026-09-23T07:11:00Z,м3-20260923-007,vehicle-807,55.758105,37.5884087,28.8,-20,10740305145
2026-09-23T07:12:00Z,м3-20260923-007,vehicle-807,55.7588907,37.5848629,28.8,-20,10601114149
2026-09-23T07:13:00Z,м3-20260923-007,vehicle-807,55.7603372,37.5806775,0,-20,10601114149
2026-09-23T07:14:00Z,м3-20260923-007,vehicle-807,55.7609955,37.5766705,0,-20,1456333360
2026-09-23T07:15:00Z,м3-20260923-007,vehicle-807,55.761735,37.5707914,28.8,-20,1456333361
2026-09-23T07:16:00Z,м3-20260923-007,vehicle-807,55.7623029,37.5670616,28.8,-20,10879083010
2026-09-23T07:17:00Z,м3-20260923-007,vehicle-807,55.7631284,37.562662,0,-20,10879083010
2026-09-23T07:18:00Z,м3-20260923-007,vehicle-807,55.7635539,37.5597233,28.8,-20,1456333369
2026-09-23T07:19:00Z,м3-20260923-007,vehicle-807,55.7643689,37.5533298,0,-20,1456333369
2026-09-23T07:20:00Z,м3-20260923-007,vehicle-807,55.7649716,37.548568,28.8,-20,1456333356
2026-09-23T07:21:00Z,м3-20260923-007,vehicle-807,55.7657197,37.5426792,0,-20,1456333356
2026-09-23T07:22:00Z,м3-20260923-007,vehicle-807,55.766369,37.537297,28.8,-20,6242129325
2026-09-23T07:23:00Z,м3-20260923-007,vehicle-807,55.767256,37.5297795,28.8,-20,6242129325
2026-09-23T07:24:00Z,м3-20260923-007,vehicle-807,55.7681926,37.5222807,28.8,-20,6242129325
2026-09-23T07:25:00Z,м3-20260923-007,vehicle-807,55.7691304,37.5147823,28.8,-20,6242129325
2026-09-23T07:26:00Z,м3-20260923-007,vehicle-807,55.7701873,37.507334,28.8,-20,6242129325
2026-09-23T07:27:00Z,м3-20260923-007,vehicle-807,55.7713827,37.499952,28.8,-20,6242129325
2026-09-23T07:28:00Z,м3-20260923-007,vehicle-807,55.7720339,37.496292,28.8,-20,1456333357
2026-09-23T07:29:00Z,м3-20260923-007,vehicle-807,55.7726416,37.4922117,0,-20,1456333357
2026-09-23T07:30:00Z,м3-20260923-007,vehicle-807,55.7731377,37.488938,28.8,-20,1390556596
2026-09-23T07:00:00Z,с344-20260923-000,vehicle-810,55.7579777,37.6130528,0,15,1253685275
2026-09-23T07:01:00Z,с344-20260923-000,vehicle-810,55.7572118,37.6143831,28.8,15,10030517809
2026-09-23T07:02:00Z,с344-20260923-000,vehicle-810,55.7550982,37.6125938,0,15,10030517809
2026-09-23T07:03:00Z,с344-20260923-000,vehicle-810,55.7551662,37.6102537,28.8,15,5279327450
2026-09-23T07:04:00Z,с344-20260923-000,vehicle-810,55.756879,37.6033374,28.8,15,5279327450
2026-09-23T07:05:00Z,с344-20260923-000,vehicle-810,55.7574063,37.5996117,28.8,15,1402324087
2026-09-23T07:06:00Z,с344-20260923-000,vehicle-810,55.7573057,37.5958576,28.8,15,10740305146
2026-09-23T07:07:00Z,с344-20260923-000,vehicle-810,55.7576995,37.591367,0,15,10740305146
2026-09-23T07:08:00Z,с344-20260923-000,vehicle-810,55.7586203,37.5860298,0,15,10740305145
2026-09-23T07:09:00Z,с344-20260923-000,vehicle-810,55.7598815,37.5814756,28.8,15,10601114149
2026-09-23T07:10:00Z,с344-20260923-000,vehicle-810,55.7608252,37.5781875,28.8,15,1456333360
2026-09-23T07:11:00Z,с344-20260923-000,vehicle-810,55.7612635,37.5744139,28.8,15,1456333361
2026-09-23T07:12:00Z,с344-20260923-000,vehicle-810,55.7618052,37.570295,0,15,1456333361
2026-09-23T07:13:00Z,с344-20260923-000,vehicle-810,55.7630164,37.5632754,28.8,15,10879083010
2026-09-23T07:14:00Z,с344-20260923-000,vehicle-810,55.7642634,37.5611487,28.8,15,9166910707
2026-09-23T07:15:00Z,с344-20260923-000,vehicle-810,55.7666858,37.5596046,0,15,9166910707
2026-09-23T07:16:00Z,с344-20260923-000,vehicle-810,55.7694207,37.5566152,0,15,9166910709
2026-09-23T07:17:00Z,с344-20260923-000,vehicle-810,55.7716488,37.5548592,28.8,15,9166910710
2026-09-23T07:18:00Z,с344-20260923-000,vehicle-810,55.768837,37.5569759,0,15,9166910710
2026-09-23T07:19:00Z,с344-20260923-000,vehicle-810,55.7662873,37.5597872,28.8,15,9166910708
2026-09-23T07:20:00Z,с344-20260923-000,vehicle-810,55.7642861,37.5609461,28.8,15,10775025215
2026-09-23T07:21:00Z,с344-20260923-000,vehicle-810,55.7622294,37.5598321,28.8,15,10775025213
2026-09-23T07:22:00Z,с344-20260923-000,vehicle-810,55.7585533,37.5581814,0,15,10775025213
2026-09-23T07:23:00Z,с344-20260923-000,vehicle-810,55.7562774,37.5587961,0,15,569680554
2026-09-23T07:24:00Z,с344-20260923-000,vehicle-810,55.754143,37.5604086,28.8,15,10774195373
2026-09-23T07:25:00Z,с344-20260923-000,vehicle-810,55.7532906,37.5568992,28.8,15,10774195375
2026-09-23T07:26:00Z,с344-20260923-000,vehicle-810,55.7514417,37.5515928,0,15,10774195375
2026-09-23T07:27:00Z,с344-20260923-000,vehicle-810,55.7495252,37.5475151,28.8,15,10774195377
2026-09-23T07:28:00Z,с344-20260923-000,vehicle-810,55.7481029,37.5446473,28.8,15,10774195380
2026-09-23T07:29:00Z,с344-20260923-000,vehicle-810,55.7468882,37.5415218,28.8,15,11806849062
2026-09-23T07:30:00Z,с344-20260923-000,vehicle-810,55.7459521,37.5374325,0,15,11806849062
2026-09-23T07:00:00Z,с344-20260923-001,vehicle-811,55.7562309,37.606953,28.8,15,5279327450
2026-09-23T07:01:00Z,с344-20260923-001,vehicle-811,55.7568954,37.6032139,0,15,5279327450
2026-09-23T07:02:00Z,с344-20260923-001,vehicle-811,55.7572696,37.5965025,0,15,1402324087
2026-09-23T07:03:00Z,с344-20260923-001,vehicle-811,55.7576447,37.592009,28.8,15,10740305146
2026-09-23T07:04:00Z,с344-20260923-001,vehicle-811,55.7581305,37.5882905,28.8,15,10740305145
2026-09-23T07:05:00Z,с344-20260923-001,vehicle-811,55.758932,37.5847615,28.8,15,10601114149
2026-09-23T07:06:00Z,с344-20260923-001,vehicle-811,55.7603369,37.5806781,0,15,10601114149
2026-09-23T07:07:00Z,с344-20260923-001,vehicle-811,55.7609954,37.5766714,0,15,1456333360
2026-09-23T07:08:00Z,с344-20260923-001,vehicle-811,55.7617525,37.570668,28.8,15,1456333361
2026-09-23T07:09:00Z,с344-20260923-001,vehicle-811,55.7623233,37.5669388,28.8,15,10879083010
2026-09-23T07:10:00Z,с344-20260923-001,vehicle-811,55.7631282,37.5626628,0,15,10879083010
2026-09-23T07:11:00Z,с344-20260923-001,vehicle-811,55.7662636,37.5600758,28.8,15,9166910707
2026-09-23T07:12:00Z,с344-20260923-001,vehicle-811,55.7681173,37.5580475,28.8,15,9166910709
2026-09-23T07:13:00Z,с344-20260923-001,vehicle-811,55.7700206,37.5563482,28.8,15,9166910710
2026-09-23T07:14:00Z,с344-20260923-001,vehicle-811,55.7697967,37.5554506,28.8,15,9166910710
2026-09-23T07:15:00Z,с344-20260923-001,vehicle-811,55.7681075,37.5577761,28.8,15,9166910708
2026-09-23T07:16:00Z,с344-20260923-001,vehicle-811,55.765617,37.5605158,0,15,9166910708
2026-09-23T07:17:00Z,с344-20260923-001,vehicle-811,55.762958,37.5603745,0,15,10775025215
2026-09-23T07:18:00Z,с344-20260923-001,vehicle-811,55.7602475,37.558332,28.8,15,10775025213
2026-09-23T07:19:00Z,с344-20260923-001,vehicle-811,55.7581267,37.5582994,28.8,15,569680554
2026-09-23T07:20:00Z,с344-20260923-001,vehicle-811,55.7560068,37.5589665,28.8,15,10774195373
2026-09-23T07:21:00Z,с344-20260923-001,vehicle-811,55.7537296,37.5585055,0,15,10774195373
2026-09-23T07:22:00Z,с344-20260923-001,vehicle-811,55.7522377,37.5535604,28.8,15,10774195375
2026-09-23T07:23:00Z,с344-20260923-001,vehicle-811,55.7509474,37.5504702,28.8,15,10774195377
2026-09-23T07:24:00Z,с344-20260923-001,vehicle-811,55.7493355,37.5471211,0,15,10774195377
2026-09-23T07:25:00Z,с344-20260923-001,vehicle-811,55.7473682,37.5429273,0,15,10774195380
2026-09-23T07:26:00Z,с344-20260923-001,vehicle-811,55.746055,37.5380379,28.8,15,11806849062
2026-09-23T07:27:00Z,с344-20260923-001,vehicle-811,55.7464668,37.5346304,28.8,15,10774195371
2026-09-23T07:28:00Z,с344-20260923-001,vehicle-811,55.7487962,37.5331725,0,15,10774195371
2026-09-23T07:29:00Z,с344-20260923-001,vehicle-811,55.7503374,37.5342485,28.8,15,10774195370
2026-09-23T07:30:00Z,с344-20260923-001,vehicle-811,55.7518034,37.5367856,0,15,10774195370
2026-09-23T07:00:00Z,с344-20260923-002,vehicle-812,55.7576995,37.591367,0,15,10740305146
2026-09-23T07:01:00Z,с344-20260923-002,vehicle-812,55.7586203,37.5860298,0,15,10740305145
2026-09-23T07:02:00Z,с344-20260923-002,vehicle-812,55.7598815,37.5814756,28.8,15,10601114149
2026-09-23T07:03:00Z,с344-20260923-002,vehicle-812,55.7608252,37.5781875,28.8,15,1456333360
2026-09-23T07:04:00Z,с344-20260923-002,vehicle-812,55.7612635,37.5744139,28.8,15,1456333361
2026-09-23T07:05:00Z,с344-20260923-002,vehicle-812,55.7618052,37.570295,0,15,1456333361
2026-09-23T07:06:00Z,с344-20260923-002,vehicle-812,55.7630164,37.5632754,28.8,15,10879083010
2026-09-23T07:07:00Z,с344-20260923-002,vehicle-812,55.7642634,37.5611487,28.8,15,9166910707
2026-09-23T07:08:00Z,с344-20260923-002,vehicle-812,55.7666858,37.5596046,0,15,9166910707
2026-09-23T07:09:00Z,с344-20260923-002,vehicle-812,55.7694207,37.5566152,0,15,9166910709
2026-09-23T07:10:00Z,с344-20260923-002,vehicle-812,55.7716488,37.5548592,28.8,15,9166910710
2026-09-23T07:11:00Z,с344-20260923-002,vehicle-812,55.768837,37.5569759,0,15,9166910710
2026-09-23T07:12:00Z,с344-20260923-002,vehicle-812,55.7662873,37.5597872,28.8,15,9166910708
2026-09-23T07:13:00Z,с344-20260923-002,vehicle-812,55.7642861,37.5609461,28.8,15,10775025215
2026-09-23T07:14:00Z,с344-20260923-002,vehicle-812,55.7622294,37.5598321,28.8,15,10775025213
2026-09-23T07:15:00Z,с344-20260923-002,vehicle-812,55.7585533,37.5581814,0,15,10775025213
2026-09-23T07:16:00Z,с344-20260923-002,vehicle-812,55.7562774,37.5587961,0,15,569680554
2026-09-23T07:17:00Z,с344-20260923-002,vehicle-812,55.754143,37.5604086,28.8,15,10774195373
2026-09-23T07:18:00Z,с344-20260923-002,vehicle-812,55.7532906,37.5568992,28.8,15,10774195375
2026-09-23T07:19:00Z,с344-20260923-002,vehicle-812,55.7514417,37.5515928,0,15,10774195375
2026-09-23T07:20:00Z,с344-20260923-002,vehicle-812,55.7495252,37.5475151,28.8,15,10774195377
2026-09-23T07:21:00Z,с344-20260923-002,vehicle-812,55.7481029,37.5446473,28.8,15,10774195380
2026-09-23T07:22:00Z,с344-20260923-002,vehicle-812,55.7468882,37.5415218,28.8,15,11806849062
2026-09-23T07:23:00Z,с344-20260923-002,vehicle-812,55.7459521,37.5374325,0,15,11806849062
2026-09-23T07:24:00Z,с344-20260923-002,vehicle-812,55.7484355,37.5332503,28.8,15,10774195371
2026-09-23T07:25:00Z,с344-20260923-002,vehicle-812,55.7503052,37.5341342,0,15,9931372114
2026-09-23T07:26:00Z,с344-20260923-002,vehicle-812,55.7513245,37.5376357,28.8,15,10774195370
2026-09-23T07:27:00Z,с344-20260923-002,vehicle-812,55.7525963,37.5346696,28.8,15,10774195369
2026-09-23T07:28:00Z,с344-20260923-002,vehicle-812,55.754055,37.5327925,28.8,15,10599880587
2026-09-23T07:29:00Z,с344-20260923-002,vehicle-812,55.7554571,37.5355348,28.8,15,10599880587
2026-09-23T07:30:00Z,с344-20260923-002,vehicle-812,55.7562316,37.5280305,28.8,15,10599880587
2026-09-23T07:00:00Z,с344-20260923-003,vehicle-813,55.7585172,37.5865057,28.8,180,10740305145
2026-09-23T07:01:00Z,с344-20260923-003,vehicle-813,55.7593377,37.5830448,28.8,180,10601114149
2026-09-23T07:02:00Z,с344-20260923-003,vehicle-813,55.7605858,37.5800564,28.8,180,1456333360
2026-09-23T07:03:00Z,с344-20260923-003,vehicle-813,55.7610387,37.5762946,28.8,180,1456333361
2026-09-23T07:04:00Z,с344-20260923-003,vehicle-813,55.7618052,37.570295,0,180,1456333361
2026-09-23T07:05:00Z,с344-20260923-003,vehicle-813,55.7626433,37.565091,28.8,180,10879083010
2026-09-23T07:06:00Z,с344-20260923-003,vehicle-813,55.7633218,37.5614446,28.8,180,9166910707
2026-09-23T07:07:00Z,с344-20260923-003,vehicle-813,55.7666858,37.5596046,0,180,9166910707
2026-09-23T07:08:00Z,с344-20260923-003,vehicle-813,55.7690483,37.5570244,28.8,180,9166910709
2026-09-23T07:09:00Z,с344-20260923-003,vehicle-813,55.7710779,37.5559938,28.8,180,9166910710
2026-09-23T07:10:00Z,с344-20260923-003,vehicle-813,55.7690086,37.556747,28.8,180,9166910710
2026-09-23T07:11:00Z,с344-20260923-003,vehicle-813,55.7671974,37.5587817,28.8,180,9166910708
2026-09-23T07:12:00Z,с344-20260923-003,vehicle-813,55.7653542,37.5607277,28.8,180,10775025215
2026-09-23T07:13:00Z,с344-20260923-003,vehicle-813,55.762958,37.5603745,0,180,10775025215
2026-09-23T07:14:00Z,с344-20260923-003,vehicle-813,55.7591947,37.5580462,28.8,180,10775025213
2026-09-23T07:15:00Z,с344-20260923-003,vehicle-813,55.7570595,37.558584,28.8,180,569680554
2026-09-23T07:16:00Z,с344-20260923-003,vehicle-813,55.7550388,37.5598,28.8,180,10774195373
2026-09-23T07:17:00Z,с344-20260923-003,vehicle-813,55.7537296,37.5585055,0,180,10774195373
2026-09-23T07:18:00Z,с344-20260923-003,vehicle-813,55.7516159,37.5519987,28.8,180,10774195375
2026-09-23T07:19:00Z,с344-20260923-003,vehicle-813,55.7502364,37.5489926,28.8,180,10774195377
2026-09-23T07:20:00Z,с344-20260923-003,vehicle-813,55.7488178,37.5460684,28.8,180,10774195380
2026-09-23T07:21:00Z,с344-20260923-003,vehicle-813,55.7473682,37.5429273,0,180,10774195380
2026-09-23T07:22:00Z,с344-20260923-003,vehicle-813,55.7459521,37.5374325,0,180,11806849062
2026-09-23T07:23:00Z,с344-20260923-003,vehicle-813,55.7473627,37.5335921,28.8,180,10774195371
2026-09-23T07:24:00Z,с344-20260923-003,vehicle-813,55.7495026,37.5333091,28.8,180,9931372114
2026-09-23T07:25:00Z,с344-20260923-003,vehicle-813,55.7508176,37.5359658,28.8,180,10774195370
2026-09-23T07:26:00Z,с344-20260923-003,vehicle-813,55.7519921,37.5362466,28.8,180,10774195369
2026-09-23T07:27:00Z,с344-20260923-003,vehicle-813,55.7531461,37.5330253,28.8,180,10599880587
2026-09-23T07:28:00Z,с344-20260923-003,vehicle-813,55.7561352,37.5355915,28.8,180,10599880587
2026-09-23T07:29:00Z,с344-20260923-003,vehicle-813,55.7562278,37.5299424,28.8,180,10599880587
2026-09-23T07:30:00Z,с344-20260923-003,vehicle-813,55.7559369,37.5261967,28.8,180,7490301538
2026-09-23T07:00:00Z,с344-20260923-004,vehicle-814,55.7615047,37.5725395,28.8,180,1456333361
2026-09-23T07:01:00Z,с344-20260923-004,vehicle-814,55.7620288,37.5688002,28.8,180,10879083010
2026-09-23T07:02:00Z,с344-20260923-004,vehicle-814,55.7631282,37.5626628,0,180,10879083010
2026-09-23T07:03:00Z,с344-20260923-004,vehicle-814,55.7653192,37.5609475,28.8,180,9166910707
2026-09-23T07:04:00Z,с344-20260923-004,vehicle-814,55.7671841,37.5590641,28.8,180,9166910709
2026-09-23T07:05:00Z,с344-20260923-004,vehicle-814,55.7694207,37.5566152,0,180,9166910709
2026-09-23T07:06:00Z,с344-20260923-004,vehicle-814,55.7707161,37.5544744,28.8,180,9166910710
2026-09-23T07:07:00Z,с344-20260923-004,vehicle-814,55.768837,37.5569759,0,180,9166910710
2026-09-23T07:08:00Z,с344-20260923-004,vehicle-814,55.765617,37.5605158,0,180,9166910708
2026-09-23T07:09:00Z,с344-20260923-004,vehicle-814,55.7632295,37.5605484,28.8,180,10775025215
2026-09-23T07:10:00Z,с344-20260923-004,vehicle-814,55.7612372,37.5590873,28.8,180,10775025213
2026-09-23T07:11:00Z,с344-20260923-004,vehicle-814,55.7585533,37.5581814,0,180,10775025213
2026-09-23T07:12:00Z,с344-20260923-004,vehicle-814,55.7562774,37.5587961,0,180,569680554
2026-09-23T07:13:00Z,с344-20260923-004,vehicle-814,55.7537587,37.5586221,28.8,180,10774195373
2026-09-23T07:14:00Z,с344-20260923-004,vehicle-814,55.7527743,37.5552197,28.8,180,10774195375
2026-09-23T07:15:00Z,с344-20260923-004,vehicle-814,55.7514417,37.5515928,0,180,10774195375
2026-09-23T07:16:00Z,с344-20260923-004,vehicle-814,55.7493355,37.5471211,0,180,10774195377
2026-09-23T07:17:00Z,с344-20260923-004,vehicle-814,55.7474484,37.5431378,28.8,180,10774195380
2026-09-23T07:18:00Z,с344-20260923-004,vehicle-814,55.7464251,37.5398173,28.8,180,11806849062
2026-09-23T07:19:00Z,с344-20260923-004,vehicle-814,55.7458356,37.5361704,28.8,180,10774195371
2026-09-23T07:20:00Z,с344-20260923-004,vehicle-814,55.7487962,37.5331725,0,180,10774195371
2026-09-23T07:21:00Z,с344-20260923-004,vehicle-814,55.7503052,37.5341342,0,180,9931372114
2026-09-23T07:22:00Z,с344-20260923-004,vehicle-814,55.7518034,37.5367856,0,180,10774195370
2026-09-23T07:23:00Z,с344-20260923-004,vehicle-814,55.7529654,37.5335786,0,180,10774195369
2026-09-23T07:24:00Z,с344-20260923-004,vehicle-814,55.7551211,37.5330816,28.8,180,10599880587
2026-09-23T07:25:00Z,с344-20260923-004,vehicle-814,55.7557186,37.5336725,28.8,180,10599880587
2026-09-23T07:26:00Z,с344-20260923-004,vehicle-814,55.7561041,37.5270335,0,180,10599880587
2026-09-23T07:27:00Z,с344-20260923-004,vehicle-814,55.7552839,37.5231086,0,180,7490301538
2026-09-23T07:28:00Z,с344-20260923-004,vehicle-814,55.7545612,37.5190801,28.8,180,4730949135
2026-09-23T07:29:00Z,с344-20260923-004,vehicle-814,55.7565944,37.5180484,28.8,180,4730949137
2026-09-23T07:30:00Z,с344-20260923-004,vehicle-814,55.758544,37.5163256,28.8,180,4730949140
2026-09-23T07:00:00Z,с344-20260923-005,vehicle-815,55.7666858,37.5596046,0,180,9166910707
2026-09-23T07:01:00Z,с344-20260923-005,vehicle-815,55.7690483,37.5570244,28.8,180,9166910709
2026-09-23T07:02:00Z,с344-20260923-005,vehicle-815,55.7710779,37.5559938,28.8,180,9166910710
2026-09-23T07:03:00Z,с344-20260923-005,vehicle-815,55.7690086,37.556747,28.8,180,9166910710
2026-09-23T07:04:00Z,с344-20260923-005,vehicle-815,55.7671974,37.5587817,28.8,180,9166910708
2026-09-23T07:05:00Z,с344-20260923-005,vehicle-815,55.7653542,37.5607277,28.8,180,10775025215
2026-09-23T07:06:00Z,с344-20260923-005,vehicle-815,55.762958,37.5603745,0,180,10775025215
2026-09-23T07:07:00Z,с344-20260923-005,vehicle-815,55.7591947,37.5580462,28.8,180,10775025213
2026-09-23T07:08:00Z,с344-20260923-005,vehicle-815,55.7570595,37.558584,28.8,180,569680554
2026-09-23T07:09:00Z,с344-20260923-005,vehicle-815,55.7550388,37.5598,28.8,180,10774195373
2026-09-23T07:10:00Z,с344-20260923-005,vehicle-815,55.7537296,37.5585055,0,180,10774195373
2026-09-23T07:11:00Z,с344-20260923-005,vehicle-815,55.7516159,37.5519987,28.8,180,10774195375
2026-09-23T07:12:00Z,с344-20260923-005,vehicle-815,55.7502364,37.5489926,28.8,180,10774195377
2026-09-23T07:13:00Z,с344-20260923-005,vehicle-815,55.7488178,37.5460684,28.8,180,10774195380
2026-09-23T07:14:00Z,с344-20260923-005,vehicle-815,55.7473682,37.5429273,0,180,10774195380
2026-09-23T07:15:00Z,с344-20260923-005,vehicle-815,55.7459521,37.5374325,0,180,11806849062
2026-09-23T07:16:00Z,с344-20260923-005,vehicle-815,55.7473627,37.5335921,28.8,180,10774195371
2026-09-23T07:17:00Z,с344-20260923-005,vehicle-815,55.7495026,37.5333091,28.8,180,9931372114
2026-09-23T07:18:00Z,с344-20260923-005,vehicle-815,55.7508176,37.5359658,28.8,180,10774195370
2026-09-23T07:19:00Z,с344-20260923-005,vehicle-815,55.7519921,37.5362466,28.8,180,10774195369
2026-09-23T07:20:00Z,с344-20260923-005,vehicle-815,55.7531461,37.5330253,28.8,180,10599880587
2026-09-23T07:21:00Z,с344-20260923-005,vehicle-815,55.7561352,37.5355915,28.8,180,10599880587
2026-09-23T07:22:00Z,с344-20260923-005,vehicle-815,55.7562278,37.5299424,28.8,180,10599880587
2026-09-23T07:23:00Z,с344-20260923-005,vehicle-815,55.7559369,37.5261967,28.8,180,7490301538
2026-09-23T07:24:00Z,с344-20260923-005,vehicle-815,55.7551833,37.5226304,28.8,180,4730949135
2026-09-23T07:25:00Z,с344-20260923-005,vehicle-815,55.7555487,37.5185993,0,180,4730949135
2026-09-23T07:26:00Z,с344-20260923-005,vehicle-815,55.758485,37.516397,0,180,4730949137
2026-09-23T07:27:00Z,с344-20260923-005,vehicle-815,55.7599242,37.5178464,28.8,180,4730949140
2026-09-23T07:28:00Z,с344-20260923-005,vehicle-815,55.7611369,37.5209558,28.8,180,10775025211
2026-09-23T07:29:00Z,с344-20260923-005,vehicle-815,55.7638553,37.515054,28.8,180,10775025211
2026-09-23T07:30:00Z,с344-20260923-005,vehicle-815,55.7654,37.51283,28.8,180,10775025210
2026-09-23T07:00:00Z,с344-20260923-006,vehicle-816,55.7622294,37.5598321,28.8,15,10775025213
2026-09-23T07:01:00Z,с344-20260923-006,vehicle-816,55.7585533,37.5581814,0,15,10775025213
2026-09-23T07:02:00Z,с344-20260923-006,vehicle-816,55.7562774,37.5587961,0,15,569680554
2026-09-23T07:03:00Z,с344-20260923-006,vehicle-816,55.754143,37.5604086,28.8,15,10774195373
2026-09-23T07:04:00Z,с344-20260923-006,vehicle-816,55.7532906,37.5568992,28.8,15,10774195375
2026-09-23T07:05:00Z,с344-20260923-006,vehicle-816,55.7514417,37.5515928,0,15,10774195375
2026-09-23T07:06:00Z,с344-20260923-006,vehicle-816,55.7495252,37.5475151,28.8,15,10774195377
2026-09-23T07:07:00Z,с344-20260923-006,vehicle-816,55.7481029,37.5446473,28.8,15,10774195380
2026-09-23T07:08:00Z,с344-20260923-006,vehicle-816,55.7468882,37.5415218,28.8,15,11806849062
2026-09-23T07:09:00Z,с344-20260923-006,vehicle-816,55.7459521,37.5374325,0,15,11806849062
2026-09-23T07:10:00Z,с344-20260923-006,vehicle-816,55.7484355,37.5332503,28.8,15,10774195371
2026-09-23T07:11:00Z,с344-20260923-006,vehicle-816,55.7503052,37.5341342,0,15,9931372114
2026-09-23T07:12:00Z,с344-20260923-006,vehicle-816,55.7513245,37.5376357,28.8,15,10774195370
2026-09-23T07:13:00Z,с344-20260923-006,vehicle-816,55.7525963,37.5346696,28.8,15,10774195369
2026-09-23T07:14:00Z,с344-20260923-006,vehicle-816,55.754055,37.5327925,28.8,15,10599880587
2026-09-23T07:15:00Z,с344-20260923-006,vehicle-816,55.7554571,37.5355348,28.8,15,10599880587
2026-09-23T07:16:00Z,с344-20260923-006,vehicle-816,55.7562316,37.5280305,28.8,15,10599880587
2026-09-23T07:17:00Z,с344-20260923-006,vehicle-816,55.7555628,37.5244133,28.8,15,7490301538
2026-09-23T07:18:00Z,с344-20260923-006,vehicle-816,55.7550486,37.520791,28.8,15,4730949135
2026-09-23T07:19:00Z,с344-20260923-006,vehicle-816,55.7555487,37.5185993,0,15,4730949135
2026-09-23T07:20:00Z,с344-20260923-006,vehicle-816,55.758485,37.516397,0,15,4730949137
2026-09-23T07:21:00Z,с344-20260923-006,vehicle-816,55.760527,37.5194217,28.8,15,4730949140
2026-09-23T07:22:00Z,с344-20260923-006,vehicle-816,55.7619135,37.519647,28.8,15,10775025211
2026-09-23T07:23:00Z,с344-20260923-006,vehicle-816,55.7644989,37.5135179,28.8,15,10775025211
2026-09-23T07:24:00Z,с344-20260923-006,vehicle-816,55.7663629,37.5122682,28.8,15,10775025210
2026-09-23T07:25:00Z,с344-20260923-006,vehicle-816,55.7686114,37.5108211,0,15,10775025210
2026-09-23T07:26:00Z,с344-20260923-006,vehicle-816,55.7695955,37.512588,0,15,10310549827
2026-09-23T07:27:00Z,с344-20260923-006,vehicle-816,55.7695955,37.512588,0,15,10310549827
2026-09-23T07:28:00Z,с344-20260923-006,vehicle-816,55.7695955,37.512588,0,15,10310549827
2026-09-23T07:29:00Z,с344-20260923-006,vehicle-816,55.7695955,37.512588,0,15,10310549827
2026-09-23T07:30:00Z,с344-20260923-006,vehicle-816,55.7695955,37.512588,0,15,10310549827
2026-09-23T07:00:00Z,с344-20260923-007,vehicle-817,55.7531197,37.5563382,28.8,-20,10774195375
2026-09-23T07:01:00Z,с344-20260923-007,vehicle-817,55.7514417,37.5515928,0,-20,10774195375
2026-09-23T07:02:00Z,с344-20260923-007,vehicle-817,55.7493355,37.5471211,0,-20,10774195377
2026-09-23T07:03:00Z,с344-20260923-007,vehicle-817,55.7478792,37.5441516,28.8,-20,10774195380
2026-09-23T07:04:00Z,с344-20260923-007,vehicle-817,55.7467103,37.5409739,28.8,-20,11806849062
2026-09-23T07:05:00Z,с344-20260923-007,vehicle-817,55.7459521,37.5374325,0,-20,11806849062
2026-09-23T07:06:00Z,с344-20260923-007,vehicle-817,55.7487962,37.5331725,0,-20,10774195371
2026-09-23T07:07:00Z,с344-20260923-007,vehicle-817,55.7503052,37.5341342,0,-20,9931372114
2026-09-23T07:08:00Z,с344-20260923-007,vehicle-817,55.7516192,37.5373329,28.8,-20,10774195370
2026-09-23T07:09:00Z,с344-20260923-007,vehicle-817,55.7527856,37.5341292,28.8,-20,10774195369
2026-09-23T07:10:00Z,с344-20260923-007,vehicle-817,55.7544122,37.532871,28.8,-20,10599880587
2026-09-23T07:11:00Z,с344-20260923-007,vehicle-817,55.7555443,37.534914,28.8,-20,10599880587
2026-09-23T07:12:00Z,с344-20260923-007,vehicle-817,55.7561628,37.5274029,28.8,-20,10599880587
2026-09-23T07:13:00Z,с344-20260923-007,vehicle-817,55.7554367,37.5238198,28.8,-20,7490301538
2026-09-23T07:14:00Z,с344-20260923-007,vehicle-817,55.7548914,37.5202159,28.8,-20,4730949135
2026-09-23T07:15:00Z,с344-20260923-007,vehicle-817,55.7559009,37.5184373,28.8,-20,4730949137
2026-09-23T07:16:00Z,с344-20260923-007,vehicle-817,55.758485,37.516397,0,-20,4730949137
2026-09-23T07:17:00Z,с344-20260923-007,vehicle-817,55.7607291,37.5199454,28.8,-20,4730949140
2026-09-23T07:18:00Z,с344-20260923-007,vehicle-817,55.7621272,37.5191341,28.8,-20,10775025211
2026-09-23T07:19:00Z,с344-20260923-007,vehicle-817,55.7645417,37.5134154,0,-20,10775025211
2026-09-23T07:20:00Z,с344-20260923-007,vehicle-817,55.7666791,37.5119583,28.8,-20,10775025210
2026-09-23T07:21:00Z,с344-20260923-007,vehicle-817,55.7686114,37.5108211,0,-20,10775025210
2026-09-23T07:22:00Z,с344-20260923-007,vehicle-817,55.7695955,37.512588,0,-20,10310549827
2026-09-23T07:23:00Z,с344-20260923-007,vehicle-817,55.7695955,37.512588,0,-20,10310549827
2026-09-23T07:24:00Z,с344-20260923-007,vehicle-817,55.7695955,37.512588,0,-20,10310549827
2026-09-23T07:25:00Z,с344-20260923-007,vehicle-817,55.7695955,37.512588,0,-20,10310549827
2026-09-23T07:26:00Z,с344-20260923-007,vehicle-817,55.7695955,37.512588,0,-20,10310549827
2026-09-23T07:27:00Z,с344-20260923-007,vehicle-817,55.7695955,37.512588,0,-20,10310549827
2026-09-23T07:28:00Z,с344-20260923-007,vehicle-817,55.7695955,37.512588,0,-20,10310549827
2026-09-23T07:29:00Z,с344-20260923-007,vehicle-817,55.7695955,37.512588,0,-20,10310549827
2026-09-23T07:30:00Z,с344-20260923-007,vehicle-817,55.7695955,37.512588,0,-20,10310549827
2026-09-23T07:00:00Z,е70-20260923-000,vehicle-820,55.693954,37.8178928,0,15,10712546308
2026-09-23T07:01:00Z,е70-20260923-000,vehicle-820,55.694703,37.8192772,28.8,15,10712546307
2026-09-23T07:02:00Z,е70-20260923-000,vehicle-820,55.6967824,37.8231832,0,15,10712546307
2026-09-23T07:03:00Z,е70-20260923-000,vehicle-820,55.6992611,37.8273846,28.8,15,10712546306
2026-09-23T07:04:00Z,е70-20260923-000,vehicle-820,55.7010239,37.8257315,28.8,15,10712442570
2026-09-23T07:05:00Z,е70-20260923-000,vehicle-820,55.7038635,37.8210438,0,15,10712442570
2026-09-23T07:06:00Z,е70-20260923-000,vehicle-820,55.705547,37.8176384,28.8,15,10712546234
2026-09-23T07:07:00Z,е70-20260923-000,vehicle-820,55.7076569,37.8181099,28.8,15,10712442568
2026-09-23T07:08:00Z,е70-20260923-000,vehicle-820,55.7097946,37.8187403,28.8,15,10712442566
2026-09-23T07:09:00Z,е70-20260923-000,vehicle-820,55.7117152,37.8191871,28.8,15,10712868207
2026-09-23T07:10:00Z,е70-20260923-000,vehicle-820,55.7133831,37.8121143,28.8,15,10712868207
2026-09-23T07:11:00Z,е70-20260923-000,vehicle-820,55.7151266,37.8050999,28.8,15,10712868207
2026-09-23T07:12:00Z,е70-20260923-000,vehicle-820,55.7165734,37.7978893,28.8,15,10712868207
2026-09-23T07:13:00Z,е70-20260923-000,vehicle-820,55.7173068,37.7933413,0,15,10712868207
2026-09-23T07:14:00Z,е70-20260923-000,vehicle-820,55.7183677,37.7868389,28.8,15,10712868103
2026-09-23T07:15:00Z,е70-20260923-000,vehicle-820,55.7197579,37.7795936,28.8,15,10712868103
2026-09-23T07:16:00Z,е70-20260923-000,vehicle-820,55.7207784,37.7762545,28.8,15,10712868081
2026-09-23T07:17:00Z,е70-20260923-000,vehicle-820,55.7223971,37.7714812,0,15,10712868081
2026-09-23T07:18:00Z,е70-20260923-000,vehicle-820,55.7241027,37.7664543,28.8,15,10712868065
2026-09-23T07:19:00Z,е70-20260923-000,vehicle-820,55.726016,37.7609049,0,15,10712868065
2026-09-23T07:20:00Z,е70-20260923-000,vehicle-820,55.7274284,37.7565843,28.8,15,4902990471
2026-09-23T07:21:00Z,е70-20260923-000,vehicle-820,55.729353,37.7497048,28.8,15,4902990471
2026-09-23T07:22:00Z,е70-20260923-000,vehicle-820,55.7306112,37.7423488,28.8,15,4902990471
2026-09-23T07:23:00Z,е70-20260923-000,vehicle-820,55.7314858,37.73487,28.8,15,4902990471
2026-09-23T07:24:00Z,е70-20260923-000,vehicle-820,55.7310792,37.7299264,0,15,4902990471
2026-09-23T07:25:00Z,е70-20260923-000,vehicle-820,55.7310036,37.72349,28.8,15,10712868049
2026-09-23T07:26:00Z,е70-20260923-000,vehicle-820,55.7323138,37.7162304,28.8,15,10712868049
2026-09-23T07:27:00Z,е70-20260923-000,vehicle-820,55.7341589,37.7093226,28.8,15,10712868049
2026-09-23T07:28:00Z,е70-20260923-000,vehicle-820,55.7358233,37.7028302,0,15,10712868049
2026-09-23T07:29:00Z,е70-20260923-000,vehicle-820,55.7365599,37.6986889,28.8,15,10712868040
2026-09-23T07:30:00Z,е70-20260923-000,vehicle-820,55.7372721,37.6911076,28.8,15,10712868040
2026-09-23T07:00:00Z,е70-20260923-001,vehicle-821,55.699618,37.8274861,0,15,10712546306
2026-09-23T07:01:00Z,е70-20260923-001,vehicle-821,55.7025927,37.8231109,28.8,15,10712442570
2026-09-23T07:02:00Z,е70-20260923-001,vehicle-821,55.7041734,37.8205228,28.8,15,10712546234
2026-09-23T07:03:00Z,е70-20260923-001,vehicle-821,55.7061615,37.817674,0,15,10712546234
2026-09-23T07:04:00Z,е70-20260923-001,vehicle-821,55.7082276,37.8182722,0,15,10712442568
2026-09-23T07:05:00Z,е70-20260923-001,vehicle-821,55.7105061,37.8189608,0,15,10712442566
2026-09-23T07:06:00Z,е70-20260923-001,vehicle-821,55.7125576,37.8156563,28.8,15,10712868207
2026-09-23T07:07:00Z,е70-20260923-001,vehicle-821,55.7142279,37.808588,28.8,15,10712868207
2026-09-23T07:08:00Z,е70-20260923-001,vehicle-821,55.7159706,37.8015711,28.8,15,10712868207
2026-09-23T07:09:00Z,е70-20260923-001,vehicle-821,55.7171666,37.794201,28.8,15,10712868207
2026-09-23T07:10:00Z,е70-20260923-001,vehicle-821,55.7177672,37.7905195,28.8,15,10712868103
2026-09-23T07:11:00Z,е70-20260923-001,vehicle-821,55.718973,37.7831608,28.8,15,10712868103
2026-09-23T07:12:00Z,е70-20260923-001,vehicle-821,55.7198183,37.7793618,0,15,10712868103
2026-09-23T07:13:00Z,е70-20260923-001,vehicle-821,55.7218821,37.773,28.8,15,10712868081
2026-09-23T07:14:00Z,е70-20260923-001,vehicle-821,55.7229901,37.7697325,28.8,15,10712868065
2026-09-23T07:15:00Z,е70-20260923-001,vehicle-821,55.7252378,37.7632004,28.8,15,10712868065
2026-09-23T07:16:00Z,е70-20260923-001,vehicle-821,55.7263459,37.7599117,28.8,15,4902990471
2026-09-23T07:17:00Z,е70-20260923-001,vehicle-821,55.7284482,37.753194,28.8,15,4902990471
2026-09-23T07:18:00Z,е70-20260923-001,vehicle-821,55.7299894,37.746031,28.8,15,4902990471
2026-09-23T07:19:00Z,е70-20260923-001,vehicle-821,55.731222,37.7386608,28.8,15,4902990471
2026-09-23T07:20:00Z,е70-20260923-001,vehicle-821,55.7311716,37.731068,28.8,15,4902990471
2026-09-23T07:21:00Z,е70-20260923-001,vehicle-821,55.7308873,37.7272728,28.8,15,10712868049
2026-09-23T07:22:00Z,е70-20260923-001,vehicle-821,55.7315309,37.7197853,28.8,15,10712868049
2026-09-23T07:23:00Z,е70-20260923-001,vehicle-821,55.7332382,37.7127781,28.8,15,10712868049
2026-09-23T07:24:00Z,е70-20260923-001,vehicle-821,55.7350287,37.705826,28.8,15,10712868049
2026-09-23T07:25:00Z,е70-20260923-001,vehicle-821,55.7359451,37.7023657,28.8,15,10712868040
2026-09-23T07:26:00Z,е70-20260923-001,vehicle-821,55.7369164,37.6948986,28.8,15,10712868040
2026-09-23T07:27:00Z,е70-20260923-001,vehicle-821,55.7376242,37.6873156,28.8,15,10712868040
2026-09-23T07:28:00Z,е70-20260923-001,vehicle-821,55.7384227,37.6797622,28.8,15,10712868040
2026-09-23T07:29:00Z,е70-20260923-001,vehicle-821,55.7391543,37.6722024,28.8,15,10712868040
2026-09-23T07:30:00Z,е70-20260923-001,vehicle-821,55.7394057,37.6684059,28.8,15,10712868036
2026-09-23T07:00:00Z,е70-20260923-002,vehicle-822,55.7076569,37.8181099,28.8,15,10712442568
2026-09-23T07:01:00Z,е70-20260923-002,vehicle-822,55.7097946,37.8187403,28.8,15,10712442566
2026-09-23T07:02:00Z,е70-20260923-002,vehicle-822,55.7117152,37.8191871,28.8,15,10712868207
2026-09-23T07:03:00Z,е70-20260923-002,vehicle-822,55.7133831,37.8121143,28.8,15,10712868207
2026-09-23T07:04:00Z,е70-20260923-002,vehicle-822,55.7151266,37.8050999,28.8,15,10712868207
2026-09-23T07:05:00Z,е70-20260923-002,vehicle-822,55.7165734,37.7978893,28.8,15,10712868207
2026-09-23T07:06:00Z,е70-20260923-002,vehicle-822,55.7173068,37.7933413,0,15,10712868207
2026-09-23T07:07:00Z,е70-20260923-002,vehicle-822,55.7183677,37.7868389,28.8,15,10712868103
2026-09-23T07:08:00Z,е70-20260923-002,vehicle-822,55.7197579,37.7795936,28.8,15,10712868103
2026-09-23T07:09:00Z,е70-20260923-002,vehicle-822,55.7207784,37.7762545,28.8,15,10712868081
2026-09-23T07:10:00Z,е70-20260923-002,vehicle-822,55.7223971,37.7714812,0,15,10712868081
2026-09-23T07:11:00Z,е70-20260923-002,vehicle-822,55.7241027,37.7664543,28.8,15,10712868065
2026-09-23T07:12:00Z,е70-20260923-002,vehicle-822,55.726016,37.7609049,0,15,10712868065
2026-09-23T07:13:00Z,е70-20260923-002,vehicle-822,55.7274284,37.7565843,28.8,15,4902990471
2026-09-23T07:14:00Z,е70-20260923-002,vehicle-822,55.729353,37.7497048,28.8,15,4902990471
2026-09-23T07:15:00Z,е70-20260923-002,vehicle-822,55.7306112,37.7423488,28.8,15,4902990471
2026-09-23T07:16:00Z,е70-20260923-002,vehicle-822,55.7314858,37.73487,28.8,15,4902990471
2026-09-23T07:17:00Z,е70-20260923-002,vehicle-822,55.7310792,37.7299264,0,15,4902990471
2026-09-23T07:18:00Z,е70-20260923-002,vehicle-822,55.7310036,37.72349,28.8,15,10712868049
2026-09-23T07:19:00Z,е70-20260923-002,vehicle-822,55.7323138,37.7162304,28.8,15,10712868049
2026-09-23T07:20:00Z,е70-20260923-002,vehicle-822,55.7341589,37.7093226,28.8,15,10712868049
2026-09-23T07:21:00Z,е70-20260923-002,vehicle-822,55.7358233,37.7028302,0,15,10712868049
2026-09-23T07:22:00Z,е70-20260923-002,vehicle-822,55.7365599,37.6986889,28.8,15,10712868040
2026-09-23T07:23:00Z,е70-20260923-002,vehicle-822,55.7372721,37.6911076,28.8,15,10712868040
2026-09-23T07:24:00Z,е70-20260923-002,vehicle-822,55.7379908,37.6835282,28.8,15,10712868040
2026-09-23T07:25:00Z,е70-20260923-002,vehicle-822,55.7388525,37.6759953,28.8,15,10712868040
2026-09-23T07:26:00Z,е70-20260923-002,vehicle-822,55.7392217,37.6711845,0,15,10712868040
2026-09-23T07:27:00Z,е70-20260923-002,vehicle-822,55.7396807,37.6646234,28.8,15,10712868036
2026-09-23T07:28:00Z,е70-20260923-002,vehicle-822,55.7411951,37.6574894,28.8,15,10712868036
2026-09-23T07:29:00Z,е70-20260923-002,vehicle-822,55.7423364,37.6544852,28.8,15,10712868035
2026-09-23T07:30:00Z,е70-20260923-002,vehicle-822,55.7435743,37.6513054,28.8,15,9868431738
2026-09-23T07:00:00Z,е70-20260923-003,vehicle-823,55.7142279,37.808588,28.8,15,10712868207
2026-09-23T07:01:00Z,е70-20260923-003,vehicle-823,55.7159706,37.8015711,28.8,15,10712868207
2026-09-23T07:02:00Z,е70-20260923-003,vehicle-823,55.7171666,37.794201,28.8,15,10712868207
2026-09-23T07:03:00Z,е70-20260923-003,vehicle-823,55.7177672,37.7905195,28.8,15,10712868103
2026-09-23T07:04:00Z,е70-20260923-003,vehicle-823,55.718973,37.7831608,28.8,15,10712868103
2026-09-23T07:05:00Z,е70-20260923-003,vehicle-823,55.7198183,37.7793618,0,15,10712868103
2026-09-23T07:06:00Z,е70-20260923-003,vehicle-823,55.7218821,37.773,28.8,15,10712868081
2026-09-23T07:07:00Z,е70-20260923-003,vehicle-823,55.7229901,37.7697325,28.8,15,10712868065
2026-09-23T07:08:00Z,е70-20260923-003,vehicle-823,55.7252378,37.7632004,28.8,15,10712868065
2026-09-23T07:09:00Z,е70-20260923-003,vehicle-823,55.7263459,37.7599117,28.8,15,4902990471
2026-09-23T07:10:00Z,е70-20260923-003,vehicle-823,55.7284482,37.753194,28.8,15,4902990471
2026-09-23T07:11:00Z,е70-20260923-003,vehicle-823,55.7299894,37.746031,28.8,15,4902990471
2026-09-23T07:12:00Z,е70-20260923-003,vehicle-823,55.731222,37.7386608,28.8,15,4902990471
2026-09-23T07:13:00Z,е70-20260923-003,vehicle-823,55.7311716,37.731068,28.8,15,4902990471
2026-09-23T07:14:00Z,е70-20260923-003,vehicle-823,55.7308873,37.7272728,28.8,15,10712868049
2026-09-23T07:15:00Z,е70-20260923-003,vehicle-823,55.7315309,37.7197853,28.8,15,10712868049
2026-09-23T07:16:00Z,е70-20260923-003,vehicle-823,55.7332382,37.7127781,28.8,15,10712868049
2026-09-23T07:17:00Z,е70-20260923-003,vehicle-823,55.7350287,37.705826,28.8,15,10712868049
2026-09-23T07:18:00Z,е70-20260923-003,vehicle-823,55.7359451,37.7023657,28.8,15,10712868040
2026-09-23T07:19:00Z,е70-20260923-003,vehicle-823,55.7369164,37.6948986,28.8,15,10712868040
2026-09-23T07:20:00Z,е70-20260923-003,vehicle-823,55.7376242,37.6873156,28.8,15,10712868040
2026-09-23T07:21:00Z,е70-20260923-003,vehicle-823,55.7384227,37.6797622,28.8,15,10712868040
2026-09-23T07:22:00Z,е70-20260923-003,vehicle-823,55.7391543,37.6722024,28.8,15,10712868040
2026-09-23T07:23:00Z,е70-20260923-003,vehicle-823,55.7394057,37.6684059,28.8,15,10712868036
2026-09-23T07:24:00Z,е70-20260923-003,vehicle-823,55.7403925,37.6610262,28.8,15,10712868036
2026-09-23T07:25:00Z,е70-20260923-003,vehicle-823,55.7415986,37.6557284,0,15,10712868036
2026-09-23T07:26:00Z,е70-20260923-003,vehicle-823,55.7431161,37.6525965,0,15,10712868035
2026-09-23T07:27:00Z,е70-20260923-003,vehicle-823,55.7450639,37.6487456,28.8,15,9868431738
2026-09-23T07:28:00Z,е70-20260923-003,vehicle-823,55.7470269,37.6472064,28.8,15,10702029920
2026-09-23T07:29:00Z,е70-20260923-003,vehicle-823,55.7488434,37.645181,28.8,15,3218033070
2026-09-23T07:30:00Z,е70-20260923-003,vehicle-823,55.750417,37.6426681,28.8,15,10702029938
2026-09-23T07:00:00Z,е70-20260923-004,vehicle-824,55.7183677,37.7868389,28.8,15,10712868103
2026-09-23T07:01:00Z,е70-20260923-004,vehicle-824,55.7197579,37.7795936,28.8,15,10712868103
2026-09-23T07:02:00Z,е70-20260923-004,vehicle-824,55.7207784,37.7762545,28.8,15,10712868081
2026-09-23T07:03:00Z,е70-20260923-004,vehicle-824,55.7223971,37.7714812,0,15,10712868081
2026-09-23T07:04:00Z,е70-20260923-004,vehicle-824,55.7241027,37.7664543,28.8,15,10712868065
2026-09-23T07:05:00Z,е70-20260923-004,vehicle-824,55.726016,37.7609049,0,15,10712868065
2026-09-23T07:06:00Z,е70-20260923-004,vehicle-824,55.7274284,37.7565843,28.8,15,4902990471
2026-09-23T07:07:00Z,е70-20260923-004,vehicle-824,55.729353,37.7497048,28.8,15,4902990471
2026-09-23T07:08:00Z,е70-20260923-004,vehicle-824,55.7306112,37.7423488,28.8,15,4902990471
2026-09-23T07:09:00Z,е70-20260923-004,vehicle-824,55.7314858,37.73487,28.8,15,4902990471
2026-09-23T07:10:00Z,е70-20260923-004,vehicle-824,55.7310792,37.7299264,0,15,4902990471
2026-09-23T07:11:00Z,е70-20260923-004,vehicle-824,55.7310036,37.72349,28.8,15,10712868049
2026-09-23T07:12:00Z,е70-20260923-004,vehicle-824,55.7323138,37.7162304,28.8,15,10712868049
2026-09-23T07:13:00Z,е70-20260923-004,vehicle-824,55.7341589,37.7093226,28.8,15,10712868049
2026-09-23T07:14:00Z,е70-20260923-004,vehicle-824,55.7358233,37.7028302,0,15,10712868049
2026-09-23T07:15:00Z,е70-20260923-004,vehicle-824,55.7365599,37.6986889,28.8,15,10712868040
2026-09-23T07:16:00Z,е70-20260923-004,vehicle-824,55.7372721,37.6911076,28.8,15,10712868040
2026-09-23T07:17:00Z,е70-20260923-004,vehicle-824,55.7379908,37.6835282,28.8,15,10712868040
2026-09-23T07:18:00Z,е70-20260923-004,vehicle-824,55.7388525,37.6759953,28.8,15,10712868040
2026-09-23T07:19:00Z,е70-20260923-004,vehicle-824,55.7392217,37.6711845,0,15,10712868040
2026-09-23T07:20:00Z,е70-20260923-004,vehicle-824,55.7396807,37.6646234,28.8,15,10712868036
2026-09-23T07:21:00Z,е70-20260923-004,vehicle-824,55.7411951,37.6574894,28.8,15,10712868036
2026-09-23T07:22:00Z,е70-20260923-004,vehicle-824,55.7423364,37.6544852,28.8,15,10712868035
2026-09-23T07:23:00Z,е70-20260923-004,vehicle-824,55.7435743,37.6513054,28.8,15,9868431738
2026-09-23T07:24:00Z,е70-20260923-004,vehicle-824,55.7452038,37.6486894,0,15,9868431738
2026-09-23T07:25:00Z,е70-20260923-004,vehicle-824,55.74803,37.646194,0,15,10702029920
2026-09-23T07:26:00Z,е70-20260923-004,vehicle-824,55.7502179,37.643034,0,15,3218033070
2026-09-23T07:27:00Z,е70-20260923-004,vehicle-824,55.7521218,37.6403532,28.8,15,10702029938
2026-09-23T07:28:00Z,е70-20260923-004,vehicle-824,55.7536101,37.6376633,28.8,15,10712546309
2026-09-23T07:29:00Z,е70-20260923-004,vehicle-824,55.7540221,37.6341398,0,15,10712546309
2026-09-23T07:30:00Z,е70-20260923-004,vehicle-824,55.7540221,37.6341398,0,15,10712546309
2026-09-23T07:00:00Z,е70-20260923-005,vehicle-825,55.7229901,37.7697325,28.8,15,10712868065
2026-09-23T07:01:00Z,е70-20260923-005,vehicle-825,55.7252378,37.7632004,28.8,15,10712868065
2026-09-23T07:02:00Z,е70-20260923-005,vehicle-825,55.7263459,37.7599117,28.8,15,4902990471
2026-09-23T07:03:00Z,е70-20260923-005,vehicle-825,55.7284482,37.753194,28.8,15,4902990471
2026-09-23T07:04:00Z,е70-20260923-005,vehicle-825,55.7299894,37.746031,28.8,15,4902990471
2026-09-23T07:05:00Z,е70-20260923-005,vehicle-825,55.731222,37.7386608,28.8,15,4902990471
2026-09-23T07:06:00Z,е70-20260923-005,vehicle-825,55.7311716,37.731068,28.8,15,4902990471
2026-09-23T07:07:00Z,е70-20260923-005,vehicle-825,55.7308873,37.7272728,28.8,15,10712868049
2026-09-23T07:08:00Z,е70-20260923-005,vehicle-825,55.7315309,37.7197853,28.8,15,10712868049
2026-09-23T07:09:00Z,е70-20260923-005,vehicle-825,55.7332382,37.7127781,28.8,15,10712868049
2026-09-23T07:10:00Z,е70-20260923-005,vehicle-825,55.7350287,37.705826,28.8,15,10712868049
2026-09-23T07:11:00Z,е70-20260923-005,vehicle-825,55.7359451,37.7023657,28.8,15,10712868040
2026-09-23T07:12:00Z,е70-20260923-005,vehicle-825,55.7369164,37.6948986,28.8,15,10712868040
2026-09-23T07:13:00Z,е70-20260923-005,vehicle-825,55.7376242,37.6873156,28.8,15,10712868040
2026-09-23T07:14:00Z,е70-20260923-005,vehicle-825,55.7384227,37.6797622,28.8,15,10712868040
2026-09-23T07:15:00Z,е70-20260923-005,vehicle-825,55.7391543,37.6722024,28.8,15,10712868040
2026-09-23T07:16:00Z,е70-20260923-005,vehicle-825,55.7394057,37.6684059,28.8,15,10712868036
2026-09-23T07:17:00Z,е70-20260923-005,vehicle-825,55.7403925,37.6610262,28.8,15,10712868036
2026-09-23T07:18:00Z,е70-20260923-005,vehicle-825,55.7415986,37.6557284,0,15,10712868036
2026-09-23T07:19:00Z,е70-20260923-005,vehicle-825,55.7431161,37.6525965,0,15,10712868035
2026-09-23T07:20:00Z,е70-20260923-005,vehicle-825,55.7450639,37.6487456,28.8,15,9868431738
2026-09-23T07:21:00Z,е70-20260923-005,vehicle-825,55.7470269,37.6472064,28.8,15,10702029920
2026-09-23T07:22:00Z,е70-20260923-005,vehicle-825,55.7488434,37.645181,28.8,15,3218033070
2026-09-23T07:23:00Z,е70-20260923-005,vehicle-825,55.750417,37.6426681,28.8,15,10702029938
2026-09-23T07:24:00Z,е70-20260923-005,vehicle-825,55.753326,37.6384179,0,15,10702029938
2026-09-23T07:25:00Z,е70-20260923-005,vehicle-825,55.7540415,37.6346727,28.8,15,10712546309
2026-09-23T07:26:00Z,е70-20260923-005,vehicle-825,55.7540221,37.6341398,0,15,10712546309
2026-09-23T07:27:00Z,е70-20260923-005,vehicle-825,55.7540221,37.6341398,0,15,10712546309
2026-09-23T07:28:00Z,е70-20260923-005,vehicle-825,55.7540221,37.6341398,0,15,10712546309
2026-09-23T07:29:00Z,е70-20260923-005,vehicle-825,55.7540221,37.6341398,0,15,10712546309
2026-09-23T07:30:00Z,е70-20260923-005,vehicle-825,55.7540221,37.6341398,0,15,10712546309
2026-09-23T07:00:00Z,е70-20260923-006,vehicle-826,55.729353,37.7497048,28.8,15,4902990471
2026-09-23T07:01:00Z,е70-20260923-006,vehicle-826,55.7306112,37.7423488,28.8,15,4902990471
2026-09-23T07:02:00Z,е70-20260923-006,vehicle-826,55.7314858,37.73487,28.8,15,4902990471
2026-09-23T07:03:00Z,е70-20260923-006,vehicle-826,55.7310792,37.7299264,0,15,4902990471
2026-09-23T07:04:00Z,е70-20260923-006,vehicle-826,55.7310036,37.72349,28.8,15,10712868049
2026-09-23T07:05:00Z,е70-20260923-006,vehicle-826,55.7323138,37.7162304,28.8,15,10712868049
2026-09-23T07:06:00Z,е70-20260923-006,vehicle-826,55.7341589,37.7093226,28.8,15,10712868049
2026-09-23T07:07:00Z,е70-20260923-006,vehicle-826,55.7358233,37.7028302,0,15,10712868049
2026-09-23T07:08:00Z,е70-20260923-006,vehicle-826,55.7365599,37.6986889,28.8,15,10712868040
2026-09-23T07:09:00Z,е70-20260923-006,vehicle-826,55.7372721,37.6911076,28.8,15,10712868040
2026-09-23T07:10:00Z,е70-20260923-006,vehicle-826,55.7379908,37.6835282,28.8,15,10712868040
2026-09-23T07:11:00Z,е70-20260923-006,vehicle-826,55.7388525,37.6759953,28.8,15,10712868040
2026-09-23T07:12:00Z,е70-20260923-006,vehicle-826,55.7392217,37.6711845,0,15,10712868040
2026-09-23T07:13:00Z,е70-20260923-006,vehicle-826,55.7396807,37.6646234,28.8,15,10712868036
2026-09-23T07:14:00Z,е70-20260923-006,vehicle-826,55.7411951,37.6574894,28.8,15,10712868036
2026-09-23T07:15:00Z,е70-20260923-006,vehicle-826,55.7423364,37.6544852,28.8,15,10712868035
2026-09-23T07:16:00Z,е70-20260923-006,vehicle-826,55.7435743,37.6513054,28.8,15,9868431738
2026-09-23T07:17:00Z,е70-20260923-006,vehicle-826,55.7452038,37.6486894,0,15,9868431738
2026-09-23T07:18:00Z,е70-20260923-006,vehicle-826,55.74803,37.646194,0,15,10702029920
2026-09-23T07:19:00Z,е70-20260923-006,vehicle-826,55.7502179,37.643034,0,15,3218033070
2026-09-23T07:20:00Z,е70-20260923-006,vehicle-826,55.7521218,37.6403532,28.8,15,10702029938
2026-09-23T07:21:00Z,е70-20260923-006,vehicle-826,55.7536101,37.6376633,28.8,15,10712546309
2026-09-23T07:22:00Z,е70-20260923-006,vehicle-826,55.7540221,37.6341398,0,15,10712546309
2026-09-23T07:23:00Z,е70-20260923-006,vehicle-826,55.7540221,37.6341398,0,15,10712546309
2026-09-23T07:24:00Z,е70-20260923-006,vehicle-826,55.7540221,37.6341398,0,15,10712546309
2026-09-23T07:25:00Z,е70-20260923-006,vehicle-826,55.7540221,37.6341398,0,15,10712546309
2026-09-23T07:26:00Z,е70-20260923-006,vehicle-826,55.7540221,37.6341398,0,15,10712546309
2026-09-23T07:27:00Z,е70-20260923-006,vehicle-826,55.7540221,37.6341398,0,15,10712546309
2026-09-23T07:28:00Z,е70-20260923-006,vehicle-826,55.7540221,37.6341398,0,15,10712546309
2026-09-23T07:29:00Z,е70-20260923-006,vehicle-826,55.7540221,37.6341398,0,15,10712546309
2026-09-23T07:30:00Z,е70-20260923-006,vehicle-826,55.7540221,37.6341398,0,15,10712546309
2026-09-23T07:00:00Z,е70-20260923-007,vehicle-827,55.7310783,37.7228669,28.8,-20,10712868049
2026-09-23T07:01:00Z,е70-20260923-007,vehicle-827,55.7324677,37.7156548,28.8,-20,10712868049
2026-09-23T07:02:00Z,е70-20260923-007,vehicle-827,55.7343123,37.7087466,28.8,-20,10712868049
2026-09-23T07:03:00Z,е70-20260923-007,vehicle-827,55.7358233,37.7028302,0,-20,10712868049
2026-09-23T07:04:00Z,е70-20260923-007,vehicle-827,55.7366235,37.6980585,28.8,-20,10712868040
2026-09-23T07:05:00Z,е70-20260923-007,vehicle-827,55.7373314,37.6904758,28.8,-20,10712868040
2026-09-23T07:06:00Z,е70-20260923-007,vehicle-827,55.7380612,37.6828999,28.8,-20,10712868040
2026-09-23T07:07:00Z,е70-20260923-007,vehicle-827,55.7389234,37.6753673,28.8,-20,10712868040
2026-09-23T07:08:00Z,е70-20260923-007,vehicle-827,55.7392217,37.6711845,0,-20,10712868040
2026-09-23T07:09:00Z,е70-20260923-007,vehicle-827,55.7397839,37.6640146,28.8,-20,10712868036
2026-09-23T07:10:00Z,е70-20260923-007,vehicle-827,55.741321,37.6568941,28.8,-20,10712868036
2026-09-23T07:11:00Z,е70-20260923-007,vehicle-827,55.7425516,37.65396,28.8,-20,10712868035
2026-09-23T07:12:00Z,е70-20260923-007,vehicle-827,55.7437834,37.6507876,28.8,-20,9868431738
2026-09-23T07:13:00Z,е70-20260923-007,vehicle-827,55.7454149,37.648604,28.8,-20,10702029920
2026-09-23T07:14:00Z,е70-20260923-007,vehicle-827,55.74803,37.646194,0,-20,10702029920
2026-09-23T07:15:00Z,е70-20260923-007,vehicle-827,55.7502179,37.643034,0,-20,3218033070
2026-09-23T07:16:00Z,е70-20260923-007,vehicle-827,55.7524131,37.6399829,28.8,-20,10702029938
2026-09-23T07:17:00Z,е70-20260923-007,vehicle-827,55.7539027,37.6372727,28.8,-20,10712546309
2026-09-23T07:18:00Z,е70-20260923-007,vehicle-827,55.7540221,37.6341398,0,-20,10712546309
2026-09-23T07:19:00Z,е70-20260923-007,vehicle-827,55.7540221,37.6341398,0,-20,10712546309
2026-09-23T07:20:00Z,е70-20260923-007,vehicle-827,55.7540221,37.6341398,0,-20,10712546309
2026-09-23T07:21:00Z,е70-20260923-007,vehicle-827,55.7540221,37.6341398,0,-20,10712546309
2026-09-23T07:22:00Z,е70-20260923-007,vehicle-827,55.7540221,37.6341398,0,-20,10712546309
2026-09-23T07:23:00Z,е70-20260923-007,vehicle-827,55.7540221,37.6341398,0,-20,10712546309
2026-09-23T07:24:00Z,е70-20260923-007,vehicle-827,55.7540221,37.6341398,0,-20,10712546309
2026-09-23T07:25:00Z,е70-20260923-007,vehicle-827,55.7540221,37.6341398,0,-20,10712546309
2026-09-23T07:26:00Z,е70-20260923-007,vehicle-827,55.7540221,37.6341398,0,-20,10712546309
2026-09-23T07:27:00Z,е70-20260923-007,vehicle-827,55.7540221,37.6341398,0,-20,10712546309
2026-09-23T07:28:00Z,е70-20260923-007,vehicle-827,55.7540221,37.6341398,0,-20,10712546309
2026-09-23T07:29:00Z,е70-20260923-007,vehicle-827,55.7540221,37.6341398,0,-20,10712546309
2026-09-23T07:30:00Z,е70-20260923-007,vehicle-827,55.7540221,37.6341398,0,-20,10712546309
2026-09-23T07:00:00Z,м6-20260923-000,vehicle-830,55.7384304,37.7168359,0,15,10727814007
2026-09-23T07:01:00Z,м6-20260923-000,vehicle-830,55.7382981,37.7187384,28.8,15,7696065480
2026-09-23T07:02:00Z,м6-20260923-000,vehicle-830,55.739064,37.7207892,28.8,15,10702777777
2026-09-23T07:03:00Z,м6-20260923-000,vehicle-830,55.7423581,37.721472,0,15,10702777777
2026-09-23T07:04:00Z,м6-20260923-000,vehicle-830,55.7452042,37.7212373,0,15,10702777779
2026-09-23T07:05:00Z,м6-20260923-000,vehicle-830,55.747468,37.7197944,28.8,15,10702777781
2026-09-23T07:06:00Z,м6-20260923-000,vehicle-830,55.7495167,37.7185102,28.8,15,12561450003
2026-09-23T07:07:00Z,м6-20260923-000,vehicle-830,55.7515483,37.7172157,28.8,15,10704753149
2026-09-23T07:08:00Z,м6-20260923-000,vehicle-830,55.7509316,37.7136614,28.8,15,10702809948
2026-09-23T07:09:00Z,м6-20260923-000,vehicle-830,55.7494989,37.7064082,28.8,15,10702809948
2026-09-23T07:10:00Z,м6-20260923-000,vehicle-830,55.7486711,37.7021722,0,15,10702809948
2026-09-23T07:11:00Z,м6-20260923-000,vehicle-830,55.7477795,37.6953784,28.8,15,10704706842
2026-09-23T07:12:00Z,м6-20260923-000,vehicle-830,55.7474864,37.6915875,28.8,15,10704706844
2026-09-23T07:13:00Z,м6-20260923-000,vehicle-830,55.7471944,37.6877911,28.8,15,8608386419
2026-09-23T07:14:00Z,м6-20260923-000,vehicle-830,55.7466624,37.680196,28.8,15,8608386419
2026-09-23T07:15:00Z,м6-20260923-000,vehicle-830,55.7469601,37.6763901,28.8,15,10703239461
2026-09-23T07:16:00Z,м6-20260923-000,vehicle-830,55.7468486,37.6725613,28.8,15,10704706849
2026-09-23T07:17:00Z,м6-20260923-000,vehicle-830,55.7465212,37.6672062,0,15,10704706849
2026-09-23T07:18:00Z,м6-20260923-000,vehicle-830,55.7471399,37.6613162,28.8,15,10704706850
2026-09-23T07:19:00Z,м6-20260923-000,vehicle-830,55.7471993,37.6574898,28.8,15,10704706853
2026-09-23T07:20:00Z,м6-20260923-000,vehicle-830,55.747199,37.6537016,28.8,15,10704706852
2026-09-23T07:21:00Z,м6-20260923-000,vehicle-830,55.7479256,37.6489701,0,15,10704706852
2026-09-23T07:22:00Z,м6-20260923-000,vehicle-830,55.7480302,37.6461937,0,15,10702029920
2026-09-23T07:23:00Z,м6-20260923-000,vehicle-830,55.7502181,37.6430336,0,15,3218033070
2026-09-23T07:24:00Z,м6-20260923-000,vehicle-830,55.7527631,37.6395386,28.8,15,10702029938
2026-09-23T07:25:00Z,м6-20260923-000,vehicle-830,55.7541889,37.6368992,28.8,15,5152813894
2026-09-23T07:26:00Z,м6-20260923-000,vehicle-830,55.7546895,37.6344058,28.8,15,336215380
2026-09-23T07:27:00Z,м6-20260923-000,vehicle-830,55.7581604,37.629791,28.8,15,336215380
2026-09-23T07:28:00Z,м6-20260923-000,vehicle-830,55.7598965,37.6275069,28.8,15,10707555443
2026-09-23T07:29:00Z,м6-20260923-000,vehicle-830,55.7596637,37.6249376,28.8,15,4436980877
2026-09-23T07:30:00Z,м6-20260923-000,vehicle-830,55.758868,37.6191662,0,15,4436980877
2026-09-23T07:00:00Z,м6-20260923-001,vehicle-831,55.743344,37.7216627,28.8,15,10702777779
2026-09-23T07:01:00Z,м6-20260923-001,vehicle-831,55.74541,37.721106,28.8,15,10702777781
2026-09-23T07:02:00Z,м6-20260923-001,vehicle-831,55.7484991,37.7191488,0,15,10702777781
2026-09-23T07:03:00Z,м6-20260923-001,vehicle-831,55.7508689,37.7176364,0,15,12561450003
2026-09-23T07:04:00Z,м6-20260923-001,vehicle-831,55.751331,37.7157207,0,15,10704753149
2026-09-23T07:05:00Z,м6-20260923-001,vehicle-831,55.7502152,37.7100349,28.8,15,10702809948
2026-09-23T07:06:00Z,м6-20260923-001,vehicle-831,55.7487892,37.7027774,28.8,15,10702809948
2026-09-23T07:07:00Z,м6-20260923-001,vehicle-831,55.748096,37.6991563,28.8,15,10704706842
2026-09-23T07:08:00Z,м6-20260923-001,vehicle-831,55.7475961,37.69298,0,15,10704706842
2026-09-23T07:09:00Z,м6-20260923-001,vehicle-831,55.7472783,37.6890585,0,15,10704706844
2026-09-23T07:10:00Z,м6-20260923-001,vehicle-831,55.7469263,37.6839926,28.8,15,8608386419
2026-09-23T07:11:00Z,м6-20260923-001,vehicle-831,55.7466894,37.6794321,0,15,8608386419
2026-09-23T07:12:00Z,м6-20260923-001,vehicle-831,55.7470094,37.6753685,0,15,10703239461
2026-09-23T07:13:00Z,м6-20260923-001,vehicle-831,55.7464288,37.6688184,28.8,15,10704706849
2026-09-23T07:14:00Z,м6-20260923-001,vehicle-831,55.7467708,37.665084,28.8,15,10704706850
2026-09-23T07:15:00Z,м6-20260923-001,vehicle-831,55.7472125,37.6603041,0,15,10704706850
2026-09-23T07:16:00Z,м6-20260923-001,vehicle-831,55.7471279,37.6543189,0,15,10704706853
2026-09-23T07:17:00Z,м6-20260923-001,vehicle-831,55.7477034,37.6500332,28.8,15,10704706852
2026-09-23T07:18:00Z,м6-20260923-001,vehicle-831,55.7479794,37.6467007,28.8,15,10702029920
2026-09-23T07:19:00Z,м6-20260923-001,vehicle-831,55.7494731,37.644448,28.8,15,3218033070
2026-09-23T07:20:00Z,м6-20260923-001,vehicle-831,55.7510201,37.6417721,28.8,15,10702029938
2026-09-23T07:21:00Z,м6-20260923-001,vehicle-831,55.7533262,37.6384174,0,15,10702029938
2026-09-23T07:22:00Z,м6-20260923-001,vehicle-831,55.7540816,37.6346466,0,15,5152813894
2026-09-23T07:23:00Z,м6-20260923-001,vehicle-831,55.7565077,37.63229,28.8,15,336215380
2026-09-23T07:24:00Z,м6-20260923-001,vehicle-831,55.759074,37.6285127,0,15,336215380
2026-09-23T07:25:00Z,м6-20260923-001,vehicle-831,55.7596968,37.6251838,0,15,10707555443
2026-09-23T07:26:00Z,м6-20260923-001,vehicle-831,55.7591676,37.6212463,28.8,15,4436980877
2026-09-23T07:27:00Z,м6-20260923-001,vehicle-831,55.7585181,37.6176354,28.8,15,10030517809
2026-09-23T07:28:00Z,м6-20260923-001,vehicle-831,55.7552256,37.6127276,28.8,15,10030517809
2026-09-23T07:29:00Z,м6-20260923-001,vehicle-831,55.7532218,37.6113477,28.8,15,10030517808
2026-09-23T07:30:00Z,м6-20260923-001,vehicle-831,55.7508094,37.6097246,0,15,10030517808
2026-09-23T07:00:00Z,м6-20260923-002,vehicle-832,55.7515483,37.7172157,28.8,15,10704753149
2026-09-23T07:01:00Z,м6-20260923-002,vehicle-832,55.7509316,37.7136614,28.8,15,10702809948
2026-09-23T07:02:00Z,м6-20260923-002,vehicle-832,55.7494989,37.7064082,28.8,15,10702809948
2026-09-23T07:03:00Z,м6-20260923-002,vehicle-832,55.7486711,37.7021722,0,15,10702809948
2026-09-23T07:04:00Z,м6-20260923-002,vehicle-832,55.7477795,37.6953784,28.8,15,10704706842
2026-09-23T07:05:00Z,м6-20260923-002,vehicle-832,55.7474864,37.6915875,28.8,15,10704706844
2026-09-23T07:06:00Z,м6-20260923-002,vehicle-832,55.7471944,37.6877911,28.8,15,8608386419
2026-09-23T07:07:00Z,м6-20260923-002,vehicle-832,55.7466624,37.680196,28.8,15,8608386419
2026-09-23T07:08:00Z,м6-20260923-002,vehicle-832,55.7469601,37.6763901,28.8,15,10703239461
2026-09-23T07:09:00Z,м6-20260923-002,vehicle-832,55.7468486,37.6725613,28.8,15,10704706849
2026-09-23T07:10:00Z,м6-20260923-002,vehicle-832,55.7465212,37.6672062,0,15,10704706849
2026-09-23T07:11:00Z,м6-20260923-002,vehicle-832,55.7471399,37.6613162,28.8,15,10704706850
2026-09-23T07:12:00Z,м6-20260923-002,vehicle-832,55.7471993,37.6574898,28.8,15,10704706853
2026-09-23T07:13:00Z,м6-20260923-002,vehicle-832,55.747199,37.6537016,28.8,15,10704706852
2026-09-23T07:14:00Z,м6-20260923-002,vehicle-832,55.7479256,37.6489701,0,15,10704706852
2026-09-23T07:15:00Z,м6-20260923-002,vehicle-832,55.7480302,37.6461937,0,15,10702029920
2026-09-23T07:16:00Z,м6-20260923-002,vehicle-832,55.7502181,37.6430336,0,15,3218033070
2026-09-23T07:17:00Z,м6-20260923-002,vehicle-832,55.7527631,37.6395386,28.8,15,10702029938
2026-09-23T07:18:00Z,м6-20260923-002,vehicle-832,55.7541889,37.6368992,28.8,15,5152813894
2026-09-23T07:19:00Z,м6-20260923-002,vehicle-832,55.7546895,37.6344058,28.8,15,336215380
2026-09-23T07:20:00Z,м6-20260923-002,vehicle-832,55.7581604,37.629791,28.8,15,336215380
2026-09-23T07:21:00Z,м6-20260923-002,vehicle-832,55.7598965,37.6275069,28.8,15,10707555443
2026-09-23T07:22:00Z,м6-20260923-002,vehicle-832,55.7596637,37.6249376,28.8,15,4436980877
2026-09-23T07:23:00Z,м6-20260923-002,vehicle-832,55.758868,37.6191662,0,15,4436980877
2026-09-23T07:24:00Z,м6-20260923-002,vehicle-832,55.7569649,37.6149831,28.8,15,10030517809
2026-09-23T07:25:00Z,м6-20260923-002,vehicle-832,55.7551015,37.6125973,0,15,10030517809
2026-09-23T07:26:00Z,м6-20260923-002,vehicle-832,55.75122,37.609966,28.8,15,10030517808
2026-09-23T07:27:00Z,м6-20260923-002,vehicle-832,55.7491601,37.6087999,28.8,15,10727814005
2026-09-23T07:28:00Z,м6-20260923-002,vehicle-832,55.7473743,37.6075686,28.8,15,1487452424
2026-09-23T07:29:00Z,м6-20260923-002,vehicle-832,55.7458571,37.6048532,28.8,15,10727802904
2026-09-23T07:30:00Z,м6-20260923-002,vehicle-832,55.7446509,37.601806,28.8,15,2413717004
2026-09-23T07:00:00Z,м6-20260923-003,vehicle-833,55.748096,37.6991563,28.8,15,10704706842
2026-09-23T07:01:00Z,м6-20260923-003,vehicle-833,55.7475961,37.69298,0,15,10704706842
2026-09-23T07:02:00Z,м6-20260923-003,vehicle-833,55.7472783,37.6890585,0,15,10704706844
2026-09-23T07:03:00Z,м6-20260923-003,vehicle-833,55.7469263,37.6839926,28.8,15,8608386419
2026-09-23T07:04:00Z,м6-20260923-003,vehicle-833,55.7466894,37.6794321,0,15,8608386419
2026-09-23T07:05:00Z,м6-20260923-003,vehicle-833,55.7470094,37.6753685,0,15,10703239461
2026-09-23T07:06:00Z,м6-20260923-003,vehicle-833,55.7464288,37.6688184,28.8,15,10704706849
2026-09-23T07:07:00Z,м6-20260923-003,vehicle-833,55.7467708,37.665084,28.8,15,10704706850
2026-09-23T07:08:00Z,м6-20260923-003,vehicle-833,55.7472125,37.6603041,0,15,10704706850
2026-09-23T07:09:00Z,м6-20260923-003,vehicle-833,55.7471279,37.6543189,0,15,10704706853
2026-09-23T07:10:00Z,м6-20260923-003,vehicle-833,55.7477034,37.6500332,28.8,15,10704706852
2026-09-23T07:11:00Z,м6-20260923-003,vehicle-833,55.7479794,37.6467007,28.8,15,10702029920
2026-09-23T07:12:00Z,м6-20260923-003,vehicle-833,55.7494731,37.644448,28.8,15,3218033070
2026-09-23T07:13:00Z,м6-20260923-003,vehicle-833,55.7510201,37.6417721,28.8,15,10702029938
2026-09-23T07:14:00Z,м6-20260923-003,vehicle-833,55.7533262,37.6384174,0,15,10702029938
2026-09-23T07:15:00Z,м6-20260923-003,vehicle-833,55.7540816,37.6346466,0,15,5152813894
2026-09-23T07:16:00Z,м6-20260923-003,vehicle-833,55.7565077,37.63229,28.8,15,336215380
2026-09-23T07:17:00Z,м6-20260923-003,vehicle-833,55.759074,37.6285127,0,15,336215380
2026-09-23T07:18:00Z,м6-20260923-003,vehicle-833,55.7596968,37.6251838,0,15,10707555443
2026-09-23T07:19:00Z,м6-20260923-003,vehicle-833,55.7591676,37.6212463,28.8,15,4436980877
2026-09-23T07:20:00Z,м6-20260923-003,vehicle-833,55.7585181,37.6176354,28.8,15,10030517809
2026-09-23T07:21:00Z,м6-20260923-003,vehicle-833,55.7552256,37.6127276,28.8,15,10030517809
2026-09-23T07:22:00Z,м6-20260923-003,vehicle-833,55.7532218,37.6113477,28.8,15,10030517808
2026-09-23T07:23:00Z,м6-20260923-003,vehicle-833,55.7508094,37.6097246,0,15,10030517808
2026-09-23T07:24:00Z,м6-20260923-003,vehicle-833,55.7478567,37.6081402,0,15,10727814005
2026-09-23T07:25:00Z,м6-20260923-003,vehicle-833,55.7460516,37.6052216,0,15,1487452424
2026-09-23T07:26:00Z,м6-20260923-003,vehicle-833,55.7447198,37.6021711,0,15,10727802904
2026-09-23T07:27:00Z,м6-20260923-003,vehicle-833,55.7436001,37.5984533,28.8,15,2413717004
2026-09-23T07:28:00Z,м6-20260923-003,vehicle-833,55.7423249,37.5953542,28.8,15,2413716995
2026-09-23T07:29:00Z,м6-20260923-003,vehicle-833,55.7406662,37.5914289,0,15,2413716995
2026-09-23T07:30:00Z,м6-20260923-003,vehicle-833,55.7390848,37.5873551,0,15,5320144985
2026-09-23T07:00:00Z,м6-20260923-004,vehicle-834,55.7466624,37.680196,28.8,15,8608386419
2026-09-23T07:01:00Z,м6-20260923-004,vehicle-834,55.7469601,37.6763901,28.8,15,10703239461
2026-09-23T07:02:00Z,м6-20260923-004,vehicle-834,55.7468486,37.6725613,28.8,15,10704706849
2026-09-23T07:03:00Z,м6-20260923-004,vehicle-834,55.7465212,37.6672062,0,15,10704706849
2026-09-23T07:04:00Z,м6-20260923-004,vehicle-834,55.7471399,37.6613162,28.8,15,10704706850
2026-09-23T07:05:00Z,м6-20260923-004,vehicle-834,55.7471993,37.6574898,28.8,15,10704706853
2026-09-23T07:06:00Z,м6-20260923-004,vehicle-834,55.747199,37.6537016,28.8,15,10704706852
2026-09-23T07:07:00Z,м6-20260923-004,vehicle-834,55.7479256,37.6489701,0,15,10704706852
2026-09-23T07:08:00Z,м6-20260923-004,vehicle-834,55.7480302,37.6461937,0,15,10702029920
2026-09-23T07:09:00Z,м6-20260923-004,vehicle-834,55.7502181,37.6430336,0,15,3218033070
2026-09-23T07:10:00Z,м6-20260923-004,vehicle-834,55.7527631,37.6395386,28.8,15,10702029938
2026-09-23T07:11:00Z,м6-20260923-004,vehicle-834,55.7541889,37.6368992,28.8,15,5152813894
2026-09-23T07:12:00Z,м6-20260923-004,vehicle-834,55.7546895,37.6344058,28.8,15,336215380
2026-09-23T07:13:00Z,м6-20260923-004,vehicle-834,55.7581604,37.629791,28.8,15,336215380
2026-09-23T07:14:00Z,м6-20260923-004,vehicle-834,55.7598965,37.6275069,28.8,15,10707555443
2026-09-23T07:15:00Z,м6-20260923-004,vehicle-834,55.7596637,37.6249376,28.8,15,4436980877
2026-09-23T07:16:00Z,м6-20260923-004,vehicle-834,55.758868,37.6191662,0,15,4436980877
2026-09-23T07:17:00Z,м6-20260923-004,vehicle-834,55.7569649,37.6149831,28.8,15,10030517809
2026-09-23T07:18:00Z,м6-20260923-004,vehicle-834,55.7551015,37.6125973,0,15,10030517809
2026-09-23T07:19:00Z,м6-20260923-004,vehicle-834,55.75122,37.609966,28.8,15,10030517808
2026-09-23T07:20:00Z,м6-20260923-004,vehicle-834,55.7491601,37.6087999,28.8,15,10727814005
2026-09-23T07:21:00Z,м6-20260923-004,vehicle-834,55.7473743,37.6075686,28.8,15,1487452424
2026-09-23T07:22:00Z,м6-20260923-004,vehicle-834,55.7458571,37.6048532,28.8,15,10727802904
2026-09-23T07:23:00Z,м6-20260923-004,vehicle-834,55.7446509,37.601806,28.8,15,2413717004
2026-09-23T07:24:00Z,м6-20260923-004,vehicle-834,55.7425016,37.5957482,0,15,2413717004
2026-09-23T07:25:00Z,м6-20260923-004,vehicle-834,55.7410171,37.5923748,28.8,15,2413716995
2026-09-23T07:26:00Z,м6-20260923-004,vehicle-834,55.7398233,37.5891404,28.8,15,5320144985
2026-09-23T07:27:00Z,м6-20260923-004,vehicle-834,55.7385691,37.5860303,28.8,15,2413717006
2026-09-23T07:28:00Z,м6-20260923-004,vehicle-834,55.7372384,37.5830696,28.8,15,2413717060
2026-09-23T07:29:00Z,м6-20260923-004,vehicle-834,55.7358679,37.5800822,28.8,15,2413717028
2026-09-23T07:30:00Z,м6-20260923-004,vehicle-834,55.7345062,37.5770742,28.8,15,2413717055
2026-09-23T07:00:00Z,м6-20260923-005,vehicle-835,55.7467708,37.665084,28.8,15,10704706850
2026-09-23T07:01:00Z,м6-20260923-005,vehicle-835,55.7472125,37.6603041,0,15,10704706850
2026-09-23T07:02:00Z,м6-20260923-005,vehicle-835,55.7471279,37.6543189,0,15,10704706853
2026-09-23T07:03:00Z,м6-20260923-005,vehicle-835,55.7477034,37.6500332,28.8,15,10704706852
2026-09-23T07:04:00Z,м6-20260923-005,vehicle-835,55.7479794,37.6467007,28.8,15,10702029920
2026-09-23T07:05:00Z,м6-20260923-005,vehicle-835,55.7494731,37.644448,28.8,15,3218033070
2026-09-23T07:06:00Z,м6-20260923-005,vehicle-835,55.7510201,37.6417721,28.8,15,10702029938
2026-09-23T07:07:00Z,м6-20260923-005,vehicle-835,55.7533262,37.6384174,0,15,10702029938
2026-09-23T07:08:00Z,м6-20260923-005,vehicle-835,55.7540816,37.6346466,0,15,5152813894
2026-09-23T07:09:00Z,м6-20260923-005,vehicle-835,55.7565077,37.63229,28.8,15,336215380
2026-09-23T07:10:00Z,м6-20260923-005,vehicle-835,55.759074,37.6285127,0,15,336215380
2026-09-23T07:11:00Z,м6-20260923-005,vehicle-835,55.7596968,37.6251838,0,15,10707555443
2026-09-23T07:12:00Z,м6-20260923-005,vehicle-835,55.7591676,37.6212463,28.8,15,4436980877
2026-09-23T07:13:00Z,м6-20260923-005,vehicle-835,55.7585181,37.6176354,28.8,15,10030517809
2026-09-23T07:14:00Z,м6-20260923-005,vehicle-835,55.7552256,37.6127276,28.8,15,10030517809
2026-09-23T07:15:00Z,м6-20260923-005,vehicle-835,55.7532218,37.6113477,28.8,15,10030517808
2026-09-23T07:16:00Z,м6-20260923-005,vehicle-835,55.7508094,37.6097246,0,15,10030517808
2026-09-23T07:17:00Z,м6-20260923-005,vehicle-835,55.7478567,37.6081402,0,15,10727814005
2026-09-23T07:18:00Z,м6-20260923-005,vehicle-835,55.7460516,37.6052216,0,15,1487452424
2026-09-23T07:19:00Z,м6-20260923-005,vehicle-835,55.7447198,37.6021711,0,15,10727802904
2026-09-23T07:20:00Z,м6-20260923-005,vehicle-835,55.7436001,37.5984533,28.8,15,2413717004
2026-09-23T07:21:00Z,м6-20260923-005,vehicle-835,55.7423249,37.5953542,28.8,15,2413716995
2026-09-23T07:22:00Z,м6-20260923-005,vehicle-835,55.7406662,37.5914289,0,15,2413716995
2026-09-23T07:23:00Z,м6-20260923-005,vehicle-835,55.7390848,37.5873551,0,15,5320144985
2026-09-23T07:24:00Z,м6-20260923-005,vehicle-835,55.7378777,37.5844621,0,15,2413717006
2026-09-23T07:25:00Z,м6-20260923-005,vehicle-835,55.7365999,37.5816756,0,15,2413717060
2026-09-23T07:26:00Z,м6-20260923-005,vehicle-835,55.7346406,37.5773821,0,15,2413717028
2026-09-23T07:27:00Z,м6-20260923-005,vehicle-835,55.7336074,37.5750254,0,15,2413717055
2026-09-23T07:28:00Z,м6-20260923-005,vehicle-835,55.73186,37.57101,28.8,15,2413717050
2026-09-23T07:29:00Z,м6-20260923-005,vehicle-835,55.7305455,37.5679653,28.8,15,10683919932
2026-09-23T07:30:00Z,м6-20260923-005,vehicle-835,55.7289618,37.5642847,0,15,10683919932
2026-09-23T07:00:00Z,м6-20260923-006,vehicle-836,55.7479256,37.6489701,0,15,10704706852
2026-09-23T07:01:00Z,м6-20260923-006,vehicle-836,55.7480302,37.6461937,0,15,10702029920
2026-09-23T07:02:00Z,м6-20260923-006,vehicle-836,55.7502181,37.6430336,0,15,3218033070
2026-09-23T07:03:00Z,м6-20260923-006,vehicle-836,55.7527631,37.6395386,28.8,15,10702029938
2026-09-23T07:04:00Z,м6-20260923-006,vehicle-836,55.7541889,37.6368992,28.8,15,5152813894
2026-09-23T07:05:00Z,м6-20260923-006,vehicle-836,55.7546895,37.6344058,28.8,15,336215380
2026-09-23T07:06:00Z,м6-20260923-006,vehicle-836,55.7581604,37.629791,28.8,15,336215380
2026-09-23T07:07:00Z,м6-20260923-006,vehicle-836,55.7598965,37.6275069,28.8,15,10707555443
2026-09-23T07:08:00Z,м6-20260923-006,vehicle-836,55.7596637,37.6249376,28.8,15,4436980877
2026-09-23T07:09:00Z,м6-20260923-006,vehicle-836,55.758868,37.6191662,0,15,4436980877
2026-09-23T07:10:00Z,м6-20260923-006,vehicle-836,55.7569649,37.6149831,28.8,15,10030517809
2026-09-23T07:11:00Z,м6-20260923-006,vehicle-836,55.7551015,37.6125973,0,15,10030517809
2026-09-23T07:12:00Z,м6-20260923-006,vehicle-836,55.75122,37.609966,28.8,15,10030517808
2026-09-23T07:13:00Z,м6-20260923-006,vehicle-836,55.7491601,37.6087999,28.8,15,10727814005
2026-09-23T07:14:00Z,м6-20260923-006,vehicle-836,55.7473743,37.6075686,28.8,15,1487452424
2026-09-23T07:15:00Z,м6-20260923-006,vehicle-836,55.7458571,37.6048532,28.8,15,10727802904
2026-09-23T07:16:00Z,м6-20260923-006,vehicle-836,55.7446509,37.601806,28.8,15,2413717004
2026-09-23T07:17:00Z,м6-20260923-006,vehicle-836,55.7425016,37.5957482,0,15,2413717004
2026-09-23T07:18:00Z,м6-20260923-006,vehicle-836,55.7410171,37.5923748,28.8,15,2413716995
2026-09-23T07:19:00Z,м6-20260923-006,vehicle-836,55.7398233,37.5891404,28.8,15,5320144985
2026-09-23T07:20:00Z,м6-20260923-006,vehicle-836,55.7385691,37.5860303,28.8,15,2413717006
2026-09-23T07:21:00Z,м6-20260923-006,vehicle-836,55.7372384,37.5830696,28.8,15,2413717060
2026-09-23T07:22:00Z,м6-20260923-006,vehicle-836,55.7358679,37.5800822,28.8,15,2413717028
2026-09-23T07:23:00Z,м6-20260923-006,vehicle-836,55.7345062,37.5770742,28.8,15,2413717055
2026-09-23T07:24:00Z,м6-20260923-006,vehicle-836,55.7331697,37.5740227,28.8,15,2413717050
2026-09-23T07:25:00Z,м6-20260923-006,vehicle-836,55.7312991,37.5696956,0,15,2413717050
2026-09-23T07:26:00Z,м6-20260923-006,vehicle-836,55.7292246,37.5648997,28.8,15,10683919932
2026-09-23T07:27:00Z,м6-20260923-006,vehicle-836,55.7279106,37.5618523,28.8,15,2413717012
2026-09-23T07:28:00Z,м6-20260923-006,vehicle-836,55.7264113,37.5611269,28.8,15,9797228311
2026-09-23T07:29:00Z,м6-20260923-006,vehicle-836,55.7235252,37.5655899,0,15,9797228311
2026-09-23T07:30:00Z,м6-20260923-006,vehicle-836,55.7217074,37.5640177,0,15,10683919931
2026-09-23T07:00:00Z,м6-20260923-007,vehicle-837,55.7540558,37.6363187,28.8,-20,5152813894
2026-09-23T07:01:00Z,м6-20260923-007,vehicle-837,55.7550209,37.6341439,28.8,-20,336215380
2026-09-23T07:02:00Z,м6-20260923-007,vehicle-837,55.7584489,37.6293981,28.8,-20,336215380
2026-09-23T07:03:00Z,м6-20260923-007,vehicle-837,55.7601833,37.6271259,28.8,-20,10707555443
2026-09-23T07:04:00Z,м6-20260923-007,vehicle-837,55.759581,37.6243222,28.8,-20,4436980877
2026-09-23T07:05:00Z,м6-20260923-007,vehicle-837,55.758868,37.6191662,0,-20,4436980877
2026-09-23T07:06:00Z,м6-20260923-007,vehicle-837,55.7567134,37.6145267,28.8,-20,10030517809
2026-09-23T07:07:00Z,м6-20260923-007,vehicle-837,55.7549153,37.6124018,28.8,-20,10030517808
2026-09-23T07:08:00Z,м6-20260923-007,vehicle-837,55.7508778,37.609765,28.8,-20,10030517808
2026-09-23T07:09:00Z,м6-20260923-007,vehicle-837,55.7488893,37.6090848,28.8,-20,10727814005
2026-09-23T07:10:00Z,м6-20260923-007,vehicle-837,55.7470774,37.6071996,28.8,-20,1487452424
2026-09-23T07:11:00Z,м6-20260923-007,vehicle-837,55.7456159,37.6043895,28.8,-20,10727802904
2026-09-23T07:12:00Z,м6-20260923-007,vehicle-837,55.7445237,37.6012055,28.8,-20,2413717004
2026-09-23T07:13:00Z,м6-20260923-007,vehicle-837,55.7425016,37.5957482,0,-20,2413717004
2026-09-23T07:14:00Z,м6-20260923-007,vehicle-837,55.7408146,37.5918582,28.8,-20,2413716995
2026-09-23T07:15:00Z,м6-20260923-007,vehicle-837,55.7396039,37.5886182,28.8,-20,5320144985
2026-09-23T07:16:00Z,м6-20260923-007,vehicle-837,55.7383537,37.5855392,28.8,-20,2413717006
2026-09-23T07:17:00Z,м6-20260923-007,vehicle-837,55.7370103,37.5825718,28.8,-20,2413717060
2026-09-23T07:18:00Z,м6-20260923-007,vehicle-837,55.7356393,37.579584,28.8,-20,2413717028
2026-09-23T07:19:00Z,м6-20260923-007,vehicle-837,55.7342824,37.5765607,28.8,-20,2413717055
2026-09-23T07:20:00Z,м6-20260923-007,vehicle-837,55.7329509,37.5735213,28.8,-20,2413717050
2026-09-23T07:21:00Z,м6-20260923-007,vehicle-837,55.7312991,37.5696956,0,-20,2413717050
2026-09-23T07:22:00Z,м6-20260923-007,vehicle-837,55.7290056,37.5643872,28.8,-20,10683919932
2026-09-23T07:23:00Z,м6-20260923-007,vehicle-837,55.7276933,37.5613432,28.8,-20,2413717012
2026-09-23T07:24:00Z,м6-20260923-007,vehicle-837,55.7261638,37.5615796,28.8,-20,9797228311
2026-09-23T07:25:00Z,м6-20260923-007,vehicle-837,55.7235252,37.5655899,0,-20,9797228311
2026-09-23T07:26:00Z,м6-20260923-007,vehicle-837,55.7217074,37.5640177,0,-20,10683919931
2026-09-23T07:27:00Z,м6-20260923-007,vehicle-837,55.7202243,37.5653013,28.8,-20,10683919928
2026-09-23T07:28:00Z,м6-20260923-007,vehicle-837,55.7190228,37.5680848,28.8,-20,2413991282
2026-09-23T07:29:00Z,м6-20260923-007,vehicle-837,55.7169169,37.5677637,0,-20,2413991282
2026-09-23T07:30:00Z,м6-20260923-007,vehicle-837,55.7169169,37.5677637,0,-20,2413991282
2026-09-23T07:00:00Z,м40-20260923-000,vehicle-840,55.8930707,37.524191,0,15,4199404588
2026-09-23T07:01:00Z,м40-20260923-000,vehicle-840,55.8923298,37.5255841,28.8,15,4518891524
2026-09-23T07:02:00Z,м40-20260923-000,vehicle-840,55.8910169,37.5290607,0,15,4518891524
2026-09-23T07:03:00Z,м40-20260923-000,vehicle-840,55.8927813,37.5331349,0,15,10581861634
2026-09-23T07:04:00Z,м40-20260923-000,vehicle-840,55.8929524,37.5366211,28.8,15,10728625488
2026-09-23T07:05:00Z,м40-20260923-000,vehicle-840,55.8886304,37.536571,28.8,15,10728625488
2026-09-23T07:06:00Z,м40-20260923-000,vehicle-840,55.8866855,37.5353579,28.8,15,10728625490
2026-09-23T07:07:00Z,м40-20260923-000,vehicle-840,55.8851354,37.5327961,28.8,15,10744418345
2026-09-23T07:08:00Z,м40-20260923-000,vehicle-840,55.8829872,37.5327845,28.8,15,10744418342
2026-09-23T07:09:00Z,м40-20260923-000,vehicle-840,55.8798787,37.5331689,0,15,10744418342
2026-09-23T07:10:00Z,м40-20260923-000,vehicle-840,55.8765102,37.5336948,28.8,15,10572590184
2026-09-23T07:11:00Z,м40-20260923-000,vehicle-840,55.8744764,37.5348309,28.8,15,2255987230
2026-09-23T07:12:00Z,м40-20260923-000,vehicle-840,55.8733104,37.537868,28.8,15,10572590187
2026-09-23T07:13:00Z,м40-20260923-000,vehicle-840,55.8734482,37.5417253,28.8,15,8944115656
2026-09-23T07:14:00Z,м40-20260923-000,vehicle-840,55.8737088,37.545564,28.8,15,10572590190
2026-09-23T07:15:00Z,м40-20260923-000,vehicle-840,55.873193,37.5528102,0,15,10572590190
2026-09-23T07:16:00Z,м40-20260923-000,vehicle-840,55.8713161,37.5549435,28.8,15,10572590192
2026-09-23T07:17:00Z,м40-20260923-000,vehicle-840,55.869341,37.5564843,28.8,15,10572590194
2026-09-23T07:18:00Z,м40-20260923-000,vehicle-840,55.8673668,37.5580153,28.8,15,10572590200
2026-09-23T07:19:00Z,м40-20260923-000,vehicle-840,55.8634969,37.5610083,0,15,10572590200
2026-09-23T07:20:00Z,м40-20260923-000,vehicle-840,55.861858,37.5621104,0,15,10572590201
2026-09-23T07:21:00Z,м40-20260923-000,vehicle-840,55.8592018,37.5626612,28.8,15,4254188160
2026-09-23T07:22:00Z,м40-20260923-000,vehicle-840,55.8576331,37.5612156,0,15,10729479555
2026-09-23T07:23:00Z,м40-20260923-000,vehicle-840,55.8559974,37.5613401,28.8,15,3726709735
2026-09-23T07:24:00Z,м40-20260923-000,vehicle-840,55.8540367,37.5629645,28.8,15,4515094035
2026-09-23T07:25:00Z,м40-20260923-000,vehicle-840,55.850574,37.5659134,0,15,4515094035
2026-09-23T07:26:00Z,м40-20260923-000,vehicle-840,55.8480612,37.5674315,28.8,15,4501093744
2026-09-23T07:27:00Z,м40-20260923-000,vehicle-840,55.843847,37.5690974,28.8,15,4501093744
2026-09-23T07:28:00Z,м40-20260923-000,vehicle-840,55.841032,37.5701609,0,15,4501093744
2026-09-23T07:29:00Z,м40-20260923-000,vehicle-840,55.8375253,37.5714759,28.8,15,313023111
2026-09-23T07:30:00Z,м40-20260923-000,vehicle-840,55.834004,37.5726432,0,15,313023111
2026-09-23T07:00:00Z,м40-20260923-001,vehicle-841,55.8932431,37.5339505,28.8,15,10728625488
2026-09-23T07:01:00Z,м40-20260923-001,vehicle-841,55.8907861,37.536669,28.8,15,10728625488
2026-09-23T07:02:00Z,м40-20260923-001,vehicle-841,55.8885582,37.5365708,0,15,10728625488
2026-09-23T07:03:00Z,м40-20260923-001,vehicle-841,55.88594,37.5338021,0,15,10728625490
2026-09-23T07:04:00Z,м40-20260923-001,vehicle-841,55.8832773,37.5327831,0,15,10744418345
2026-09-23T07:05:00Z,м40-20260923-001,vehicle-841,55.8808179,37.5330234,28.8,15,10744418342
2026-09-23T07:06:00Z,м40-20260923-001,vehicle-841,55.8786603,37.5333599,28.8,15,10572590184
2026-09-23T07:07:00Z,м40-20260923-001,vehicle-841,55.8755894,37.5339471,0,15,10572590184
2026-09-23T07:08:00Z,м40-20260923-001,vehicle-841,55.8739343,37.5356689,0,15,2255987230
2026-09-23T07:09:00Z,м40-20260923-001,vehicle-841,55.8732848,37.5384914,0,15,10572590187
2026-09-23T07:10:00Z,м40-20260923-001,vehicle-841,55.8736157,37.5441784,0,15,8944115656
2026-09-23T07:11:00Z,м40-20260923-001,vehicle-841,55.8738158,37.549354,28.8,15,10572590190
2026-09-23T07:12:00Z,м40-20260923-001,vehicle-841,55.8731504,37.552916,28.8,15,10572590192
2026-09-23T07:13:00Z,м40-20260923-001,vehicle-841,55.871183,37.5550507,0,15,10572590192
2026-09-23T07:14:00Z,м40-20260923-001,vehicle-841,55.867498,37.5579139,0,15,10572590194
2026-09-23T07:15:00Z,м40-20260923-001,vehicle-841,55.8653992,37.5595378,28.8,15,10572590200
2026-09-23T07:16:00Z,м40-20260923-001,vehicle-841,55.8634298,37.56106,28.8,15,10572590201
2026-09-23T07:17:00Z,м40-20260923-001,vehicle-841,55.8613657,37.5623307,28.8,15,4254188160
2026-09-23T07:18:00Z,м40-20260923-001,vehicle-841,55.8586949,37.5626095,0,15,4254188160
2026-09-23T07:19:00Z,м40-20260923-001,vehicle-841,55.8576331,37.5612156,0,15,10729479555
2026-09-23T07:20:00Z,м40-20260923-001,vehicle-841,55.8555456,37.5617081,0,15,3726709735
2026-09-23T07:21:00Z,м40-20260923-001,vehicle-841,55.852081,37.5646496,28.8,15,4515094035
2026-09-23T07:22:00Z,м40-20260923-001,vehicle-841,55.8501159,37.566286,28.8,15,4501093744
2026-09-23T07:23:00Z,м40-20260923-001,vehicle-841,55.8459536,37.5682608,28.8,15,4501093744
2026-09-23T07:24:00Z,м40-20260923-001,vehicle-841,55.8417367,37.5699033,28.8,15,4501093744
2026-09-23T07:25:00Z,м40-20260923-001,vehicle-841,55.839626,37.5706591,28.8,15,313023111
2026-09-23T07:26:00Z,м40-20260923-001,vehicle-841,55.8354198,37.5722514,28.8,15,313023111
2026-09-23T07:27:00Z,м40-20260923-001,vehicle-841,55.8332805,37.5726858,28.8,15,9221235996
2026-09-23T07:28:00Z,м40-20260923-001,vehicle-841,55.8289351,37.5727314,28.8,15,9221235996
2026-09-23T07:29:00Z,м40-20260923-001,vehicle-841,55.8267867,37.572719,28.8,15,10742541382
2026-09-23T07:30:00Z,м40-20260923-001,vehicle-841,55.8246431,37.5727306,0,15,10742541382
2026-09-23T07:00:00Z,м40-20260923-002,vehicle-842,55.8851354,37.5327961,28.8,15,10744418345
2026-09-23T07:01:00Z,м40-20260923-002,vehicle-842,55.8829872,37.5327845,28.8,15,10744418342
2026-09-23T07:02:00Z,м40-20260923-002,vehicle-842,55.8798787,37.5331689,0,15,10744418342
2026-09-23T07:03:00Z,м40-20260923-002,vehicle-842,55.8765102,37.5336948,28.8,15,10572590184
2026-09-23T07:04:00Z,м40-20260923-002,vehicle-842,55.8744764,37.5348309,28.8,15,2255987230
2026-09-23T07:05:00Z,м40-20260923-002,vehicle-842,55.8733104,37.537868,28.8,15,10572590187
2026-09-23T07:06:00Z,м40-20260923-002,vehicle-842,55.8734482,37.5417253,28.8,15,8944115656
2026-09-23T07:07:00Z,м40-20260923-002,vehicle-842,55.8737088,37.545564,28.8,15,10572590190
2026-09-23T07:08:00Z,м40-20260923-002,vehicle-842,55.873193,37.5528102,0,15,10572590190
2026-09-23T07:09:00Z,м40-20260923-002,vehicle-842,55.8713161,37.5549435,28.8,15,10572590192
2026-09-23T07:10:00Z,м40-20260923-002,vehicle-842,55.869341,37.5564843,28.8,15,10572590194
2026-09-23T07:11:00Z,м40-20260923-002,vehicle-842,55.8673668,37.5580153,28.8,15,10572590200
2026-09-23T07:12:00Z,м40-20260923-002,vehicle-842,55.8634969,37.5610083,0,15,10572590200
2026-09-23T07:13:00Z,м40-20260923-002,vehicle-842,55.861858,37.5621104,0,15,10572590201
2026-09-23T07:14:00Z,м40-20260923-002,vehicle-842,55.8592018,37.5626612,28.8,15,4254188160
2026-09-23T07:15:00Z,м40-20260923-002,vehicle-842,55.8576331,37.5612156,0,15,10729479555
2026-09-23T07:16:00Z,м40-20260923-002,vehicle-842,55.8559974,37.5613401,28.8,15,3726709735
2026-09-23T07:17:00Z,м40-20260923-002,vehicle-842,55.8540367,37.5629645,28.8,15,4515094035
2026-09-23T07:18:00Z,м40-20260923-002,vehicle-842,55.850574,37.5659134,0,15,4515094035
2026-09-23T07:19:00Z,м40-20260923-002,vehicle-842,55.8480612,37.5674315,28.8,15,4501093744
2026-09-23T07:20:00Z,м40-20260923-002,vehicle-842,55.843847,37.5690974,28.8,15,4501093744
2026-09-23T07:21:00Z,м40-20260923-002,vehicle-842,55.841032,37.5701609,0,15,4501093744
2026-09-23T07:22:00Z,м40-20260923-002,vehicle-842,55.8375253,37.5714759,28.8,15,313023111
2026-09-23T07:23:00Z,м40-20260923-002,vehicle-842,55.834004,37.5726432,0,15,313023111
2026-09-23T07:24:00Z,м40-20260923-002,vehicle-842,55.8311078,37.5727181,28.8,15,9221235996
2026-09-23T07:25:00Z,м40-20260923-002,vehicle-842,55.828573,37.5727231,0,15,9221235996
2026-09-23T07:26:00Z,м40-20260923-002,vehicle-842,55.8246431,37.5727306,0,15,10742541382
2026-09-23T07:27:00Z,м40-20260923-002,vehicle-842,55.8224832,37.5729235,28.8,15,4192456470
2026-09-23T07:28:00Z,м40-20260923-002,vehicle-842,55.820397,37.5738006,28.8,15,4242625789
2026-09-23T07:29:00Z,м40-20260923-002,vehicle-842,55.8183551,37.5749271,28.8,15,10742541377
2026-09-23T07:30:00Z,м40-20260923-002,vehicle-842,55.8142129,37.5772084,28.8,15,10742541377
2026-09-23T07:00:00Z,м40-20260923-003,vehicle-843,55.8755894,37.5339471,0,15,10572590184
2026-09-23T07:01:00Z,м40-20260923-003,vehicle-843,55.8739343,37.5356689,0,15,2255987230
2026-09-23T07:02:00Z,м40-20260923-003,vehicle-843,55.8732848,37.5384914,0,15,10572590187
2026-09-23T07:03:00Z,м40-20260923-003,vehicle-843,55.8736157,37.5441784,0,15,8944115656
2026-09-23T07:04:00Z,м40-20260923-003,vehicle-843,55.8738158,37.549354,28.8,15,10572590190
2026-09-23T07:05:00Z,м40-20260923-003,vehicle-843,55.8731504,37.552916,28.8,15,10572590192
2026-09-23T07:06:00Z,м40-20260923-003,vehicle-843,55.871183,37.5550507,0,15,10572590192
2026-09-23T07:07:00Z,м40-20260923-003,vehicle-843,55.867498,37.5579139,0,15,10572590194
2026-09-23T07:08:00Z,м40-20260923-003,vehicle-843,55.8653992,37.5595378,28.8,15,10572590200
2026-09-23T07:09:00Z,м40-20260923-003,vehicle-843,55.8634298,37.56106,28.8,15,10572590201
2026-09-23T07:10:00Z,м40-20260923-003,vehicle-843,55.8613657,37.5623307,28.8,15,4254188160
2026-09-23T07:11:00Z,м40-20260923-003,vehicle-843,55.8586949,37.5626095,0,15,4254188160
2026-09-23T07:12:00Z,м40-20260923-003,vehicle-843,55.8576331,37.5612156,0,15,10729479555
2026-09-23T07:13:00Z,м40-20260923-003,vehicle-843,55.8555456,37.5617081,0,15,3726709735
2026-09-23T07:14:00Z,м40-20260923-003,vehicle-843,55.852081,37.5646496,28.8,15,4515094035
2026-09-23T07:15:00Z,м40-20260923-003,vehicle-843,55.8501159,37.566286,28.8,15,4501093744
2026-09-23T07:16:00Z,м40-20260923-003,vehicle-843,55.8459536,37.5682608,28.8,15,4501093744
2026-09-23T07:17:00Z,м40-20260923-003,vehicle-843,55.8417367,37.5699033,28.8,15,4501093744
2026-09-23T07:18:00Z,м40-20260923-003,vehicle-843,55.839626,37.5706591,28.8,15,313023111
2026-09-23T07:19:00Z,м40-20260923-003,vehicle-843,55.8354198,37.5722514,28.8,15,313023111
2026-09-23T07:20:00Z,м40-20260923-003,vehicle-843,55.8332805,37.5726858,28.8,15,9221235996
2026-09-23T07:21:00Z,м40-20260923-003,vehicle-843,55.8289351,37.5727314,28.8,15,9221235996
2026-09-23T07:22:00Z,м40-20260923-003,vehicle-843,55.8267867,37.572719,28.8,15,10742541382
2026-09-23T07:23:00Z,м40-20260923-003,vehicle-843,55.8246431,37.5727306,0,15,10742541382
2026-09-23T07:24:00Z,м40-20260923-003,vehicle-843,55.8216305,37.573191,0,15,4192456470
2026-09-23T07:25:00Z,м40-20260923-003,vehicle-843,55.818562,37.5748117,0,15,4242625789
2026-09-23T07:26:00Z,м40-20260923-003,vehicle-843,55.8162839,37.5760672,28.8,15,10742541377
2026-09-23T07:27:00Z,м40-20260923-003,vehicle-843,55.8127651,37.5780178,0,15,10742541377
2026-09-23T07:28:00Z,м40-20260923-003,vehicle-843,55.8100921,37.5795112,28.8,15,10742541373
2026-09-23T07:29:00Z,м40-20260923-003,vehicle-843,55.8069509,37.5813342,0,15,10742541373
2026-09-23T07:30:00Z,м40-20260923-003,vehicle-843,55.8038707,37.5826602,28.8,15,10742541369
2026-09-23T07:00:00Z,м40-20260923-004,vehicle-844,55.8737088,37.545564,28.8,15,10572590190
2026-09-23T07:01:00Z,м40-20260923-004,vehicle-844,55.873193,37.5528102,0,15,10572590190
2026-09-23T07:02:00Z,м40-20260923-004,vehicle-844,55.8713161,37.5549435,28.8,15,10572590192
2026-09-23T07:03:00Z,м40-20260923-004,vehicle-844,55.869341,37.5564843,28.8,15,10572590194
2026-09-23T07:04:00Z,м40-20260923-004,vehicle-844,55.8673668,37.5580153,28.8,15,10572590200
2026-09-23T07:05:00Z,м40-20260923-004,vehicle-844,55.8634969,37.5610083,0,15,10572590200
2026-09-23T07:06:00Z,м40-20260923-004,vehicle-844,55.861858,37.5621104,0,15,10572590201
2026-09-23T07:07:00Z,м40-20260923-004,vehicle-844,55.8592018,37.5626612,28.8,15,4254188160
2026-09-23T07:08:00Z,м40-20260923-004,vehicle-844,55.8576331,37.5612156,0,15,10729479555
2026-09-23T07:09:00Z,м40-20260923-004,vehicle-844,55.8559974,37.5613401,28.8,15,3726709735
2026-09-23T07:10:00Z,м40-20260923-004,vehicle-844,55.8540367,37.5629645,28.8,15,4515094035
2026-09-23T07:11:00Z,м40-20260923-004,vehicle-844,55.850574,37.5659134,0,15,4515094035
2026-09-23T07:12:00Z,м40-20260923-004,vehicle-844,55.8480612,37.5674315,28.8,15,4501093744
2026-09-23T07:13:00Z,м40-20260923-004,vehicle-844,55.843847,37.5690974,28.8,15,4501093744
2026-09-23T07:14:00Z,м40-20260923-004,vehicle-844,55.841032,37.5701609,0,15,4501093744
2026-09-23T07:15:00Z,м40-20260923-004,vehicle-844,55.8375253,37.5714759,28.8,15,313023111
2026-09-23T07:16:00Z,м40-20260923-004,vehicle-844,55.834004,37.5726432,0,15,313023111
2026-09-23T07:17:00Z,м40-20260923-004,vehicle-844,55.8311078,37.5727181,28.8,15,9221235996
2026-09-23T07:18:00Z,м40-20260923-004,vehicle-844,55.828573,37.5727231,0,15,9221235996
2026-09-23T07:19:00Z,м40-20260923-004,vehicle-844,55.8246431,37.5727306,0,15,10742541382
2026-09-23T07:20:00Z,м40-20260923-004,vehicle-844,55.8224832,37.5729235,28.8,15,4192456470
2026-09-23T07:21:00Z,м40-20260923-004,vehicle-844,55.820397,37.5738006,28.8,15,4242625789
2026-09-23T07:22:00Z,м40-20260923-004,vehicle-844,55.8183551,37.5749271,28.8,15,10742541377
2026-09-23T07:23:00Z,м40-20260923-004,vehicle-844,55.8142129,37.5772084,28.8,15,10742541377
2026-09-23T07:24:00Z,м40-20260923-004,vehicle-844,55.812149,37.5783669,28.8,15,10742541373
2026-09-23T07:25:00Z,м40-20260923-004,vehicle-844,55.8080354,37.580657,28.8,15,10742541373
2026-09-23T07:26:00Z,м40-20260923-004,vehicle-844,55.8059946,37.581926,28.8,15,10742541369
2026-09-23T07:27:00Z,м40-20260923-004,vehicle-844,55.8020089,37.5831325,0,15,10742541369
2026-09-23T07:28:00Z,м40-20260923-004,vehicle-844,55.8005197,37.5834768,0,15,10742541368
2026-09-23T07:29:00Z,м40-20260923-004,vehicle-844,55.7974464,37.5839229,28.8,15,8825443227
2026-09-23T07:30:00Z,м40-20260923-004,vehicle-844,55.7948715,37.5841044,0,15,8825443227
2026-09-23T07:00:00Z,м40-20260923-005,vehicle-845,55.867498,37.5579139,0,15,10572590194
2026-09-23T07:01:00Z,м40-20260923-005,vehicle-845,55.8653992,37.5595378,28.8,15,10572590200
2026-09-23T07:02:00Z,м40-20260923-005,vehicle-845,55.8634298,37.56106,28.8,15,10572590201
2026-09-23T07:03:00Z,м40-20260923-005,vehicle-845,55.8613657,37.5623307,28.8,15,4254188160
2026-09-23T07:04:00Z,м40-20260923-005,vehicle-845,55.8586949,37.5626095,0,15,4254188160
2026-09-23T07:05:00Z,м40-20260923-005,vehicle-845,55.8576331,37.5612156,0,15,10729479555
2026-09-23T07:06:00Z,м40-20260923-005,vehicle-845,55.8555456,37.5617081,0,15,3726709735
2026-09-23T07:07:00Z,м40-20260923-005,vehicle-845,55.852081,37.5646496,28.8,15,4515094035
2026-09-23T07:08:00Z,м40-20260923-005,vehicle-845,55.8501159,37.566286,28.8,15,4501093744
2026-09-23T07:09:00Z,м40-20260923-005,vehicle-845,55.8459536,37.5682608,28.8,15,4501093744
2026-09-23T07:10:00Z,м40-20260923-005,vehicle-845,55.8417367,37.5699033,28.8,15,4501093744
2026-09-23T07:11:00Z,м40-20260923-005,vehicle-845,55.839626,37.5706591,28.8,15,313023111
2026-09-23T07:12:00Z,м40-20260923-005,vehicle-845,55.8354198,37.5722514,28.8,15,313023111
2026-09-23T07:13:00Z,м40-20260923-005,vehicle-845,55.8332805,37.5726858,28.8,15,9221235996
2026-09-23T07:14:00Z,м40-20260923-005,vehicle-845,55.8289351,37.5727314,28.8,15,9221235996
2026-09-23T07:15:00Z,м40-20260923-005,vehicle-845,55.8267867,37.572719,28.8,15,10742541382
2026-09-23T07:16:00Z,м40-20260923-005,vehicle-845,55.8246431,37.5727306,0,15,10742541382
2026-09-23T07:17:00Z,м40-20260923-005,vehicle-845,55.8216305,37.573191,0,15,4192456470
2026-09-23T07:18:00Z,м40-20260923-005,vehicle-845,55.818562,37.5748117,0,15,4242625789
2026-09-23T07:19:00Z,м40-20260923-005,vehicle-845,55.8162839,37.5760672,28.8,15,10742541377
2026-09-23T07:20:00Z,м40-20260923-005,vehicle-845,55.8127651,37.5780178,0,15,10742541377
2026-09-23T07:21:00Z,м40-20260923-005,vehicle-845,55.8100921,37.5795112,28.8,15,10742541373
2026-09-23T07:22:00Z,м40-20260923-005,vehicle-845,55.8069509,37.5813342,0,15,10742541373
2026-09-23T07:23:00Z,м40-20260923-005,vehicle-845,55.8038707,37.5826602,28.8,15,10742541369
2026-09-23T07:24:00Z,м40-20260923-005,vehicle-845,55.8017257,37.5832047,28.8,15,10742541368
2026-09-23T07:25:00Z,м40-20260923-005,vehicle-845,55.7995922,37.5836454,28.8,15,8825443227
2026-09-23T07:26:00Z,м40-20260923-005,vehicle-845,55.7953011,37.5840807,28.8,15,8825443227
2026-09-23T07:27:00Z,м40-20260923-005,vehicle-845,55.7935801,37.5860767,28.8,15,7678282456
2026-09-23T07:28:00Z,м40-20260923-005,vehicle-845,55.7904192,37.5902522,0,15,7678282456
2026-09-23T07:29:00Z,м40-20260923-005,vehicle-845,55.7882267,37.5923818,28.8,15,5434571329
2026-09-23T07:30:00Z,м40-20260923-005,vehicle-845,55.786346,37.5942465,28.8,15,5434565169
2026-09-23T07:00:00Z,м40-20260923-006,vehicle-846,55.8592018,37.5626612,28.8,15,4254188160
2026-09-23T07:01:00Z,м40-20260923-006,vehicle-846,55.8576331,37.5612156,0,15,10729479555
2026-09-23T07:02:00Z,м40-20260923-006,vehicle-846,55.8559974,37.5613401,28.8,15,3726709735
2026-09-23T07:03:00Z,м40-20260923-006,vehicle-846,55.8540367,37.5629645,28.8,15,4515094035
2026-09-23T07:04:00Z,м40-20260923-006,vehicle-846,55.850574,37.5659134,0,15,4515094035
2026-09-23T07:05:00Z,м40-20260923-006,vehicle-846,55.8480612,37.5674315,28.8,15,4501093744
2026-09-23T07:06:00Z,м40-20260923-006,vehicle-846,55.843847,37.5690974,28.8,15,4501093744
2026-09-23T07:07:00Z,м40-20260923-006,vehicle-846,55.841032,37.5701609,0,15,4501093744
2026-09-23T07:08:00Z,м40-20260923-006,vehicle-846,55.8375253,37.5714759,28.8,15,313023111
2026-09-23T07:09:00Z,м40-20260923-006,vehicle-846,55.834004,37.5726432,0,15,313023111
2026-09-23T07:10:00Z,м40-20260923-006,vehicle-846,55.8311078,37.5727181,28.8,15,9221235996
2026-09-23T07:11:00Z,м40-20260923-006,vehicle-846,55.828573,37.5727231,0,15,9221235996
2026-09-23T07:12:00Z,м40-20260923-006,vehicle-846,55.8246431,37.5727306,0,15,10742541382
2026-09-23T07:13:00Z,м40-20260923-006,vehicle-846,55.8224832,37.5729235,28.8,15,4192456470
2026-09-23T07:14:00Z,м40-20260923-006,vehicle-846,55.820397,37.5738006,28.8,15,4242625789
2026-09-23T07:15:00Z,м40-20260923-006,vehicle-846,55.8183551,37.5749271,28.8,15,10742541377
2026-09-23T07:16:00Z,м40-20260923-006,vehicle-846,55.8142129,37.5772084,28.8,15,10742541377
2026-09-23T07:17:00Z,м40-20260923-006,vehicle-846,55.812149,37.5783669,28.8,15,10742541373
2026-09-23T07:18:00Z,м40-20260923-006,vehicle-846,55.8080354,37.580657,28.8,15,10742541373
2026-09-23T07:19:00Z,м40-20260923-006,vehicle-846,55.8059946,37.581926,28.8,15,10742541369
2026-09-23T07:20:00Z,м40-20260923-006,vehicle-846,55.8020089,37.5831325,0,15,10742541369
2026-09-23T07:21:00Z,м40-20260923-006,vehicle-846,55.8005197,37.5834768,0,15,10742541368
2026-09-23T07:22:00Z,м40-20260923-006,vehicle-846,55.7974464,37.5839229,28.8,15,8825443227
2026-09-23T07:23:00Z,м40-20260923-006,vehicle-846,55.7948715,37.5841044,0,15,8825443227
2026-09-23T07:24:00Z,м40-20260923-006,vehicle-846,55.7919493,37.5885997,28.8,15,7678282456
2026-09-23T07:25:00Z,м40-20260923-006,vehicle-846,55.7901025,37.5905449,28.8,15,5434571329
2026-09-23T07:26:00Z,м40-20260923-006,vehicle-846,55.7874103,37.5931666,0,15,5434571329
2026-09-23T07:27:00Z,м40-20260923-006,vehicle-846,55.7844879,37.5962134,28.8,15,5434565169
2026-09-23T07:28:00Z,м40-20260923-006,vehicle-846,55.7825871,37.5980219,28.8,15,5434259924
2026-09-23T07:29:00Z,м40-20260923-006,vehicle-846,55.7806393,37.5996852,28.8,15,5434231391
2026-09-23T07:30:00Z,м40-20260923-006,vehicle-846,55.7785378,37.6014398,0,15,5434231391
2026-09-23T07:00:00Z,м40-20260923-007,vehicle-847,55.850574,37.5659134,0,-20,4515094035
2026-09-23T07:01:00Z,м40-20260923-007,vehicle-847,55.84771,37.5675699,28.8,-20,4501093744
2026-09-23T07:02:00Z,м40-20260923-007,vehicle-847,55.8434959,37.569237,28.8,-20,4501093744
2026-09-23T07:03:00Z,м40-20260923-007,vehicle-847,55.841032,37.5701609,0,-20,4501093744
2026-09-23T07:04:00Z,м40-20260923-007,vehicle-847,55.8371752,37.5716127,28.8,-20,313023111
2026-09-23T07:05:00Z,м40-20260923-007,vehicle-847,55.834004,37.5726432,0,-20,313023111
2026-09-23T07:06:00Z,м40-20260923-007,vehicle-847,55.8307457,37.5727239,28.8,-20,9221235996
2026-09-23T07:07:00Z,м40-20260923-007,vehicle-847,55.828573,37.5727231,0,-20,9221235996
2026-09-23T07:08:00Z,м40-20260923-007,vehicle-847,55.8246431,37.5727306,0,-20,10742541382
2026-09-23T07:09:00Z,м40-20260923-007,vehicle-847,55.8221271,37.5730267,28.8,-20,4192456470
2026-09-23T07:10:00Z,м40-20260923-007,vehicle-847,55.8200562,37.573982,28.8,-20,4242625789
2026-09-23T07:11:00Z,м40-20260923-007,vehicle-847,55.8180102,37.5751191,28.8,-20,10742541377
2026-09-23T07:12:00Z,м40-20260923-007,vehicle-847,55.8138678,37.5773995,28.8,-20,10742541377
2026-09-23T07:13:00Z,м40-20260923-007,vehicle-847,55.8118059,37.578556,28.8,-20,10742541373
2026-09-23T07:14:00Z,м40-20260923-007,vehicle-847,55.807697,37.5808711,28.8,-20,10742541373
2026-09-23T07:15:00Z,м40-20260923-007,vehicle-847,55.8056541,37.5821427,28.8,-20,10742541369
2026-09-23T07:16:00Z,м40-20260923-007,vehicle-847,55.8020089,37.5831325,0,-20,10742541369
2026-09-23T07:17:00Z,м40-20260923-007,vehicle-847,55.8005197,37.5834768,0,-20,10742541368
2026-09-23T07:18:00Z,м40-20260923-007,vehicle-847,55.7970886,37.5839651,28.8,-20,8825443227
2026-09-23T07:19:00Z,м40-20260923-007,vehicle-847,55.7948715,37.5841044,0,-20,8825443227
2026-09-23T07:20:00Z,м40-20260923-007,vehicle-847,55.7916832,37.5890318,28.8,-20,7678282456
2026-09-23T07:21:00Z,м40-20260923-007,vehicle-847,55.7897925,37.5908595,28.8,-20,5434571329
2026-09-23T07:22:00Z,м40-20260923-007,vehicle-847,55.7874103,37.5931666,0,-20,5434571329
2026-09-23T07:23:00Z,м40-20260923-007,vehicle-847,55.7841754,37.5965331,28.8,-20,5434565169
2026-09-23T07:24:00Z,м40-20260923-007,vehicle-847,55.7822646,37.5982997,28.8,-20,5434259924
2026-09-23T07:25:00Z,м40-20260923-007,vehicle-847,55.7803135,37.5999688,28.8,-20,5434231391
2026-09-23T07:26:00Z,м40-20260923-007,vehicle-847,55.7783414,37.6015915,28.8,-20,5434236839
2026-09-23T07:27:00Z,м40-20260923-007,vehicle-847,55.7763358,37.6029301,28.8,-20,5434227711
2026-09-23T07:28:00Z,м40-20260923-007,vehicle-847,55.7735172,37.6040803,0,-20,5434227711
2026-09-23T07:29:00Z,м40-20260923-007,vehicle-847,55.7715695,37.6048198,0,-20,5434219608
2026-09-23T07:30:00Z,м40-20260923-007,vehicle-847,55.7678867,37.6061769,28.8,-20,10773197346
2026-09-23T07:00:00Z,370-20260923-000,vehicle-850,55.7759813,37.5845022,0,15,5041552958
2026-09-23T07:01:00Z,370-20260923-000,vehicle-850,55.7760692,37.5830552,28.8,15,1253685272
2026-09-23T07:02:00Z,370-20260923-000,vehicle-850,55.7793453,37.5800273,28.8,15,1253685272
2026-09-23T07:03:00Z,370-20260923-000,vehicle-850,55.780726,37.5770583,28.8,15,1253685152
2026-09-23T07:04:00Z,370-20260923-000,vehicle-850,55.7821102,37.5740841,28.8,15,1253685235
2026-09-23T07:05:00Z,370-20260923-000,vehicle-850,55.7834814,37.5711076,28.8,15,1253685318
2026-09-23T07:06:00Z,370-20260923-000,vehicle-850,55.7849877,37.5678441,0,15,1253685318
2026-09-23T07:07:00Z,370-20260923-000,vehicle-850,55.7875446,37.5621444,28.8,15,1253685218
2026-09-23T07:08:00Z,370-20260923-000,vehicle-850,55.7888887,37.5591408,0,15,1253685218
2026-09-23T07:09:00Z,370-20260923-000,vehicle-850,55.7902143,37.5561928,28.8,15,1253685265
2026-09-23T07:10:00Z,370-20260923-000,vehicle-850,55.791989,37.5521634,0,15,1253685265
2026-09-23T07:11:00Z,370-20260923-000,vehicle-850,55.7942204,37.5471281,28.8,15,1253685138
2026-09-23T07:12:00Z,370-20260923-000,vehicle-850,55.7955505,37.5441071,28.8,15,1253685164
2026-09-23T07:13:00Z,370-20260923-000,vehicle-850,55.7977873,37.5391099,0,15,1253685164
2026-09-23T07:14:00Z,370-20260923-000,vehicle-850,55.7995291,37.5349911,28.8,15,1253685245
2026-09-23T07:15:00Z,370-20260923-000,vehicle-850,55.8008311,37.5319605,28.8,15,1253685276
2026-09-23T07:16:00Z,370-20260923-000,vehicle-850,55.8017341,37.5285082,28.8,15,1253685156
2026-09-23T07:17:00Z,370-20260923-000,vehicle-850,55.8026545,37.5250333,28.8,15,1253685181
2026-09-23T07:18:00Z,370-20260923-000,vehicle-850,55.8044197,37.5179915,28.8,15,1253685181
2026-09-23T07:19:00Z,370-20260923-000,vehicle-850,55.8053915,37.5145456,28.8,15,1253685137
2026-09-23T07:20:00Z,370-20260923-000,vehicle-850,55.8068037,37.507297,28.8,15,1253685137
2026-09-23T07:21:00Z,370-20260923-000,vehicle-850,55.8079731,37.5016365,0,15,1253685137
2026-09-23T07:22:00Z,370-20260923-000,vehicle-850,55.8086237,37.4980081,0,15,1253685234
2026-09-23T07:23:00Z,370-20260923-000,vehicle-850,55.8092795,37.4939898,0,15,1253685287
2026-09-23T07:24:00Z,370-20260923-000,vehicle-850,55.8102675,37.4891892,28.8,15,1253685251
2026-09-23T07:25:00Z,370-20260923-000,vehicle-850,55.8115438,37.4825337,0,15,1253685251
2026-09-23T07:26:00Z,370-20260923-000,vehicle-850,55.8123878,37.4782523,28.8,15,1253685334
2026-09-23T07:27:00Z,370-20260923-000,vehicle-850,55.8131762,37.4746777,28.8,15,7556705056
2026-09-23T07:28:00Z,370-20260923-000,vehicle-850,55.8145778,37.4696378,0,15,7556705056
2026-09-23T07:29:00Z,370-20260923-000,vehicle-850,55.8160115,37.4643801,28.8,15,7556705055
2026-09-23T07:30:00Z,370-20260923-000,vehicle-850,55.8171134,37.4605317,0,15,7556705055
2026-09-23T07:00:00Z,370-20260923-001,vehicle-851,55.7816087,37.5751809,0,15,1253685152
2026-09-23T07:01:00Z,370-20260923-001,vehicle-851,55.7828846,37.572388,0,15,1253685235
2026-09-23T07:02:00Z,370-20260923-001,vehicle-851,55.7848487,37.5681377,28.8,15,1253685318
2026-09-23T07:03:00Z,370-20260923-001,vehicle-851,55.7862296,37.5651878,28.8,15,1253685218
2026-09-23T07:04:00Z,370-20260923-001,vehicle-851,55.7888887,37.5591408,0,15,1253685218
2026-09-23T07:05:00Z,370-20260923-001,vehicle-851,55.7897207,37.557293,0,15,1253685293
2026-09-23T07:06:00Z,370-20260923-001,vehicle-851,55.7915471,37.5531732,28.8,15,1253685265
2026-09-23T07:07:00Z,370-20260923-001,vehicle-851,55.7928704,37.5501337,28.8,15,1253685138
2026-09-23T07:08:00Z,370-20260923-001,vehicle-851,55.7946566,37.546107,0,15,1253685138
2026-09-23T07:09:00Z,370-20260923-001,vehicle-851,55.7968928,37.5411091,28.8,15,1253685164
2026-09-23T07:10:00Z,370-20260923-001,vehicle-851,55.7982277,37.5380864,28.8,15,1253685245
2026-09-23T07:11:00Z,370-20260923-001,vehicle-851,55.8000283,37.5338853,0,15,1253685245
2026-09-23T07:12:00Z,370-20260923-001,vehicle-851,55.8013546,37.530029,0,15,1253685276
2026-09-23T07:13:00Z,370-20260923-001,vehicle-851,55.8025596,37.52538,0,15,1253685156
2026-09-23T07:14:00Z,370-20260923-001,vehicle-851,55.8035322,37.5215086,28.8,15,1253685181
2026-09-23T07:15:00Z,370-20260923-001,vehicle-851,55.8053288,37.514777,0,15,1253685181
2026-09-23T07:16:00Z,370-20260923-001,vehicle-851,55.8062771,37.5110295,28.8,15,1253685137
2026-09-23T07:17:00Z,370-20260923-001,vehicle-851,55.8074903,37.503644,28.8,15,1253685137
2026-09-23T07:18:00Z,370-20260923-001,vehicle-851,55.8082579,37.5000658,28.8,15,1253685234
2026-09-23T07:19:00Z,370-20260923-001,vehicle-851,55.8089046,37.4964339,28.8,15,1253685287
2026-09-23T07:20:00Z,370-20260923-001,vehicle-851,55.8095372,37.4927964,28.8,15,1253685251
2026-09-23T07:21:00Z,370-20260923-001,vehicle-851,55.810954,37.4855531,28.8,15,1253685251
2026-09-23T07:22:00Z,370-20260923-001,vehicle-851,55.8116641,37.4819219,28.8,15,1253685334
2026-09-23T07:23:00Z,370-20260923-001,vehicle-851,55.8125066,37.4776396,0,15,1253685334
2026-09-23T07:24:00Z,370-20260923-001,vehicle-851,55.814126,37.4712363,28.8,15,7556705056
2026-09-23T07:25:00Z,370-20260923-001,vehicle-851,55.8150754,37.4678081,28.8,15,7556705055
2026-09-23T07:26:00Z,370-20260923-001,vehicle-851,55.8169783,37.4609794,28.8,15,7556705055
2026-09-23T07:27:00Z,370-20260923-001,vehicle-851,55.8180991,37.4576799,28.8,15,8181027264
2026-09-23T07:28:00Z,370-20260923-001,vehicle-851,55.8202852,37.451006,28.8,15,8181027264
2026-09-23T07:29:00Z,370-20260923-001,vehicle-851,55.8243131,37.4515201,0,15,8181027264
2026-09-23T07:30:00Z,370-20260923-001,vehicle-851,55.8264758,37.4523905,28.8,15,1342478661
2026-09-23T07:00:00Z,370-20260923-002,vehicle-852,55.7875446,37.5621444,28.8,15,1253685218
2026-09-23T07:01:00Z,370-20260923-002,vehicle-852,55.7888887,37.5591408,0,15,1253685218
2026-09-23T07:02:00Z,370-20260923-002,vehicle-852,55.7902143,37.5561928,28.8,15,1253685265
2026-09-23T07:03:00Z,370-20260923-002,vehicle-852,55.791989,37.5521634,0,15,1253685265
2026-09-23T07:04:00Z,370-20260923-002,vehicle-852,55.7942204,37.5471281,28.8,15,1253685138
2026-09-23T07:05:00Z,370-20260923-002,vehicle-852,55.7955505,37.5441071,28.8,15,1253685164
2026-09-23T07:06:00Z,370-20260923-002,vehicle-852,55.7977873,37.5391099,0,15,1253685164
2026-09-23T07:07:00Z,370-20260923-002,vehicle-852,55.7995291,37.5349911,28.8,15,1253685245
2026-09-23T07:08:00Z,370-20260923-002,vehicle-852,55.8008311,37.5319605,28.8,15,1253685276
2026-09-23T07:09:00Z,370-20260923-002,vehicle-852,55.8017341,37.5285082,28.8,15,1253685156
2026-09-23T07:10:00Z,370-20260923-002,vehicle-852,55.8026545,37.5250333,28.8,15,1253685181
2026-09-23T07:11:00Z,370-20260923-002,vehicle-852,55.8044197,37.5179915,28.8,15,1253685181
2026-09-23T07:12:00Z,370-20260923-002,vehicle-852,55.8053915,37.5145456,28.8,15,1253685137
2026-09-23T07:13:00Z,370-20260923-002,vehicle-852,55.8068037,37.507297,28.8,15,1253685137
2026-09-23T07:14:00Z,370-20260923-002,vehicle-852,55.8079731,37.5016365,0,15,1253685137
2026-09-23T07:15:00Z,370-20260923-002,vehicle-852,55.8086237,37.4980081,0,15,1253685234
2026-09-23T07:16:00Z,370-20260923-002,vehicle-852,55.8092795,37.4939898,0,15,1253685287
2026-09-23T07:17:00Z,370-20260923-002,vehicle-852,55.8102675,37.4891892,28.8,15,1253685251
2026-09-23T07:18:00Z,370-20260923-002,vehicle-852,55.8115438,37.4825337,0,15,1253685251
2026-09-23T07:19:00Z,370-20260923-002,vehicle-852,55.8123878,37.4782523,28.8,15,1253685334
2026-09-23T07:20:00Z,370-20260923-002,vehicle-852,55.8131762,37.4746777,28.8,15,7556705056
2026-09-23T07:21:00Z,370-20260923-002,vehicle-852,55.8145778,37.4696378,0,15,7556705056
2026-09-23T07:22:00Z,370-20260923-002,vehicle-852,55.8160115,37.4643801,28.8,15,7556705055
2026-09-23T07:23:00Z,370-20260923-002,vehicle-852,55.8171134,37.4605317,0,15,7556705055
2026-09-23T07:24:00Z,370-20260923-002,vehicle-852,55.8192043,37.4543541,28.8,15,8181027264
2026-09-23T07:25:00Z,370-20260923-002,vehicle-852,55.8222544,37.4508269,28.8,15,8181027264
2026-09-23T07:26:00Z,370-20260923-002,vehicle-852,55.8243828,37.4515484,28.8,15,1342478661
2026-09-23T07:27:00Z,370-20260923-002,vehicle-852,55.828603,37.4528778,28.8,15,1342478661
2026-09-23T07:28:00Z,370-20260923-002,vehicle-852,55.8307353,37.4533003,28.8,15,1342478690
2026-09-23T07:29:00Z,370-20260923-002,vehicle-852,55.8328701,37.4537286,28.8,15,1342478616
2026-09-23T07:30:00Z,370-20260923-002,vehicle-852,55.8371272,37.4540977,0,15,1342478616
2026-09-23T07:00:00Z,370-20260923-003,vehicle-853,55.7928704,37.5501337,28.8,15,1253685138
2026-09-23T07:01:00Z,370-20260923-003,vehicle-853,55.7946566,37.546107,0,15,1253685138
2026-09-23T07:02:00Z,370-20260923-003,vehicle-853,55.7968928,37.5411091,28.8,15,1253685164
2026-09-23T07:03:00Z,370-20260923-003,vehicle-853,55.7982277,37.5380864,28.8,15,1253685245
2026-09-23T07:04:00Z,370-20260923-003,vehicle-853,55.8000283,37.5338853,0,15,1253685245
2026-09-23T07:05:00Z,370-20260923-003,vehicle-853,55.8013546,37.530029,0,15,1253685276
2026-09-23T07:06:00Z,370-20260923-003,vehicle-853,55.8025596,37.52538,0,15,1253685156
2026-09-23T07:07:00Z,370-20260923-003,vehicle-853,55.8035322,37.5215086,28.8,15,1253685181
2026-09-23T07:08:00Z,370-20260923-003,vehicle-853,55.8053288,37.514777,0,15,1253685181
2026-09-23T07:09:00Z,370-20260923-003,vehicle-853,55.8062771,37.5110295,28.8,15,1253685137
2026-09-23T07:10:00Z,370-20260923-003,vehicle-853,55.8074903,37.503644,28.8,15,1253685137
2026-09-23T07:11:00Z,370-20260923-003,vehicle-853,55.8082579,37.5000658,28.8,15,1253685234
2026-09-23T07:12:00Z,370-20260923-003,vehicle-853,55.8089046,37.4964339,28.8,15,1253685287
2026-09-23T07:13:00Z,370-20260923-003,vehicle-853,55.8095372,37.4927964,28.8,15,1253685251
2026-09-23T07:14:00Z,370-20260923-003,vehicle-853,55.810954,37.4855531,28.8,15,1253685251
2026-09-23T07:15:00Z,370-20260923-003,vehicle-853,55.8116641,37.4819219,28.8,15,1253685334
2026-09-23T07:16:00Z,370-20260923-003,vehicle-853,55.8125066,37.4776396,0,15,1253685334
2026-09-23T07:17:00Z,370-20260923-003,vehicle-853,55.814126,37.4712363,28.8,15,7556705056
2026-09-23T07:18:00Z,370-20260923-003,vehicle-853,55.8150754,37.4678081,28.8,15,7556705055
2026-09-23T07:19:00Z,370-20260923-003,vehicle-853,55.8169783,37.4609794,28.8,15,7556705055
2026-09-23T07:20:00Z,370-20260923-003,vehicle-853,55.8180991,37.4576799,28.8,15,8181027264
2026-09-23T07:21:00Z,370-20260923-003,vehicle-853,55.8202852,37.451006,28.8,15,8181027264
2026-09-23T07:22:00Z,370-20260923-003,vehicle-853,55.8243131,37.4515201,0,15,8181027264
2026-09-23T07:23:00Z,370-20260923-003,vehicle-853,55.8264758,37.4523905,28.8,15,1342478661
2026-09-23T07:24:00Z,370-20260923-003,vehicle-853,55.8288167,37.4529116,0,15,1342478661
2026-09-23T07:25:00Z,370-20260923-003,vehicle-853,55.8318013,37.4535144,0,15,1342478690
2026-09-23T07:26:00Z,370-20260923-003,vehicle-853,55.8350072,37.4541657,28.8,15,1342478616
2026-09-23T07:27:00Z,370-20260923-003,vehicle-853,55.8371272,37.4540977,0,15,1342478616
2026-09-23T07:28:00Z,370-20260923-003,vehicle-853,55.841143,37.4549896,0,15,1342478666
2026-09-23T07:29:00Z,370-20260923-003,vehicle-853,55.8435752,37.4550517,28.8,15,1342478610
2026-09-23T07:30:00Z,370-20260923-003,vehicle-853,55.845699,37.4543199,28.8,15,1342478634
2026-09-23T07:00:00Z,370-20260923-004,vehicle-854,55.7995291,37.5349911,28.8,15,1253685245
2026-09-23T07:01:00Z,370-20260923-004,vehicle-854,55.8008311,37.5319605,28.8,15,1253685276
2026-09-23T07:02:00Z,370-20260923-004,vehicle-854,55.8017341,37.5285082,28.8,15,1253685156
2026-09-23T07:03:00Z,370-20260923-004,vehicle-854,55.8026545,37.5250333,28.8,15,1253685181
2026-09-23T07:04:00Z,370-20260923-004,vehicle-854,55.8044197,37.5179915,28.8,15,1253685181
2026-09-23T07:05:00Z,370-20260923-004,vehicle-854,55.8053915,37.5145456,28.8,15,1253685137
2026-09-23T07:06:00Z,370-20260923-004,vehicle-854,55.8068037,37.507297,28.8,15,1253685137
2026-09-23T07:07:00Z,370-20260923-004,vehicle-854,55.8079731,37.5016365,0,15,1253685137
2026-09-23T07:08:00Z,370-20260923-004,vehicle-854,55.8086237,37.4980081,0,15,1253685234
2026-09-23T07:09:00Z,370-20260923-004,vehicle-854,55.8092795,37.4939898,0,15,1253685287
2026-09-23T07:10:00Z,370-20260923-004,vehicle-854,55.8102675,37.4891892,28.8,15,1253685251
2026-09-23T07:11:00Z,370-20260923-004,vehicle-854,55.8115438,37.4825337,0,15,1253685251
2026-09-23T07:12:00Z,370-20260923-004,vehicle-854,55.8123878,37.4782523,28.8,15,1253685334
2026-09-23T07:13:00Z,370-20260923-004,vehicle-854,55.8131762,37.4746777,28.8,15,7556705056
2026-09-23T07:14:00Z,370-20260923-004,vehicle-854,55.8145778,37.4696378,0,15,7556705056
2026-09-23T07:15:00Z,370-20260923-004,vehicle-854,55.8160115,37.4643801,28.8,15,7556705055
2026-09-23T07:16:00Z,370-20260923-004,vehicle-854,55.8171134,37.4605317,0,15,7556705055
2026-09-23T07:17:00Z,370-20260923-004,vehicle-854,55.8192043,37.4543541,28.8,15,8181027264
2026-09-23T07:18:00Z,370-20260923-004,vehicle-854,55.8222544,37.4508269,28.8,15,8181027264
2026-09-23T07:19:00Z,370-20260923-004,vehicle-854,55.8243828,37.4515484,28.8,15,1342478661
2026-09-23T07:20:00Z,370-20260923-004,vehicle-854,55.828603,37.4528778,28.8,15,1342478661
2026-09-23T07:21:00Z,370-20260923-004,vehicle-854,55.8307353,37.4533003,28.8,15,1342478690
2026-09-23T07:22:00Z,370-20260923-004,vehicle-854,55.8328701,37.4537286,28.8,15,1342478616
2026-09-23T07:23:00Z,370-20260923-004,vehicle-854,55.8371272,37.4540977,0,15,1342478616
2026-09-23T07:24:00Z,370-20260923-004,vehicle-854,55.8392787,37.4545725,28.8,15,1342478666
2026-09-23T07:25:00Z,370-20260923-004,vehicle-854,55.8414297,37.4550538,28.8,15,1342478610
2026-09-23T07:26:00Z,370-20260923-004,vehicle-854,55.8453481,37.4544379,0,15,1342478610
2026-09-23T07:27:00Z,370-20260923-004,vehicle-854,55.8477334,37.4536293,0,15,1342478634
2026-09-23T07:28:00Z,370-20260923-004,vehicle-854,55.8499337,37.4528649,28.8,15,1343664172
2026-09-23T07:29:00Z,370-20260923-004,vehicle-854,55.8517933,37.450505,0,15,1343664172
2026-09-23T07:30:00Z,370-20260923-004,vehicle-854,55.8511737,37.4447956,0,15,1342478611
2026-09-23T07:00:00Z,370-20260923-005,vehicle-855,55.8035322,37.5215086,28.8,15,1253685181
2026-09-23T07:01:00Z,370-20260923-005,vehicle-855,55.8053288,37.514777,0,15,1253685181
2026-09-23T07:02:00Z,370-20260923-005,vehicle-855,55.8062771,37.5110295,28.8,15,1253685137
2026-09-23T07:03:00Z,370-20260923-005,vehicle-855,55.8074903,37.503644,28.8,15,1253685137
2026-09-23T07:04:00Z,370-20260923-005,vehicle-855,55.8082579,37.5000658,28.8,15,1253685234
2026-09-23T07:05:00Z,370-20260923-005,vehicle-855,55.8089046,37.4964339,28.8,15,1253685287
2026-09-23T07:06:00Z,370-20260923-005,vehicle-855,55.8095372,37.4927964,28.8,15,1253685251
2026-09-23T07:07:00Z,370-20260923-005,vehicle-855,55.810954,37.4855531,28.8,15,1253685251
2026-09-23T07:08:00Z,370-20260923-005,vehicle-855,55.8116641,37.4819219,28.8,15,1253685334
2026-09-23T07:09:00Z,370-20260923-005,vehicle-855,55.8125066,37.4776396,0,15,1253685334
2026-09-23T07:10:00Z,370-20260923-005,vehicle-855,55.814126,37.4712363,28.8,15,7556705056
2026-09-23T07:11:00Z,370-20260923-005,vehicle-855,55.8150754,37.4678081,28.8,15,7556705055
2026-09-23T07:12:00Z,370-20260923-005,vehicle-855,55.8169783,37.4609794,28.8,15,7556705055
2026-09-23T07:13:00Z,370-20260923-005,vehicle-855,55.8180991,37.4576799,28.8,15,8181027264
2026-09-23T07:14:00Z,370-20260923-005,vehicle-855,55.8202852,37.451006,28.8,15,8181027264
2026-09-23T07:15:00Z,370-20260923-005,vehicle-855,55.8243131,37.4515201,0,15,8181027264
2026-09-23T07:16:00Z,370-20260923-005,vehicle-855,55.8264758,37.4523905,28.8,15,1342478661
2026-09-23T07:17:00Z,370-20260923-005,vehicle-855,55.8288167,37.4529116,0,15,1342478661
2026-09-23T07:18:00Z,370-20260923-005,vehicle-855,55.8318013,37.4535144,0,15,1342478690
2026-09-23T07:19:00Z,370-20260923-005,vehicle-855,55.8350072,37.4541657,28.8,15,1342478616
2026-09-23T07:20:00Z,370-20260923-005,vehicle-855,55.8371272,37.4540977,0,15,1342478616
2026-09-23T07:21:00Z,370-20260923-005,vehicle-855,55.841143,37.4549896,0,15,1342478666
2026-09-23T07:22:00Z,370-20260923-005,vehicle-855,55.8435752,37.4550517,28.8,15,1342478610
2026-09-23T07:23:00Z,370-20260923-005,vehicle-855,55.845699,37.4543199,28.8,15,1342478634
2026-09-23T07:24:00Z,370-20260923-005,vehicle-855,55.8478043,37.4536043,28.8,15,1343664172
2026-09-23T07:25:00Z,370-20260923-005,vehicle-855,55.8519665,37.4520191,28.8,15,1343664172
2026-09-23T07:26:00Z,370-20260923-005,vehicle-855,55.8515499,37.4482713,28.8,15,1342478611
2026-09-23T07:27:00Z,370-20260923-005,vehicle-855,55.8511465,37.4445411,28.8,15,1342478640
2026-09-23T07:28:00Z,370-20260923-005,vehicle-855,55.8505023,37.4371393,0,15,1342478640
2026-09-23T07:29:00Z,370-20260923-005,vehicle-855,55.8500658,37.433168,28.8,15,1342478695
2026-09-23T07:30:00Z,370-20260923-005,vehicle-855,55.8496548,37.4293865,28.8,15,1343664175
2026-09-23T07:00:00Z,370-20260923-006,vehicle-856,55.8079731,37.5016365,0,15,1253685137
2026-09-23T07:01:00Z,370-20260923-006,vehicle-856,55.8086237,37.4980081,0,15,1253685234
2026-09-23T07:02:00Z,370-20260923-006,vehicle-856,55.8092795,37.4939898,0,15,1253685287
2026-09-23T07:03:00Z,370-20260923-006,vehicle-856,55.8102675,37.4891892,28.8,15,1253685251
2026-09-23T07:04:00Z,370-20260923-006,vehicle-856,55.8115438,37.4825337,0,15,1253685251
2026-09-23T07:05:00Z,370-20260923-006,vehicle-856,55.8123878,37.4782523,28.8,15,1253685334
2026-09-23T07:06:00Z,370-20260923-006,vehicle-856,55.8131762,37.4746777,28.8,15,7556705056
2026-09-23T07:07:00Z,370-20260923-006,vehicle-856,55.8145778,37.4696378,0,15,7556705056
2026-09-23T07:08:00Z,370-20260923-006,vehicle-856,55.8160115,37.4643801,28.8,15,7556705055
2026-09-23T07:09:00Z,370-20260923-006,vehicle-856,55.8171134,37.4605317,0,15,7556705055
2026-09-23T07:10:00Z,370-20260923-006,vehicle-856,55.8192043,37.4543541,28.8,15,8181027264
2026-09-23T07:11:00Z,370-20260923-006,vehicle-856,55.8222544,37.4508269,28.8,15,8181027264
2026-09-23T07:12:00Z,370-20260923-006,vehicle-856,55.8243828,37.4515484,28.8,15,1342478661
2026-09-23T07:13:00Z,370-20260923-006,vehicle-856,55.828603,37.4528778,28.8,15,1342478661
2026-09-23T07:14:00Z,370-20260923-006,vehicle-856,55.8307353,37.4533003,28.8,15,1342478690
2026-09-23T07:15:00Z,370-20260923-006,vehicle-856,55.8328701,37.4537286,28.8,15,1342478616
2026-09-23T07:16:00Z,370-20260923-006,vehicle-856,55.8371272,37.4540977,0,15,1342478616
2026-09-23T07:17:00Z,370-20260923-006,vehicle-856,55.8392787,37.4545725,28.8,15,1342478666
2026-09-23T07:18:00Z,370-20260923-006,vehicle-856,55.8414297,37.4550538,28.8,15,1342478610
2026-09-23T07:19:00Z,370-20260923-006,vehicle-856,55.8453481,37.4544379,0,15,1342478610
2026-09-23T07:20:00Z,370-20260923-006,vehicle-856,55.8477334,37.4536293,0,15,1342478634
2026-09-23T07:21:00Z,370-20260923-006,vehicle-856,55.8499337,37.4528649,28.8,15,1343664172
2026-09-23T07:22:00Z,370-20260923-006,vehicle-856,55.8517933,37.450505,0,15,1343664172
2026-09-23T07:23:00Z,370-20260923-006,vehicle-856,55.8511737,37.4447956,0,15,1342478611
2026-09-23T07:24:00Z,370-20260923-006,vehicle-856,55.8507373,37.4407252,28.8,15,1342478640
2026-09-23T07:25:00Z,370-20260923-006,vehicle-856,55.850475,37.4368911,28.8,15,1342478695
2026-09-23T07:26:00Z,370-20260923-006,vehicle-856,55.849863,37.4313059,0,15,1342478695
2026-09-23T07:27:00Z,370-20260923-006,vehicle-856,55.8493494,37.4265714,0,15,1343664175
2026-09-23T07:28:00Z,370-20260923-006,vehicle-856,55.8488542,37.4224498,0,15,1346563708
2026-09-23T07:29:00Z,370-20260923-006,vehicle-856,55.8492734,37.4181864,28.8,15,1408800925
2026-09-23T07:30:00Z,370-20260923-006,vehicle-856,55.8501796,37.4147391,28.8,15,1408800934
2026-09-23T07:00:00Z,370-20260923-007,vehicle-857,55.8115438,37.4825337,0,-20,1253685251
2026-09-23T07:01:00Z,370-20260923-007,vehicle-857,55.8125066,37.4776396,0,-20,1253685334
2026-09-23T07:02:00Z,370-20260923-007,vehicle-857,55.8133341,37.4741038,28.8,-20,7556705056
2026-09-23T07:03:00Z,370-20260923-007,vehicle-857,55.8145778,37.4696378,0,-20,7556705056
2026-09-23T07:04:00Z,370-20260923-007,vehicle-857,55.8161708,37.4638116,28.8,-20,7556705055
2026-09-23T07:05:00Z,370-20260923-007,vehicle-857,55.8171471,37.4604177,28.8,-20,8181027264
2026-09-23T07:06:00Z,370-20260923-007,vehicle-857,55.8193827,37.4537937,28.8,-20,8181027264
2026-09-23T07:07:00Z,370-20260923-007,vehicle-857,55.822609,37.4509554,28.8,-20,8181027264
2026-09-23T07:08:00Z,370-20260923-007,vehicle-857,55.8247315,37.4516902,28.8,-20,1342478661
2026-09-23T07:09:00Z,370-20260923-007,vehicle-857,55.8288167,37.4529116,0,-20,1342478661
2026-09-23T07:10:00Z,370-20260923-007,vehicle-857,55.8310907,37.4533708,28.8,-20,1342478690
2026-09-23T07:11:00Z,370-20260923-007,vehicle-857,55.8332264,37.4537999,28.8,-20,1342478616
2026-09-23T07:12:00Z,370-20260923-007,vehicle-857,55.8371272,37.4540977,0,-20,1342478616
2026-09-23T07:13:00Z,370-20260923-007,vehicle-857,55.8396372,37.4546526,28.8,-20,1342478666
2026-09-23T07:14:00Z,370-20260923-007,vehicle-857,55.8417882,37.4551342,28.8,-20,1342478610
2026-09-23T07:15:00Z,370-20260923-007,vehicle-857,55.8453481,37.4544379,0,-20,1342478610
2026-09-23T07:16:00Z,370-20260923-007,vehicle-857,55.8477334,37.4536293,0,-20,1342478634
2026-09-23T07:17:00Z,370-20260923-007,vehicle-857,55.8502895,37.4527506,28.8,-20,1343664172
2026-09-23T07:18:00Z,370-20260923-007,vehicle-857,55.8517933,37.450505,0,-20,1343664172
2026-09-23T07:19:00Z,370-20260923-007,vehicle-857,55.8511737,37.4447956,0,-20,1342478611
2026-09-23T07:20:00Z,370-20260923-007,vehicle-857,55.8506851,37.4400853,28.8,-20,1342478640
2026-09-23T07:21:00Z,370-20260923-007,vehicle-857,55.8504068,37.4362706,28.8,-20,1342478695
2026-09-23T07:22:00Z,370-20260923-007,vehicle-857,55.849863,37.4313059,0,-20,1342478695
2026-09-23T07:23:00Z,370-20260923-007,vehicle-857,55.8493494,37.4265714,0,-20,1343664175
2026-09-23T07:24:00Z,370-20260923-007,vehicle-857,55.8488542,37.4224498,0,-20,1346563708
2026-09-23T07:25:00Z,370-20260923-007,vehicle-857,55.8494409,37.4176255,28.8,-20,1408800925
2026-09-23T07:26:00Z,370-20260923-007,vehicle-857,55.8502732,37.4141225,28.8,-20,1408800934
2026-09-23T07:27:00Z,370-20260923-007,vehicle-857,55.8505065,37.409949,0,-20,1408800934
2026-09-23T07:28:00Z,370-20260923-007,vehicle-857,55.8504765,37.4051164,0,-20,1408800924
2026-09-23T07:29:00Z,370-20260923-007,vehicle-857,55.8504765,37.4051164,0,-20,1408800924
2026-09-23T07:30:00Z,370-20260923-007,vehicle-857,55.8504765,37.4051164,0,-20,1408800924
2026-09-23T07:00:00Z,345-20260923-000,vehicle-860,55.7759813,37.5845022,0,15,5041552958
2026-09-23T07:01:00Z,345-20260923-000,vehicle-860,55.7760692,37.5830552,28.8,15,1253685272
2026-09-23T07:02:00Z,345-20260923-000,vehicle-860,55.7793453,37.5800273,28.8,15,1253685272
2026-09-23T07:03:00Z,345-20260923-000,vehicle-860,55.780726,37.5770583,28.8,15,1253685152
2026-09-23T07:04:00Z,345-20260923-000,vehicle-860,55.7821102,37.5740841,28.8,15,1253685235
2026-09-23T07:05:00Z,345-20260923-000,vehicle-860,55.7834814,37.5711076,28.8,15,1253685318
2026-09-23T07:06:00Z,345-20260923-000,vehicle-860,55.7849877,37.5678441,0,15,1253685318
2026-09-23T07:07:00Z,345-20260923-000,vehicle-860,55.7870464,37.5676861,28.8,15,1390556618
2026-09-23T07:08:00Z,345-20260923-000,vehicle-860,55.783664,37.5629678,28.8,15,1390556618
2026-09-23T07:09:00Z,345-20260923-000,vehicle-860,55.7817912,37.5604017,0,15,1390556618
2026-09-23T07:10:00Z,345-20260923-000,vehicle-860,55.7795091,37.5574396,0,15,1390556593
2026-09-23T07:11:00Z,345-20260923-000,vehicle-860,55.7774248,37.5558579,0,15,1390556638
2026-09-23T07:12:00Z,345-20260923-000,vehicle-860,55.7746,37.5529165,28.8,15,1390556610
2026-09-23T07:13:00Z,345-20260923-000,vehicle-860,55.7741897,37.5492193,28.8,15,1390556621
2026-09-23T07:14:00Z,345-20260923-000,vehicle-860,55.7738213,37.54404,0,15,1390556621
2026-09-23T07:15:00Z,345-20260923-000,vehicle-860,55.7746151,37.5403515,0,15,1390556644
2026-09-23T07:16:00Z,345-20260923-000,vehicle-860,55.7758381,37.5347202,28.8,15,1390556603
2026-09-23T07:17:00Z,345-20260923-000,vehicle-860,55.7766142,37.5311396,28.8,15,1390556645
2026-09-23T07:18:00Z,345-20260923-000,vehicle-860,55.7773893,37.5275671,28.8,15,1390556641
2026-09-23T07:19:00Z,345-20260923-000,vehicle-860,55.7781691,37.5239758,28.8,15,1390556626
2026-09-23T07:20:00Z,345-20260923-000,vehicle-860,55.7776885,37.520278,28.8,15,1390556624
2026-09-23T07:21:00Z,345-20260923-000,vehicle-860,55.7774889,37.5158656,0,15,1390556624
2026-09-23T07:22:00Z,345-20260923-000,vehicle-860,55.7779585,37.5117627,0,15,1390556634
2026-09-23T07:23:00Z,345-20260923-000,vehicle-860,55.7768412,37.5056654,0,15,1468518753
2026-09-23T07:24:00Z,345-20260923-000,vehicle-860,55.7761849,37.5019049,28.8,15,1953905311
2026-09-23T07:25:00Z,345-20260923-000,vehicle-860,55.7760581,37.4980519,28.8,15,1390556611
2026-09-23T07:26:00Z,345-20260923-000,vehicle-860,55.7759064,37.4936852,0,15,1390556611
2026-09-23T07:27:00Z,345-20260923-000,vehicle-860,55.775634,37.4866145,28.8,15,1390556630
2026-09-23T07:28:00Z,345-20260923-000,vehicle-860,55.7754966,37.4827248,0,15,4730949125
2026-09-23T07:29:00Z,345-20260923-000,vehicle-860,55.7754543,37.4788811,28.8,15,1390556636
2026-09-23T07:30:00Z,345-20260923-000,vehicle-860,55.7757694,37.4750873,28.8,15,1390556596
2026-09-23T07:00:00Z,345-20260923-001,vehicle-861,55.7816087,37.5751809,0,15,1253685152
2026-09-23T07:01:00Z,345-20260923-001,vehicle-861,55.7828846,37.572388,0,15,1253685235
2026-09-23T07:02:00Z,345-20260923-001,vehicle-861,55.7848487,37.5681377,28.8,15,1253685318
2026-09-23T07:03:00Z,345-20260923-001,vehicle-861,55.7863894,37.5661145,28.8,15,1390556618
2026-09-23T07:04:00Z,345-20260923-001,vehicle-861,55.7853568,37.5653233,28.8,15,1390556618
2026-09-23T07:05:00Z,345-20260923-001,vehicle-861,55.7819624,37.5606328,28.8,15,1390556618
2026-09-23T07:06:00Z,345-20260923-001,vehicle-861,55.7802516,37.5582427,28.8,15,1390556593
2026-09-23T07:07:00Z,345-20260923-001,vehicle-861,55.7783396,37.556538,28.8,15,1390556638
2026-09-23T07:08:00Z,345-20260923-001,vehicle-861,55.7763637,37.555056,28.8,15,1390556610
2026-09-23T07:09:00Z,345-20260923-001,vehicle-861,55.7742194,37.5494712,0,15,1390556610
2026-09-23T07:10:00Z,345-20260923-001,vehicle-861,55.7736043,37.5455201,28.8,15,1390556621
2026-09-23T07:11:00Z,345-20260923-001,vehicle-861,55.7742829,37.5418987,28.8,15,1390556644
2026-09-23T07:12:00Z,345-20260923-001,vehicle-861,55.7750642,37.5383193,28.8,15,1390556603
2026-09-23T07:13:00Z,345-20260923-001,vehicle-861,55.7762047,37.5330444,0,15,1390556603
2026-09-23T07:14:00Z,345-20260923-001,vehicle-861,55.7770768,37.528998,0,15,1390556645
2026-09-23T07:15:00Z,345-20260923-001,vehicle-861,55.7777832,37.5257806,0,15,1390556641
2026-09-23T07:16:00Z,345-20260923-001,vehicle-861,55.7778181,37.5209982,0,15,1390556626
2026-09-23T07:17:00Z,345-20260923-001,vehicle-861,55.7774078,37.5166078,28.8,15,1390556624
2026-09-23T07:18:00Z,345-20260923-001,vehicle-861,55.7778624,37.5127944,28.8,15,1390556634
2026-09-23T07:19:00Z,345-20260923-001,vehicle-861,55.777617,37.50907,28.8,15,1468518753
2026-09-23T07:20:00Z,345-20260923-001,vehicle-861,55.7768138,37.5055467,28.8,15,1953905311
2026-09-23T07:21:00Z,345-20260923-001,vehicle-861,55.7761783,37.501777,0,15,1953905311
2026-09-23T07:22:00Z,345-20260923-001,vehicle-861,55.7759233,37.494199,28.8,15,1390556611
2026-09-23T07:23:00Z,345-20260923-001,vehicle-861,55.7757733,37.4904031,28.8,15,1390556630
2026-09-23T07:24:00Z,345-20260923-001,vehicle-861,55.7756204,37.4862356,0,15,1390556630
2026-09-23T07:25:00Z,345-20260923-001,vehicle-861,55.7754966,37.4827248,0,15,4730949125
2026-09-23T07:26:00Z,345-20260923-001,vehicle-861,55.7757361,37.4753352,0,15,1390556636
2026-09-23T07:27:00Z,345-20260923-001,vehicle-861,55.7763405,37.4714017,28.8,15,1390556596
2026-09-23T07:28:00Z,345-20260923-001,vehicle-861,55.7770334,37.4671149,0,15,1390556596
2026-09-23T07:29:00Z,345-20260923-001,vehicle-861,55.7781038,37.4604157,28.8,15,1390556629
2026-09-23T07:30:00Z,345-20260923-001,vehicle-861,55.7787014,37.4566972,28.8,15,9455183925
2026-09-23T07:00:00Z,345-20260923-002,vehicle-862,55.7870464,37.5676861,28.8,15,1390556618
2026-09-23T07:01:00Z,345-20260923-002,vehicle-862,55.783664,37.5629678,28.8,15,1390556618
2026-09-23T07:02:00Z,345-20260923-002,vehicle-862,55.7817912,37.5604017,0,15,1390556618
2026-09-23T07:03:00Z,345-20260923-002,vehicle-862,55.7795091,37.5574396,0,15,1390556593
2026-09-23T07:04:00Z,345-20260923-002,vehicle-862,55.7774248,37.5558579,0,15,1390556638
2026-09-23T07:05:00Z,345-20260923-002,vehicle-862,55.7746,37.5529165,28.8,15,1390556610
2026-09-23T07:06:00Z,345-20260923-002,vehicle-862,55.7741897,37.5492193,28.8,15,1390556621
2026-09-23T07:07:00Z,345-20260923-002,vehicle-862,55.7738213,37.54404,0,15,1390556621
2026-09-23T07:08:00Z,345-20260923-002,vehicle-862,55.7746151,37.5403515,0,15,1390556644
2026-09-23T07:09:00Z,345-20260923-002,vehicle-862,55.7758381,37.5347202,28.8,15,1390556603
2026-09-23T07:10:00Z,345-20260923-002,vehicle-862,55.7766142,37.5311396,28.8,15,1390556645
2026-09-23T07:11:00Z,345-20260923-002,vehicle-862,55.7773893,37.5275671,28.8,15,1390556641
2026-09-23T07:12:00Z,345-20260923-002,vehicle-862,55.7781691,37.5239758,28.8,15,1390556626
2026-09-23T07:13:00Z,345-20260923-002,vehicle-862,55.7776885,37.520278,28.8,15,1390556624
2026-09-23T07:14:00Z,345-20260923-002,vehicle-862,55.7774889,37.5158656,0,15,1390556624
2026-09-23T07:15:00Z,345-20260923-002,vehicle-862,55.7779585,37.5117627,0,15,1390556634
2026-09-23T07:16:00Z,345-20260923-002,vehicle-862,55.7768412,37.5056654,0,15,1468518753
2026-09-23T07:17:00Z,345-20260923-002,vehicle-862,55.7761849,37.5019049,28.8,15,1953905311
2026-09-23T07:18:00Z,345-20260923-002,vehicle-862,55.7760581,37.4980519,28.8,15,1390556611
2026-09-23T07:19:00Z,345-20260923-002,vehicle-862,55.7759064,37.4936852,0,15,1390556611
2026-09-23T07:20:00Z,345-20260923-002,vehicle-862,55.775634,37.4866145,28.8,15,1390556630
2026-09-23T07:21:00Z,345-20260923-002,vehicle-862,55.7754966,37.4827248,0,15,4730949125
2026-09-23T07:22:00Z,345-20260923-002,vehicle-862,55.7754543,37.4788811,28.8,15,1390556636
2026-09-23T07:23:00Z,345-20260923-002,vehicle-862,55.7757694,37.4750873,28.8,15,1390556596
2026-09-23T07:24:00Z,345-20260923-002,vehicle-862,55.7769381,37.4677291,28.8,15,1390556596
2026-09-23T07:25:00Z,345-20260923-002,vehicle-862,55.7775035,37.4640614,28.8,15,1390556629
2026-09-23T07:26:00Z,345-20260923-002,vehicle-862,55.7782394,37.4595628,0,15,1390556629
2026-09-23T07:27:00Z,345-20260923-002,vehicle-862,55.7799319,37.4548967,28.8,15,9455183925
2026-09-23T07:28:00Z,345-20260923-002,vehicle-862,55.7820152,37.4558683,28.8,15,4730767845
2026-09-23T07:29:00Z,345-20260923-002,vehicle-862,55.7838461,37.4575726,0,15,4730767845
2026-09-23T07:30:00Z,345-20260923-002,vehicle-862,55.7854738,37.4643859,28.8,15,4908660303
2026-09-23T07:00:00Z,345-20260923-003,vehicle-863,55.7783396,37.556538,28.8,15,1390556638
2026-09-23T07:01:00Z,345-20260923-003,vehicle-863,55.7763637,37.555056,28.8,15,1390556610
2026-09-23T07:02:00Z,345-20260923-003,vehicle-863,55.7742194,37.5494712,0,15,1390556610
2026-09-23T07:03:00Z,345-20260923-003,vehicle-863,55.7736043,37.5455201,28.8,15,1390556621
2026-09-23T07:04:00Z,345-20260923-003,vehicle-863,55.7742829,37.5418987,28.8,15,1390556644
2026-09-23T07:05:00Z,345-20260923-003,vehicle-863,55.7750642,37.5383193,28.8,15,1390556603
2026-09-23T07:06:00Z,345-20260923-003,vehicle-863,55.7762047,37.5330444,0,15,1390556603
2026-09-23T07:07:00Z,345-20260923-003,vehicle-863,55.7770768,37.528998,0,15,1390556645
2026-09-23T07:08:00Z,345-20260923-003,vehicle-863,55.7777832,37.5257806,0,15,1390556641
2026-09-23T07:09:00Z,345-20260923-003,vehicle-863,55.7778181,37.5209982,0,15,1390556626
2026-09-23T07:10:00Z,345-20260923-003,vehicle-863,55.7774078,37.5166078,28.8,15,1390556624
2026-09-23T07:11:00Z,345-20260923-003,vehicle-863,55.7778624,37.5127944,28.8,15,1390556634
2026-09-23T07:12:00Z,345-20260923-003,vehicle-863,55.777617,37.50907,28.8,15,1468518753
2026-09-23T07:13:00Z,345-20260923-003,vehicle-863,55.7768138,37.5055467,28.8,15,1953905311
2026-09-23T07:14:00Z,345-20260923-003,vehicle-863,55.7761783,37.501777,0,15,1953905311
2026-09-23T07:15:00Z,345-20260923-003,vehicle-863,55.7759233,37.494199,28.8,15,1390556611
2026-09-23T07:16:00Z,345-20260923-003,vehicle-863,55.7757733,37.4904031,28.8,15,1390556630
2026-09-23T07:17:00Z,345-20260923-003,vehicle-863,55.7756204,37.4862356,0,15,1390556630
2026-09-23T07:18:00Z,345-20260923-003,vehicle-863,55.7754966,37.4827248,0,15,4730949125
2026-09-23T07:19:00Z,345-20260923-003,vehicle-863,55.7757361,37.4753352,0,15,1390556636
2026-09-23T07:20:00Z,345-20260923-003,vehicle-863,55.7763405,37.4714017,28.8,15,1390556596
2026-09-23T07:21:00Z,345-20260923-003,vehicle-863,55.7770334,37.4671149,0,15,1390556596
2026-09-23T07:22:00Z,345-20260923-003,vehicle-863,55.7781038,37.4604157,28.8,15,1390556629
2026-09-23T07:23:00Z,345-20260923-003,vehicle-863,55.7787014,37.4566972,28.8,15,9455183925
2026-09-23T07:24:00Z,345-20260923-003,vehicle-863,55.7802133,37.4550323,0,15,9455183925
2026-09-23T07:25:00Z,345-20260923-003,vehicle-863,55.7838461,37.4575726,0,15,4730767845
2026-09-23T07:26:00Z,345-20260923-003,vehicle-863,55.7848935,37.4609145,28.8,15,4908660303
2026-09-23T07:27:00Z,345-20260923-003,vehicle-863,55.7851448,37.4664735,0,15,4908660303
2026-09-23T07:28:00Z,345-20260923-003,vehicle-863,55.7844763,37.4707081,0,15,4908660301
2026-09-23T07:29:00Z,345-20260923-003,vehicle-863,55.7838139,37.4748624,0,15,4908660307
2026-09-23T07:30:00Z,345-20260923-003,vehicle-863,55.7838139,37.4748624,0,15,4908660307
2026-09-23T07:00:00Z,345-20260923-004,vehicle-864,55.7738213,37.54404,0,15,1390556621
2026-09-23T07:01:00Z,345-20260923-004,vehicle-864,55.7746151,37.5403515,0,15,1390556644
2026-09-23T07:02:00Z,345-20260923-004,vehicle-864,55.7758381,37.5347202,28.8,15,1390556603
2026-09-23T07:03:00Z,345-20260923-004,vehicle-864,55.7766142,37.5311396,28.8,15,1390556645
2026-09-23T07:04:00Z,345-20260923-004,vehicle-864,55.7773893,37.5275671,28.8,15,1390556641
2026-09-23T07:05:00Z,345-20260923-004,vehicle-864,55.7781691,37.5239758,28.8,15,1390556626
2026-09-23T07:06:00Z,345-20260923-004,vehicle-864,55.7776885,37.520278,28.8,15,1390556624
2026-09-23T07:07:00Z,345-20260923-004,vehicle-864,55.7774889,37.5158656,0,15,1390556624
2026-09-23T07:08:00Z,345-20260923-004,vehicle-864,55.7779585,37.5117627,0,15,1390556634
2026-09-23T07:09:00Z,345-20260923-004,vehicle-864,55.7768412,37.5056654,0,15,1468518753
2026-09-23T07:10:00Z,345-20260923-004,vehicle-864,55.7761849,37.5019049,28.8,15,1953905311
2026-09-23T07:11:00Z,345-20260923-004,vehicle-864,55.7760581,37.4980519,28.8,15,1390556611
2026-09-23T07:12:00Z,345-20260923-004,vehicle-864,55.7759064,37.4936852,0,15,1390556611
2026-09-23T07:13:00Z,345-20260923-004,vehicle-864,55.775634,37.4866145,28.8,15,1390556630
2026-09-23T07:14:00Z,345-20260923-004,vehicle-864,55.7754966,37.4827248,0,15,4730949125
2026-09-23T07:15:00Z,345-20260923-004,vehicle-864,55.7754543,37.4788811,28.8,15,1390556636
2026-09-23T07:16:00Z,345-20260923-004,vehicle-864,55.7757694,37.4750873,28.8,15,1390556596
2026-09-23T07:17:00Z,345-20260923-004,vehicle-864,55.7769381,37.4677291,28.8,15,1390556596
2026-09-23T07:18:00Z,345-20260923-004,vehicle-864,55.7775035,37.4640614,28.8,15,1390556629
2026-09-23T07:19:00Z,345-20260923-004,vehicle-864,55.7782394,37.4595628,0,15,1390556629
2026-09-23T07:20:00Z,345-20260923-004,vehicle-864,55.7799319,37.4548967,28.8,15,9455183925
2026-09-23T07:21:00Z,345-20260923-004,vehicle-864,55.7820152,37.4558683,28.8,15,4730767845
2026-09-23T07:22:00Z,345-20260923-004,vehicle-864,55.7838461,37.4575726,0,15,4730767845
2026-09-23T07:23:00Z,345-20260923-004,vehicle-864,55.7854738,37.4643859,28.8,15,4908660303
2026-09-23T07:24:00Z,345-20260923-004,vehicle-864,55.7848895,37.4680928,28.8,15,4908660301
2026-09-23T07:25:00Z,345-20260923-004,vehicle-864,55.7843022,37.4718084,28.8,15,4908660307
2026-09-23T07:26:00Z,345-20260923-004,vehicle-864,55.7838139,37.4748624,0,15,4908660307
2026-09-23T07:27:00Z,345-20260923-004,vehicle-864,55.7838139,37.4748624,0,15,4908660307
2026-09-23T07:28:00Z,345-20260923-004,vehicle-864,55.7838139,37.4748624,0,15,4908660307
2026-09-23T07:29:00Z,345-20260923-004,vehicle-864,55.7838139,37.4748624,0,15,4908660307
2026-09-23T07:30:00Z,345-20260923-004,vehicle-864,55.7838139,37.4748624,0,15,4908660307
2026-09-23T07:00:00Z,345-20260923-005,vehicle-865,55.7770768,37.528998,0,15,1390556645
2026-09-23T07:01:00Z,345-20260923-005,vehicle-865,55.7777832,37.5257806,0,15,1390556641
2026-09-23T07:02:00Z,345-20260923-005,vehicle-865,55.7778181,37.5209982,0,15,1390556626
2026-09-23T07:03:00Z,345-20260923-005,vehicle-865,55.7774078,37.5166078,28.8,15,1390556624
2026-09-23T07:04:00Z,345-20260923-005,vehicle-865,55.7778624,37.5127944,28.8,15,1390556634
2026-09-23T07:05:00Z,345-20260923-005,vehicle-865,55.777617,37.50907,28.8,15,1468518753
2026-09-23T07:06:00Z,345-20260923-005,vehicle-865,55.7768138,37.5055467,28.8,15,1953905311
2026-09-23T07:07:00Z,345-20260923-005,vehicle-865,55.7761783,37.501777,0,15,1953905311
2026-09-23T07:08:00Z,345-20260923-005,vehicle-865,55.7759233,37.494199,28.8,15,1390556611
2026-09-23T07:09:00Z,345-20260923-005,vehicle-865,55.7757733,37.4904031,28.8,15,1390556630
2026-09-23T07:10:00Z,345-20260923-005,vehicle-865,55.7756204,37.4862356,0,15,1390556630
2026-09-23T07:11:00Z,345-20260923-005,vehicle-865,55.7754966,37.4827248,0,15,4730949125
2026-09-23T07:12:00Z,345-20260923-005,vehicle-865,55.7757361,37.4753352,0,15,1390556636
2026-09-23T07:13:00Z,345-20260923-005,vehicle-865,55.7763405,37.4714017,28.8,15,1390556596
2026-09-23T07:14:00Z,345-20260923-005,vehicle-865,55.7770334,37.4671149,0,15,1390556596
2026-09-23T07:15:00Z,345-20260923-005,vehicle-865,55.7781038,37.4604157,28.8,15,1390556629
2026-09-23T07:16:00Z,345-20260923-005,vehicle-865,55.7787014,37.4566972,28.8,15,9455183925
2026-09-23T07:17:00Z,345-20260923-005,vehicle-865,55.7802133,37.4550323,0,15,9455183925
2026-09-23T07:18:00Z,345-20260923-005,vehicle-865,55.7838461,37.4575726,0,15,4730767845
2026-09-23T07:19:00Z,345-20260923-005,vehicle-865,55.7848935,37.4609145,28.8,15,4908660303
2026-09-23T07:20:00Z,345-20260923-005,vehicle-865,55.7851448,37.4664735,0,15,4908660303
2026-09-23T07:21:00Z,345-20260923-005,vehicle-865,55.7844763,37.4707081,0,15,4908660301
2026-09-23T07:22:00Z,345-20260923-005,vehicle-865,55.7838139,37.4748624,0,15,4908660307
2026-09-23T07:23:00Z,345-20260923-005,vehicle-865,55.7838139,37.4748624,0,15,4908660307
2026-09-23T07:24:00Z,345-20260923-005,vehicle-865,55.7838139,37.4748624,0,15,4908660307
2026-09-23T07:25:00Z,345-20260923-005,vehicle-865,55.7838139,37.4748624,0,15,4908660307
2026-09-23T07:26:00Z,345-20260923-005,vehicle-865,55.7838139,37.4748624,0,15,4908660307
2026-09-23T07:27:00Z,345-20260923-005,vehicle-865,55.7838139,37.4748624,0,15,4908660307
2026-09-23T07:28:00Z,345-20260923-005,vehicle-865,55.7838139,37.4748624,0,15,4908660307
2026-09-23T07:29:00Z,345-20260923-005,vehicle-865,55.7838139,37.4748624,0,15,4908660307
2026-09-23T07:30:00Z,345-20260923-005,vehicle-865,55.7838139,37.4748624,0,15,4908660307
2026-09-23T07:00:00Z,345-20260923-006,vehicle-866,55.7774889,37.5158656,0,15,1390556624
2026-09-23T07:01:00Z,345-20260923-006,vehicle-866,55.7779585,37.5117627,0,15,1390556634
2026-09-23T07:02:00Z,345-20260923-006,vehicle-866,55.7768412,37.5056654,0,15,1468518753
2026-09-23T07:03:00Z,345-20260923-006,vehicle-866,55.7761849,37.5019049,28.8,15,1953905311
2026-09-23T07:04:00Z,345-20260923-006,vehicle-866,55.7760581,37.4980519,28.8,15,1390556611
2026-09-23T07:05:00Z,345-20260923-006,vehicle-866,55.7759064,37.4936852,0,15,1390556611
2026-09-23T07:06:00Z,345-20260923-006,vehicle-866,55.775634,37.4866145,28.8,15,1390556630
2026-09-23T07:07:00Z,345-20260923-006,vehicle-866,55.7754966,37.4827248,0,15,4730949125
2026-09-23T07:08:00Z,345-20260923-006,vehicle-866,55.7754543,37.4788811,28.8,15,1390556636
2026-09-23T07:09:00Z,345-20260923-006,vehicle-866,55.7757694,37.4750873,28.8,15,1390556596
2026-09-23T07:10:00Z,345-20260923-006,vehicle-866,55.7769381,37.4677291,28.8,15,1390556596
2026-09-23T07:11:00Z,345-20260923-006,vehicle-866,55.7775035,37.4640614,28.8,15,1390556629
2026-09-23T07:12:00Z,345-20260923-006,vehicle-866,55.7782394,37.4595628,0,15,1390556629
2026-09-23T07:13:00Z,345-20260923-006,vehicle-866,55.7799319,37.4548967,28.8,15,9455183925
2026-09-23T07:14:00Z,345-20260923-006,vehicle-866,55.7820152,37.4558683,28.8,15,4730767845
2026-09-23T07:15:00Z,345-20260923-006,vehicle-866,55.7838461,37.4575726,0,15,4730767845
2026-09-23T07:16:00Z,345-20260923-006,vehicle-866,55.7854738,37.4643859,28.8,15,4908660303
2026-09-23T07:17:00Z,345-20260923-006,vehicle-866,55.7848895,37.4680928,28.8,15,4908660301
2026-09-23T07:18:00Z,345-20260923-006,vehicle-866,55.7843022,37.4718084,28.8,15,4908660307
2026-09-23T07:19:00Z,345-20260923-006,vehicle-866,55.7838139,37.4748624,0,15,4908660307
2026-09-23T07:20:00Z,345-20260923-006,vehicle-866,55.7838139,37.4748624,0,15,4908660307
2026-09-23T07:21:00Z,345-20260923-006,vehicle-866,55.7838139,37.4748624,0,15,4908660307
2026-09-23T07:22:00Z,345-20260923-006,vehicle-866,55.7838139,37.4748624,0,15,4908660307
2026-09-23T07:23:00Z,345-20260923-006,vehicle-866,55.7838139,37.4748624,0,15,4908660307
2026-09-23T07:24:00Z,345-20260923-006,vehicle-866,55.7838139,37.4748624,0,15,4908660307
2026-09-23T07:25:00Z,345-20260923-006,vehicle-866,55.7838139,37.4748624,0,15,4908660307
2026-09-23T07:26:00Z,345-20260923-006,vehicle-866,55.7838139,37.4748624,0,15,4908660307
2026-09-23T07:27:00Z,345-20260923-006,vehicle-866,55.7838139,37.4748624,0,15,4908660307
2026-09-23T07:28:00Z,345-20260923-006,vehicle-866,55.7838139,37.4748624,0,15,4908660307
2026-09-23T07:29:00Z,345-20260923-006,vehicle-866,55.7838139,37.4748624,0,15,4908660307
2026-09-23T07:30:00Z,345-20260923-006,vehicle-866,55.7838139,37.4748624,0,15,4908660307
2026-09-23T07:00:00Z,345-20260923-007,vehicle-867,55.7760319,37.4974102,28.8,-20,1390556611
2026-09-23T07:01:00Z,345-20260923-007,vehicle-867,55.7759019,37.4935589,28.8,-20,1390556630
2026-09-23T07:02:00Z,345-20260923-007,vehicle-867,55.7756204,37.4862356,0,-20,1390556630
2026-09-23T07:03:00Z,345-20260923-007,vehicle-867,55.7754966,37.4827248,0,-20,4730949125
2026-09-23T07:04:00Z,345-20260923-007,vehicle-867,55.7754682,37.4782406,28.8,-20,1390556636
2026-09-23T07:05:00Z,345-20260923-007,vehicle-867,55.7758568,37.4744693,28.8,-20,1390556596
2026-09-23T07:06:00Z,345-20260923-007,vehicle-867,55.7770334,37.4671149,0,-20,1390556596
2026-09-23T07:07:00Z,345-20260923-007,vehicle-867,55.7775969,37.4634504,28.8,-20,1390556629
2026-09-23T07:08:00Z,345-20260923-007,vehicle-867,55.7782394,37.4595628,0,-20,1390556629
2026-09-23T07:09:00Z,345-20260923-007,vehicle-867,55.7802133,37.4550323,0,-20,9455183925
2026-09-23T07:10:00Z,345-20260923-007,vehicle-867,55.7823618,37.4560291,28.8,-20,4730767845
2026-09-23T07:11:00Z,345-20260923-007,vehicle-867,55.7840187,37.4581315,28.8,-20,4908660303
2026-09-23T07:12:00Z,345-20260923-007,vehicle-867,55.7853771,37.4649999,28.8,-20,4908660303
2026-09-23T07:13:00Z,345-20260923-007,vehicle-867,55.7847911,37.4687155,28.8,-20,4908660301
2026-09-23T07:14:00Z,345-20260923-007,vehicle-867,55.7842019,37.4724178,28.8,-20,4908660307
2026-09-23T07:15:00Z,345-20260923-007,vehicle-867,55.7838139,37.4748624,0,-20,4908660307
2026-09-23T07:16:00Z,345-20260923-007,vehicle-867,55.7838139,37.4748624,0,-20,4908660307
2026-09-23T07:17:00Z,345-20260923-007,vehicle-867,55.7838139,37.4748624,0,-20,4908660307
2026-09-23T07:18:00Z,345-20260923-007,vehicle-867,55.7838139,37.4748624,0,-20,4908660307
2026-09-23T07:19:00Z,345-20260923-007,vehicle-867,55.7838139,37.4748624,0,-20,4908660307
2026-09-23T07:20:00Z,345-20260923-007,vehicle-867,55.7838139,37.4748624,0,-20,4908660307
2026-09-23T07:21:00Z,345-20260923-007,vehicle-867,55.7838139,37.4748624,0,-20,4908660307
2026-09-23T07:22:00Z,345-20260923-007,vehicle-867,55.7838139,37.4748624,0,-20,4908660307
2026-09-23T07:23:00Z,345-20260923-007,vehicle-867,55.7838139,37.4748624,0,-20,4908660307
2026-09-23T07:24:00Z,345-20260923-007,vehicle-867,55.7838139,37.4748624,0,-20,4908660307
2026-09-23T07:25:00Z,345-20260923-007,vehicle-867,55.7838139,37.4748624,0,-20,4908660307
2026-09-23T07:26:00Z,345-20260923-007,vehicle-867,55.7838139,37.4748624,0,-20,4908660307
2026-09-23T07:27:00Z,345-20260923-007,vehicle-867,55.7838139,37.4748624,0,-20,4908660307
2026-09-23T07:28:00Z,345-20260923-007,vehicle-867,55.7838139,37.4748624,0,-20,4908660307
2026-09-23T07:29:00Z,345-20260923-007,vehicle-867,55.7838139,37.4748624,0,-20,4908660307
2026-09-23T07:30:00Z,345-20260923-007,vehicle-867,55.7838139,37.4748624,0,-20,4908660307
2026-09-23T07:00:00Z,т78-20260923-000,vehicle-870,55.9359775,37.5538875,0,15,10580010171
2026-09-23T07:01:00Z,т78-20260923-000,vehicle-870,55.9354702,37.5544727,28.8,15,10744147338
2026-09-23T07:02:00Z,т78-20260923-000,vehicle-870,55.9332326,37.5516533,0,15,10744147338
2026-09-23T07:03:00Z,т78-20260923-000,vehicle-870,55.9326647,37.5500531,0,15,10744147337
2026-09-23T07:04:00Z,т78-20260923-000,vehicle-870,55.9293906,37.5471242,28.8,15,4516569159
2026-09-23T07:05:00Z,т78-20260923-000,vehicle-870,55.925981,37.5464352,0,15,4516569159
2026-09-23T07:06:00Z,т78-20260923-000,vehicle-870,55.9230336,37.5451366,28.8,15,4516569157
2026-09-23T07:07:00Z,т78-20260923-000,vehicle-870,55.9208147,37.5435891,0,15,4516569157
2026-09-23T07:08:00Z,т78-20260923-000,vehicle-870,55.9167575,37.5435226,28.8,15,4515094024
2026-09-23T07:09:00Z,т78-20260923-000,vehicle-870,55.9146307,37.5440188,28.8,15,1229190135
2026-09-23T07:10:00Z,т78-20260923-000,vehicle-870,55.9124738,37.5441489,28.8,15,4515095893
2026-09-23T07:11:00Z,т78-20260923-000,vehicle-870,55.908177,37.5434576,28.8,15,4515095893
2026-09-23T07:12:00Z,т78-20260923-000,vehicle-870,55.9040012,37.542873,0,15,4515095893
2026-09-23T07:13:00Z,т78-20260923-000,vehicle-870,55.9017203,37.5430499,28.8,15,313214491
2026-09-23T07:14:00Z,т78-20260923-000,vehicle-870,55.8974437,37.5432926,0,15,313214491
2026-09-23T07:15:00Z,т78-20260923-000,vehicle-870,55.8952876,37.5431193,28.8,15,10726772393
2026-09-23T07:16:00Z,т78-20260923-000,vehicle-870,55.8931353,37.5428568,28.8,15,4515095891
2026-09-23T07:17:00Z,т78-20260923-000,vehicle-870,55.8909794,37.5427235,0,15,4515095891
2026-09-23T07:18:00Z,т78-20260923-000,vehicle-870,55.8886682,37.5427154,0,15,4515095889
2026-09-23T07:19:00Z,т78-20260923-000,vehicle-870,55.8854759,37.5427649,0,15,4515095086
2026-09-23T07:20:00Z,т78-20260923-000,vehicle-870,55.8823393,37.5435805,28.8,15,1357880066
2026-09-23T07:21:00Z,т78-20260923-000,vehicle-870,55.8802968,37.5447488,28.8,15,322734307
2026-09-23T07:22:00Z,т78-20260923-000,vehicle-870,55.8776586,37.5461897,0,15,322734307
2026-09-23T07:23:00Z,т78-20260923-000,vehicle-870,55.8745761,37.54722,0,15,312840641
2026-09-23T07:24:00Z,т78-20260923-000,vehicle-870,55.871876,37.5477179,28.8,15,312840652
2026-09-23T07:25:00Z,т78-20260923-000,vehicle-870,55.8692051,37.5468938,0,15,312840652
2026-09-23T07:26:00Z,т78-20260923-000,vehicle-870,55.8672023,37.5463415,0,15,5512168818
2026-09-23T07:27:00Z,т78-20260923-000,vehicle-870,55.8635535,37.5483651,28.8,15,1464781062
2026-09-23T07:28:00Z,т78-20260923-000,vehicle-870,55.8620313,37.5511208,28.8,15,4515095077
2026-09-23T07:29:00Z,т78-20260923-000,vehicle-870,55.8605441,37.5539318,28.8,15,4515094037
2026-09-23T07:30:00Z,т78-20260923-000,vehicle-870,55.8582184,37.5584223,0,15,4515094037
2026-09-23T07:00:00Z,т78-20260923-001,vehicle-871,55.9311448,37.548699,28.8,15,4516569159
2026-09-23T07:01:00Z,т78-20260923-001,vehicle-871,55.927249,37.5468368,28.8,15,4516569159
2026-09-23T07:02:00Z,т78-20260923-001,vehicle-871,55.925126,37.5461426,28.8,15,4516569157
2026-09-23T07:03:00Z,т78-20260923-001,vehicle-871,55.9210289,37.5436582,28.8,15,4516569157
2026-09-23T07:04:00Z,т78-20260923-001,vehicle-871,55.9188948,37.5433642,28.8,15,4515094024
2026-09-23T07:05:00Z,т78-20260923-001,vehicle-871,55.9152041,37.543929,0,15,4515094024
2026-09-23T07:06:00Z,т78-20260923-001,vehicle-871,55.9125461,37.544151,0,15,1229190135
2026-09-23T07:07:00Z,т78-20260923-001,vehicle-871,55.9103362,37.5435477,28.8,15,4515095893
2026-09-23T07:08:00Z,т78-20260923-001,vehicle-871,55.9060208,37.5430542,28.8,15,4515095893
2026-09-23T07:09:00Z,т78-20260923-001,vehicle-871,55.9038585,37.542876,28.8,15,313214491
2026-09-23T07:10:00Z,т78-20260923-001,vehicle-871,55.8995832,37.5432723,28.8,15,313214491
2026-09-23T07:11:00Z,т78-20260923-001,vehicle-871,55.8974437,37.5432926,0,15,313214491
2026-09-23T07:12:00Z,т78-20260923-001,vehicle-871,55.8944251,37.5430513,0,15,10726772393
2026-09-23T07:13:00Z,т78-20260923-001,vehicle-871,55.8909794,37.5427235,0,15,4515095891
2026-09-23T07:14:00Z,т78-20260923-001,vehicle-871,55.8888126,37.5427135,28.8,15,4515095889
2026-09-23T07:15:00Z,т78-20260923-001,vehicle-871,55.8866366,37.5427405,28.8,15,4515095086
2026-09-23T07:16:00Z,т78-20260923-001,vehicle-871,55.8844662,37.54286,28.8,15,1357880066
2026-09-23T07:17:00Z,т78-20260923-001,vehicle-871,55.8813053,37.5441574,0,15,1357880066
2026-09-23T07:18:00Z,т78-20260923-001,vehicle-871,55.8782761,37.5459115,28.8,15,322734307
2026-09-23T07:19:00Z,т78-20260923-001,vehicle-871,55.8761617,37.5467675,28.8,15,312840641
2026-09-23T07:20:00Z,т78-20260923-001,vehicle-871,55.8740099,37.5473616,28.8,15,312840652
2026-09-23T07:21:00Z,т78-20260923-001,vehicle-871,55.8697606,37.5471344,28.8,15,312840652
2026-09-23T07:22:00Z,т78-20260923-001,vehicle-871,55.8676422,37.5462827,28.8,15,5512168818
2026-09-23T07:23:00Z,т78-20260923-001,vehicle-871,55.8655451,37.5470476,28.8,15,1464781062
2026-09-23T07:24:00Z,т78-20260923-001,vehicle-871,55.8633966,37.5486236,0,15,1464781062
2026-09-23T07:25:00Z,т78-20260923-001,vehicle-871,55.8608382,37.5533762,0,15,4515095077
2026-09-23T07:26:00Z,т78-20260923-001,vehicle-871,55.8590854,37.5567299,28.8,15,4515094037
2026-09-23T07:27:00Z,т78-20260923-001,vehicle-871,55.8576275,37.5595321,28.8,15,3726709735
2026-09-23T07:28:00Z,т78-20260923-001,vehicle-871,55.8555436,37.5617097,0,15,3726709735
2026-09-23T07:29:00Z,т78-20260923-001,vehicle-871,55.8534502,37.5634543,0,15,3846524704
2026-09-23T07:30:00Z,т78-20260923-001,vehicle-871,55.8505721,37.565915,0,15,4515094035
2026-09-23T07:00:00Z,т78-20260923-002,vehicle-872,55.9208147,37.5435891,0,15,4516569157
2026-09-23T07:01:00Z,т78-20260923-002,vehicle-872,55.9167575,37.5435226,28.8,15,4515094024
2026-09-23T07:02:00Z,т78-20260923-002,vehicle-872,55.9146307,37.5440188,28.8,15,1229190135
2026-09-23T07:03:00Z,т78-20260923-002,vehicle-872,55.9124738,37.5441489,28.8,15,4515095893
2026-09-23T07:04:00Z,т78-20260923-002,vehicle-872,55.908177,37.5434576,28.8,15,4515095893
2026-09-23T07:05:00Z,т78-20260923-002,vehicle-872,55.9040012,37.542873,0,15,4515095893
2026-09-23T07:06:00Z,т78-20260923-002,vehicle-872,55.9017203,37.5430499,28.8,15,313214491
2026-09-23T07:07:00Z,т78-20260923-002,vehicle-872,55.8974437,37.5432926,0,15,313214491
2026-09-23T07:08:00Z,т78-20260923-002,vehicle-872,55.8952876,37.5431193,28.8,15,10726772393
2026-09-23T07:09:00Z,т78-20260923-002,vehicle-872,55.8931353,37.5428568,28.8,15,4515095891
2026-09-23T07:10:00Z,т78-20260923-002,vehicle-872,55.8909794,37.5427235,0,15,4515095891
2026-09-23T07:11:00Z,т78-20260923-002,vehicle-872,55.8886682,37.5427154,0,15,4515095889
2026-09-23T07:12:00Z,т78-20260923-002,vehicle-872,55.8854759,37.5427649,0,15,4515095086
2026-09-23T07:13:00Z,т78-20260923-002,vehicle-872,55.8823393,37.5435805,28.8,15,1357880066
2026-09-23T07:14:00Z,т78-20260923-002,vehicle-872,55.8802968,37.5447488,28.8,15,322734307
2026-09-23T07:15:00Z,т78-20260923-002,vehicle-872,55.8776586,37.5461897,0,15,322734307
2026-09-23T07:16:00Z,т78-20260923-002,vehicle-872,55.8745761,37.54722,0,15,312840641
2026-09-23T07:17:00Z,т78-20260923-002,vehicle-872,55.871876,37.5477179,28.8,15,312840652
2026-09-23T07:18:00Z,т78-20260923-002,vehicle-872,55.8692051,37.5468938,0,15,312840652
2026-09-23T07:19:00Z,т78-20260923-002,vehicle-872,55.8672023,37.5463415,0,15,5512168818
2026-09-23T07:20:00Z,т78-20260923-002,vehicle-872,55.8635535,37.5483651,28.8,15,1464781062
2026-09-23T07:21:00Z,т78-20260923-002,vehicle-872,55.8620313,37.5511208,28.8,15,4515095077
2026-09-23T07:22:00Z,т78-20260923-002,vehicle-872,55.8605441,37.5539318,28.8,15,4515094037
2026-09-23T07:23:00Z,т78-20260923-002,vehicle-872,55.8582184,37.5584223,0,15,4515094037
2026-09-23T07:24:00Z,т78-20260923-002,vehicle-872,55.8558047,37.5615005,28.8,15,3726709735
2026-09-23T07:25:00Z,т78-20260923-002,vehicle-872,55.8538426,37.5631266,28.8,15,3846524704
2026-09-23T07:26:00Z,т78-20260923-002,vehicle-872,55.8518858,37.5648169,28.8,15,4515094035
2026-09-23T07:27:00Z,т78-20260923-002,vehicle-872,55.8499225,37.5664432,28.8,15,4518891496
2026-09-23T07:28:00Z,т78-20260923-002,vehicle-872,55.8471445,37.5675695,0,15,4518891496
2026-09-23T07:29:00Z,т78-20260923-002,vehicle-872,55.8451076,37.5683733,0,15,4518891494
2026-09-23T07:30:00Z,т78-20260923-002,vehicle-872,55.841524,37.5699881,28.8,15,4501093744
2026-09-23T07:00:00Z,т78-20260923-003,vehicle-873,55.9103362,37.5435477,28.8,15,4515095893
2026-09-23T07:01:00Z,т78-20260923-003,vehicle-873,55.9060208,37.5430542,28.8,15,4515095893
2026-09-23T07:02:00Z,т78-20260923-003,vehicle-873,55.9038585,37.542876,28.8,15,313214491
2026-09-23T07:03:00Z,т78-20260923-003,vehicle-873,55.8995832,37.5432723,28.8,15,313214491
2026-09-23T07:04:00Z,т78-20260923-003,vehicle-873,55.8974437,37.5432926,0,15,313214491
2026-09-23T07:05:00Z,т78-20260923-003,vehicle-873,55.8944251,37.5430513,0,15,10726772393
2026-09-23T07:06:00Z,т78-20260923-003,vehicle-873,55.8909794,37.5427235,0,15,4515095891
2026-09-23T07:07:00Z,т78-20260923-003,vehicle-873,55.8888126,37.5427135,28.8,15,4515095889
2026-09-23T07:08:00Z,т78-20260923-003,vehicle-873,55.8866366,37.5427405,28.8,15,4515095086
2026-09-23T07:09:00Z,т78-20260923-003,vehicle-873,55.8844662,37.54286,28.8,15,1357880066
2026-09-23T07:10:00Z,т78-20260923-003,vehicle-873,55.8813053,37.5441574,0,15,1357880066
2026-09-23T07:11:00Z,т78-20260923-003,vehicle-873,55.8782761,37.5459115,28.8,15,322734307
2026-09-23T07:12:00Z,т78-20260923-003,vehicle-873,55.8761617,37.5467675,28.8,15,312840641
2026-09-23T07:13:00Z,т78-20260923-003,vehicle-873,55.8740099,37.5473616,28.8,15,312840652
2026-09-23T07:14:00Z,т78-20260923-003,vehicle-873,55.8697606,37.5471344,28.8,15,312840652
2026-09-23T07:15:00Z,т78-20260923-003,vehicle-873,55.8676422,37.5462827,28.8,15,5512168818
2026-09-23T07:16:00Z,т78-20260923-003,vehicle-873,55.8655451,37.5470476,28.8,15,1464781062
2026-09-23T07:17:00Z,т78-20260923-003,vehicle-873,55.8633966,37.5486236,0,15,1464781062
2026-09-23T07:18:00Z,т78-20260923-003,vehicle-873,55.8608382,37.5533762,0,15,4515095077
2026-09-23T07:19:00Z,т78-20260923-003,vehicle-873,55.8590854,37.5567299,28.8,15,4515094037
2026-09-23T07:20:00Z,т78-20260923-003,vehicle-873,55.8576275,37.5595321,28.8,15,3726709735
2026-09-23T07:21:00Z,т78-20260923-003,vehicle-873,55.8555436,37.5617097,0,15,3726709735
2026-09-23T07:22:00Z,т78-20260923-003,vehicle-873,55.8534502,37.5634543,0,15,3846524704
2026-09-23T07:23:00Z,т78-20260923-003,vehicle-873,55.8505721,37.565915,0,15,4515094035
2026-09-23T07:24:00Z,т78-20260923-003,vehicle-873,55.84784,37.5672822,28.8,15,4518891496
2026-09-23T07:25:00Z,т78-20260923-003,vehicle-873,55.8457396,37.5681228,28.8,15,4518891494
2026-09-23T07:26:00Z,т78-20260923-003,vehicle-873,55.8436217,37.5689758,28.8,15,4501093744
2026-09-23T07:27:00Z,т78-20260923-003,vehicle-873,55.8410256,37.5701631,0,15,4501093744
2026-09-23T07:28:00Z,т78-20260923-003,vehicle-873,55.8373135,37.5715587,28.8,15,313023111
2026-09-23T07:29:00Z,т78-20260923-003,vehicle-873,55.8340065,37.5726428,0,15,313023111
2026-09-23T07:30:00Z,т78-20260923-003,vehicle-873,55.8308879,37.5727217,28.8,15,9221235996
2026-09-23T07:00:00Z,т78-20260923-004,vehicle-874,55.8974437,37.5432926,0,15,313214491
2026-09-23T07:01:00Z,т78-20260923-004,vehicle-874,55.8952876,37.5431193,28.8,15,10726772393
2026-09-23T07:02:00Z,т78-20260923-004,vehicle-874,55.8931353,37.5428568,28.8,15,4515095891
2026-09-23T07:03:00Z,т78-20260923-004,vehicle-874,55.8909794,37.5427235,0,15,4515095891
2026-09-23T07:04:00Z,т78-20260923-004,vehicle-874,55.8886682,37.5427154,0,15,4515095889
2026-09-23T07:05:00Z,т78-20260923-004,vehicle-874,55.8854759,37.5427649,0,15,4515095086
2026-09-23T07:06:00Z,т78-20260923-004,vehicle-874,55.8823393,37.5435805,28.8,15,1357880066
2026-09-23T07:07:00Z,т78-20260923-004,vehicle-874,55.8802968,37.5447488,28.8,15,322734307
2026-09-23T07:08:00Z,т78-20260923-004,vehicle-874,55.8776586,37.5461897,0,15,322734307
2026-09-23T07:09:00Z,т78-20260923-004,vehicle-874,55.8745761,37.54722,0,15,312840641
2026-09-23T07:10:00Z,т78-20260923-004,vehicle-874,55.871876,37.5477179,28.8,15,312840652
2026-09-23T07:11:00Z,т78-20260923-004,vehicle-874,55.8692051,37.5468938,0,15,312840652
2026-09-23T07:12:00Z,т78-20260923-004,vehicle-874,55.8672023,37.5463415,0,15,5512168818
2026-09-23T07:13:00Z,т78-20260923-004,vehicle-874,55.8635535,37.5483651,28.8,15,1464781062
2026-09-23T07:14:00Z,т78-20260923-004,vehicle-874,55.8620313,37.5511208,28.8,15,4515095077
2026-09-23T07:15:00Z,т78-20260923-004,vehicle-874,55.8605441,37.5539318,28.8,15,4515094037
2026-09-23T07:16:00Z,т78-20260923-004,vehicle-874,55.8582184,37.5584223,0,15,4515094037
2026-09-23T07:17:00Z,т78-20260923-004,vehicle-874,55.8558047,37.5615005,28.8,15,3726709735
2026-09-23T07:18:00Z,т78-20260923-004,vehicle-874,55.8538426,37.5631266,28.8,15,3846524704
2026-09-23T07:19:00Z,т78-20260923-004,vehicle-874,55.8518858,37.5648169,28.8,15,4515094035
2026-09-23T07:20:00Z,т78-20260923-004,vehicle-874,55.8499225,37.5664432,28.8,15,4518891496
2026-09-23T07:21:00Z,т78-20260923-004,vehicle-874,55.8471445,37.5675695,0,15,4518891496
2026-09-23T07:22:00Z,т78-20260923-004,vehicle-874,55.8451076,37.5683733,0,15,4518891494
2026-09-23T07:23:00Z,т78-20260923-004,vehicle-874,55.841524,37.5699881,28.8,15,4501093744
2026-09-23T07:24:00Z,т78-20260923-004,vehicle-874,55.8394111,37.5707384,28.8,15,313023111
2026-09-23T07:25:00Z,т78-20260923-004,vehicle-874,55.8352095,37.572323,28.8,15,313023111
2026-09-23T07:26:00Z,т78-20260923-004,vehicle-874,55.8330641,37.572688,28.8,15,9221235996
2026-09-23T07:27:00Z,т78-20260923-004,vehicle-874,55.8287116,37.5727263,28.8,15,9221235996
2026-09-23T07:28:00Z,т78-20260923-004,vehicle-874,55.8265704,37.5727178,28.8,15,10742541382
2026-09-23T07:29:00Z,т78-20260923-004,vehicle-874,55.8244291,37.5727301,28.8,15,4192456470
2026-09-23T07:30:00Z,т78-20260923-004,vehicle-874,55.8216329,37.5731902,0,15,4192456470
2026-09-23T07:00:00Z,т78-20260923-005,vehicle-875,55.8888126,37.5427135,28.8,15,4515095889
2026-09-23T07:01:00Z,т78-20260923-005,vehicle-875,55.8866366,37.5427405,28.8,15,4515095086
2026-09-23T07:02:00Z,т78-20260923-005,vehicle-875,55.8844662,37.54286,28.8,15,1357880066
2026-09-23T07:03:00Z,т78-20260923-005,vehicle-875,55.8813053,37.5441574,0,15,1357880066
2026-09-23T07:04:00Z,т78-20260923-005,vehicle-875,55.8782761,37.5459115,28.8,15,322734307
2026-09-23T07:05:00Z,т78-20260923-005,vehicle-875,55.8761617,37.5467675,28.8,15,312840641
2026-09-23T07:06:00Z,т78-20260923-005,vehicle-875,55.8740099,37.5473616,28.8,15,312840652
2026-09-23T07:07:00Z,т78-20260923-005,vehicle-875,55.8697606,37.5471344,28.8,15,312840652
2026-09-23T07:08:00Z,т78-20260923-005,vehicle-875,55.8676422,37.5462827,28.8,15,5512168818
2026-09-23T07:09:00Z,т78-20260923-005,vehicle-875,55.8655451,37.5470476,28.8,15,1464781062
2026-09-23T07:10:00Z,т78-20260923-005,vehicle-875,55.8633966,37.5486236,0,15,1464781062
2026-09-23T07:11:00Z,т78-20260923-005,vehicle-875,55.8608382,37.5533762,0,15,4515095077
2026-09-23T07:12:00Z,т78-20260923-005,vehicle-875,55.8590854,37.5567299,28.8,15,4515094037
2026-09-23T07:13:00Z,т78-20260923-005,vehicle-875,55.8576275,37.5595321,28.8,15,3726709735
2026-09-23T07:14:00Z,т78-20260923-005,vehicle-875,55.8555436,37.5617097,0,15,3726709735
2026-09-23T07:15:00Z,т78-20260923-005,vehicle-875,55.8534502,37.5634543,0,15,3846524704
2026-09-23T07:16:00Z,т78-20260923-005,vehicle-875,55.8505721,37.565915,0,15,4515094035
2026-09-23T07:17:00Z,т78-20260923-005,vehicle-875,55.84784,37.5672822,28.8,15,4518891496
2026-09-23T07:18:00Z,т78-20260923-005,vehicle-875,55.8457396,37.5681228,28.8,15,4518891494
2026-09-23T07:19:00Z,т78-20260923-005,vehicle-875,55.8436217,37.5689758,28.8,15,4501093744
2026-09-23T07:20:00Z,т78-20260923-005,vehicle-875,55.8410256,37.5701631,0,15,4501093744
2026-09-23T07:21:00Z,т78-20260923-005,vehicle-875,55.8373135,37.5715587,28.8,15,313023111
2026-09-23T07:22:00Z,т78-20260923-005,vehicle-875,55.8340065,37.5726428,0,15,313023111
2026-09-23T07:23:00Z,т78-20260923-005,vehicle-875,55.8308879,37.5727217,28.8,15,9221235996
2026-09-23T07:24:00Z,т78-20260923-005,vehicle-875,55.8285665,37.5727229,0,15,9221235996
2026-09-23T07:25:00Z,т78-20260923-005,vehicle-875,55.8246456,37.5727306,0,15,10742541382
2026-09-23T07:26:00Z,т78-20260923-005,vehicle-875,55.822272,37.5729844,28.8,15,4192456470
2026-09-23T07:27:00Z,т78-20260923-005,vehicle-875,55.8201623,37.5739255,28.8,15,4242625789
2026-09-23T07:28:00Z,т78-20260923-005,vehicle-875,55.8180873,37.5750765,28.8,15,10742541377
2026-09-23T07:29:00Z,т78-20260923-005,vehicle-875,55.8139936,37.5773298,28.8,15,10742541377
2026-09-23T07:30:00Z,т78-20260923-005,vehicle-875,55.8119455,37.578479,28.8,15,10742541373
2026-09-23T07:00:00Z,т78-20260923-006,vehicle-876,55.8802968,37.5447488,28.8,15,322734307
2026-09-23T07:01:00Z,т78-20260923-006,vehicle-876,55.8776586,37.5461897,0,15,322734307
2026-09-23T07:02:00Z,т78-20260923-006,vehicle-876,55.8745761,37.54722,0,15,312840641
2026-09-23T07:03:00Z,т78-20260923-006,vehicle-876,55.871876,37.5477179,28.8,15,312840652
2026-09-23T07:04:00Z,т78-20260923-006,vehicle-876,55.8692051,37.5468938,0,15,312840652
2026-09-23T07:05:00Z,т78-20260923-006,vehicle-876,55.8672023,37.5463415,0,15,5512168818
2026-09-23T07:06:00Z,т78-20260923-006,vehicle-876,55.8635535,37.5483651,28.8,15,1464781062
2026-09-23T07:07:00Z,т78-20260923-006,vehicle-876,55.8620313,37.5511208,28.8,15,4515095077
2026-09-23T07:08:00Z,т78-20260923-006,vehicle-876,55.8605441,37.5539318,28.8,15,4515094037
2026-09-23T07:09:00Z,т78-20260923-006,vehicle-876,55.8582184,37.5584223,0,15,4515094037
2026-09-23T07:10:00Z,т78-20260923-006,vehicle-876,55.8558047,37.5615005,28.8,15,3726709735
2026-09-23T07:11:00Z,т78-20260923-006,vehicle-876,55.8538426,37.5631266,28.8,15,3846524704
2026-09-23T07:12:00Z,т78-20260923-006,vehicle-876,55.8518858,37.5648169,28.8,15,4515094035
2026-09-23T07:13:00Z,т78-20260923-006,vehicle-876,55.8499225,37.5664432,28.8,15,4518891496
2026-09-23T07:14:00Z,т78-20260923-006,vehicle-876,55.8471445,37.5675695,0,15,4518891496
2026-09-23T07:15:00Z,т78-20260923-006,vehicle-876,55.8451076,37.5683733,0,15,4518891494
2026-09-23T07:16:00Z,т78-20260923-006,vehicle-876,55.841524,37.5699881,28.8,15,4501093744
2026-09-23T07:17:00Z,т78-20260923-006,vehicle-876,55.8394111,37.5707384,28.8,15,313023111
2026-09-23T07:18:00Z,т78-20260923-006,vehicle-876,55.8352095,37.572323,28.8,15,313023111
2026-09-23T07:19:00Z,т78-20260923-006,vehicle-876,55.8330641,37.572688,28.8,15,9221235996
2026-09-23T07:20:00Z,т78-20260923-006,vehicle-876,55.8287116,37.5727263,28.8,15,9221235996
2026-09-23T07:21:00Z,т78-20260923-006,vehicle-876,55.8265704,37.5727178,28.8,15,10742541382
2026-09-23T07:22:00Z,т78-20260923-006,vehicle-876,55.8244291,37.5727301,28.8,15,4192456470
2026-09-23T07:23:00Z,т78-20260923-006,vehicle-876,55.8216329,37.5731902,0,15,4192456470
2026-09-23T07:24:00Z,т78-20260923-006,vehicle-876,55.8185643,37.5748104,0,15,4242625789
2026-09-23T07:25:00Z,т78-20260923-006,vehicle-876,55.8160401,37.5762011,28.8,15,10742541377
2026-09-23T07:26:00Z,т78-20260923-006,vehicle-876,55.8127674,37.5780164,0,15,10742541377
2026-09-23T07:27:00Z,т78-20260923-006,vehicle-876,55.8098886,37.5796234,28.8,15,10742541373
2026-09-23T07:28:00Z,т78-20260923-006,vehicle-876,55.8069533,37.5813328,0,15,10742541373
2026-09-23T07:29:00Z,т78-20260923-006,vehicle-876,55.8036583,37.582714,28.8,15,10742541369
2026-09-23T07:30:00Z,т78-20260923-006,vehicle-876,55.8015158,37.5832582,28.8,15,10742541368
2026-09-23T07:00:00Z,т78-20260923-007,vehicle-877,55.8692051,37.5468938,0,-20,312840652
2026-09-23T07:01:00Z,т78-20260923-007,vehicle-877,55.8672023,37.5463415,0,-20,5512168818
2026-09-23T07:02:00Z,т78-20260923-007,vehicle-877,55.8633966,37.5486236,0,-20,1464781062
2026-09-23T07:03:00Z,т78-20260923-007,vehicle-877,55.8617827,37.5515907,28.8,-20,4515095077
2026-09-23T07:04:00Z,т78-20260923-007,vehicle-877,55.8602985,37.5543941,28.8,-20,4515094037
2026-09-23T07:05:00Z,т78-20260923-007,vehicle-877,55.8582184,37.5584223,0,-20,4515094037
2026-09-23T07:06:00Z,т78-20260923-007,vehicle-877,55.8555436,37.5617097,0,-20,3726709735
2026-09-23T07:07:00Z,т78-20260923-007,vehicle-877,55.8535156,37.5633996,28.8,-20,3846524704
2026-09-23T07:08:00Z,т78-20260923-007,vehicle-877,55.8515585,37.5650959,28.8,-20,4515094035
2026-09-23T07:09:00Z,т78-20260923-007,vehicle-877,55.8495913,37.5666798,28.8,-20,4518891496
2026-09-23T07:10:00Z,т78-20260923-007,vehicle-877,55.8471445,37.5675695,0,-20,4518891496
2026-09-23T07:11:00Z,т78-20260923-007,vehicle-877,55.8451076,37.5683733,0,-20,4518891494
2026-09-23T07:12:00Z,т78-20260923-007,vehicle-877,55.841168,37.5701133,28.8,-20,4501093744
2026-09-23T07:13:00Z,т78-20260923-007,vehicle-877,55.8390615,37.5708751,28.8,-20,313023111
2026-09-23T07:14:00Z,т78-20260923-007,vehicle-877,55.8348573,37.5724355,28.8,-20,313023111
2026-09-23T07:15:00Z,т78-20260923-007,vehicle-877,55.8327014,37.5726916,28.8,-20,9221235996
2026-09-23T07:16:00Z,т78-20260923-007,vehicle-877,55.8285665,37.5727229,0,-20,9221235996
2026-09-23T07:17:00Z,т78-20260923-007,vehicle-877,55.8262139,37.5727159,28.8,-20,10742541382
2026-09-23T07:18:00Z,т78-20260923-007,vehicle-877,55.8240683,37.5727311,28.8,-20,4192456470
2026-09-23T07:19:00Z,т78-20260923-007,vehicle-877,55.8216329,37.5731902,0,-20,4192456470
2026-09-23T07:20:00Z,т78-20260923-007,vehicle-877,55.8185643,37.5748104,0,-20,4242625789
2026-09-23T07:21:00Z,т78-20260923-007,vehicle-877,55.8156989,37.5763885,28.8,-20,10742541377
2026-09-23T07:22:00Z,т78-20260923-007,vehicle-877,55.8127674,37.5780164,0,-20,10742541377
2026-09-23T07:23:00Z,т78-20260923-007,vehicle-877,55.8095456,37.5798135,28.8,-20,10742541373
2026-09-23T07:24:00Z,т78-20260923-007,vehicle-877,55.8069533,37.5813328,0,-20,10742541373
2026-09-23T07:25:00Z,т78-20260923-007,vehicle-877,55.8033002,37.5828047,28.8,-20,10742541369
2026-09-23T07:26:00Z,т78-20260923-007,vehicle-877,55.8011613,37.583342,28.8,-20,10742541368
2026-09-23T07:27:00Z,т78-20260923-007,vehicle-877,55.7990228,37.5837282,28.8,-20,8825443227
2026-09-23T07:28:00Z,т78-20260923-007,vehicle-877,55.7948739,37.5841041,0,-20,8825443227
2026-09-23T07:29:00Z,т78-20260923-007,vehicle-877,55.7931464,37.586759,28.8,-20,10770758620
2026-09-23T07:30:00Z,т78-20260923-007,vehicle-877,55.7894188,37.5884309,28.8,-20,10770758620
2026-09-23T07:00:00Z,м3к-20260923-000,vehicle-880,55.7584996,37.6276384,0,15,6074586992
2026-09-23T07:01:00Z,м3к-20260923-000,vehicle-880,55.7576523,37.6288124,28.8,15,10707555482
2026-09-23T07:02:00Z,м3к-20260923-000,vehicle-880,55.7574306,37.6327841,0,15,10707555482
2026-09-23T07:03:00Z,м3к-20260923-000,vehicle-880,55.7582354,37.6388768,28.8,15,3048753690
2026-09-23T07:04:00Z,м3к-20260923-000,vehicle-880,55.758941,37.6425237,28.8,15,3048753692
2026-09-23T07:05:00Z,м3к-20260923-000,vehicle-880,55.7594958,37.6469191,0,15,3048753692
2026-09-23T07:06:00Z,м3к-20260923-000,vehicle-880,55.7618768,37.6517769,0,15,3048754297
2026-09-23T07:07:00Z,м3к-20260923-000,vehicle-880,55.7633072,37.6544261,0,15,3048754309
2026-09-23T07:08:00Z,м3к-20260923-000,vehicle-880,55.7643029,37.6570695,0,15,10703096947
2026-09-23T07:09:00Z,м3к-20260923-000,vehicle-880,55.7656209,37.6609579,0,15,10703241113
2026-09-23T07:10:00Z,м3к-20260923-000,vehicle-880,55.7669756,37.6644877,28.8,15,10703241114
2026-09-23T07:11:00Z,м3к-20260923-000,vehicle-880,55.7684289,37.6674235,28.8,15,10703241116
2026-09-23T07:12:00Z,м3к-20260923-000,vehicle-880,55.7698885,37.670269,28.8,15,10703241119
2026-09-23T07:13:00Z,м3к-20260923-000,vehicle-880,55.7713997,37.6729418,28.8,15,10700011413
2026-09-23T07:14:00Z,м3к-20260923-000,vehicle-880,55.7725923,37.6760427,28.8,15,3206635915
2026-09-23T07:15:00Z,м3к-20260923-000,vehicle-880,55.7734369,37.6795679,28.8,15,10707555488
2026-09-23T07:16:00Z,м3к-20260923-000,vehicle-880,55.7744169,37.6829771,28.8,15,10707555489
2026-09-23T07:17:00Z,м3к-20260923-000,vehicle-880,55.7759738,37.6863455,0,15,10707555489
2026-09-23T07:18:00Z,м3к-20260923-000,vehicle-880,55.7779003,37.6899711,0,15,10707555491
2026-09-23T07:19:00Z,м3к-20260923-000,vehicle-880,55.7795434,37.6924572,0,15,10707555481
2026-09-23T07:20:00Z,м3к-20260923-000,vehicle-880,55.7809905,37.6955576,0,15,10703096933
2026-09-23T07:21:00Z,м3к-20260923-000,vehicle-880,55.782652,37.6996373,28.8,15,10702681752
2026-09-23T07:22:00Z,м3к-20260923-000,vehicle-880,55.7826261,37.7034456,28.8,15,1775863799
2026-09-23T07:23:00Z,м3к-20260923-000,vehicle-880,55.7822341,37.7071899,28.8,15,1267959953
2026-09-23T07:24:00Z,м3к-20260923-000,vehicle-880,55.781137,37.7145883,28.8,15,1267959953
2026-09-23T07:25:00Z,м3к-20260923-000,vehicle-880,55.7801952,37.717983,28.8,15,759664119
2026-09-23T07:26:00Z,м3к-20260923-000,vehicle-880,55.7790141,37.7200684,0,15,759664119
2026-09-23T07:27:00Z,м3к-20260923-000,vehicle-880,55.7790141,37.7200684,0,15,759664119
2026-09-23T07:28:00Z,м3к-20260923-000,vehicle-880,55.7790141,37.7200684,0,15,759664119
2026-09-23T07:29:00Z,м3к-20260923-000,vehicle-880,55.7790141,37.7200684,0,15,759664119
2026-09-23T07:30:00Z,м3к-20260923-000,vehicle-880,55.7790141,37.7200684,0,15,759664119
2026-09-23T07:00:00Z,м3к-20260923-001,vehicle-881,55.7585679,37.640303,0,15,3048753690
2026-09-23T07:01:00Z,м3к-20260923-001,vehicle-881,55.7594046,37.646296,28.8,15,3048753692
2026-09-23T07:02:00Z,м3к-20260923-001,vehicle-881,55.7604036,37.6495793,28.8,15,3048754297
2026-09-23T07:03:00Z,м3к-20260923-001,vehicle-881,55.7620373,37.6520284,28.8,15,3048754309
2026-09-23T07:04:00Z,м3к-20260923-001,vehicle-881,55.7634925,37.6548174,28.8,15,10703096947
2026-09-23T07:05:00Z,м3к-20260923-001,vehicle-881,55.7646389,37.6580725,28.8,15,10703241113
2026-09-23T07:06:00Z,м3к-20260923-001,vehicle-881,55.7657712,37.661384,28.8,15,10703241114
2026-09-23T07:07:00Z,м3к-20260923-001,vehicle-881,55.7671105,37.6647787,0,15,10703241114
2026-09-23T07:08:00Z,м3к-20260923-001,vehicle-881,55.7686764,37.667908,0,15,10703241116
2026-09-23T07:09:00Z,м3к-20260923-001,vehicle-881,55.7699395,37.6703591,0,15,10703241119
2026-09-23T07:10:00Z,м3к-20260923-001,vehicle-881,55.7722881,37.6748841,0,15,10700011413
2026-09-23T07:11:00Z,м3к-20260923-001,vehicle-881,55.7733394,37.6792276,0,15,3206635915
2026-09-23T07:12:00Z,м3к-20260923-001,vehicle-881,55.7741815,37.6821793,0,15,10707555488
2026-09-23T07:13:00Z,м3к-20260923-001,vehicle-881,55.7757765,37.6859688,28.8,15,10707555489
2026-09-23T07:14:00Z,м3к-20260923-001,vehicle-881,55.7772486,37.6887796,28.8,15,10707555491
2026-09-23T07:15:00Z,м3к-20260923-001,vehicle-881,55.7788406,37.6913618,28.8,15,10707555481
2026-09-23T07:16:00Z,м3к-20260923-001,vehicle-881,55.7803372,37.6941568,28.8,15,10703096933
2026-09-23T07:17:00Z,м3к-20260923-001,vehicle-881,55.7819106,37.6966617,28.8,15,10702681752
2026-09-23T07:18:00Z,м3к-20260923-001,vehicle-881,55.78266,37.7001463,0,15,10702681752
2026-09-23T07:19:00Z,м3к-20260923-001,vehicle-881,55.782298,37.705659,0,15,1775863799
2026-09-23T07:20:00Z,м3к-20260923-001,vehicle-881,55.7818261,37.7109449,28.8,15,1267959953
2026-09-23T07:21:00Z,м3к-20260923-001,vehicle-881,55.7809065,37.7158023,0,15,1267959953
2026-09-23T07:22:00Z,м3к-20260923-001,vehicle-881,55.7790459,37.7204239,28.8,15,759664119
2026-09-23T07:23:00Z,м3к-20260923-001,vehicle-881,55.7790141,37.7200684,0,15,759664119
2026-09-23T07:24:00Z,м3к-20260923-001,vehicle-881,55.7790141,37.7200684,0,15,759664119
2026-09-23T07:25:00Z,м3к-20260923-001,vehicle-881,55.7790141,37.7200684,0,15,759664119
2026-09-23T07:26:00Z,м3к-20260923-001,vehicle-881,55.7790141,37.7200684,0,15,759664119
2026-09-23T07:27:00Z,м3к-20260923-001,vehicle-881,55.7790141,37.7200684,0,15,759664119
2026-09-23T07:28:00Z,м3к-20260923-001,vehicle-881,55.7790141,37.7200684,0,15,759664119
2026-09-23T07:29:00Z,м3к-20260923-001,vehicle-881,55.7790141,37.7200684,0,15,759664119
2026-09-23T07:30:00Z,м3к-20260923-001,vehicle-881,55.7790141,37.7200684,0,15,759664119
2026-09-23T07:00:00Z,м3к-20260923-002,vehicle-882,55.7633072,37.6544261,0,15,3048754309
2026-09-23T07:01:00Z,м3к-20260923-002,vehicle-882,55.7643029,37.6570695,0,15,10703096947
2026-09-23T07:02:00Z,м3к-20260923-002,vehicle-882,55.7656209,37.6609579,0,15,10703241113
2026-09-23T07:03:00Z,м3к-20260923-002,vehicle-882,55.7669756,37.6644877,28.8,15,10703241114
2026-09-23T07:04:00Z,м3к-20260923-002,vehicle-882,55.7684289,37.6674235,28.8,15,10703241116
2026-09-23T07:05:00Z,м3к-20260923-002,vehicle-882,55.7698885,37.670269,28.8,15,10703241119
2026-09-23T07:06:00Z,м3к-20260923-002,vehicle-882,55.7713997,37.6729418,28.8,15,10700011413
2026-09-23T07:07:00Z,м3к-20260923-002,vehicle-882,55.7725923,37.6760427,28.8,15,3206635915
2026-09-23T07:08:00Z,м3к-20260923-002,vehicle-882,55.7734369,37.6795679,28.8,15,10707555488
2026-09-23T07:09:00Z,м3к-20260923-002,vehicle-882,55.7744169,37.6829771,28.8,15,10707555489
2026-09-23T07:10:00Z,м3к-20260923-002,vehicle-882,55.7759738,37.6863455,0,15,10707555489
2026-09-23T07:11:00Z,м3к-20260923-002,vehicle-882,55.7779003,37.6899711,0,15,10707555491
2026-09-23T07:12:00Z,м3к-20260923-002,vehicle-882,55.7795434,37.6924572,0,15,10707555481
2026-09-23T07:13:00Z,м3к-20260923-002,vehicle-882,55.7809905,37.6955576,0,15,10703096933
2026-09-23T07:14:00Z,м3к-20260923-002,vehicle-882,55.782652,37.6996373,28.8,15,10702681752
2026-09-23T07:15:00Z,м3к-20260923-002,vehicle-882,55.7826261,37.7034456,28.8,15,1775863799
2026-09-23T07:16:00Z,м3к-20260923-002,vehicle-882,55.7822341,37.7071899,28.8,15,1267959953
2026-09-23T07:17:00Z,м3к-20260923-002,vehicle-882,55.781137,37.7145883,28.8,15,1267959953
2026-09-23T07:18:00Z,м3к-20260923-002,vehicle-882,55.7801952,37.717983,28.8,15,759664119
2026-09-23T07:19:00Z,м3к-20260923-002,vehicle-882,55.7790141,37.7200684,0,15,759664119
2026-09-23T07:20:00Z,м3к-20260923-002,vehicle-882,55.7790141,37.7200684,0,15,759664119
2026-09-23T07:21:00Z,м3к-20260923-002,vehicle-882,55.7790141,37.7200684,0,15,759664119
2026-09-23T07:22:00Z,м3к-20260923-002,vehicle-882,55.7790141,37.7200684,0,15,759664119
2026-09-23T07:23:00Z,м3к-20260923-002,vehicle-882,55.7790141,37.7200684,0,15,759664119
2026-09-23T07:24:00Z,м3к-20260923-002,vehicle-882,55.7790141,37.7200684,0,15,759664119
2026-09-23T07:25:00Z,м3к-20260923-002,vehicle-882,55.7790141,37.7200684,0,15,759664119
2026-09-23T07:26:00Z,м3к-20260923-002,vehicle-882,55.7790141,37.7200684,0,15,759664119
2026-09-23T07:27:00Z,м3к-20260923-002,vehicle-882,55.7790141,37.7200684,0,15,759664119
2026-09-23T07:28:00Z,м3к-20260923-002,vehicle-882,55.7790141,37.7200684,0,15,759664119
2026-09-23T07:29:00Z,м3к-20260923-002,vehicle-882,55.7790141,37.7200684,0,15,759664119
2026-09-23T07:30:00Z,м3к-20260923-002,vehicle-882,55.7790141,37.7200684,0,15,759664119
2026-09-23T07:00:00Z,м3к-20260923-003,vehicle-883,55.7671105,37.6647787,0,15,10703241114
2026-09-23T07:01:00Z,м3к-20260923-003,vehicle-883,55.7686764,37.667908,0,15,10703241116
2026-09-23T07:02:00Z,м3к-20260923-003,vehicle-883,55.7699395,37.6703591,0,15,10703241119
2026-09-23T07:03:00Z,м3к-20260923-003,vehicle-883,55.7722881,37.6748841,0,15,10700011413
2026-09-23T07:04:00Z,м3к-20260923-003,vehicle-883,55.7733394,37.6792276,0,15,3206635915
2026-09-23T07:05:00Z,м3к-20260923-003,vehicle-883,55.7741815,37.6821793,0,15,10707555488
2026-09-23T07:06:00Z,м3к-20260923-003,vehicle-883,55.7757765,37.6859688,28.8,15,10707555489
2026-09-23T07:07:00Z,м3к-20260923-003,vehicle-883,55.7772486,37.6887796,28.8,15,10707555491
2026-09-23T07:08:00Z,м3к-20260923-003,vehicle-883,55.7788406,37.6913618,28.8,15,10707555481
2026-09-23T07:09:00Z,м3к-20260923-003,vehicle-883,55.7803372,37.6941568,28.8,15,10703096933
2026-09-23T07:10:00Z,м3к-20260923-003,vehicle-883,55.7819106,37.6966617,28.8,15,10702681752
2026-09-23T07:11:00Z,м3к-20260923-003,vehicle-883,55.78266,37.7001463,0,15,10702681752
2026-09-23T07:12:00Z,м3к-20260923-003,vehicle-883,55.782298,37.705659,0,15,1775863799
2026-09-23T07:13:00Z,м3к-20260923-003,vehicle-883,55.7818261,37.7109449,28.8,15,1267959953
2026-09-23T07:14:00Z,м3к-20260923-003,vehicle-883,55.7809065,37.7158023,0,15,1267959953
2026-09-23T07:15:00Z,м3к-20260923-003,vehicle-883,55.7790459,37.7204239,28.8,15,759664119
2026-09-23T07:16:00Z,м3к-20260923-003,vehicle-883,55.7790141,37.7200684,0,15,759664119
2026-09-23T07:17:00Z,м3к-20260923-003,vehicle-883,55.7790141,37.7200684,0,15,759664119
2026-09-23T07:18:00Z,м3к-20260923-003,vehicle-883,55.7790141,37.7200684,0,15,759664119
2026-09-23T07:19:00Z,м3к-20260923-003,vehicle-883,55.7790141,37.7200684,0,15,759664119
2026-09-23T07:20:00Z,м3к-20260923-003,vehicle-883,55.7790141,37.7200684,0,15,759664119
2026-09-23T07:21:00Z,м3к-20260923-003,vehicle-883,55.7790141,37.7200684,0,15,759664119
2026-09-23T07:22:00Z,м3к-20260923-003,vehicle-883,55.7790141,37.7200684,0,15,759664119
2026-09-23T07:23:00Z,м3к-20260923-003,vehicle-883,55.7790141,37.7200684,0,15,759664119
2026-09-23T07:24:00Z,м3к-20260923-003,vehicle-883,55.7790141,37.7200684,0,15,759664119
2026-09-23T07:25:00Z,м3к-20260923-003,vehicle-883,55.7790141,37.7200684,0,15,759664119
2026-09-23T07:26:00Z,м3к-20260923-003,vehicle-883,55.7790141,37.7200684,0,15,759664119
2026-09-23T07:27:00Z,м3к-20260923-003,vehicle-883,55.7790141,37.7200684,0,15,759664119
2026-09-23T07:28:00Z,м3к-20260923-003,vehicle-883,55.7790141,37.7200684,0,15,759664119
2026-09-23T07:29:00Z,м3к-20260923-003,vehicle-883,55.7790141,37.7200684,0,15,759664119
2026-09-23T07:30:00Z,м3к-20260923-003,vehicle-883,55.7790141,37.7200684,0,15,759664119
2026-09-23T07:00:00Z,м3к-20260923-004,vehicle-884,55.7725923,37.6760427,28.8,15,3206635915
2026-09-23T07:01:00Z,м3к-20260923-004,vehicle-884,55.7734369,37.6795679,28.8,15,10707555488
2026-09-23T07:02:00Z,м3к-20260923-004,vehicle-884,55.7744169,37.6829771,28.8,15,10707555489
2026-09-23T07:03:00Z,м3к-20260923-004,vehicle-884,55.7759738,37.6863455,0,15,10707555489
2026-09-23T07:04:00Z,м3к-20260923-004,vehicle-884,55.7779003,37.6899711,0,15,10707555491
2026-09-23T07:05:00Z,м3к-20260923-004,vehicle-884,55.7795434,37.6924572,0,15,10707555481
2026-09-23T07:06:00Z,м3к-20260923-004,vehicle-884,55.7809905,37.6955576,0,15,10703096933
2026-09-23T07:07:00Z,м3к-20260923-004,vehicle-884,55.782652,37.6996373,28.8,15,10702681752
2026-09-23T07:08:00Z,м3к-20260923-004,vehicle-884,55.7826261,37.7034456,28.8,15,1775863799
2026-09-23T07:09:00Z,м3к-20260923-004,vehicle-884,55.7822341,37.7071899,28.8,15,1267959953
2026-09-23T07:10:00Z,м3к-20260923-004,vehicle-884,55.781137,37.7145883,28.8,15,1267959953
2026-09-23T07:11:00Z,м3к-20260923-004,vehicle-884,55.7801952,37.717983,28.8,15,759664119
2026-09-23T07:12:00Z,м3к-20260923-004,vehicle-884,55.7790141,37.7200684,0,15,759664119
2026-09-23T07:13:00Z,м3к-20260923-004,vehicle-884,55.7790141,37.7200684,0,15,759664119
2026-09-23T07:14:00Z,м3к-20260923-004,vehicle-884,55.7790141,37.7200684,0,15,759664119
2026-09-23T07:15:00Z,м3к-20260923-004,vehicle-884,55.7790141,37.7200684,0,15,759664119
2026-09-23T07:16:00Z,м3к-20260923-004,vehicle-884,55.7790141,37.7200684,0,15,759664119
2026-09-23T07:17:00Z,м3к-20260923-004,vehicle-884,55.7790141,37.7200684,0,15,759664119
2026-09-23T07:18:00Z,м3к-20260923-004,vehicle-884,55.7790141,37.7200684,0,15,759664119
2026-09-23T07:19:00Z,м3к-20260923-004,vehicle-884,55.7790141,37.7200684,0,15,759664119
2026-09-23T07:20:00Z,м3к-20260923-004,vehicle-884,55.7790141,37.7200684,0,15,759664119
2026-09-23T07:21:00Z,м3к-20260923-004,vehicle-884,55.7790141,37.7200684,0,15,759664119
2026-09-23T07:22:00Z,м3к-20260923-004,vehicle-884,55.7790141,37.7200684,0,15,759664119
2026-09-23T07:23:00Z,м3к-20260923-004,vehicle-884,55.7790141,37.7200684,0,15,759664119
2026-09-23T07:24:00Z,м3к-20260923-004,vehicle-884,55.7790141,37.7200684,0,15,759664119
2026-09-23T07:25:00Z,м3к-20260923-004,vehicle-884,55.7790141,37.7200684,0,15,759664119
2026-09-23T07:26:00Z,м3к-20260923-004,vehicle-884,55.7790141,37.7200684,0,15,759664119
2026-09-23T07:27:00Z,м3к-20260923-004,vehicle-884,55.7790141,37.7200684,0,15,759664119
2026-09-23T07:28:00Z,м3к-20260923-004,vehicle-884,55.7790141,37.7200684,0,15,759664119
2026-09-23T07:29:00Z,м3к-20260923-004,vehicle-884,55.7790141,37.7200684,0,15,759664119
2026-09-23T07:30:00Z,м3к-20260923-004,vehicle-884,55.7790141,37.7200684,0,15,759664119
2026-09-23T07:00:00Z,м3к-20260923-005,vehicle-885,55.7772486,37.6887796,28.8,15,10707555491
2026-09-23T07:01:00Z,м3к-20260923-005,vehicle-885,55.7788406,37.6913618,28.8,15,10707555481
2026-09-23T07:02:00Z,м3к-20260923-005,vehicle-885,55.7803372,37.6941568,28.8,15,10703096933
2026-09-23T07:03:00Z,м3к-20260923-005,vehicle-885,55.7819106,37.6966617,28.8,15,10702681752
2026-09-23T07:04:00Z,м3к-20260923-005,vehicle-885,55.78266,37.7001463,0,15,10702681752
2026-09-23T07:05:00Z,м3к-20260923-005,vehicle-885,55.782298,37.705659,0,15,1775863799
2026-09-23T07:06:00Z,м3к-20260923-005,vehicle-885,55.7818261,37.7109449,28.8,15,1267959953
2026-09-23T07:07:00Z,м3к-20260923-005,vehicle-885,55.7809065,37.7158023,0,15,1267959953
2026-09-23T07:08:00Z,м3к-20260923-005,vehicle-885,55.7790459,37.7204239,28.8,15,759664119
2026-09-23T07:09:00Z,м3к-20260923-005,vehicle-885,55.7790141,37.7200684,0,15,759664119
2026-09-23T07:10:00Z,м3к-20260923-005,vehicle-885,55.7790141,37.7200684,0,15,759664119
2026-09-23T07:11:00Z,м3к-20260923-005,vehicle-885,55.7790141,37.7200684,0,15,759664119
2026-09-23T07:12:00Z,м3к-20260923-005,vehicle-885,55.7790141,37.7200684,0,15,759664119
2026-09-23T07:13:00Z,м3к-20260923-005,vehicle-885,55.7790141,37.7200684,0,15,759664119
2026-09-23T07:14:00Z,м3к-20260923-005,vehicle-885,55.7790141,37.7200684,0,15,759664119
2026-09-23T07:15:00Z,м3к-20260923-005,vehicle-885,55.7790141,37.7200684,0,15,759664119
2026-09-23T07:16:00Z,м3к-20260923-005,vehicle-885,55.7790141,37.7200684,0,15,759664119
2026-09-23T07:17:00Z,м3к-20260923-005,vehicle-885,55.7790141,37.7200684,0,15,759664119
2026-09-23T07:18:00Z,м3к-20260923-005,vehicle-885,55.7790141,37.7200684,0,15,759664119
2026-09-23T07:19:00Z,м3к-20260923-005,vehicle-885,55.7790141,37.7200684,0,15,759664119
2026-09-23T07:20:00Z,м3к-20260923-005,vehicle-885,55.7790141,37.7200684,0,15,759664119
2026-09-23T07:21:00Z,м3к-20260923-005,vehicle-885,55.7790141,37.7200684,0,15,759664119
2026-09-23T07:22:00Z,м3к-20260923-005,vehicle-885,55.7790141,37.7200684,0,15,759664119
2026-09-23T07:23:00Z,м3к-20260923-005,vehicle-885,55.7790141,37.7200684,0,15,759664119
2026-09-23T07:24:00Z,м3к-20260923-005,vehicle-885,55.7790141,37.7200684,0,15,759664119
2026-09-23T07:25:00Z,м3к-20260923-005,vehicle-885,55.7790141,37.7200684,0,15,759664119
2026-09-23T07:26:00Z,м3к-20260923-005,vehicle-885,55.7790141,37.7200684,0,15,759664119
2026-09-23T07:27:00Z,м3к-20260923-005,vehicle-885,55.7790141,37.7200684,0,15,759664119
2026-09-23T07:28:00Z,м3к-20260923-005,vehicle-885,55.7790141,37.7200684,0,15,759664119
2026-09-23T07:29:00Z,м3к-20260923-005,vehicle-885,55.7790141,37.7200684,0,15,759664119
2026-09-23T07:30:00Z,м3к-20260923-005,vehicle-885,55.7790141,37.7200684,0,15,759664119
2026-09-23T07:00:00Z,м3к-20260923-006,vehicle-886,55.782652,37.6996373,28.8,15,10702681752
2026-09-23T07:01:00Z,м3к-20260923-006,vehicle-886,55.7826261,37.7034456,28.8,15,1775863799
2026-09-23T07:02:00Z,м3к-20260923-006,vehicle-886,55.7822341,37.7071899,28.8,15,1267959953
2026-09-23T07:03:00Z,м3к-20260923-006,vehicle-886,55.781137,37.7145883,28.8,15,1267959953
2026-09-23T07:04:00Z,м3к-20260923-006,vehicle-886,55.7801952,37.717983,28.8,15,759664119
2026-09-23T07:05:00Z,м3к-20260923-006,vehicle-886,55.7790141,37.7200684,0,15,759664119
2026-09-23T07:06:00Z,м3к-20260923-006,vehicle-886,55.7790141,37.7200684,0,15,759664119
2026-09-23T07:07:00Z,м3к-20260923-006,vehicle-886,55.7790141,37.7200684,0,15,759664119
2026-09-23T07:08:00Z,м3к-20260923-006,vehicle-886,55.7790141,37.7200684,0,15,759664119
2026-09-23T07:09:00Z,м3к-20260923-006,vehicle-886,55.7790141,37.7200684,0,15,759664119
2026-09-23T07:10:00Z,м3к-20260923-006,vehicle-886,55.7790141,37.7200684,0,15,759664119
2026-09-23T07:11:00Z,м3к-20260923-006,vehicle-886,55.7790141,37.7200684,0,15,759664119
2026-09-23T07:12:00Z,м3к-20260923-006,vehicle-886,55.7790141,37.7200684,0,15,759664119
2026-09-23T07:13:00Z,м3к-20260923-006,vehicle-886,55.7790141,37.7200684,0,15,759664119
2026-09-23T07:14:00Z,м3к-20260923-006,vehicle-886,55.7790141,37.7200684,0,15,759664119
2026-09-23T07:15:00Z,м3к-20260923-006,vehicle-886,55.7790141,37.7200684,0,15,759664119
2026-09-23T07:16:00Z,м3к-20260923-006,vehicle-886,55.7790141,37.7200684,0,15,759664119
2026-09-23T07:17:00Z,м3к-20260923-006,vehicle-886,55.7790141,37.7200684,0,15,759664119
2026-09-23T07:18:00Z,м3к-20260923-006,vehicle-886,55.7790141,37.7200684,0,15,759664119
2026-09-23T07:19:00Z,м3к-20260923-006,vehicle-886,55.7790141,37.7200684,0,15,759664119
2026-09-23T07:20:00Z,м3к-20260923-006,vehicle-886,55.7790141,37.7200684,0,15,759664119
2026-09-23T07:21:00Z,м3к-20260923-006,vehicle-886,55.7790141,37.7200684,0,15,759664119
2026-09-23T07:22:00Z,м3к-20260923-006,vehicle-886,55.7790141,37.7200684,0,15,759664119
2026-09-23T07:23:00Z,м3к-20260923-006,vehicle-886,55.7790141,37.7200684,0,15,759664119
2026-09-23T07:24:00Z,м3к-20260923-006,vehicle-886,55.7790141,37.7200684,0,15,759664119
2026-09-23T07:25:00Z,м3к-20260923-006,vehicle-886,55.7790141,37.7200684,0,15,759664119
2026-09-23T07:26:00Z,м3к-20260923-006,vehicle-886,55.7790141,37.7200684,0,15,759664119
2026-09-23T07:27:00Z,м3к-20260923-006,vehicle-886,55.7790141,37.7200684,0,15,759664119
2026-09-23T07:28:00Z,м3к-20260923-006,vehicle-886,55.7790141,37.7200684,0,15,759664119
2026-09-23T07:29:00Z,м3к-20260923-006,vehicle-886,55.7790141,37.7200684,0,15,759664119
2026-09-23T07:30:00Z,м3к-20260923-006,vehicle-886,55.7790141,37.7200684,0,15,759664119
2026-09-23T07:00:00Z,м3к-20260923-007,vehicle-887,55.7799959,37.7185054,28.8,-20,759664119
2026-09-23T07:01:00Z,м3к-20260923-007,vehicle-887,55.7790141,37.7200684,0,-20,759664119
2026-09-23T07:02:00Z,м3к-20260923-007,vehicle-887,55.7790141,37.7200684,0,-20,759664119
2026-09-23T07:03:00Z,м3к-20260923-007,vehicle-887,55.7790141,37.7200684,0,-20,759664119
2026-09-23T07:04:00Z,м3к-20260923-007,vehicle-887,55.7790141,37.7200684,0,-20,759664119
2026-09-23T07:05:00Z,м3к-20260923-007,vehicle-887,55.7790141,37.7200684,0,-20,759664119
2026-09-23T07:06:00Z,м3к-20260923-007,vehicle-887,55.7790141,37.7200684,0,-20,759664119
2026-09-23T07:07:00Z,м3к-20260923-007,vehicle-887,55.7790141,37.7200684,0,-20,759664119
2026-09-23T07:08:00Z,м3к-20260923-007,vehicle-887,55.7790141,37.7200684,0,-20,759664119
2026-09-23T07:09:00Z,м3к-20260923-007,vehicle-887,55.7790141,37.7200684,0,-20,759664119
2026-09-23T07:10:00Z,м3к-20260923-007,vehicle-887,55.7790141,37.7200684,0,-20,759664119
2026-09-23T07:11:00Z,м3к-20260923-007,vehicle-887,55.7790141,37.7200684,0,-20,759664119
2026-09-23T07:12:00Z,м3к-20260923-007,vehicle-887,55.7790141,37.7200684,0,-20,759664119
2026-09-23T07:13:00Z,м3к-20260923-007,vehicle-887,55.7790141,37.7200684,0,-20,759664119
2026-09-23T07:14:00Z,м3к-20260923-007,vehicle-887,55.7790141,37.7200684,0,-20,759664119
2026-09-23T07:15:00Z,м3к-20260923-007,vehicle-887,55.7790141,37.7200684,0,-20,759664119
2026-09-23T07:16:00Z,м3к-20260923-007,vehicle-887,55.7790141,37.7200684,0,-20,759664119
2026-09-23T07:17:00Z,м3к-20260923-007,vehicle-887,55.7790141,37.7200684,0,-20,759664119
2026-09-23T07:18:00Z,м3к-20260923-007,vehicle-887,55.7790141,37.7200684,0,-20,759664119
2026-09-23T07:19:00Z,м3к-20260923-007,vehicle-887,55.7790141,37.7200684,0,-20,759664119
2026-09-23T07:20:00Z,м3к-20260923-007,vehicle-887,55.7790141,37.7200684,0,-20,759664119
2026-09-23T07:21:00Z,м3к-20260923-007,vehicle-887,55.7790141,37.7200684,0,-20,759664119
2026-09-23T07:22:00Z,м3к-20260923-007,vehicle-887,55.7790141,37.7200684,0,-20,759664119
2026-09-23T07:23:00Z,м3к-20260923-007,vehicle-887,55.7790141,37.7200684,0,-20,759664119
2026-09-23T07:24:00Z,м3к-20260923-007,vehicle-887,55.7790141,37.7200684,0,-20,759664119
2026-09-23T07:25:00Z,м3к-20260923-007,vehicle-887,55.7790141,37.7200684,0,-20,759664119
2026-09-23T07:26:00Z,м3к-20260923-007,vehicle-887,55.7790141,37.7200684,0,-20,759664119
2026-09-23T07:27:00Z,м3к-20260923-007,vehicle-887,55.7790141,37.7200684,0,-20,759664119
2026-09-23T07:28:00Z,м3к-20260923-007,vehicle-887,55.7790141,37.7200684,0,-20,759664119
2026-09-23T07:29:00Z,м3к-20260923-007,vehicle-887,55.7790141,37.7200684,0,-20,759664119
2026-09-23T07:30:00Z,м3к-20260923-007,vehicle-887,55.7790141,37.7200684,0,-20,759664119
2026-09-23T07:00:00Z,116-20260923-000,vehicle-890,55.7529225,37.4945218,0,15,10774286821
2026-09-23T07:01:00Z,116-20260923-000,vehicle-890,55.7528973,37.4964386,28.8,15,10774286820
2026-09-23T07:02:00Z,116-20260923-000,vehicle-890,55.7529293,37.5015517,0,15,10774286820
2026-09-23T07:03:00Z,116-20260923-000,vehicle-890,55.7524964,37.5048923,0,15,2491233118
2026-09-23T07:04:00Z,116-20260923-000,vehicle-890,55.7508909,37.5087985,0,15,2491233106
2026-09-23T07:05:00Z,116-20260923-000,vehicle-890,55.7485297,37.5125369,28.8,15,5019627883
2026-09-23T07:06:00Z,116-20260923-000,vehicle-890,55.7462625,37.5134014,0,15,5019627883
2026-09-23T07:07:00Z,116-20260923-000,vehicle-890,55.744608,37.5081811,0,15,10601114160
2026-09-23T07:08:00Z,116-20260923-000,vehicle-890,55.7435478,37.5048066,28.8,15,12635078184
2026-09-23T07:09:00Z,116-20260923-000,vehicle-890,55.7423709,37.501105,0,15,12635078184
2026-09-23T07:10:00Z,116-20260923-000,vehicle-890,55.7412197,37.5011637,28.8,15,2433145574
2026-09-23T07:11:00Z,116-20260923-000,vehicle-890,55.7393183,37.5054808,0,15,2433145574
2026-09-23T07:12:00Z,116-20260923-000,vehicle-890,55.7371969,37.5099879,28.8,15,2488185910
2026-09-23T07:13:00Z,116-20260923-000,vehicle-890,55.7355524,37.5147271,28.8,15,2488185910
2026-09-23T07:14:00Z,116-20260923-000,vehicle-890,55.7363517,37.5191021,0,15,2488185910
2026-09-23T07:15:00Z,116-20260923-000,vehicle-890,55.7378148,37.5255079,28.8,15,2433145454
2026-09-23T07:16:00Z,116-20260923-000,vehicle-890,55.7386266,37.5290255,28.8,15,2433145529
2026-09-23T07:17:00Z,116-20260923-000,vehicle-890,55.7394446,37.5325329,28.8,15,4592512830
2026-09-23T07:18:00Z,116-20260923-000,vehicle-890,55.7401952,37.5360984,28.8,15,2433145264
2026-09-23T07:19:00Z,116-20260923-000,vehicle-890,55.7413937,37.5391869,28.8,15,2433145591
2026-09-23T07:20:00Z,116-20260923-000,vehicle-890,55.7439022,37.5454704,28.8,15,2433145591
2026-09-23T07:21:00Z,116-20260923-000,vehicle-890,55.7450736,37.5486621,28.8,15,2433145175
2026-09-23T07:22:00Z,116-20260923-000,vehicle-890,55.7471518,37.5551635,0,15,2433145175
2026-09-23T07:23:00Z,116-20260923-000,vehicle-890,55.7481284,37.5586982,28.8,15,2433145207
2026-09-23T07:24:00Z,116-20260923-000,vehicle-890,55.7491069,37.5621601,28.8,15,2433145132
2026-09-23T07:25:00Z,116-20260923-000,vehicle-890,55.7503318,37.5664511,0,15,2433145132
2026-09-23T07:26:00Z,116-20260923-000,vehicle-890,55.752035,37.5724948,28.8,15,10774286818
2026-09-23T07:27:00Z,116-20260923-000,vehicle-890,55.7515332,37.5750005,0,15,10774286818
2026-09-23T07:28:00Z,116-20260923-000,vehicle-890,55.7535146,37.5717535,28.8,15,10774286822
2026-09-23T07:29:00Z,116-20260923-000,vehicle-890,55.7534892,37.5751798,28.8,15,10774286822
2026-09-23T07:30:00Z,116-20260923-000,vehicle-890,55.7554039,37.5769497,28.8,15,1188905583
2026-09-23T07:00:00Z,116-20260923-001,vehicle-891,55.7516783,37.5072996,28.8,15,2491233106
2026-09-23T07:01:00Z,116-20260923-001,vehicle-891,55.7501867,37.5100816,28.8,15,5019627883
2026-09-23T07:02:00Z,116-20260923-001,vehicle-891,55.7467597,37.5147395,28.8,15,5019627883
2026-09-23T07:03:00Z,116-20260923-001,vehicle-891,55.7456545,37.5115226,28.8,15,10601114160
2026-09-23T07:04:00Z,116-20260923-001,vehicle-891,55.744608,37.5081811,0,15,10601114160
2026-09-23T07:05:00Z,116-20260923-001,vehicle-891,55.7424782,37.5014412,28.8,15,12635078184
2026-09-23T07:06:00Z,116-20260923-001,vehicle-891,55.7415458,37.5004852,0,15,2433145083
2026-09-23T07:07:00Z,116-20260923-001,vehicle-891,55.7398809,37.5041587,28.8,15,2433145574
2026-09-23T07:08:00Z,116-20260923-001,vehicle-891,55.7385653,37.5071925,28.8,15,2488185910
2026-09-23T07:09:00Z,116-20260923-001,vehicle-891,55.7353941,37.5110497,28.8,15,2488185910
2026-09-23T07:10:00Z,116-20260923-001,vehicle-891,55.7362135,37.5183758,28.8,15,2488185910
2026-09-23T07:11:00Z,116-20260923-001,vehicle-891,55.7370006,37.5219499,28.8,15,2433145454
2026-09-23T07:12:00Z,116-20260923-001,vehicle-891,55.7382156,37.5272914,0,15,2433145454
2026-09-23T07:13:00Z,116-20260923-001,vehicle-891,55.738956,37.5304122,0,15,2433145529
2026-09-23T07:14:00Z,116-20260923-001,vehicle-891,55.7398265,37.5341809,0,15,4592512830
2026-09-23T07:15:00Z,116-20260923-001,vehicle-891,55.7406174,37.5376786,0,15,2433145264
2026-09-23T07:16:00Z,116-20260923-001,vehicle-891,55.7426646,37.5423084,28.8,15,2433145591
2026-09-23T07:17:00Z,116-20260923-001,vehicle-891,55.7440192,37.5457949,0,15,2433145591
2026-09-23T07:18:00Z,116-20260923-001,vehicle-891,55.7462179,37.5518796,28.8,15,2433145175
2026-09-23T07:19:00Z,116-20260923-001,vehicle-891,55.7471822,37.5552785,28.8,15,2433145207
2026-09-23T07:20:00Z,116-20260923-001,vehicle-891,55.748414,37.5597227,0,15,2433145207
2026-09-23T07:21:00Z,116-20260923-001,vehicle-891,55.7501003,37.5656391,28.8,15,2433145132
2026-09-23T07:22:00Z,116-20260923-001,vehicle-891,55.7510669,37.5690774,28.8,15,10774286818
2026-09-23T07:23:00Z,116-20260923-001,vehicle-891,55.7517271,37.5752689,28.8,15,10774286818
2026-09-23T07:24:00Z,116-20260923-001,vehicle-891,55.7520176,37.5744574,28.8,15,10774286822
2026-09-23T07:25:00Z,116-20260923-001,vehicle-891,55.7536853,37.5722834,28.8,15,10774286822
2026-09-23T07:26:00Z,116-20260923-001,vehicle-891,55.7543164,37.5759393,0,15,10774286822
2026-09-23T07:27:00Z,116-20260923-001,vehicle-891,55.7574027,37.5783762,28.8,15,1188905583
2026-09-23T07:28:00Z,116-20260923-001,vehicle-891,55.7616566,37.5792219,28.8,15,1188905583
2026-09-23T07:29:00Z,116-20260923-001,vehicle-891,55.7636795,37.5783279,28.8,15,10601114147
2026-09-23T07:30:00Z,116-20260923-001,vehicle-891,55.7655921,37.577487,28.8,15,10774286817
2026-09-23T07:00:00Z,116-20260923-002,vehicle-892,55.744608,37.5081811,0,15,10601114160
2026-09-23T07:01:00Z,116-20260923-002,vehicle-892,55.7435478,37.5048066,28.8,15,12635078184
2026-09-23T07:02:00Z,116-20260923-002,vehicle-892,55.7423709,37.501105,0,15,12635078184
2026-09-23T07:03:00Z,116-20260923-002,vehicle-892,55.7412197,37.5011637,28.8,15,2433145574
2026-09-23T07:04:00Z,116-20260923-002,vehicle-892,55.7393183,37.5054808,0,15,2433145574
2026-09-23T07:05:00Z,116-20260923-002,vehicle-892,55.7371969,37.5099879,28.8,15,2488185910
2026-09-23T07:06:00Z,116-20260923-002,vehicle-892,55.7355524,37.5147271,28.8,15,2488185910
2026-09-23T07:07:00Z,116-20260923-002,vehicle-892,55.7363517,37.5191021,0,15,2488185910
2026-09-23T07:08:00Z,116-20260923-002,vehicle-892,55.7378148,37.5255079,28.8,15,2433145454
2026-09-23T07:09:00Z,116-20260923-002,vehicle-892,55.7386266,37.5290255,28.8,15,2433145529
2026-09-23T07:10:00Z,116-20260923-002,vehicle-892,55.7394446,37.5325329,28.8,15,4592512830
2026-09-23T07:11:00Z,116-20260923-002,vehicle-892,55.7401952,37.5360984,28.8,15,2433145264
2026-09-23T07:12:00Z,116-20260923-002,vehicle-892,55.7413937,37.5391869,28.8,15,2433145591
2026-09-23T07:13:00Z,116-20260923-002,vehicle-892,55.7439022,37.5454704,28.8,15,2433145591
2026-09-23T07:14:00Z,116-20260923-002,vehicle-892,55.7450736,37.5486621,28.8,15,2433145175
2026-09-23T07:15:00Z,116-20260923-002,vehicle-892,55.7471518,37.5551635,0,15,2433145175
2026-09-23T07:16:00Z,116-20260923-002,vehicle-892,55.7481284,37.5586982,28.8,15,2433145207
2026-09-23T07:17:00Z,116-20260923-002,vehicle-892,55.7491069,37.5621601,28.8,15,2433145132
2026-09-23T07:18:00Z,116-20260923-002,vehicle-892,55.7503318,37.5664511,0,15,2433145132
2026-09-23T07:19:00Z,116-20260923-002,vehicle-892,55.752035,37.5724948,28.8,15,10774286818
2026-09-23T07:20:00Z,116-20260923-002,vehicle-892,55.7515332,37.5750005,0,15,10774286818
2026-09-23T07:21:00Z,116-20260923-002,vehicle-892,55.7535146,37.5717535,28.8,15,10774286822
2026-09-23T07:22:00Z,116-20260923-002,vehicle-892,55.7534892,37.5751798,28.8,15,10774286822
2026-09-23T07:23:00Z,116-20260923-002,vehicle-892,55.7554039,37.5769497,28.8,15,1188905583
2026-09-23T07:24:00Z,116-20260923-002,vehicle-892,55.7595574,37.5785936,28.8,15,1188905583
2026-09-23T07:25:00Z,116-20260923-002,vehicle-892,55.7619396,37.5793242,0,15,1188905583
2026-09-23T07:26:00Z,116-20260923-002,vehicle-892,55.7647635,37.5782443,0,15,10601114147
2026-09-23T07:27:00Z,116-20260923-002,vehicle-892,55.7651936,37.5746605,0,15,10774286817
2026-09-23T07:28:00Z,116-20260923-002,vehicle-892,55.7655874,37.5721098,0,15,10774286826
2026-09-23T07:29:00Z,116-20260923-002,vehicle-892,55.767918,37.572443,0,15,10774286828
2026-09-23T07:30:00Z,116-20260923-002,vehicle-892,55.7706895,37.5727778,28.8,15,10599880593
2026-09-23T07:00:00Z,116-20260923-003,vehicle-893,55.7398809,37.5041587,28.8,15,2433145574
2026-09-23T07:01:00Z,116-20260923-003,vehicle-893,55.7385653,37.5071925,28.8,15,2488185910
2026-09-23T07:02:00Z,116-20260923-003,vehicle-893,55.7353941,37.5110497,28.8,15,2488185910
2026-09-23T07:03:00Z,116-20260923-003,vehicle-893,55.7362135,37.5183758,28.8,15,2488185910
2026-09-23T07:04:00Z,116-20260923-003,vehicle-893,55.7370006,37.5219499,28.8,15,2433145454
2026-09-23T07:05:00Z,116-20260923-003,vehicle-893,55.7382156,37.5272914,0,15,2433145454
2026-09-23T07:06:00Z,116-20260923-003,vehicle-893,55.738956,37.5304122,0,15,2433145529
2026-09-23T07:07:00Z,116-20260923-003,vehicle-893,55.7398265,37.5341809,0,15,4592512830
2026-09-23T07:08:00Z,116-20260923-003,vehicle-893,55.7406174,37.5376786,0,15,2433145264
2026-09-23T07:09:00Z,116-20260923-003,vehicle-893,55.7426646,37.5423084,28.8,15,2433145591
2026-09-23T07:10:00Z,116-20260923-003,vehicle-893,55.7440192,37.5457949,0,15,2433145591
2026-09-23T07:11:00Z,116-20260923-003,vehicle-893,55.7462179,37.5518796,28.8,15,2433145175
2026-09-23T07:12:00Z,116-20260923-003,vehicle-893,55.7471822,37.5552785,28.8,15,2433145207
2026-09-23T07:13:00Z,116-20260923-003,vehicle-893,55.748414,37.5597227,0,15,2433145207
2026-09-23T07:14:00Z,116-20260923-003,vehicle-893,55.7501003,37.5656391,28.8,15,2433145132
2026-09-23T07:15:00Z,116-20260923-003,vehicle-893,55.7510669,37.5690774,28.8,15,10774286818
2026-09-23T07:16:00Z,116-20260923-003,vehicle-893,55.7517271,37.5752689,28.8,15,10774286818
2026-09-23T07:17:00Z,116-20260923-003,vehicle-893,55.7520176,37.5744574,28.8,15,10774286822
2026-09-23T07:18:00Z,116-20260923-003,vehicle-893,55.7536853,37.5722834,28.8,15,10774286822
2026-09-23T07:19:00Z,116-20260923-003,vehicle-893,55.7543164,37.5759393,0,15,10774286822
2026-09-23T07:20:00Z,116-20260923-003,vehicle-893,55.7574027,37.5783762,28.8,15,1188905583
2026-09-23T07:21:00Z,116-20260923-003,vehicle-893,55.7616566,37.5792219,28.8,15,1188905583
2026-09-23T07:22:00Z,116-20260923-003,vehicle-893,55.7636795,37.5783279,28.8,15,10601114147
2026-09-23T07:23:00Z,116-20260923-003,vehicle-893,55.7655921,37.577487,28.8,15,10774286817
2026-09-23T07:24:00Z,116-20260923-003,vehicle-893,55.7651499,37.5737957,28.8,15,10774286826
2026-09-23T07:25:00Z,116-20260923-003,vehicle-893,55.7663883,37.5722309,28.8,15,10774286828
2026-09-23T07:26:00Z,116-20260923-003,vehicle-893,55.7685593,37.5724738,28.8,15,10599880593
2026-09-23T07:27:00Z,116-20260923-003,vehicle-893,55.7717507,37.5730083,0,15,10599880593
2026-09-23T07:28:00Z,116-20260923-003,vehicle-893,55.7730805,37.5768857,0,15,10599880591
2026-09-23T07:29:00Z,116-20260923-003,vehicle-893,55.7742275,37.5802622,28.8,15,14170887503
2026-09-23T07:30:00Z,116-20260923-003,vehicle-893,55.7751218,37.5834928,28.8,15,966788530
2026-09-23T07:00:00Z,116-20260923-004,vehicle-894,55.7363517,37.5191021,0,15,2488185910
2026-09-23T07:01:00Z,116-20260923-004,vehicle-894,55.7378148,37.5255079,28.8,15,2433145454
2026-09-23T07:02:00Z,116-20260923-004,vehicle-894,55.7386266,37.5290255,28.8,15,2433145529
2026-09-23T07:03:00Z,116-20260923-004,vehicle-894,55.7394446,37.5325329,28.8,15,4592512830
2026-09-23T07:04:00Z,116-20260923-004,vehicle-894,55.7401952,37.5360984,28.8,15,2433145264
2026-09-23T07:05:00Z,116-20260923-004,vehicle-894,55.7413937,37.5391869,28.8,15,2433145591
2026-09-23T07:06:00Z,116-20260923-004,vehicle-894,55.7439022,37.5454704,28.8,15,2433145591
2026-09-23T07:07:00Z,116-20260923-004,vehicle-894,55.7450736,37.5486621,28.8,15,2433145175
2026-09-23T07:08:00Z,116-20260923-004,vehicle-894,55.7471518,37.5551635,0,15,2433145175
2026-09-23T07:09:00Z,116-20260923-004,vehicle-894,55.7481284,37.5586982,28.8,15,2433145207
2026-09-23T07:10:00Z,116-20260923-004,vehicle-894,55.7491069,37.5621601,28.8,15,2433145132
2026-09-23T07:11:00Z,116-20260923-004,vehicle-894,55.7503318,37.5664511,0,15,2433145132
2026-09-23T07:12:00Z,116-20260923-004,vehicle-894,55.752035,37.5724948,28.8,15,10774286818
2026-09-23T07:13:00Z,116-20260923-004,vehicle-894,55.7515332,37.5750005,0,15,10774286818
2026-09-23T07:14:00Z,116-20260923-004,vehicle-894,55.7535146,37.5717535,28.8,15,10774286822
2026-09-23T07:15:00Z,116-20260923-004,vehicle-894,55.7534892,37.5751798,28.8,15,10774286822
2026-09-23T07:16:00Z,116-20260923-004,vehicle-894,55.7554039,37.5769497,28.8,15,1188905583
2026-09-23T07:17:00Z,116-20260923-004,vehicle-894,55.7595574,37.5785936,28.8,15,1188905583
2026-09-23T07:18:00Z,116-20260923-004,vehicle-894,55.7619396,37.5793242,0,15,1188905583
2026-09-23T07:19:00Z,116-20260923-004,vehicle-894,55.7647635,37.5782443,0,15,10601114147
2026-09-23T07:20:00Z,116-20260923-004,vehicle-894,55.7651936,37.5746605,0,15,10774286817
2026-09-23T07:21:00Z,116-20260923-004,vehicle-894,55.7655874,37.5721098,0,15,10774286826
2026-09-23T07:22:00Z,116-20260923-004,vehicle-894,55.767918,37.572443,0,15,10774286828
2026-09-23T07:23:00Z,116-20260923-004,vehicle-894,55.7706895,37.5727778,28.8,15,10599880593
2026-09-23T07:24:00Z,116-20260923-004,vehicle-894,55.7727213,37.5734337,28.8,15,10599880591
2026-09-23T07:25:00Z,116-20260923-004,vehicle-894,55.7731183,37.5769938,28.8,15,14170887503
2026-09-23T07:26:00Z,116-20260923-004,vehicle-894,55.7748515,37.5821192,0,15,14170887503
2026-09-23T07:27:00Z,116-20260923-004,vehicle-894,55.7746952,37.5842064,0,15,966788530
2026-09-23T07:28:00Z,116-20260923-004,vehicle-894,55.7746952,37.5842064,0,15,966788530
2026-09-23T07:29:00Z,116-20260923-004,vehicle-894,55.7746952,37.5842064,0,15,966788530
2026-09-23T07:30:00Z,116-20260923-004,vehicle-894,55.7746952,37.5842064,0,15,966788530
2026-09-23T07:00:00Z,116-20260923-005,vehicle-895,55.7398265,37.5341809,0,15,4592512830
2026-09-23T07:01:00Z,116-20260923-005,vehicle-895,55.7406174,37.5376786,0,15,2433145264
2026-09-23T07:02:00Z,116-20260923-005,vehicle-895,55.7426646,37.5423084,28.8,15,2433145591
2026-09-23T07:03:00Z,116-20260923-005,vehicle-895,55.7440192,37.5457949,0,15,2433145591
2026-09-23T07:04:00Z,116-20260923-005,vehicle-895,55.7462179,37.5518796,28.8,15,2433145175
2026-09-23T07:05:00Z,116-20260923-005,vehicle-895,55.7471822,37.5552785,28.8,15,2433145207
2026-09-23T07:06:00Z,116-20260923-005,vehicle-895,55.748414,37.5597227,0,15,2433145207
2026-09-23T07:07:00Z,116-20260923-005,vehicle-895,55.7501003,37.5656391,28.8,15,2433145132
2026-09-23T07:08:00Z,116-20260923-005,vehicle-895,55.7510669,37.5690774,28.8,15,10774286818
2026-09-23T07:09:00Z,116-20260923-005,vehicle-895,55.7517271,37.5752689,28.8,15,10774286818
2026-09-23T07:10:00Z,116-20260923-005,vehicle-895,55.7520176,37.5744574,28.8,15,10774286822
2026-09-23T07:11:00Z,116-20260923-005,vehicle-895,55.7536853,37.5722834,28.8,15,10774286822
2026-09-23T07:12:00Z,116-20260923-005,vehicle-895,55.7543164,37.5759393,0,15,10774286822
2026-09-23T07:13:00Z,116-20260923-005,vehicle-895,55.7574027,37.5783762,28.8,15,1188905583
2026-09-23T07:14:00Z,116-20260923-005,vehicle-895,55.7616566,37.5792219,28.8,15,1188905583
2026-09-23T07:15:00Z,116-20260923-005,vehicle-895,55.7636795,37.5783279,28.8,15,10601114147
2026-09-23T07:16:00Z,116-20260923-005,vehicle-895,55.7655921,37.577487,28.8,15,10774286817
2026-09-23T07:17:00Z,116-20260923-005,vehicle-895,55.7651499,37.5737957,28.8,15,10774286826
2026-09-23T07:18:00Z,116-20260923-005,vehicle-895,55.7663883,37.5722309,28.8,15,10774286828
2026-09-23T07:19:00Z,116-20260923-005,vehicle-895,55.7685593,37.5724738,28.8,15,10599880593
2026-09-23T07:20:00Z,116-20260923-005,vehicle-895,55.7717507,37.5730083,0,15,10599880593
2026-09-23T07:21:00Z,116-20260923-005,vehicle-895,55.7730805,37.5768857,0,15,10599880591
2026-09-23T07:22:00Z,116-20260923-005,vehicle-895,55.7742275,37.5802622,28.8,15,14170887503
2026-09-23T07:23:00Z,116-20260923-005,vehicle-895,55.7751218,37.5834928,28.8,15,966788530
2026-09-23T07:24:00Z,116-20260923-005,vehicle-895,55.7746952,37.5842064,0,15,966788530
2026-09-23T07:25:00Z,116-20260923-005,vehicle-895,55.7746952,37.5842064,0,15,966788530
2026-09-23T07:26:00Z,116-20260923-005,vehicle-895,55.7746952,37.5842064,0,15,966788530
2026-09-23T07:27:00Z,116-20260923-005,vehicle-895,55.7746952,37.5842064,0,15,966788530
2026-09-23T07:28:00Z,116-20260923-005,vehicle-895,55.7746952,37.5842064,0,15,966788530
2026-09-23T07:29:00Z,116-20260923-005,vehicle-895,55.7746952,37.5842064,0,15,966788530
2026-09-23T07:30:00Z,116-20260923-005,vehicle-895,55.7746952,37.5842064,0,15,966788530
2026-09-23T07:00:00Z,116-20260923-006,vehicle-896,55.7450736,37.5486621,28.8,15,2433145175
2026-09-23T07:01:00Z,116-20260923-006,vehicle-896,55.7471518,37.5551635,0,15,2433145175
2026-09-23T07:02:00Z,116-20260923-006,vehicle-896,55.7481284,37.5586982,28.8,15,2433145207
2026-09-23T07:03:00Z,116-20260923-006,vehicle-896,55.7491069,37.5621601,28.8,15,2433145132
2026-09-23T07:04:00Z,116-20260923-006,vehicle-896,55.7503318,37.5664511,0,15,2433145132
2026-09-23T07:05:00Z,116-20260923-006,vehicle-896,55.752035,37.5724948,28.8,15,10774286818
2026-09-23T07:06:00Z,116-20260923-006,vehicle-896,55.7515332,37.5750005,0,15,10774286818
2026-09-23T07:07:00Z,116-20260923-006,vehicle-896,55.7535146,37.5717535,28.8,15,10774286822
2026-09-23T07:08:00Z,116-20260923-006,vehicle-896,55.7534892,37.5751798,28.8,15,10774286822
2026-09-23T07:09:00Z,116-20260923-006,vehicle-896,55.7554039,37.5769497,28.8,15,1188905583
2026-09-23T07:10:00Z,116-20260923-006,vehicle-896,55.7595574,37.5785936,28.8,15,1188905583
2026-09-23T07:11:00Z,116-20260923-006,vehicle-896,55.7619396,37.5793242,0,15,1188905583
2026-09-23T07:12:00Z,116-20260923-006,vehicle-896,55.7647635,37.5782443,0,15,10601114147
2026-09-23T07:13:00Z,116-20260923-006,vehicle-896,55.7651936,37.5746605,0,15,10774286817
2026-09-23T07:14:00Z,116-20260923-006,vehicle-896,55.7655874,37.5721098,0,15,10774286826
2026-09-23T07:15:00Z,116-20260923-006,vehicle-896,55.767918,37.572443,0,15,10774286828
2026-09-23T07:16:00Z,116-20260923-006,vehicle-896,55.7706895,37.5727778,28.8,15,10599880593
2026-09-23T07:17:00Z,116-20260923-006,vehicle-896,55.7727213,37.5734337,28.8,15,10599880591
2026-09-23T07:18:00Z,116-20260923-006,vehicle-896,55.7731183,37.5769938,28.8,15,14170887503
2026-09-23T07:19:00Z,116-20260923-006,vehicle-896,55.7748515,37.5821192,0,15,14170887503
2026-09-23T07:20:00Z,116-20260923-006,vehicle-896,55.7746952,37.5842064,0,15,966788530
2026-09-23T07:21:00Z,116-20260923-006,vehicle-896,55.7746952,37.5842064,0,15,966788530
2026-09-23T07:22:00Z,116-20260923-006,vehicle-896,55.7746952,37.5842064,0,15,966788530
2026-09-23T07:23:00Z,116-20260923-006,vehicle-896,55.7746952,37.5842064,0,15,966788530
2026-09-23T07:24:00Z,116-20260923-006,vehicle-896,55.7746952,37.5842064,0,15,966788530
2026-09-23T07:25:00Z,116-20260923-006,vehicle-896,55.7746952,37.5842064,0,15,966788530
2026-09-23T07:26:00Z,116-20260923-006,vehicle-896,55.7746952,37.5842064,0,15,966788530
2026-09-23T07:27:00Z,116-20260923-006,vehicle-896,55.7746952,37.5842064,0,15,966788530
2026-09-23T07:28:00Z,116-20260923-006,vehicle-896,55.7746952,37.5842064,0,15,966788530
2026-09-23T07:29:00Z,116-20260923-006,vehicle-896,55.7746952,37.5842064,0,15,966788530
2026-09-23T07:30:00Z,116-20260923-006,vehicle-896,55.7746952,37.5842064,0,15,966788530
2026-09-23T07:00:00Z,116-20260923-007,vehicle-897,55.7503318,37.5664511,0,-20,2433145132
2026-09-23T07:01:00Z,116-20260923-007,vehicle-897,55.7521974,37.5730635,28.8,-20,10774286818
2026-09-23T07:02:00Z,116-20260923-007,vehicle-897,55.7515332,37.5750005,0,-20,10774286818
2026-09-23T07:03:00Z,116-20260923-007,vehicle-897,55.7537082,37.5712181,28.8,-20,10774286822
2026-09-23T07:04:00Z,116-20260923-007,vehicle-897,55.7538074,37.5754719,28.8,-20,10774286822
2026-09-23T07:05:00Z,116-20260923-007,vehicle-897,55.7557247,37.5772435,28.8,-20,1188905583
2026-09-23T07:06:00Z,116-20260923-007,vehicle-897,55.7599183,37.578598,28.8,-20,1188905583
2026-09-23T07:07:00Z,116-20260923-007,vehicle-897,55.7620114,37.5793433,28.8,-20,10601114147
2026-09-23T07:08:00Z,116-20260923-007,vehicle-897,55.7647635,37.5782443,0,-20,10601114147
2026-09-23T07:09:00Z,116-20260923-007,vehicle-897,55.7651936,37.5746605,0,-20,10774286817
2026-09-23T07:10:00Z,116-20260923-007,vehicle-897,55.7655874,37.5721098,0,-20,10774286826
2026-09-23T07:11:00Z,116-20260923-007,vehicle-897,55.767918,37.572443,0,-20,10774286828
2026-09-23T07:12:00Z,116-20260923-007,vehicle-897,55.7710437,37.5728477,28.8,-20,10599880593
2026-09-23T07:13:00Z,116-20260923-007,vehicle-897,55.7729056,37.5739871,28.8,-20,10599880591
2026-09-23T07:14:00Z,116-20260923-007,vehicle-897,55.7733027,37.577539,28.8,-20,14170887503
2026-09-23T07:15:00Z,116-20260923-007,vehicle-897,55.7748515,37.5821192,0,-20,14170887503
2026-09-23T07:16:00Z,116-20260923-007,vehicle-897,55.7746952,37.5842064,0,-20,966788530
2026-09-23T07:17:00Z,116-20260923-007,vehicle-897,55.7746952,37.5842064,0,-20,966788530
2026-09-23T07:18:00Z,116-20260923-007,vehicle-897,55.7746952,37.5842064,0,-20,966788530
2026-09-23T07:19:00Z,116-20260923-007,vehicle-897,55.7746952,37.5842064,0,-20,966788530
2026-09-23T07:20:00Z,116-20260923-007,vehicle-897,55.7746952,37.5842064,0,-20,966788530
2026-09-23T07:21:00Z,116-20260923-007,vehicle-897,55.7746952,37.5842064,0,-20,966788530
2026-09-23T07:22:00Z,116-20260923-007,vehicle-897,55.7746952,37.5842064,0,-20,966788530
2026-09-23T07:23:00Z,116-20260923-007,vehicle-897,55.7746952,37.5842064,0,-20,966788530
2026-09-23T07:24:00Z,116-20260923-007,vehicle-897,55.7746952,37.5842064,0,-20,966788530
2026-09-23T07:25:00Z,116-20260923-007,vehicle-897,55.7746952,37.5842064,0,-20,966788530
2026-09-23T07:26:00Z,116-20260923-007,vehicle-897,55.7746952,37.5842064,0,-20,966788530
2026-09-23T07:27:00Z,116-20260923-007,vehicle-897,55.7746952,37.5842064,0,-20,966788530
2026-09-23T07:28:00Z,116-20260923-007,vehicle-897,55.7746952,37.5842064,0,-20,966788530
2026-09-23T07:29:00Z,116-20260923-007,vehicle-897,55.7746952,37.5842064,0,-20,966788530
2026-09-23T07:30:00Z,116-20260923-007,vehicle-897,55.7746952,37.5842064,0,-20,966788530
2026-09-23T07:00:00Z,м1-20260923-000,vehicle-900,55.6740592,37.5249629,0,15,10030517751
2026-09-23T07:01:00Z,м1-20260923-000,vehicle-900,55.674887,37.5261908,28.8,15,10030517718
2026-09-23T07:02:00Z,м1-20260923-000,vehicle-900,55.6765451,37.5286155,28.8,15,4442981247
2026-09-23T07:03:00Z,м1-20260923-000,vehicle-900,55.6781951,37.5310586,28.8,15,10030517717
2026-09-23T07:04:00Z,м1-20260923-000,vehicle-900,55.6798847,37.533515,28.8,15,10030509216
2026-09-23T07:05:00Z,м1-20260923-000,vehicle-900,55.6824214,37.5372617,0,15,10030509216
2026-09-23T07:06:00Z,м1-20260923-000,vehicle-900,55.6848599,37.5408668,28.8,15,10030509215
2026-09-23T07:07:00Z,м1-20260923-000,vehicle-900,55.6865204,37.5433292,28.8,15,10030517763
2026-09-23T07:08:00Z,м1-20260923-000,vehicle-900,55.6881669,37.5457757,28.8,15,10030509214
2026-09-23T07:09:00Z,м1-20260923-000,vehicle-900,55.6897924,37.5485877,0,15,10030509214
2026-09-23T07:10:00Z,м1-20260923-000,vehicle-900,55.6920846,37.5526214,0,15,10030509213
2026-09-23T07:11:00Z,м1-20260923-000,vehicle-900,55.6943252,37.5564953,28.8,15,10030517762
2026-09-23T07:12:00Z,м1-20260923-000,vehicle-900,55.6958483,37.5591995,28.8,15,10030517761
2026-09-23T07:13:00Z,м1-20260923-000,vehicle-900,55.6974101,37.5619679,0,15,10030517761
2026-09-23T07:14:00Z,м1-20260923-000,vehicle-900,55.7001756,37.5668552,0,15,10030509212
2026-09-23T07:15:00Z,м1-20260923-000,vehicle-900,55.7019428,37.5699872,28.8,15,10030509211
2026-09-23T07:16:00Z,м1-20260923-000,vehicle-900,55.703492,37.5727099,28.8,15,10030509210
2026-09-23T07:17:00Z,м1-20260923-000,vehicle-900,55.7049932,37.575477,28.8,15,3609899718
2026-09-23T07:18:00Z,м1-20260923-000,vehicle-900,55.7064698,37.5782306,0,15,3609899718
2026-09-23T07:19:00Z,м1-20260923-000,vehicle-900,55.7092195,37.5834567,0,15,10030517760
2026-09-23T07:20:00Z,м1-20260923-000,vehicle-900,55.7111469,37.5861802,28.8,15,10030509209
2026-09-23T07:21:00Z,м1-20260923-000,vehicle-900,55.7128767,37.5884966,28.8,15,10030509207
2026-09-23T07:22:00Z,м1-20260923-000,vehicle-900,55.7150562,37.5914428,0,15,10030509207
2026-09-23T07:23:00Z,м1-20260923-000,vehicle-900,55.7174937,37.5948765,0,15,10030509206
2026-09-23T07:24:00Z,м1-20260923-000,vehicle-900,55.719657,37.5980323,28.8,15,10030517759
2026-09-23T07:25:00Z,м1-20260923-000,vehicle-900,55.7213146,37.600482,28.8,15,10030509203
2026-09-23T07:26:00Z,м1-20260923-000,vehicle-900,55.7242324,37.6048602,0,15,10030509203
2026-09-23T07:27:00Z,м1-20260923-000,vehicle-900,55.7262742,37.6078429,28.8,15,9113867001
2026-09-23T07:28:00Z,м1-20260923-000,vehicle-900,55.7282056,37.6110364,0,15,9113867001
2026-09-23T07:29:00Z,м1-20260923-000,vehicle-900,55.7312996,37.6122626,0,15,9113867003
2026-09-23T07:30:00Z,м1-20260923-000,vehicle-900,55.7339244,37.6128837,28.8,15,9113867005
2026-09-23T07:00:00Z,м1-20260923-001,vehicle-901,55.6797188,37.5332717,0,15,10030517717
2026-09-23T07:01:00Z,м1-20260923-001,vehicle-901,55.6815415,37.5359534,28.8,15,10030509216
2026-09-23T07:02:00Z,м1-20260923-001,vehicle-901,55.6831981,37.538407,28.8,15,10030509215
2026-09-23T07:03:00Z,м1-20260923-001,vehicle-901,55.6849151,37.5409491,0,15,10030509215
2026-09-23T07:04:00Z,м1-20260923-001,vehicle-901,55.6874103,37.5446336,0,15,10030517763
2026-09-23T07:05:00Z,м1-20260923-001,vehicle-901,55.6896945,37.5484054,28.8,15,10030509214
2026-09-23T07:06:00Z,м1-20260923-001,vehicle-901,55.6912187,37.5510976,28.8,15,10030509213
2026-09-23T07:07:00Z,м1-20260923-001,vehicle-901,55.6927661,37.5537852,28.8,15,10030517762
2026-09-23T07:08:00Z,м1-20260923-001,vehicle-901,55.6949349,37.5576043,0,15,10030517762
2026-09-23T07:09:00Z,м1-20260923-001,vehicle-901,55.6973596,37.5618788,28.8,15,10030517761
2026-09-23T07:10:00Z,м1-20260923-001,vehicle-901,55.6988976,37.5645884,28.8,15,10030509212
2026-09-23T07:11:00Z,м1-20260923-001,vehicle-901,55.7004282,37.5673024,28.8,15,10030509211
2026-09-23T07:12:00Z,м1-20260923-001,vehicle-901,55.7025009,37.5709666,0,15,10030509211
2026-09-23T07:13:00Z,м1-20260923-001,vehicle-901,55.7040545,37.5737391,0,15,10030509210
2026-09-23T07:14:00Z,м1-20260923-001,vehicle-901,55.7064698,37.5782306,0,15,3609899718
2026-09-23T07:15:00Z,м1-20260923-001,vehicle-901,55.7079371,37.5810397,28.8,15,10030517760
2026-09-23T07:16:00Z,м1-20260923-001,vehicle-901,55.7094236,37.5838232,28.8,15,10030509209
2026-09-23T07:17:00Z,м1-20260923-001,vehicle-901,55.7116098,37.5868025,0,15,10030509209
2026-09-23T07:18:00Z,м1-20260923-001,vehicle-901,55.714604,37.5908074,28.8,15,10030509207
2026-09-23T07:19:00Z,м1-20260923-001,vehicle-901,55.7163047,37.5931965,28.8,15,10030509206
2026-09-23T07:20:00Z,м1-20260923-001,vehicle-901,55.717993,37.5956045,28.8,15,10030517759
2026-09-23T07:21:00Z,м1-20260923-001,vehicle-901,55.7207611,37.5996621,0,15,10030517759
2026-09-23T07:22:00Z,м1-20260923-001,vehicle-901,55.7229543,37.6029854,28.8,15,10030509203
2026-09-23T07:23:00Z,м1-20260923-001,vehicle-901,55.7246153,37.6054317,28.8,15,9113867001
2026-09-23T07:24:00Z,м1-20260923-001,vehicle-901,55.7278685,37.6103802,28.8,15,9113867001
2026-09-23T07:25:00Z,м1-20260923-001,vehicle-901,55.7296275,37.6122865,28.8,15,9113867003
2026-09-23T07:26:00Z,м1-20260923-001,vehicle-901,55.7318015,37.6122845,28.8,15,9113867005
2026-09-23T07:27:00Z,м1-20260923-001,vehicle-901,55.7343449,37.6130469,0,15,9113867005
2026-09-23T07:28:00Z,м1-20260923-001,vehicle-901,55.7374133,37.6148605,0,15,9113867008
2026-09-23T07:29:00Z,м1-20260923-001,vehicle-901,55.7395964,37.6163024,0,15,9113867007
2026-09-23T07:30:00Z,м1-20260923-001,vehicle-901,55.7420897,37.6159597,28.8,15,2443311250
2026-09-23T07:00:00Z,м1-20260923-002,vehicle-902,55.6865204,37.5433292,28.8,15,10030517763
2026-09-23T07:01:00Z,м1-20260923-002,vehicle-902,55.6881669,37.5457757,28.8,15,10030509214
2026-09-23T07:02:00Z,м1-20260923-002,vehicle-902,55.6897924,37.5485877,0,15,10030509214
2026-09-23T07:03:00Z,м1-20260923-002,vehicle-902,55.6920846,37.5526214,0,15,10030509213
2026-09-23T07:04:00Z,м1-20260923-002,vehicle-902,55.6943252,37.5564953,28.8,15,10030517762
2026-09-23T07:05:00Z,м1-20260923-002,vehicle-902,55.6958483,37.5591995,28.8,15,10030517761
2026-09-23T07:06:00Z,м1-20260923-002,vehicle-902,55.6974101,37.5619679,0,15,10030517761
2026-09-23T07:07:00Z,м1-20260923-002,vehicle-902,55.7001756,37.5668552,0,15,10030509212
2026-09-23T07:08:00Z,м1-20260923-002,vehicle-902,55.7019428,37.5699872,28.8,15,10030509211
2026-09-23T07:09:00Z,м1-20260923-002,vehicle-902,55.703492,37.5727099,28.8,15,10030509210
2026-09-23T07:10:00Z,м1-20260923-002,vehicle-902,55.7049932,37.575477,28.8,15,3609899718
2026-09-23T07:11:00Z,м1-20260923-002,vehicle-902,55.7064698,37.5782306,0,15,3609899718
2026-09-23T07:12:00Z,м1-20260923-002,vehicle-902,55.7092195,37.5834567,0,15,10030517760
2026-09-23T07:13:00Z,м1-20260923-002,vehicle-902,55.7111469,37.5861802,28.8,15,10030509209
2026-09-23T07:14:00Z,м1-20260923-002,vehicle-902,55.7128767,37.5884966,28.8,15,10030509207
2026-09-23T07:15:00Z,м1-20260923-002,vehicle-902,55.7150562,37.5914428,0,15,10030509207
2026-09-23T07:16:00Z,м1-20260923-002,vehicle-902,55.7174937,37.5948765,0,15,10030509206
2026-09-23T07:17:00Z,м1-20260923-002,vehicle-902,55.719657,37.5980323,28.8,15,10030517759
2026-09-23T07:18:00Z,м1-20260923-002,vehicle-902,55.7213146,37.600482,28.8,15,10030509203
2026-09-23T07:19:00Z,м1-20260923-002,vehicle-902,55.7242324,37.6048602,0,15,10030509203
2026-09-23T07:20:00Z,м1-20260923-002,vehicle-902,55.7262742,37.6078429,28.8,15,9113867001
2026-09-23T07:21:00Z,м1-20260923-002,vehicle-902,55.7282056,37.6110364,0,15,9113867001
2026-09-23T07:22:00Z,м1-20260923-002,vehicle-902,55.7312996,37.6122626,0,15,9113867003
2026-09-23T07:23:00Z,м1-20260923-002,vehicle-902,55.7339244,37.6128837,28.8,15,9113867005
2026-09-23T07:24:00Z,м1-20260923-002,vehicle-902,55.7359975,37.6139237,28.8,15,9113867008
2026-09-23T07:25:00Z,м1-20260923-002,vehicle-902,55.7380085,37.6152548,28.8,15,9113867007
2026-09-23T07:26:00Z,м1-20260923-002,vehicle-902,55.7400045,37.6165709,28.8,15,2443311250
2026-09-23T07:27:00Z,м1-20260923-002,vehicle-902,55.7437836,37.6148143,0,15,2443311250
2026-09-23T07:28:00Z,м1-20260923-002,vehicle-902,55.7460823,37.6129999,28.8,15,1253685229
2026-09-23T07:29:00Z,м1-20260923-002,vehicle-902,55.7497054,37.6093083,28.8,15,1253685229
2026-09-23T07:30:00Z,м1-20260923-002,vehicle-902,55.7529412,37.6113549,0,15,1253685229
2026-09-23T07:00:00Z,м1-20260923-003,vehicle-903,55.6927661,37.5537852,28.8,15,10030517762
2026-09-23T07:01:00Z,м1-20260923-003,vehicle-903,55.6949349,37.5576043,0,15,10030517762
2026-09-23T07:02:00Z,м1-20260923-003,vehicle-903,55.6973596,37.5618788,28.8,15,10030517761
2026-09-23T07:03:00Z,м1-20260923-003,vehicle-903,55.6988976,37.5645884,28.8,15,10030509212
2026-09-23T07:04:00Z,м1-20260923-003,vehicle-903,55.7004282,37.5673024,28.8,15,10030509211
2026-09-23T07:05:00Z,м1-20260923-003,vehicle-903,55.7025009,37.5709666,0,15,10030509211
2026-09-23T07:06:00Z,м1-20260923-003,vehicle-903,55.7040545,37.5737391,0,15,10030509210
2026-09-23T07:07:00Z,м1-20260923-003,vehicle-903,55.7064698,37.5782306,0,15,3609899718
2026-09-23T07:08:00Z,м1-20260923-003,vehicle-903,55.7079371,37.5810397,28.8,15,10030517760
2026-09-23T07:09:00Z,м1-20260923-003,vehicle-903,55.7094236,37.5838232,28.8,15,10030509209
2026-09-23T07:10:00Z,м1-20260923-003,vehicle-903,55.7116098,37.5868025,0,15,10030509209
2026-09-23T07:11:00Z,м1-20260923-003,vehicle-903,55.714604,37.5908074,28.8,15,10030509207
2026-09-23T07:12:00Z,м1-20260923-003,vehicle-903,55.7163047,37.5931965,28.8,15,10030509206
2026-09-23T07:13:00Z,м1-20260923-003,vehicle-903,55.717993,37.5956045,28.8,15,10030517759
2026-09-23T07:14:00Z,м1-20260923-003,vehicle-903,55.7207611,37.5996621,0,15,10030517759
2026-09-23T07:15:00Z,м1-20260923-003,vehicle-903,55.7229543,37.6029854,28.8,15,10030509203
2026-09-23T07:16:00Z,м1-20260923-003,vehicle-903,55.7246153,37.6054317,28.8,15,9113867001
2026-09-23T07:17:00Z,м1-20260923-003,vehicle-903,55.7278685,37.6103802,28.8,15,9113867001
2026-09-23T07:18:00Z,м1-20260923-003,vehicle-903,55.7296275,37.6122865,28.8,15,9113867003
2026-09-23T07:19:00Z,м1-20260923-003,vehicle-903,55.7318015,37.6122845,28.8,15,9113867005
2026-09-23T07:20:00Z,м1-20260923-003,vehicle-903,55.7343449,37.6130469,0,15,9113867005
2026-09-23T07:21:00Z,м1-20260923-003,vehicle-903,55.7374133,37.6148605,0,15,9113867008
2026-09-23T07:22:00Z,м1-20260923-003,vehicle-903,55.7395964,37.6163024,0,15,9113867007
2026-09-23T07:23:00Z,м1-20260923-003,vehicle-903,55.7420897,37.6159597,28.8,15,2443311250
2026-09-23T07:24:00Z,м1-20260923-003,vehicle-903,55.7441157,37.6145701,28.8,15,1253685229
2026-09-23T07:25:00Z,м1-20260923-003,vehicle-903,55.7480395,37.6113911,28.8,15,1253685229
2026-09-23T07:26:00Z,м1-20260923-003,vehicle-903,55.751764,37.6104346,28.8,15,1253685229
2026-09-23T07:27:00Z,м1-20260923-003,vehicle-903,55.7537613,37.6117917,28.8,15,1253685308
2026-09-23T07:28:00Z,м1-20260923-003,vehicle-903,55.7574021,37.6143247,28.8,15,1253685308
2026-09-23T07:29:00Z,м1-20260923-003,vehicle-903,55.7591432,37.6120681,28.8,15,1253685159
2026-09-23T07:30:00Z,м1-20260923-003,vehicle-903,55.7625036,37.6085075,0,15,1253685159
2026-09-23T07:00:00Z,м1-20260923-004,vehicle-904,55.7001756,37.5668552,0,15,10030509212
2026-09-23T07:01:00Z,м1-20260923-004,vehicle-904,55.7019428,37.5699872,28.8,15,10030509211
2026-09-23T07:02:00Z,м1-20260923-004,vehicle-904,55.703492,37.5727099,28.8,15,10030509210
2026-09-23T07:03:00Z,м1-20260923-004,vehicle-904,55.7049932,37.575477,28.8,15,3609899718
2026-09-23T07:04:00Z,м1-20260923-004,vehicle-904,55.7064698,37.5782306,0,15,3609899718
2026-09-23T07:05:00Z,м1-20260923-004,vehicle-904,55.7092195,37.5834567,0,15,10030517760
2026-09-23T07:06:00Z,м1-20260923-004,vehicle-904,55.7111469,37.5861802,28.8,15,10030509209
2026-09-23T07:07:00Z,м1-20260923-004,vehicle-904,55.7128767,37.5884966,28.8,15,10030509207
2026-09-23T07:08:00Z,м1-20260923-004,vehicle-904,55.7150562,37.5914428,0,15,10030509207
2026-09-23T07:09:00Z,м1-20260923-004,vehicle-904,55.7174937,37.5948765,0,15,10030509206
2026-09-23T07:10:00Z,м1-20260923-004,vehicle-904,55.719657,37.5980323,28.8,15,10030517759
2026-09-23T07:11:00Z,м1-20260923-004,vehicle-904,55.7213146,37.600482,28.8,15,10030509203
2026-09-23T07:12:00Z,м1-20260923-004,vehicle-904,55.7242324,37.6048602,0,15,10030509203
2026-09-23T07:13:00Z,м1-20260923-004,vehicle-904,55.7262742,37.6078429,28.8,15,9113867001
2026-09-23T07:14:00Z,м1-20260923-004,vehicle-904,55.7282056,37.6110364,0,15,9113867001
2026-09-23T07:15:00Z,м1-20260923-004,vehicle-904,55.7312996,37.6122626,0,15,9113867003
2026-09-23T07:16:00Z,м1-20260923-004,vehicle-904,55.7339244,37.6128837,28.8,15,9113867005
2026-09-23T07:17:00Z,м1-20260923-004,vehicle-904,55.7359975,37.6139237,28.8,15,9113867008
2026-09-23T07:18:00Z,м1-20260923-004,vehicle-904,55.7380085,37.6152548,28.8,15,9113867007
2026-09-23T07:19:00Z,м1-20260923-004,vehicle-904,55.7400045,37.6165709,28.8,15,2443311250
2026-09-23T07:20:00Z,м1-20260923-004,vehicle-904,55.7437836,37.6148143,0,15,2443311250
2026-09-23T07:21:00Z,м1-20260923-004,vehicle-904,55.7460823,37.6129999,28.8,15,1253685229
2026-09-23T07:22:00Z,м1-20260923-004,vehicle-904,55.7497054,37.6093083,28.8,15,1253685229
2026-09-23T07:23:00Z,м1-20260923-004,vehicle-904,55.7529412,37.6113549,0,15,1253685229
2026-09-23T07:24:00Z,м1-20260923-004,vehicle-904,55.7556709,37.6134467,28.8,15,1253685308
2026-09-23T07:25:00Z,м1-20260923-004,vehicle-904,55.7575462,37.6140434,0,15,1253685308
2026-09-23T07:26:00Z,м1-20260923-004,vehicle-904,55.7610388,37.6101732,28.8,15,1253685159
2026-09-23T07:27:00Z,м1-20260923-004,vehicle-904,55.7628552,37.6080624,28.8,15,1253685175
2026-09-23T07:28:00Z,м1-20260923-004,vehicle-904,55.7657482,37.6036903,0,15,1253685175
2026-09-23T07:29:00Z,м1-20260923-004,vehicle-904,55.7676199,37.6002606,28.8,15,1253685248
2026-09-23T07:30:00Z,м1-20260923-004,vehicle-904,55.7691098,37.5975638,28.8,15,1253685322
2026-09-23T07:00:00Z,м1-20260923-005,vehicle-905,55.7064698,37.5782306,0,15,3609899718
2026-09-23T07:01:00Z,м1-20260923-005,vehicle-905,55.7079371,37.5810397,28.8,15,10030517760
2026-09-23T07:02:00Z,м1-20260923-005,vehicle-905,55.7094236,37.5838232,28.8,15,10030509209
2026-09-23T07:03:00Z,м1-20260923-005,vehicle-905,55.7116098,37.5868025,0,15,10030509209
2026-09-23T07:04:00Z,м1-20260923-005,vehicle-905,55.714604,37.5908074,28.8,15,10030509207
2026-09-23T07:05:00Z,м1-20260923-005,vehicle-905,55.7163047,37.5931965,28.8,15,10030509206
2026-09-23T07:06:00Z,м1-20260923-005,vehicle-905,55.717993,37.5956045,28.8,15,10030517759
2026-09-23T07:07:00Z,м1-20260923-005,vehicle-905,55.7207611,37.5996621,0,15,10030517759
2026-09-23T07:08:00Z,м1-20260923-005,vehicle-905,55.7229543,37.6029854,28.8,15,10030509203
2026-09-23T07:09:00Z,м1-20260923-005,vehicle-905,55.7246153,37.6054317,28.8,15,9113867001
2026-09-23T07:10:00Z,м1-20260923-005,vehicle-905,55.7278685,37.6103802,28.8,15,9113867001
2026-09-23T07:11:00Z,м1-20260923-005,vehicle-905,55.7296275,37.6122865,28.8,15,9113867003
2026-09-23T07:12:00Z,м1-20260923-005,vehicle-905,55.7318015,37.6122845,28.8,15,9113867005
2026-09-23T07:13:00Z,м1-20260923-005,vehicle-905,55.7343449,37.6130469,0,15,9113867005
2026-09-23T07:14:00Z,м1-20260923-005,vehicle-905,55.7374133,37.6148605,0,15,9113867008
2026-09-23T07:15:00Z,м1-20260923-005,vehicle-905,55.7395964,37.6163024,0,15,9113867007
2026-09-23T07:16:00Z,м1-20260923-005,vehicle-905,55.7420897,37.6159597,28.8,15,2443311250
2026-09-23T07:17:00Z,м1-20260923-005,vehicle-905,55.7441157,37.6145701,28.8,15,1253685229
2026-09-23T07:18:00Z,м1-20260923-005,vehicle-905,55.7480395,37.6113911,28.8,15,1253685229
2026-09-23T07:19:00Z,м1-20260923-005,vehicle-905,55.751764,37.6104346,28.8,15,1253685229
2026-09-23T07:20:00Z,м1-20260923-005,vehicle-905,55.7537613,37.6117917,28.8,15,1253685308
2026-09-23T07:21:00Z,м1-20260923-005,vehicle-905,55.7574021,37.6143247,28.8,15,1253685308
2026-09-23T07:22:00Z,м1-20260923-005,vehicle-905,55.7591432,37.6120681,28.8,15,1253685159
2026-09-23T07:23:00Z,м1-20260923-005,vehicle-905,55.7625036,37.6085075,0,15,1253685159
2026-09-23T07:24:00Z,м1-20260923-005,vehicle-905,55.7646037,37.6058141,28.8,15,1253685175
2026-09-23T07:25:00Z,м1-20260923-005,vehicle-905,55.7661015,37.60304,28.8,15,1253685248
2026-09-23T07:26:00Z,м1-20260923-005,vehicle-905,55.7676694,37.6001661,0,15,1253685248
2026-09-23T07:27:00Z,м1-20260923-005,vehicle-905,55.7705421,37.5953161,0,15,1253685322
2026-09-23T07:28:00Z,м1-20260923-005,vehicle-905,55.7722906,37.592342,28.8,15,1253685220
2026-09-23T07:29:00Z,м1-20260923-005,vehicle-905,55.7738547,37.5897017,28.8,15,1253685305
2026-09-23T07:30:00Z,м1-20260923-005,vehicle-905,55.7753899,37.5870515,28.8,15,5041554170
2026-09-23T07:00:00Z,м1-20260923-006,vehicle-906,55.7128767,37.5884966,28.8,15,10030509207
2026-09-23T07:01:00Z,м1-20260923-006,vehicle-906,55.7150562,37.5914428,0,15,10030509207
2026-09-23T07:02:00Z,м1-20260923-006,vehicle-906,55.7174937,37.5948765,0,15,10030509206
2026-09-23T07:03:00Z,м1-20260923-006,vehicle-906,55.719657,37.5980323,28.8,15,10030517759
2026-09-23T07:04:00Z,м1-20260923-006,vehicle-906,55.7213146,37.600482,28.8,15,10030509203
2026-09-23T07:05:00Z,м1-20260923-006,vehicle-906,55.7242324,37.6048602,0,15,10030509203
2026-09-23T07:06:00Z,м1-20260923-006,vehicle-906,55.7262742,37.6078429,28.8,15,9113867001
2026-09-23T07:07:00Z,м1-20260923-006,vehicle-906,55.7282056,37.6110364,0,15,9113867001
2026-09-23T07:08:00Z,м1-20260923-006,vehicle-906,55.7312996,37.6122626,0,15,9113867003
2026-09-23T07:09:00Z,м1-20260923-006,vehicle-906,55.7339244,37.6128837,28.8,15,9113867005
2026-09-23T07:10:00Z,м1-20260923-006,vehicle-906,55.7359975,37.6139237,28.8,15,9113867008
2026-09-23T07:11:00Z,м1-20260923-006,vehicle-906,55.7380085,37.6152548,28.8,15,9113867007
2026-09-23T07:12:00Z,м1-20260923-006,vehicle-906,55.7400045,37.6165709,28.8,15,2443311250
2026-09-23T07:13:00Z,м1-20260923-006,vehicle-906,55.7437836,37.6148143,0,15,2443311250
2026-09-23T07:14:00Z,м1-20260923-006,vehicle-906,55.7460823,37.6129999,28.8,15,1253685229
2026-09-23T07:15:00Z,м1-20260923-006,vehicle-906,55.7497054,37.6093083,28.8,15,1253685229
2026-09-23T07:16:00Z,м1-20260923-006,vehicle-906,55.7529412,37.6113549,0,15,1253685229
2026-09-23T07:17:00Z,м1-20260923-006,vehicle-906,55.7556709,37.6134467,28.8,15,1253685308
2026-09-23T07:18:00Z,м1-20260923-006,vehicle-906,55.7575462,37.6140434,0,15,1253685308
2026-09-23T07:19:00Z,м1-20260923-006,vehicle-906,55.7610388,37.6101732,28.8,15,1253685159
2026-09-23T07:20:00Z,м1-20260923-006,vehicle-906,55.7628552,37.6080624,28.8,15,1253685175
2026-09-23T07:21:00Z,м1-20260923-006,vehicle-906,55.7657482,37.6036903,0,15,1253685175
2026-09-23T07:22:00Z,м1-20260923-006,vehicle-906,55.7676199,37.6002606,28.8,15,1253685248
2026-09-23T07:23:00Z,м1-20260923-006,vehicle-906,55.7691098,37.5975638,28.8,15,1253685322
2026-09-23T07:24:00Z,м1-20260923-006,vehicle-906,55.7707012,37.5950458,28.8,15,1253685220
2026-09-23T07:25:00Z,м1-20260923-006,vehicle-906,55.7726083,37.5918008,0,15,1253685220
2026-09-23T07:26:00Z,м1-20260923-006,vehicle-906,55.7748853,37.5879374,0,15,1253685305
2026-09-23T07:27:00Z,м1-20260923-006,vehicle-906,55.7766422,37.5848201,0,15,5041554170
2026-09-23T07:28:00Z,м1-20260923-006,vehicle-906,55.7783192,37.5814464,28.8,15,1253685272
2026-09-23T07:29:00Z,м1-20260923-006,vehicle-906,55.7798996,37.5788533,0,15,1253685272
2026-09-23T07:30:00Z,м1-20260923-006,vehicle-906,55.7816081,37.575182,0,15,1253685152
2026-09-23T07:00:00Z,м1-20260923-007,vehicle-907,55.7215857,37.6009038,28.8,-20,10030509203
2026-09-23T07:01:00Z,м1-20260923-007,vehicle-907,55.7242324,37.6048602,0,-20,10030509203
2026-09-23T07:02:00Z,м1-20260923-007,vehicle-907,55.7265509,37.6082442,28.8,-20,9113867001
2026-09-23T07:03:00Z,м1-20260923-007,vehicle-907,55.7282056,37.6110364,0,-20,9113867001
2026-09-23T07:04:00Z,м1-20260923-007,vehicle-907,55.7312996,37.6122626,0,-20,9113867003
2026-09-23T07:05:00Z,м1-20260923-007,vehicle-907,55.7342748,37.6130197,28.8,-20,9113867005
2026-09-23T07:06:00Z,м1-20260923-007,vehicle-907,55.7363343,37.614148,28.8,-20,9113867008
2026-09-23T07:07:00Z,м1-20260923-007,vehicle-907,55.7383391,37.6154739,28.8,-20,9113867007
2026-09-23T07:08:00Z,м1-20260923-007,vehicle-907,55.7403509,37.6167595,28.8,-20,2443311250
2026-09-23T07:09:00Z,м1-20260923-007,vehicle-907,55.7437836,37.6148143,0,-20,2443311250
2026-09-23T07:10:00Z,м1-20260923-007,vehicle-907,55.7464085,37.6127317,28.8,-20,1253685229
2026-09-23T07:11:00Z,м1-20260923-007,vehicle-907,55.7500545,37.6094502,28.8,-20,1253685229
2026-09-23T07:12:00Z,м1-20260923-007,vehicle-907,55.7529412,37.6113549,0,-20,1253685229
2026-09-23T07:13:00Z,м1-20260923-007,vehicle-907,55.7559732,37.6137833,28.8,-20,1253685308
2026-09-23T07:14:00Z,м1-20260923-007,vehicle-907,55.757648,37.6138599,28.8,-20,1253685159
2026-09-23T07:15:00Z,м1-20260923-007,vehicle-907,55.7613536,37.6098537,28.8,-20,1253685159
2026-09-23T07:16:00Z,м1-20260923-007,vehicle-907,55.7631476,37.60769,28.8,-20,1253685175
2026-09-23T07:17:00Z,м1-20260923-007,vehicle-907,55.7657482,37.6036903,0,-20,1253685175
2026-09-23T07:18:00Z,м1-20260923-007,vehicle-907,55.7676694,37.6001661,0,-20,1253685248
2026-09-23T07:19:00Z,м1-20260923-007,vehicle-907,55.7693629,37.5971235,28.8,-20,1253685322
2026-09-23T07:20:00Z,м1-20260923-007,vehicle-907,55.7709662,37.5945954,28.8,-20,1253685220
2026-09-23T07:21:00Z,м1-20260923-007,vehicle-907,55.7726083,37.5918008,0,-20,1253685220
2026-09-23T07:22:00Z,м1-20260923-007,vehicle-907,55.7748853,37.5879374,0,-20,1253685305
2026-09-23T07:23:00Z,м1-20260923-007,vehicle-907,55.7766422,37.5848201,0,-20,5041554170
2026-09-23T07:24:00Z,м1-20260923-007,vehicle-907,55.7785711,37.5809887,28.8,-20,1253685272
2026-09-23T07:25:00Z,м1-20260923-007,vehicle-907,55.780129,37.5783551,28.8,-20,1253685152
2026-09-23T07:26:00Z,м1-20260923-007,vehicle-907,55.7816081,37.575182,0,-20,1253685152
2026-09-23T07:27:00Z,м1-20260923-007,vehicle-907,55.782884,37.5723892,0,-20,1253685235
2026-09-23T07:28:00Z,м1-20260923-007,vehicle-907,55.7849872,37.5678453,0,-20,1253685318
2026-09-23T07:29:00Z,м1-20260923-007,vehicle-907,55.7869681,37.5634562,28.8,-20,1253685218
2026-09-23T07:30:00Z,м1-20260923-007,vehicle-907,55.7888881,37.559142,0,-20,1253685218
2026-09-23T07:00:00Z,418-20260923-000,vehicle-910,55.7926128,37.6331945,0,15,1032423329
2026-09-23T07:01:00Z,418-20260923-000,vehicle-910,55.7919261,37.6324928,28.8,15,10742508013
2026-09-23T07:02:00Z,418-20260923-000,vehicle-910,55.7926349,37.627398,0,15,10742508013
2026-09-23T07:03:00Z,418-20260923-000,vehicle-910,55.792829,37.6238154,0,15,10742508012
2026-09-23T07:04:00Z,418-20260923-000,vehicle-910,55.793269,37.6181949,0,15,3617771183
2026-09-23T07:05:00Z,418-20260923-000,vehicle-910,55.7933203,37.6143805,0,15,10769947765
2026-09-23T07:06:00Z,418-20260923-000,vehicle-910,55.7931428,37.6099022,28.8,15,10769947764
2026-09-23T07:07:00Z,418-20260923-000,vehicle-910,55.7929405,37.6061011,28.8,15,10769947766
2026-09-23T07:08:00Z,418-20260923-000,vehicle-910,55.7927283,37.6023303,28.8,15,10769940169
2026-09-23T07:09:00Z,418-20260923-000,vehicle-910,55.7923026,37.5949606,0,15,10769940169
2026-09-23T07:10:00Z,418-20260923-000,vehicle-910,55.7923551,37.5908455,28.8,15,10770758620
2026-09-23T07:11:00Z,418-20260923-000,vehicle-910,55.7889124,37.5882979,0,15,10770758620
2026-09-23T07:12:00Z,418-20260923-000,vehicle-910,55.7867873,37.5877058,28.8,15,10770758618
2026-09-23T07:13:00Z,418-20260923-000,vehicle-910,55.7846656,37.5870978,28.8,15,1136163537
2026-09-23T07:14:00Z,418-20260923-000,vehicle-910,55.780493,37.5859149,0,15,1136163537
2026-09-23T07:15:00Z,418-20260923-000,vehicle-910,55.7785408,37.5853444,0,15,10770758615
2026-09-23T07:16:00Z,418-20260923-000,vehicle-910,55.7773244,37.5828086,28.8,15,5129194363
2026-09-23T07:17:00Z,418-20260923-000,vehicle-910,55.775426,37.5831198,28.8,15,10599880588
2026-09-23T07:18:00Z,418-20260923-000,vehicle-910,55.7742388,37.5802953,28.8,15,10599880590
2026-09-23T07:19:00Z,418-20260923-000,vehicle-910,55.7731141,37.5769818,28.8,15,10599880595
2026-09-23T07:20:00Z,418-20260923-000,vehicle-910,55.7720463,37.5716635,0,15,10599880595
2026-09-23T07:21:00Z,418-20260923-000,vehicle-910,55.7704061,37.5670162,28.8,15,10599880596
2026-09-23T07:22:00Z,418-20260923-000,vehicle-910,55.7689659,37.5652651,28.8,15,10599880600
2026-09-23T07:23:00Z,418-20260923-000,vehicle-910,55.7668261,37.5646581,28.8,15,8185422663
2026-09-23T07:24:00Z,418-20260923-000,vehicle-910,55.7637349,37.5637731,0,15,8185422663
2026-09-23T07:25:00Z,418-20260923-000,vehicle-910,55.7607265,37.5613262,28.8,15,10601114153
2026-09-23T07:26:00Z,418-20260923-000,vehicle-910,55.7590182,37.5592702,28.8,15,10601114156
2026-09-23T07:27:00Z,418-20260923-000,vehicle-910,55.7584623,37.5522625,0,15,10601114156
2026-09-23T07:28:00Z,418-20260923-000,vehicle-910,55.7577237,37.5480146,28.8,15,10601114158
2026-09-23T07:29:00Z,418-20260923-000,vehicle-910,55.7571599,37.5443279,28.8,15,10599895153
2026-09-23T07:30:00Z,418-20260923-000,vehicle-910,55.7569541,37.540219,0,15,10599895153
2026-09-23T07:00:00Z,418-20260923-001,vehicle-911,55.7930552,37.6213989,28.8,15,3617771183
2026-09-23T07:01:00Z,418-20260923-001,vehicle-911,55.7933042,37.6175608,28.8,15,10769947765
2026-09-23T07:02:00Z,418-20260923-001,vehicle-911,55.7932988,37.6137403,28.8,15,10769947764
2026-09-23T07:03:00Z,418-20260923-001,vehicle-911,55.7930415,37.6074717,0,15,10769947764
2026-09-23T07:04:00Z,418-20260923-001,vehicle-911,55.7927744,37.6034792,0,15,10769947766
2026-09-23T07:05:00Z,418-20260923-001,vehicle-911,55.7924929,37.5985156,28.8,15,10769940169
2026-09-23T07:06:00Z,418-20260923-001,vehicle-911,55.7923159,37.5947044,28.8,15,10770758620
2026-09-23T07:07:00Z,418-20260923-001,vehicle-911,55.7910719,37.5885449,28.8,15,10770758620
2026-09-23T07:08:00Z,418-20260923-001,vehicle-911,55.7889124,37.5882979,0,15,10770758620
2026-09-23T07:09:00Z,418-20260923-001,vehicle-911,55.7862912,37.5875705,0,15,10770758618
2026-09-23T07:10:00Z,418-20260923-001,vehicle-911,55.7825444,37.5864913,28.8,15,1136163537
2026-09-23T07:11:00Z,418-20260923-001,vehicle-911,55.7804207,37.585894,28.8,15,10770758615
2026-09-23T07:12:00Z,418-20260923-001,vehicle-911,55.7782667,37.5852291,28.8,15,5129194363
2026-09-23T07:13:00Z,418-20260923-001,vehicle-911,55.7770584,37.5823941,0,15,5129194363
2026-09-23T07:14:00Z,418-20260923-001,vehicle-911,55.7749865,37.5825288,0,15,10599880588
2026-09-23T07:15:00Z,418-20260923-001,vehicle-911,55.7735191,37.5781835,0,15,10599880590
2026-09-23T07:16:00Z,418-20260923-001,vehicle-911,55.7727278,37.5734533,28.8,15,10599880595
2026-09-23T07:17:00Z,418-20260923-001,vehicle-911,55.7715499,37.5702591,28.8,15,10599880596
2026-09-23T07:18:00Z,418-20260923-001,vehicle-911,55.7700976,37.5661553,0,15,10599880596
2026-09-23T07:19:00Z,418-20260923-001,vehicle-911,55.7669668,37.5646972,0,15,10599880600
2026-09-23T07:20:00Z,418-20260923-001,vehicle-911,55.7647174,37.5640662,28.8,15,8185422663
2026-09-23T07:21:00Z,418-20260923-001,vehicle-911,55.7626676,37.5630357,28.8,15,10601114153
2026-09-23T07:22:00Z,418-20260923-001,vehicle-911,55.7599343,37.5606996,0,15,10601114153
2026-09-23T07:23:00Z,418-20260923-001,vehicle-911,55.7587916,37.5554227,28.8,15,10601114156
2026-09-23T07:24:00Z,418-20260923-001,vehicle-911,55.7583548,37.5516567,28.8,15,10601114158
2026-09-23T07:25:00Z,418-20260923-001,vehicle-911,55.7572849,37.5451999,0,15,10601114158
2026-09-23T07:26:00Z,418-20260923-001,vehicle-911,55.7565099,37.5408772,28.8,15,10599895153
2026-09-23T07:27:00Z,418-20260923-001,vehicle-911,55.7583019,37.5388332,28.8,15,10624387952
2026-09-23T07:28:00Z,418-20260923-001,vehicle-911,55.760386,37.5392304,28.8,15,10599895158
2026-09-23T07:29:00Z,418-20260923-001,vehicle-911,55.7619238,37.5385082,28.8,15,10770786423
2026-09-23T07:30:00Z,418-20260923-001,vehicle-911,55.7650882,37.5377387,0,15,10770786423
2026-09-23T07:00:00Z,418-20260923-002,vehicle-912,55.7929405,37.6061011,28.8,15,10769947766
2026-09-23T07:01:00Z,418-20260923-002,vehicle-912,55.7927283,37.6023303,28.8,15,10769940169
2026-09-23T07:02:00Z,418-20260923-002,vehicle-912,55.7923026,37.5949606,0,15,10769940169
2026-09-23T07:03:00Z,418-20260923-002,vehicle-912,55.7923551,37.5908455,28.8,15,10770758620
2026-09-23T07:04:00Z,418-20260923-002,vehicle-912,55.7889124,37.5882979,0,15,10770758620
2026-09-23T07:05:00Z,418-20260923-002,vehicle-912,55.7867873,37.5877058,28.8,15,10770758618
2026-09-23T07:06:00Z,418-20260923-002,vehicle-912,55.7846656,37.5870978,28.8,15,1136163537
2026-09-23T07:07:00Z,418-20260923-002,vehicle-912,55.780493,37.5859149,0,15,1136163537
2026-09-23T07:08:00Z,418-20260923-002,vehicle-912,55.7785408,37.5853444,0,15,10770758615
2026-09-23T07:09:00Z,418-20260923-002,vehicle-912,55.7773244,37.5828086,28.8,15,5129194363
2026-09-23T07:10:00Z,418-20260923-002,vehicle-912,55.775426,37.5831198,28.8,15,10599880588
2026-09-23T07:11:00Z,418-20260923-002,vehicle-912,55.7742388,37.5802953,28.8,15,10599880590
2026-09-23T07:12:00Z,418-20260923-002,vehicle-912,55.7731141,37.5769818,28.8,15,10599880595
2026-09-23T07:13:00Z,418-20260923-002,vehicle-912,55.7720463,37.5716635,0,15,10599880595
2026-09-23T07:14:00Z,418-20260923-002,vehicle-912,55.7704061,37.5670162,28.8,15,10599880596
2026-09-23T07:15:00Z,418-20260923-002,vehicle-912,55.7689659,37.5652651,28.8,15,10599880600
2026-09-23T07:16:00Z,418-20260923-002,vehicle-912,55.7668261,37.5646581,28.8,15,8185422663
2026-09-23T07:17:00Z,418-20260923-002,vehicle-912,55.7637349,37.5637731,0,15,8185422663
2026-09-23T07:18:00Z,418-20260923-002,vehicle-912,55.7607265,37.5613262,28.8,15,10601114153
2026-09-23T07:19:00Z,418-20260923-002,vehicle-912,55.7590182,37.5592702,28.8,15,10601114156
2026-09-23T07:20:00Z,418-20260923-002,vehicle-912,55.7584623,37.5522625,0,15,10601114156
2026-09-23T07:21:00Z,418-20260923-002,vehicle-912,55.7577237,37.5480146,28.8,15,10601114158
2026-09-23T07:22:00Z,418-20260923-002,vehicle-912,55.7571599,37.5443279,28.8,15,10599895153
2026-09-23T07:23:00Z,418-20260923-002,vehicle-912,55.7569541,37.540219,0,15,10599895153
2026-09-23T07:24:00Z,418-20260923-002,vehicle-912,55.7588507,37.5386302,0,15,10624387952
2026-09-23T07:25:00Z,418-20260923-002,vehicle-912,55.7614331,37.5396379,0,15,10599895158
2026-09-23T07:26:00Z,418-20260923-002,vehicle-912,55.7631951,37.5370198,28.8,15,10770786423
2026-09-23T07:27:00Z,418-20260923-002,vehicle-912,55.7653031,37.5378224,28.8,15,10770786422
2026-09-23T07:28:00Z,418-20260923-002,vehicle-912,55.7653359,37.5408116,28.8,15,10624387951
2026-09-23T07:29:00Z,418-20260923-002,vehicle-912,55.7646177,37.5408693,0,15,10624387951
2026-09-23T07:30:00Z,418-20260923-002,vehicle-912,55.7646177,37.5408693,0,15,10624387951
2026-09-23T07:00:00Z,418-20260923-003,vehicle-913,55.7910719,37.5885449,28.8,15,10770758620
2026-09-23T07:01:00Z,418-20260923-003,vehicle-913,55.7889124,37.5882979,0,15,10770758620
2026-09-23T07:02:00Z,418-20260923-003,vehicle-913,55.7862912,37.5875705,0,15,10770758618
2026-09-23T07:03:00Z,418-20260923-003,vehicle-913,55.7825444,37.5864913,28.8,15,1136163537
2026-09-23T07:04:00Z,418-20260923-003,vehicle-913,55.7804207,37.585894,28.8,15,10770758615
2026-09-23T07:05:00Z,418-20260923-003,vehicle-913,55.7782667,37.5852291,28.8,15,5129194363
2026-09-23T07:06:00Z,418-20260923-003,vehicle-913,55.7770584,37.5823941,0,15,5129194363
2026-09-23T07:07:00Z,418-20260923-003,vehicle-913,55.7749865,37.5825288,0,15,10599880588
2026-09-23T07:08:00Z,418-20260923-003,vehicle-913,55.7735191,37.5781835,0,15,10599880590
2026-09-23T07:09:00Z,418-20260923-003,vehicle-913,55.7727278,37.5734533,28.8,15,10599880595
2026-09-23T07:10:00Z,418-20260923-003,vehicle-913,55.7715499,37.5702591,28.8,15,10599880596
2026-09-23T07:11:00Z,418-20260923-003,vehicle-913,55.7700976,37.5661553,0,15,10599880596
2026-09-23T07:12:00Z,418-20260923-003,vehicle-913,55.7669668,37.5646972,0,15,10599880600
2026-09-23T07:13:00Z,418-20260923-003,vehicle-913,55.7647174,37.5640662,28.8,15,8185422663
2026-09-23T07:14:00Z,418-20260923-003,vehicle-913,55.7626676,37.5630357,28.8,15,10601114153
2026-09-23T07:15:00Z,418-20260923-003,vehicle-913,55.7599343,37.5606996,0,15,10601114153
2026-09-23T07:16:00Z,418-20260923-003,vehicle-913,55.7587916,37.5554227,28.8,15,10601114156
2026-09-23T07:17:00Z,418-20260923-003,vehicle-913,55.7583548,37.5516567,28.8,15,10601114158
2026-09-23T07:18:00Z,418-20260923-003,vehicle-913,55.7572849,37.5451999,0,15,10601114158
2026-09-23T07:19:00Z,418-20260923-003,vehicle-913,55.7565099,37.5408772,28.8,15,10599895153
2026-09-23T07:20:00Z,418-20260923-003,vehicle-913,55.7583019,37.5388332,28.8,15,10624387952
2026-09-23T07:21:00Z,418-20260923-003,vehicle-913,55.760386,37.5392304,28.8,15,10599895158
2026-09-23T07:22:00Z,418-20260923-003,vehicle-913,55.7619238,37.5385082,28.8,15,10770786423
2026-09-23T07:23:00Z,418-20260923-003,vehicle-913,55.7650882,37.5377387,0,15,10770786423
2026-09-23T07:24:00Z,418-20260923-003,vehicle-913,55.7655522,37.5400178,0,15,10770786422
2026-09-23T07:25:00Z,418-20260923-003,vehicle-913,55.7646177,37.5408693,0,15,10624387951
2026-09-23T07:26:00Z,418-20260923-003,vehicle-913,55.7646177,37.5408693,0,15,10624387951
2026-09-23T07:27:00Z,418-20260923-003,vehicle-913,55.7646177,37.5408693,0,15,10624387951
2026-09-23T07:28:00Z,418-20260923-003,vehicle-913,55.7646177,37.5408693,0,15,10624387951
2026-09-23T07:29:00Z,418-20260923-003,vehicle-913,55.7646177,37.5408693,0,15,10624387951
2026-09-23T07:30:00Z,418-20260923-003,vehicle-913,55.7646177,37.5408693,0,15,10624387951
2026-09-23T07:00:00Z,418-20260923-004,vehicle-914,55.780493,37.5859149,0,15,1136163537
2026-09-23T07:01:00Z,418-20260923-004,vehicle-914,55.7785408,37.5853444,0,15,10770758615
2026-09-23T07:02:00Z,418-20260923-004,vehicle-914,55.7773244,37.5828086,28.8,15,5129194363
2026-09-23T07:03:00Z,418-20260923-004,vehicle-914,55.775426,37.5831198,28.8,15,10599880588
2026-09-23T07:04:00Z,418-20260923-004,vehicle-914,55.7742388,37.5802953,28.8,15,10599880590
2026-09-23T07:05:00Z,418-20260923-004,vehicle-914,55.7731141,37.5769818,28.8,15,10599880595
2026-09-23T07:06:00Z,418-20260923-004,vehicle-914,55.7720463,37.5716635,0,15,10599880595
2026-09-23T07:07:00Z,418-20260923-004,vehicle-914,55.7704061,37.5670162,28.8,15,10599880596
2026-09-23T07:08:00Z,418-20260923-004,vehicle-914,55.7689659,37.5652651,28.8,15,10599880600
2026-09-23T07:09:00Z,418-20260923-004,vehicle-914,55.7668261,37.5646581,28.8,15,8185422663
2026-09-23T07:10:00Z,418-20260923-004,vehicle-914,55.7637349,37.5637731,0,15,8185422663
2026-09-23T07:11:00Z,418-20260923-004,vehicle-914,55.7607265,37.5613262,28.8,15,10601114153
2026-09-23T07:12:00Z,418-20260923-004,vehicle-914,55.7590182,37.5592702,28.8,15,10601114156
2026-09-23T07:13:00Z,418-20260923-004,vehicle-914,55.7584623,37.5522625,0,15,10601114156
2026-09-23T07:14:00Z,418-20260923-004,vehicle-914,55.7577237,37.5480146,28.8,15,10601114158
2026-09-23T07:15:00Z,418-20260923-004,vehicle-914,55.7571599,37.5443279,28.8,15,10599895153
2026-09-23T07:16:00Z,418-20260923-004,vehicle-914,55.7569541,37.540219,0,15,10599895153
2026-09-23T07:17:00Z,418-20260923-004,vehicle-914,55.7588507,37.5386302,0,15,10624387952
2026-09-23T07:18:00Z,418-20260923-004,vehicle-914,55.7614331,37.5396379,0,15,10599895158
2026-09-23T07:19:00Z,418-20260923-004,vehicle-914,55.7631951,37.5370198,28.8,15,10770786423
2026-09-23T07:20:00Z,418-20260923-004,vehicle-914,55.7653031,37.5378224,28.8,15,10770786422
2026-09-23T07:21:00Z,418-20260923-004,vehicle-914,55.7653359,37.5408116,28.8,15,10624387951
2026-09-23T07:22:00Z,418-20260923-004,vehicle-914,55.7646177,37.5408693,0,15,10624387951
2026-09-23T07:23:00Z,418-20260923-004,vehicle-914,55.7646177,37.5408693,0,15,10624387951
2026-09-23T07:24:00Z,418-20260923-004,vehicle-914,55.7646177,37.5408693,0,15,10624387951
2026-09-23T07:25:00Z,418-20260923-004,vehicle-914,55.7646177,37.5408693,0,15,10624387951
2026-09-23T07:26:00Z,418-20260923-004,vehicle-914,55.7646177,37.5408693,0,15,10624387951
2026-09-23T07:27:00Z,418-20260923-004,vehicle-914,55.7646177,37.5408693,0,15,10624387951
2026-09-23T07:28:00Z,418-20260923-004,vehicle-914,55.7646177,37.5408693,0,15,10624387951
2026-09-23T07:29:00Z,418-20260923-004,vehicle-914,55.7646177,37.5408693,0,15,10624387951
2026-09-23T07:30:00Z,418-20260923-004,vehicle-914,55.7646177,37.5408693,0,15,10624387951
2026-09-23T07:00:00Z,418-20260923-005,vehicle-915,55.7749865,37.5825288,0,15,10599880588
2026-09-23T07:01:00Z,418-20260923-005,vehicle-915,55.7735191,37.5781835,0,15,10599880590
2026-09-23T07:02:00Z,418-20260923-005,vehicle-915,55.7727278,37.5734533,28.8,15,10599880595
2026-09-23T07:03:00Z,418-20260923-005,vehicle-915,55.7715499,37.5702591,28.8,15,10599880596
2026-09-23T07:04:00Z,418-20260923-005,vehicle-915,55.7700976,37.5661553,0,15,10599880596
2026-09-23T07:05:00Z,418-20260923-005,vehicle-915,55.7669668,37.5646972,0,15,10599880600
2026-09-23T07:06:00Z,418-20260923-005,vehicle-915,55.7647174,37.5640662,28.8,15,8185422663
2026-09-23T07:07:00Z,418-20260923-005,vehicle-915,55.7626676,37.5630357,28.8,15,10601114153
2026-09-23T07:08:00Z,418-20260923-005,vehicle-915,55.7599343,37.5606996,0,15,10601114153
2026-09-23T07:09:00Z,418-20260923-005,vehicle-915,55.7587916,37.5554227,28.8,15,10601114156
2026-09-23T07:10:00Z,418-20260923-005,vehicle-915,55.7583548,37.5516567,28.8,15,10601114158
2026-09-23T07:11:00Z,418-20260923-005,vehicle-915,55.7572849,37.5451999,0,15,10601114158
2026-09-23T07:12:00Z,418-20260923-005,vehicle-915,55.7565099,37.5408772,28.8,15,10599895153
2026-09-23T07:13:00Z,418-20260923-005,vehicle-915,55.7583019,37.5388332,28.8,15,10624387952
2026-09-23T07:14:00Z,418-20260923-005,vehicle-915,55.760386,37.5392304,28.8,15,10599895158
2026-09-23T07:15:00Z,418-20260923-005,vehicle-915,55.7619238,37.5385082,28.8,15,10770786423
2026-09-23T07:16:00Z,418-20260923-005,vehicle-915,55.7650882,37.5377387,0,15,10770786423
2026-09-23T07:17:00Z,418-20260923-005,vehicle-915,55.7655522,37.5400178,0,15,10770786422
2026-09-23T07:18:00Z,418-20260923-005,vehicle-915,55.7646177,37.5408693,0,15,10624387951
2026-09-23T07:19:00Z,418-20260923-005,vehicle-915,55.7646177,37.5408693,0,15,10624387951
2026-09-23T07:20:00Z,418-20260923-005,vehicle-915,55.7646177,37.5408693,0,15,10624387951
2026-09-23T07:21:00Z,418-20260923-005,vehicle-915,55.7646177,37.5408693,0,15,10624387951
2026-09-23T07:22:00Z,418-20260923-005,vehicle-915,55.7646177,37.5408693,0,15,10624387951
2026-09-23T07:23:00Z,418-20260923-005,vehicle-915,55.7646177,37.5408693,0,15,10624387951
2026-09-23T07:24:00Z,418-20260923-005,vehicle-915,55.7646177,37.5408693,0,15,10624387951
2026-09-23T07:25:00Z,418-20260923-005,vehicle-915,55.7646177,37.5408693,0,15,10624387951
2026-09-23T07:26:00Z,418-20260923-005,vehicle-915,55.7646177,37.5408693,0,15,10624387951
2026-09-23T07:27:00Z,418-20260923-005,vehicle-915,55.7646177,37.5408693,0,15,10624387951
2026-09-23T07:28:00Z,418-20260923-005,vehicle-915,55.7646177,37.5408693,0,15,10624387951
2026-09-23T07:29:00Z,418-20260923-005,vehicle-915,55.7646177,37.5408693,0,15,10624387951
2026-09-23T07:30:00Z,418-20260923-005,vehicle-915,55.7646177,37.5408693,0,15,10624387951
2026-09-23T07:00:00Z,418-20260923-006,vehicle-916,55.7704061,37.5670162,28.8,15,10599880596
2026-09-23T07:01:00Z,418-20260923-006,vehicle-916,55.7689659,37.5652651,28.8,15,10599880600
2026-09-23T07:02:00Z,418-20260923-006,vehicle-916,55.7668261,37.5646581,28.8,15,8185422663
2026-09-23T07:03:00Z,418-20260923-006,vehicle-916,55.7637349,37.5637731,0,15,8185422663
2026-09-23T07:04:00Z,418-20260923-006,vehicle-916,55.7607265,37.5613262,28.8,15,10601114153
2026-09-23T07:05:00Z,418-20260923-006,vehicle-916,55.7590182,37.5592702,28.8,15,10601114156
2026-09-23T07:06:00Z,418-20260923-006,vehicle-916,55.7584623,37.5522625,0,15,10601114156
2026-09-23T07:07:00Z,418-20260923-006,vehicle-916,55.7577237,37.5480146,28.8,15,10601114158
2026-09-23T07:08:00Z,418-20260923-006,vehicle-916,55.7571599,37.5443279,28.8,15,10599895153
2026-09-23T07:09:00Z,418-20260923-006,vehicle-916,55.7569541,37.540219,0,15,10599895153
2026-09-23T07:10:00Z,418-20260923-006,vehicle-916,55.7588507,37.5386302,0,15,10624387952
2026-09-23T07:11:00Z,418-20260923-006,vehicle-916,55.7614331,37.5396379,0,15,10599895158
2026-09-23T07:12:00Z,418-20260923-006,vehicle-916,55.7631951,37.5370198,28.8,15,10770786423
2026-09-23T07:13:00Z,418-20260923-006,vehicle-916,55.7653031,37.5378224,28.8,15,10770786422
2026-09-23T07:14:00Z,418-20260923-006,vehicle-916,55.7653359,37.5408116,28.8,15,10624387951
2026-09-23T07:15:00Z,418-20260923-006,vehicle-916,55.7646177,37.5408693,0,15,10624387951
2026-09-23T07:16:00Z,418-20260923-006,vehicle-916,55.7646177,37.5408693,0,15,10624387951
2026-09-23T07:17:00Z,418-20260923-006,vehicle-916,55.7646177,37.5408693,0,15,10624387951
2026-09-23T07:18:00Z,418-20260923-006,vehicle-916,55.7646177,37.5408693,0,15,10624387951
2026-09-23T07:19:00Z,418-20260923-006,vehicle-916,55.7646177,37.5408693,0,15,10624387951
2026-09-23T07:20:00Z,418-20260923-006,vehicle-916,55.7646177,37.5408693,0,15,10624387951
2026-09-23T07:21:00Z,418-20260923-006,vehicle-916,55.7646177,37.5408693,0,15,10624387951
2026-09-23T07:22:00Z,418-20260923-006,vehicle-916,55.7646177,37.5408693,0,15,10624387951
2026-09-23T07:23:00Z,418-20260923-006,vehicle-916,55.7646177,37.5408693,0,15,10624387951
2026-09-23T07:24:00Z,418-20260923-006,vehicle-916,55.7646177,37.5408693,0,15,10624387951
2026-09-23T07:25:00Z,418-20260923-006,vehicle-916,55.7646177,37.5408693,0,15,10624387951
2026-09-23T07:26:00Z,418-20260923-006,vehicle-916,55.7646177,37.5408693,0,15,10624387951
2026-09-23T07:27:00Z,418-20260923-006,vehicle-916,55.7646177,37.5408693,0,15,10624387951
2026-09-23T07:28:00Z,418-20260923-006,vehicle-916,55.7646177,37.5408693,0,15,10624387951
2026-09-23T07:29:00Z,418-20260923-006,vehicle-916,55.7646177,37.5408693,0,15,10624387951
2026-09-23T07:30:00Z,418-20260923-006,vehicle-916,55.7646177,37.5408693,0,15,10624387951
2026-09-23T07:00:00Z,418-20260923-007,vehicle-917,55.7603964,37.5610651,28.8,-20,10601114153
2026-09-23T07:01:00Z,418-20260923-007,vehicle-917,55.7589772,37.5586296,28.8,-20,10601114156
2026-09-23T07:02:00Z,418-20260923-007,vehicle-917,55.7584623,37.5522625,0,-20,10601114156
2026-09-23T07:03:00Z,418-20260923-007,vehicle-917,55.7576207,37.5474063,28.8,-20,10601114158
2026-09-23T07:04:00Z,418-20260923-007,vehicle-917,55.7570462,37.5437183,28.8,-20,10599895153
2026-09-23T07:05:00Z,418-20260923-007,vehicle-917,55.7569541,37.540219,0,-20,10599895153
2026-09-23T07:06:00Z,418-20260923-007,vehicle-917,55.7588507,37.5386302,0,-20,10624387952
2026-09-23T07:07:00Z,418-20260923-007,vehicle-917,55.7614331,37.5396379,0,-20,10599895158
2026-09-23T07:08:00Z,418-20260923-007,vehicle-917,55.7635457,37.5371524,28.8,-20,10770786423
2026-09-23T07:09:00Z,418-20260923-007,vehicle-917,55.7656612,37.5379619,28.8,-20,10770786422
2026-09-23T07:10:00Z,418-20260923-007,vehicle-917,55.7650329,37.5410322,28.8,-20,10624387951
2026-09-23T07:11:00Z,418-20260923-007,vehicle-917,55.7646177,37.5408693,0,-20,10624387951
2026-09-23T07:12:00Z,418-20260923-007,vehicle-917,55.7646177,37.5408693,0,-20,10624387951
2026-09-23T07:13:00Z,418-20260923-007,vehicle-917,55.7646177,37.5408693,0,-20,10624387951
2026-09-23T07:14:00Z,418-20260923-007,vehicle-917,55.7646177,37.5408693,0,-20,10624387951
2026-09-23T07:15:00Z,418-20260923-007,vehicle-917,55.7646177,37.5408693,0,-20,10624387951
2026-09-23T07:16:00Z,418-20260923-007,vehicle-917,55.7646177,37.5408693,0,-20,10624387951
2026-09-23T07:17:00Z,418-20260923-007,vehicle-917,55.7646177,37.5408693,0,-20,10624387951
2026-09-23T07:18:00Z,418-20260923-007,vehicle-917,55.7646177,37.5408693,0,-20,10624387951
2026-09-23T07:19:00Z,418-20260923-007,vehicle-917,55.7646177,37.5408693,0,-20,10624387951
2026-09-23T07:20:00Z,418-20260923-007,vehicle-917,55.7646177,37.5408693,0,-20,10624387951
2026-09-23T07:21:00Z,418-20260923-007,vehicle-917,55.7646177,37.5408693,0,-20,10624387951
2026-09-23T07:22:00Z,418-20260923-007,vehicle-917,55.7646177,37.5408693,0,-20,10624387951
2026-09-23T07:23:00Z,418-20260923-007,vehicle-917,55.7646177,37.5408693,0,-20,10624387951
2026-09-23T07:24:00Z,418-20260923-007,vehicle-917,55.7646177,37.5408693,0,-20,10624387951
2026-09-23T07:25:00Z,418-20260923-007,vehicle-917,55.7646177,37.5408693,0,-20,10624387951
2026-09-23T07:26:00Z,418-20260923-007,vehicle-917,55.7646177,37.5408693,0,-20,10624387951
2026-09-23T07:27:00Z,418-20260923-007,vehicle-917,55.7646177,37.5408693,0,-20,10624387951
2026-09-23T07:28:00Z,418-20260923-007,vehicle-917,55.7646177,37.5408693,0,-20,10624387951
2026-09-23T07:29:00Z,418-20260923-007,vehicle-917,55.7646177,37.5408693,0,-20,10624387951
2026-09-23T07:30:00Z,418-20260923-007,vehicle-917,55.7646177,37.5408693,0,-20,10624387951
2026-09-23T07:00:00Z,м34-20260923-000,vehicle-920,55.7407754,37.4823436,0,15,2361337263
2026-09-23T07:01:00Z,м34-20260923-000,vehicle-920,55.7417387,37.481455,28.8,15,2407881964
2026-09-23T07:02:00Z,м34-20260923-000,vehicle-920,55.7434408,37.4815235,28.8,15,2565946500
2026-09-23T07:03:00Z,м34-20260923-000,vehicle-920,55.7446314,37.4856513,0,15,2565946500
2026-09-23T07:04:00Z,м34-20260923-000,vehicle-920,55.7460567,37.4905108,0,15,2565946448
2026-09-23T07:05:00Z,м34-20260923-000,vehicle-920,55.7473876,37.4951701,28.8,15,4730949128
2026-09-23T07:06:00Z,м34-20260923-000,vehicle-920,55.7483798,37.4985311,28.8,15,4730949129
2026-09-23T07:07:00Z,м34-20260923-000,vehicle-920,55.7493544,37.5019063,0,15,4730949129
2026-09-23T07:08:00Z,м34-20260923-000,vehicle-920,55.7508702,37.5071687,0,15,4730949131
2026-09-23T07:09:00Z,м34-20260923-000,vehicle-920,55.7521926,37.5122967,28.8,15,597428461
2026-09-23T07:10:00Z,м34-20260923-000,vehicle-920,55.7541182,37.5191968,28.8,15,597428461
2026-09-23T07:11:00Z,м34-20260923-000,vehicle-920,55.7550643,37.5226406,28.8,15,7490301537
2026-09-23T07:12:00Z,м34-20260923-000,vehicle-920,55.7558238,37.52621,28.8,15,10599880586
2026-09-23T07:13:00Z,м34-20260923-000,vehicle-920,55.7560905,37.5302079,0,15,10599880586
2026-09-23T07:14:00Z,м34-20260923-000,vehicle-920,55.7554454,37.5373572,28.8,15,10599895150
2026-09-23T07:15:00Z,м34-20260923-000,vehicle-920,55.7563306,37.5408485,28.8,15,10601114157
2026-09-23T07:16:00Z,м34-20260923-000,vehicle-920,55.7573951,37.5460335,0,15,10601114157
2026-09-23T07:17:00Z,м34-20260923-000,vehicle-920,55.7583773,37.5517836,28.8,15,10601114155
2026-09-23T07:18:00Z,м34-20260923-000,vehicle-920,55.7587971,37.5555111,28.8,15,10601114154
2026-09-23T07:19:00Z,м34-20260923-000,vehicle-920,55.7590193,37.5592838,28.8,15,8185422660
2026-09-23T07:20:00Z,м34-20260923-000,vehicle-920,55.7626754,37.5630426,28.8,15,8185422660
2026-09-23T07:21:00Z,м34-20260923-000,vehicle-920,55.7647385,37.5640723,28.8,15,10599880601
2026-09-23T07:22:00Z,м34-20260923-000,vehicle-920,55.7686059,37.565163,0,15,10599880601
2026-09-23T07:23:00Z,м34-20260923-000,vehicle-920,55.7700088,37.5659258,0,15,10599880597
2026-09-23T07:24:00Z,м34-20260923-000,vehicle-920,55.7716613,37.5705749,28.8,15,10599880594
2026-09-23T07:25:00Z,м34-20260923-000,vehicle-920,55.7728389,37.5737853,28.8,15,10599880591
2026-09-23T07:26:00Z,м34-20260923-000,vehicle-920,55.7732306,37.577324,28.8,15,14170887503
2026-09-23T07:27:00Z,м34-20260923-000,vehicle-920,55.7748528,37.5821228,0,15,14170887503
2026-09-23T07:28:00Z,м34-20260923-000,vehicle-920,55.7766427,37.5848193,0,15,5041554170
2026-09-23T07:29:00Z,м34-20260923-000,vehicle-920,55.7766427,37.5848193,0,15,5041554170
2026-09-23T07:30:00Z,м34-20260923-000,vehicle-920,55.7766427,37.5848193,0,15,5041554170
2026-09-23T07:00:00Z,м34-20260923-001,vehicle-921,55.7454153,37.4883092,28.8,15,2565946448
2026-09-23T07:01:00Z,м34-20260923-001,vehicle-921,55.7464194,37.4917559,28.8,15,4730949128
2026-09-23T07:02:00Z,м34-20260923-001,vehicle-921,55.7474552,37.495395,0,15,4730949128
2026-09-23T07:03:00Z,м34-20260923-001,vehicle-921,55.7493544,37.5019063,0,15,4730949129
2026-09-23T07:04:00Z,м34-20260923-001,vehicle-921,55.7503515,37.5053312,28.8,15,4730949131
2026-09-23T07:05:00Z,м34-20260923-001,vehicle-921,55.7512298,37.5088468,28.8,15,597428461
2026-09-23T07:06:00Z,м34-20260923-001,vehicle-921,55.7531554,37.5157466,28.8,15,597428461
2026-09-23T07:07:00Z,м34-20260923-001,vehicle-921,55.754728,37.5213818,0,15,597428461
2026-09-23T07:08:00Z,м34-20260923-001,vehicle-921,55.7554949,37.5246541,0,15,7490301537
2026-09-23T07:09:00Z,м34-20260923-001,vehicle-921,55.7561174,37.5299567,28.8,15,10599880586
2026-09-23T07:10:00Z,м34-20260923-001,vehicle-921,55.7556084,37.5336664,28.8,15,10599895150
2026-09-23T07:11:00Z,м34-20260923-001,vehicle-921,55.75608,37.5399195,0,15,10599895150
2026-09-23T07:12:00Z,м34-20260923-001,vehicle-921,55.7571726,37.5444066,28.8,15,10601114157
2026-09-23T07:13:00Z,м34-20260923-001,vehicle-921,55.7577413,37.5481182,28.8,15,10601114155
2026-09-23T07:14:00Z,м34-20260923-001,vehicle-921,55.7586731,37.5537557,0,15,10601114155
2026-09-23T07:15:00Z,м34-20260923-001,vehicle-921,55.7590097,37.5591563,0,15,10601114154
2026-09-23T07:16:00Z,м34-20260923-001,vehicle-921,55.7607315,37.5613301,28.8,15,8185422660
2026-09-23T07:17:00Z,м34-20260923-001,vehicle-921,55.7643877,37.5639651,0,15,8185422660
2026-09-23T07:18:00Z,м34-20260923-001,vehicle-921,55.7668483,37.5646642,28.8,15,10599880601
2026-09-23T07:19:00Z,м34-20260923-001,vehicle-921,55.7689692,37.565266,28.8,15,10599880597
2026-09-23T07:20:00Z,м34-20260923-001,vehicle-921,55.7705143,37.5673245,28.8,15,10599880594
2026-09-23T07:21:00Z,м34-20260923-001,vehicle-921,55.7722344,37.5722006,0,15,10599880594
2026-09-23T07:22:00Z,м34-20260923-001,vehicle-921,55.7730817,37.5768893,0,15,10599880591
2026-09-23T07:23:00Z,м34-20260923-001,vehicle-921,55.7743403,37.580592,28.8,15,14170887503
2026-09-23T07:24:00Z,м34-20260923-001,vehicle-921,55.7754806,37.5838562,28.8,15,5041554170
2026-09-23T07:25:00Z,м34-20260923-001,vehicle-921,55.7766427,37.5848193,0,15,5041554170
2026-09-23T07:26:00Z,м34-20260923-001,vehicle-921,55.7766427,37.5848193,0,15,5041554170
2026-09-23T07:27:00Z,м34-20260923-001,vehicle-921,55.7766427,37.5848193,0,15,5041554170
2026-09-23T07:28:00Z,м34-20260923-001,vehicle-921,55.7766427,37.5848193,0,15,5041554170
2026-09-23T07:29:00Z,м34-20260923-001,vehicle-921,55.7766427,37.5848193,0,15,5041554170
2026-09-23T07:30:00Z,м34-20260923-001,vehicle-921,55.7766427,37.5848193,0,15,5041554170
2026-09-23T07:00:00Z,м34-20260923-002,vehicle-922,55.7493544,37.5019063,0,15,4730949129
2026-09-23T07:01:00Z,м34-20260923-002,vehicle-922,55.7508702,37.5071687,0,15,4730949131
2026-09-23T07:02:00Z,м34-20260923-002,vehicle-922,55.7521926,37.5122967,28.8,15,597428461
2026-09-23T07:03:00Z,м34-20260923-002,vehicle-922,55.7541182,37.5191968,28.8,15,597428461
2026-09-23T07:04:00Z,м34-20260923-002,vehicle-922,55.7550643,37.5226406,28.8,15,7490301537
2026-09-23T07:05:00Z,м34-20260923-002,vehicle-922,55.7558238,37.52621,28.8,15,10599880586
2026-09-23T07:06:00Z,м34-20260923-002,vehicle-922,55.7560905,37.5302079,0,15,10599880586
2026-09-23T07:07:00Z,м34-20260923-002,vehicle-922,55.7554454,37.5373572,28.8,15,10599895150
2026-09-23T07:08:00Z,м34-20260923-002,vehicle-922,55.7563306,37.5408485,28.8,15,10601114157
2026-09-23T07:09:00Z,м34-20260923-002,vehicle-922,55.7573951,37.5460335,0,15,10601114157
2026-09-23T07:10:00Z,м34-20260923-002,vehicle-922,55.7583773,37.5517836,28.8,15,10601114155
2026-09-23T07:11:00Z,м34-20260923-002,vehicle-922,55.7587971,37.5555111,28.8,15,10601114154
2026-09-23T07:12:00Z,м34-20260923-002,vehicle-922,55.7590193,37.5592838,28.8,15,8185422660
2026-09-23T07:13:00Z,м34-20260923-002,vehicle-922,55.7626754,37.5630426,28.8,15,8185422660
2026-09-23T07:14:00Z,м34-20260923-002,vehicle-922,55.7647385,37.5640723,28.8,15,10599880601
2026-09-23T07:15:00Z,м34-20260923-002,vehicle-922,55.7686059,37.565163,0,15,10599880601
2026-09-23T07:16:00Z,м34-20260923-002,vehicle-922,55.7700088,37.5659258,0,15,10599880597
2026-09-23T07:17:00Z,м34-20260923-002,vehicle-922,55.7716613,37.5705749,28.8,15,10599880594
2026-09-23T07:18:00Z,м34-20260923-002,vehicle-922,55.7728389,37.5737853,28.8,15,10599880591
2026-09-23T07:19:00Z,м34-20260923-002,vehicle-922,55.7732306,37.577324,28.8,15,14170887503
2026-09-23T07:20:00Z,м34-20260923-002,vehicle-922,55.7748528,37.5821228,0,15,14170887503
2026-09-23T07:21:00Z,м34-20260923-002,vehicle-922,55.7766427,37.5848193,0,15,5041554170
2026-09-23T07:22:00Z,м34-20260923-002,vehicle-922,55.7766427,37.5848193,0,15,5041554170
2026-09-23T07:23:00Z,м34-20260923-002,vehicle-922,55.7766427,37.5848193,0,15,5041554170
2026-09-23T07:24:00Z,м34-20260923-002,vehicle-922,55.7766427,37.5848193,0,15,5041554170
2026-09-23T07:25:00Z,м34-20260923-002,vehicle-922,55.7766427,37.5848193,0,15,5041554170
2026-09-23T07:26:00Z,м34-20260923-002,vehicle-922,55.7766427,37.5848193,0,15,5041554170
2026-09-23T07:27:00Z,м34-20260923-002,vehicle-922,55.7766427,37.5848193,0,15,5041554170
2026-09-23T07:28:00Z,м34-20260923-002,vehicle-922,55.7766427,37.5848193,0,15,5041554170
2026-09-23T07:29:00Z,м34-20260923-002,vehicle-922,55.7766427,37.5848193,0,15,5041554170
2026-09-23T07:30:00Z,м34-20260923-002,vehicle-922,55.7766427,37.5848193,0,15,5041554170
2026-09-23T07:00:00Z,м34-20260923-003,vehicle-923,55.754728,37.5213818,0,15,597428461
2026-09-23T07:01:00Z,м34-20260923-003,vehicle-923,55.7554949,37.5246541,0,15,7490301537
2026-09-23T07:02:00Z,м34-20260923-003,vehicle-923,55.7561174,37.5299567,28.8,15,10599880586
2026-09-23T07:03:00Z,м34-20260923-003,vehicle-923,55.7556084,37.5336664,28.8,15,10599895150
2026-09-23T07:04:00Z,м34-20260923-003,vehicle-923,55.75608,37.5399195,0,15,10599895150
2026-09-23T07:05:00Z,м34-20260923-003,vehicle-923,55.7571726,37.5444066,28.8,15,10601114157
2026-09-23T07:06:00Z,м34-20260923-003,vehicle-923,55.7577413,37.5481182,28.8,15,10601114155
2026-09-23T07:07:00Z,м34-20260923-003,vehicle-923,55.7586731,37.5537557,0,15,10601114155
2026-09-23T07:08:00Z,м34-20260923-003,vehicle-923,55.7590097,37.5591563,0,15,10601114154
2026-09-23T07:09:00Z,м34-20260923-003,vehicle-923,55.7607315,37.5613301,28.8,15,8185422660
2026-09-23T07:10:00Z,м34-20260923-003,vehicle-923,55.7643877,37.5639651,0,15,8185422660
2026-09-23T07:11:00Z,м34-20260923-003,vehicle-923,55.7668483,37.5646642,28.8,15,10599880601
2026-09-23T07:12:00Z,м34-20260923-003,vehicle-923,55.7689692,37.565266,28.8,15,10599880597
2026-09-23T07:13:00Z,м34-20260923-003,vehicle-923,55.7705143,37.5673245,28.8,15,10599880594
2026-09-23T07:14:00Z,м34-20260923-003,vehicle-923,55.7722344,37.5722006,0,15,10599880594
2026-09-23T07:15:00Z,м34-20260923-003,vehicle-923,55.7730817,37.5768893,0,15,10599880591
2026-09-23T07:16:00Z,м34-20260923-003,vehicle-923,55.7743403,37.580592,28.8,15,14170887503
2026-09-23T07:17:00Z,м34-20260923-003,vehicle-923,55.7754806,37.5838562,28.8,15,5041554170
2026-09-23T07:18:00Z,м34-20260923-003,vehicle-923,55.7766427,37.5848193,0,15,5041554170
2026-09-23T07:19:00Z,м34-20260923-003,vehicle-923,55.7766427,37.5848193,0,15,5041554170
2026-09-23T07:20:00Z,м34-20260923-003,vehicle-923,55.7766427,37.5848193,0,15,5041554170
2026-09-23T07:21:00Z,м34-20260923-003,vehicle-923,55.7766427,37.5848193,0,15,5041554170
2026-09-23T07:22:00Z,м34-20260923-003,vehicle-923,55.7766427,37.5848193,0,15,5041554170
2026-09-23T07:23:00Z,м34-20260923-003,vehicle-923,55.7766427,37.5848193,0,15,5041554170
2026-09-23T07:24:00Z,м34-20260923-003,vehicle-923,55.7766427,37.5848193,0,15,5041554170
2026-09-23T07:25:00Z,м34-20260923-003,vehicle-923,55.7766427,37.5848193,0,15,5041554170
2026-09-23T07:26:00Z,м34-20260923-003,vehicle-923,55.7766427,37.5848193,0,15,5041554170
2026-09-23T07:27:00Z,м34-20260923-003,vehicle-923,55.7766427,37.5848193,0,15,5041554170
2026-09-23T07:28:00Z,м34-20260923-003,vehicle-923,55.7766427,37.5848193,0,15,5041554170
2026-09-23T07:29:00Z,м34-20260923-003,vehicle-923,55.7766427,37.5848193,0,15,5041554170
2026-09-23T07:30:00Z,м34-20260923-003,vehicle-923,55.7766427,37.5848193,0,15,5041554170
2026-09-23T07:00:00Z,м34-20260923-004,vehicle-924,55.7554454,37.5373572,28.8,15,10599895150
2026-09-23T07:01:00Z,м34-20260923-004,vehicle-924,55.7563306,37.5408485,28.8,15,10601114157
2026-09-23T07:02:00Z,м34-20260923-004,vehicle-924,55.7573951,37.5460335,0,15,10601114157
2026-09-23T07:03:00Z,м34-20260923-004,vehicle-924,55.7583773,37.5517836,28.8,15,10601114155
2026-09-23T07:04:00Z,м34-20260923-004,vehicle-924,55.7587971,37.5555111,28.8,15,10601114154
2026-09-23T07:05:00Z,м34-20260923-004,vehicle-924,55.7590193,37.5592838,28.8,15,8185422660
2026-09-23T07:06:00Z,м34-20260923-004,vehicle-924,55.7626754,37.5630426,28.8,15,8185422660
2026-09-23T07:07:00Z,м34-20260923-004,vehicle-924,55.7647385,37.5640723,28.8,15,10599880601
2026-09-23T07:08:00Z,м34-20260923-004,vehicle-924,55.7686059,37.565163,0,15,10599880601
2026-09-23T07:09:00Z,м34-20260923-004,vehicle-924,55.7700088,37.5659258,0,15,10599880597
2026-09-23T07:10:00Z,м34-20260923-004,vehicle-924,55.7716613,37.5705749,28.8,15,10599880594
2026-09-23T07:11:00Z,м34-20260923-004,vehicle-924,55.7728389,37.5737853,28.8,15,10599880591
2026-09-23T07:12:00Z,м34-20260923-004,vehicle-924,55.7732306,37.577324,28.8,15,14170887503
2026-09-23T07:13:00Z,м34-20260923-004,vehicle-924,55.7748528,37.5821228,0,15,14170887503
2026-09-23T07:14:00Z,м34-20260923-004,vehicle-924,55.7766427,37.5848193,0,15,5041554170
2026-09-23T07:15:00Z,м34-20260923-004,vehicle-924,55.7766427,37.5848193,0,15,5041554170
2026-09-23T07:16:00Z,м34-20260923-004,vehicle-924,55.7766427,37.5848193,0,15,5041554170
2026-09-23T07:17:00Z,м34-20260923-004,vehicle-924,55.7766427,37.5848193,0,15,5041554170
2026-09-23T07:18:00Z,м34-20260923-004,vehicle-924,55.7766427,37.5848193,0,15,5041554170
2026-09-23T07:19:00Z,м34-20260923-004,vehicle-924,55.7766427,37.5848193,0,15,5041554170
2026-09-23T07:20:00Z,м34-20260923-004,vehicle-924,55.7766427,37.5848193,0,15,5041554170
2026-09-23T07:21:00Z,м34-20260923-004,vehicle-924,55.7766427,37.5848193,0,15,5041554170
2026-09-23T07:22:00Z,м34-20260923-004,vehicle-924,55.7766427,37.5848193,0,15,5041554170
2026-09-23T07:23:00Z,м34-20260923-004,vehicle-924,55.7766427,37.5848193,0,15,5041554170
2026-09-23T07:24:00Z,м34-20260923-004,vehicle-924,55.7766427,37.5848193,0,15,5041554170
2026-09-23T07:25:00Z,м34-20260923-004,vehicle-924,55.7766427,37.5848193,0,15,5041554170
2026-09-23T07:26:00Z,м34-20260923-004,vehicle-924,55.7766427,37.5848193,0,15,5041554170
2026-09-23T07:27:00Z,м34-20260923-004,vehicle-924,55.7766427,37.5848193,0,15,5041554170
2026-09-23T07:28:00Z,м34-20260923-004,vehicle-924,55.7766427,37.5848193,0,15,5041554170
2026-09-23T07:29:00Z,м34-20260923-004,vehicle-924,55.7766427,37.5848193,0,15,5041554170
2026-09-23T07:30:00Z,м34-20260923-004,vehicle-924,55.7766427,37.5848193,0,15,5041554170
2026-09-23T07:00:00Z,м34-20260923-005,vehicle-925,55.7586731,37.5537557,0,15,10601114155
2026-09-23T07:01:00Z,м34-20260923-005,vehicle-925,55.7590097,37.5591563,0,15,10601114154
2026-09-23T07:02:00Z,м34-20260923-005,vehicle-925,55.7607315,37.5613301,28.8,15,8185422660
2026-09-23T07:03:00Z,м34-20260923-005,vehicle-925,55.7643877,37.5639651,0,15,8185422660
2026-09-23T07:04:00Z,м34-20260923-005,vehicle-925,55.7668483,37.5646642,28.8,15,10599880601
2026-09-23T07:05:00Z,м34-20260923-005,vehicle-925,55.7689692,37.565266,28.8,15,10599880597
2026-09-23T07:06:00Z,м34-20260923-005,vehicle-925,55.7705143,37.5673245,28.8,15,10599880594
2026-09-23T07:07:00Z,м34-20260923-005,vehicle-925,55.7722344,37.5722006,0,15,10599880594
2026-09-23T07:08:00Z,м34-20260923-005,vehicle-925,55.7730817,37.5768893,0,15,10599880591
2026-09-23T07:09:00Z,м34-20260923-005,vehicle-925,55.7743403,37.580592,28.8,15,14170887503
2026-09-23T07:10:00Z,м34-20260923-005,vehicle-925,55.7754806,37.5838562,28.8,15,5041554170
2026-09-23T07:11:00Z,м34-20260923-005,vehicle-925,55.7766427,37.5848193,0,15,5041554170
2026-09-23T07:12:00Z,м34-20260923-005,vehicle-925,55.7766427,37.5848193,0,15,5041554170
2026-09-23T07:13:00Z,м34-20260923-005,vehicle-925,55.7766427,37.5848193,0,15,5041554170
2026-09-23T07:14:00Z,м34-20260923-005,vehicle-925,55.7766427,37.5848193,0,15,5041554170
2026-09-23T07:15:00Z,м34-20260923-005,vehicle-925,55.7766427,37.5848193,0,15,5041554170
2026-09-23T07:16:00Z,м34-20260923-005,vehicle-925,55.7766427,37.5848193,0,15,5041554170
2026-09-23T07:17:00Z,м34-20260923-005,vehicle-925,55.7766427,37.5848193,0,15,5041554170
2026-09-23T07:18:00Z,м34-20260923-005,vehicle-925,55.7766427,37.5848193,0,15,5041554170
2026-09-23T07:19:00Z,м34-20260923-005,vehicle-925,55.7766427,37.5848193,0,15,5041554170
2026-09-23T07:20:00Z,м34-20260923-005,vehicle-925,55.7766427,37.5848193,0,15,5041554170
2026-09-23T07:21:00Z,м34-20260923-005,vehicle-925,55.7766427,37.5848193,0,15,5041554170
2026-09-23T07:22:00Z,м34-20260923-005,vehicle-925,55.7766427,37.5848193,0,15,5041554170
2026-09-23T07:23:00Z,м34-20260923-005,vehicle-925,55.7766427,37.5848193,0,15,5041554170
2026-09-23T07:24:00Z,м34-20260923-005,vehicle-925,55.7766427,37.5848193,0,15,5041554170
2026-09-23T07:25:00Z,м34-20260923-005,vehicle-925,55.7766427,37.5848193,0,15,5041554170
2026-09-23T07:26:00Z,м34-20260923-005,vehicle-925,55.7766427,37.5848193,0,15,5041554170
2026-09-23T07:27:00Z,м34-20260923-005,vehicle-925,55.7766427,37.5848193,0,15,5041554170
2026-09-23T07:28:00Z,м34-20260923-005,vehicle-925,55.7766427,37.5848193,0,15,5041554170
2026-09-23T07:29:00Z,м34-20260923-005,vehicle-925,55.7766427,37.5848193,0,15,5041554170
2026-09-23T07:30:00Z,м34-20260923-005,vehicle-925,55.7766427,37.5848193,0,15,5041554170
2026-09-23T07:00:00Z,м34-20260923-006,vehicle-926,55.7647385,37.5640723,28.8,15,10599880601
2026-09-23T07:01:00Z,м34-20260923-006,vehicle-926,55.7686059,37.565163,0,15,10599880601
2026-09-23T07:02:00Z,м34-20260923-006,vehicle-926,55.7700088,37.5659258,0,15,10599880597
2026-09-23T07:03:00Z,м34-20260923-006,vehicle-926,55.7716613,37.5705749,28.8,15,10599880594
2026-09-23T07:04:00Z,м34-20260923-006,vehicle-926,55.7728389,37.5737853,28.8,15,10599880591
2026-09-23T07:05:00Z,м34-20260923-006,vehicle-926,55.7732306,37.577324,28.8,15,14170887503
2026-09-23T07:06:00Z,м34-20260923-006,vehicle-926,55.7748528,37.5821228,0,15,14170887503
2026-09-23T07:07:00Z,м34-20260923-006,vehicle-926,55.7766427,37.5848193,0,15,5041554170
2026-09-23T07:08:00Z,м34-20260923-006,vehicle-926,55.7766427,37.5848193,0,15,5041554170
2026-09-23T07:09:00Z,м34-20260923-006,vehicle-926,55.7766427,37.5848193,0,15,5041554170
2026-09-23T07:10:00Z,м34-20260923-006,vehicle-926,55.7766427,37.5848193,0,15,5041554170
2026-09-23T07:11:00Z,м34-20260923-006,vehicle-926,55.7766427,37.5848193,0,15,5041554170
2026-09-23T07:12:00Z,м34-20260923-006,vehicle-926,55.7766427,37.5848193,0,15,5041554170
2026-09-23T07:13:00Z,м34-20260923-006,vehicle-926,55.7766427,37.5848193,0,15,5041554170
2026-09-23T07:14:00Z,м34-20260923-006,vehicle-926,55.7766427,37.5848193,0,15,5041554170
2026-09-23T07:15:00Z,м34-20260923-006,vehicle-926,55.7766427,37.5848193,0,15,5041554170
2026-09-23T07:16:00Z,м34-20260923-006,vehicle-926,55.7766427,37.5848193,0,15,5041554170
2026-09-23T07:17:00Z,м34-20260923-006,vehicle-926,55.7766427,37.5848193,0,15,5041554170
2026-09-23T07:18:00Z,м34-20260923-006,vehicle-926,55.7766427,37.5848193,0,15,5041554170
2026-09-23T07:19:00Z,м34-20260923-006,vehicle-926,55.7766427,37.5848193,0,15,5041554170
2026-09-23T07:20:00Z,м34-20260923-006,vehicle-926,55.7766427,37.5848193,0,15,5041554170
2026-09-23T07:21:00Z,м34-20260923-006,vehicle-926,55.7766427,37.5848193,0,15,5041554170
2026-09-23T07:22:00Z,м34-20260923-006,vehicle-926,55.7766427,37.5848193,0,15,5041554170
2026-09-23T07:23:00Z,м34-20260923-006,vehicle-926,55.7766427,37.5848193,0,15,5041554170
2026-09-23T07:24:00Z,м34-20260923-006,vehicle-926,55.7766427,37.5848193,0,15,5041554170
2026-09-23T07:25:00Z,м34-20260923-006,vehicle-926,55.7766427,37.5848193,0,15,5041554170
2026-09-23T07:26:00Z,м34-20260923-006,vehicle-926,55.7766427,37.5848193,0,15,5041554170
2026-09-23T07:27:00Z,м34-20260923-006,vehicle-926,55.7766427,37.5848193,0,15,5041554170
2026-09-23T07:28:00Z,м34-20260923-006,vehicle-926,55.7766427,37.5848193,0,15,5041554170
2026-09-23T07:29:00Z,м34-20260923-006,vehicle-926,55.7766427,37.5848193,0,15,5041554170
2026-09-23T07:30:00Z,м34-20260923-006,vehicle-926,55.7766427,37.5848193,0,15,5041554170
2026-09-23T07:00:00Z,м34-20260923-007,vehicle-927,55.7729933,37.5743601,28.8,-20,10599880591
2026-09-23T07:01:00Z,м34-20260923-007,vehicle-927,55.7734138,37.5778706,28.8,-20,14170887503
2026-09-23T07:02:00Z,м34-20260923-007,vehicle-927,55.7748528,37.5821228,0,-20,14170887503
2026-09-23T07:03:00Z,м34-20260923-007,vehicle-927,55.7766427,37.5848193,0,-20,5041554170
2026-09-23T07:04:00Z,м34-20260923-007,vehicle-927,55.7766427,37.5848193,0,-20,5041554170
2026-09-23T07:05:00Z,м34-20260923-007,vehicle-927,55.7766427,37.5848193,0,-20,5041554170
2026-09-23T07:06:00Z,м34-20260923-007,vehicle-927,55.7766427,37.5848193,0,-20,5041554170
2026-09-23T07:07:00Z,м34-20260923-007,vehicle-927,55.7766427,37.5848193,0,-20,5041554170
2026-09-23T07:08:00Z,м34-20260923-007,vehicle-927,55.7766427,37.5848193,0,-20,5041554170
2026-09-23T07:09:00Z,м34-20260923-007,vehicle-927,55.7766427,37.5848193,0,-20,5041554170
2026-09-23T07:10:00Z,м34-20260923-007,vehicle-927,55.7766427,37.5848193,0,-20,5041554170
2026-09-23T07:11:00Z,м34-20260923-007,vehicle-927,55.7766427,37.5848193,0,-20,5041554170
2026-09-23T07:12:00Z,м34-20260923-007,vehicle-927,55.7766427,37.5848193,0,-20,5041554170
2026-09-23T07:13:00Z,м34-20260923-007,vehicle-927,55.7766427,37.5848193,0,-20,5041554170
2026-09-23T07:14:00Z,м34-20260923-007,vehicle-927,55.7766427,37.5848193,0,-20,5041554170
2026-09-23T07:15:00Z,м34-20260923-007,vehicle-927,55.7766427,37.5848193,0,-20,5041554170
2026-09-23T07:16:00Z,м34-20260923-007,vehicle-927,55.7766427,37.5848193,0,-20,5041554170
2026-09-23T07:17:00Z,м34-20260923-007,vehicle-927,55.7766427,37.5848193,0,-20,5041554170
2026-09-23T07:18:00Z,м34-20260923-007,vehicle-927,55.7766427,37.5848193,0,-20,5041554170
2026-09-23T07:19:00Z,м34-20260923-007,vehicle-927,55.7766427,37.5848193,0,-20,5041554170
2026-09-23T07:20:00Z,м34-20260923-007,vehicle-927,55.7766427,37.5848193,0,-20,5041554170
2026-09-23T07:21:00Z,м34-20260923-007,vehicle-927,55.7766427,37.5848193,0,-20,5041554170
2026-09-23T07:22:00Z,м34-20260923-007,vehicle-927,55.7766427,37.5848193,0,-20,5041554170
2026-09-23T07:23:00Z,м34-20260923-007,vehicle-927,55.7766427,37.5848193,0,-20,5041554170
2026-09-23T07:24:00Z,м34-20260923-007,vehicle-927,55.7766427,37.5848193,0,-20,5041554170
2026-09-23T07:25:00Z,м34-20260923-007,vehicle-927,55.7766427,37.5848193,0,-20,5041554170
2026-09-23T07:26:00Z,м34-20260923-007,vehicle-927,55.7766427,37.5848193,0,-20,5041554170
2026-09-23T07:27:00Z,м34-20260923-007,vehicle-927,55.7766427,37.5848193,0,-20,5041554170
2026-09-23T07:28:00Z,м34-20260923-007,vehicle-927,55.7766427,37.5848193,0,-20,5041554170
2026-09-23T07:29:00Z,м34-20260923-007,vehicle-927,55.7766427,37.5848193,0,-20,5041554170
2026-09-23T07:30:00Z,м34-20260923-007,vehicle-927,55.7766427,37.5848193,0,-20,5041554170
2026-09-23T07:00:00Z,м90-20260923-000,vehicle-930,55.643175,37.5247213,0,15,10743189858
2026-09-23T07:01:00Z,м90-20260923-000,vehicle-930,55.6425619,37.5263009,28.8,15,10743189857
2026-09-23T07:02:00Z,м90-20260923-000,vehicle-930,55.6416229,37.5297312,28.8,15,10743278531
2026-09-23T07:03:00Z,м90-20260923-000,vehicle-930,55.640651,37.5333802,0,15,10743278531
2026-09-23T07:04:00Z,м90-20260923-000,vehicle-930,55.6400854,37.5388693,28.8,15,10743278537
2026-09-23T07:05:00Z,м90-20260923-000,vehicle-930,55.6420143,37.5406312,28.8,15,10657545795
2026-09-23T07:06:00Z,м90-20260923-000,vehicle-930,55.6439374,37.5423962,28.8,15,10743278540
2026-09-23T07:07:00Z,м90-20260923-000,vehicle-930,55.6467676,37.5455972,0,15,10743278540
2026-09-23T07:08:00Z,м90-20260923-000,vehicle-930,55.6490562,37.5492655,28.8,15,3474605529
2026-09-23T07:09:00Z,м90-20260923-000,vehicle-930,55.6509609,37.5509321,28.8,15,10034851401
2026-09-23T07:10:00Z,м90-20260923-000,vehicle-930,55.6508103,37.5541311,28.8,15,10034851394
2026-09-23T07:11:00Z,м90-20260923-000,vehicle-930,55.6499128,37.5607861,0,15,10034851394
2026-09-23T07:12:00Z,м90-20260923-000,vehicle-930,55.6492362,37.5645651,28.8,15,10743276657
2026-09-23T07:13:00Z,м90-20260923-000,vehicle-930,55.6512428,37.5655185,28.8,15,10743276658
2026-09-23T07:14:00Z,м90-20260923-000,vehicle-930,55.65314,37.5674664,28.8,15,10781782841
2026-09-23T07:15:00Z,м90-20260923-000,vehicle-930,55.6549939,37.5694528,28.8,15,10735094092
2026-09-23T07:16:00Z,м90-20260923-000,vehicle-930,55.6572728,37.571913,0,15,10735094092
2026-09-23T07:17:00Z,м90-20260923-000,vehicle-930,55.6596471,37.5744722,0,15,10735094086
2026-09-23T07:18:00Z,м90-20260923-000,vehicle-930,55.6623349,37.577375,0,15,10735094098
2026-09-23T07:19:00Z,м90-20260923-000,vehicle-930,55.6641858,37.5793955,28.8,15,10735094101
2026-09-23T07:20:00Z,м90-20260923-000,vehicle-930,55.6660408,37.5813864,28.8,15,10735094097
2026-09-23T07:21:00Z,м90-20260923-000,vehicle-930,55.6678949,37.5833717,28.8,15,10700842468
2026-09-23T07:22:00Z,м90-20260923-000,vehicle-930,55.6697198,37.5853341,28.8,15,10700842466
2026-09-23T07:23:00Z,м90-20260923-000,vehicle-930,55.6715378,37.5873247,28.8,15,10735116751
2026-09-23T07:24:00Z,м90-20260923-000,vehicle-930,55.6752496,37.5913292,28.8,15,10735116751
2026-09-23T07:25:00Z,м90-20260923-000,vehicle-930,55.6770926,37.5932652,28.8,15,10735116760
2026-09-23T07:26:00Z,м90-20260923-000,vehicle-930,55.6789377,37.5952039,28.8,15,10735116757
2026-09-23T07:27:00Z,м90-20260923-000,vehicle-930,55.6808233,37.5971163,28.8,15,10781355827
2026-09-23T07:28:00Z,м90-20260923-000,vehicle-930,55.6845785,37.6005548,0,15,10781355827
2026-09-23T07:29:00Z,м90-20260923-000,vehicle-930,55.6865765,37.6024001,28.8,15,10781602191
2026-09-23T07:30:00Z,м90-20260923-000,vehicle-930,55.6884952,37.604211,28.8,15,10777003142
2026-09-23T07:00:00Z,м90-20260923-001,vehicle-931,55.6397861,37.5366449,28.8,15,10743278537
2026-09-23T07:01:00Z,м90-20260923-001,vehicle-931,55.6402146,37.5389874,0,15,10743278537
2026-09-23T07:02:00Z,м90-20260923-001,vehicle-931,55.6433646,37.5418612,0,15,10657545795
2026-09-23T07:03:00Z,м90-20260923-001,vehicle-931,55.6458502,37.5441675,28.8,15,10743278540
2026-09-23T07:04:00Z,м90-20260923-001,vehicle-931,55.64746,37.5467052,28.8,15,3474605529
2026-09-23T07:05:00Z,м90-20260923-001,vehicle-931,55.6494435,37.5498307,0,15,3474605529
2026-09-23T07:06:00Z,м90-20260923-001,vehicle-931,55.6509103,37.5533918,0,15,10034851401
2026-09-23T07:07:00Z,м90-20260923-001,vehicle-931,55.6503112,37.5578282,28.8,15,10034851394
2026-09-23T07:08:00Z,м90-20260923-001,vehicle-931,55.6498142,37.5615271,28.8,15,10743276657
2026-09-23T07:09:00Z,м90-20260923-001,vehicle-931,55.6502645,37.564619,0,15,10743276657
2026-09-23T07:10:00Z,м90-20260923-001,vehicle-931,55.6525212,37.5668034,0,15,10743276658
2026-09-23T07:11:00Z,м90-20260923-001,vehicle-931,55.6540682,37.5684608,0,15,10781782841
2026-09-23T07:12:00Z,м90-20260923-001,vehicle-931,55.6568449,37.5714382,28.8,15,10735094092
2026-09-23T07:13:00Z,м90-20260923-001,vehicle-931,55.6586667,37.5734407,28.8,15,10735094086
2026-09-23T07:14:00Z,м90-20260923-001,vehicle-931,55.6605014,37.5753986,28.8,15,10735094098
2026-09-23T07:15:00Z,м90-20260923-001,vehicle-931,55.6623349,37.577375,0,15,10735094098
2026-09-23T07:16:00Z,м90-20260923-001,vehicle-931,55.6644955,37.5797286,0,15,10735094101
2026-09-23T07:17:00Z,м90-20260923-001,vehicle-931,55.66635,37.5817177,0,15,10735094097
2026-09-23T07:18:00Z,м90-20260923-001,vehicle-931,55.668635,37.5841698,0,15,10700842468
2026-09-23T07:19:00Z,м90-20260923-001,vehicle-931,55.6707986,37.5865149,0,15,10700842466
2026-09-23T07:20:00Z,м90-20260923-001,vehicle-931,55.6733931,37.5893288,28.8,15,10735116751
2026-09-23T07:21:00Z,м90-20260923-001,vehicle-931,55.6755611,37.5916565,0,15,10735116751
2026-09-23T07:22:00Z,м90-20260923-001,vehicle-931,55.6785014,37.5947455,0,15,10735116760
2026-09-23T07:23:00Z,м90-20260923-001,vehicle-931,55.6807599,37.5970571,0,15,10735116757
2026-09-23T07:24:00Z,м90-20260923-001,vehicle-931,55.6827295,37.5988761,28.8,15,10781355827
2026-09-23T07:25:00Z,м90-20260923-001,vehicle-931,55.6846429,37.6006147,28.8,15,10781602191
2026-09-23T07:26:00Z,м90-20260923-001,vehicle-931,55.6877932,37.6035572,0,15,10781602191
2026-09-23T07:27:00Z,м90-20260923-001,vehicle-931,55.6904112,37.6059881,28.8,15,10777003142
2026-09-23T07:28:00Z,м90-20260923-001,vehicle-931,55.6923251,37.6077661,28.8,15,10777003144
2026-09-23T07:29:00Z,м90-20260923-001,vehicle-931,55.694219,37.6095042,28.8,15,10777003147
2026-09-23T07:30:00Z,м90-20260923-001,vehicle-931,55.6965812,37.6116815,0,15,10777003147
2026-09-23T07:00:00Z,м90-20260923-002,vehicle-932,55.6467676,37.5455972,0,15,10743278540
2026-09-23T07:01:00Z,м90-20260923-002,vehicle-932,55.6490562,37.5492655,28.8,15,3474605529
2026-09-23T07:02:00Z,м90-20260923-002,vehicle-932,55.6509609,37.5509321,28.8,15,10034851401
2026-09-23T07:03:00Z,м90-20260923-002,vehicle-932,55.6508103,37.5541311,28.8,15,10034851394
2026-09-23T07:04:00Z,м90-20260923-002,vehicle-932,55.6499128,37.5607861,0,15,10034851394
2026-09-23T07:05:00Z,м90-20260923-002,vehicle-932,55.6492362,37.5645651,28.8,15,10743276657
2026-09-23T07:06:00Z,м90-20260923-002,vehicle-932,55.6512428,37.5655185,28.8,15,10743276658
2026-09-23T07:07:00Z,м90-20260923-002,vehicle-932,55.65314,37.5674664,28.8,15,10781782841
2026-09-23T07:08:00Z,м90-20260923-002,vehicle-932,55.6549939,37.5694528,28.8,15,10735094092
2026-09-23T07:09:00Z,м90-20260923-002,vehicle-932,55.6572728,37.571913,0,15,10735094092
2026-09-23T07:10:00Z,м90-20260923-002,vehicle-932,55.6596471,37.5744722,0,15,10735094086
2026-09-23T07:11:00Z,м90-20260923-002,vehicle-932,55.6623349,37.577375,0,15,10735094098
2026-09-23T07:12:00Z,м90-20260923-002,vehicle-932,55.6641858,37.5793955,28.8,15,10735094101
2026-09-23T07:13:00Z,м90-20260923-002,vehicle-932,55.6660408,37.5813864,28.8,15,10735094097
2026-09-23T07:14:00Z,м90-20260923-002,vehicle-932,55.6678949,37.5833717,28.8,15,10700842468
2026-09-23T07:15:00Z,м90-20260923-002,vehicle-932,55.6697198,37.5853341,28.8,15,10700842466
2026-09-23T07:16:00Z,м90-20260923-002,vehicle-932,55.6715378,37.5873247,28.8,15,10735116751
2026-09-23T07:17:00Z,м90-20260923-002,vehicle-932,55.6752496,37.5913292,28.8,15,10735116751
2026-09-23T07:18:00Z,м90-20260923-002,vehicle-932,55.6770926,37.5932652,28.8,15,10735116760
2026-09-23T07:19:00Z,м90-20260923-002,vehicle-932,55.6789377,37.5952039,28.8,15,10735116757
2026-09-23T07:20:00Z,м90-20260923-002,vehicle-932,55.6808233,37.5971163,28.8,15,10781355827
2026-09-23T07:21:00Z,м90-20260923-002,vehicle-932,55.6845785,37.6005548,0,15,10781355827
2026-09-23T07:22:00Z,м90-20260923-002,vehicle-932,55.6865765,37.6024001,28.8,15,10781602191
2026-09-23T07:23:00Z,м90-20260923-002,vehicle-932,55.6884952,37.604211,28.8,15,10777003142
2026-09-23T07:24:00Z,м90-20260923-002,vehicle-932,55.6922617,37.6077092,0,15,10777003142
2026-09-23T07:25:00Z,м90-20260923-002,vehicle-932,55.6941553,37.6094447,0,15,10777003144
2026-09-23T07:26:00Z,м90-20260923-002,vehicle-932,55.6961345,37.611269,28.8,15,10777003147
2026-09-23T07:27:00Z,м90-20260923-002,vehicle-932,55.6980631,37.612971,28.8,15,10777003149
2026-09-23T07:28:00Z,м90-20260923-002,vehicle-932,55.700167,37.6149029,0,15,10777003149
2026-09-23T07:29:00Z,м90-20260923-002,vehicle-932,55.7027431,37.616828,0,15,10719762326
2026-09-23T07:30:00Z,м90-20260923-002,vehicle-932,55.7049541,37.6175134,0,15,10710060863
2026-09-23T07:00:00Z,м90-20260923-003,vehicle-933,55.6503112,37.5578282,28.8,15,10034851394
2026-09-23T07:01:00Z,м90-20260923-003,vehicle-933,55.6498142,37.5615271,28.8,15,10743276657
2026-09-23T07:02:00Z,м90-20260923-003,vehicle-933,55.6502645,37.564619,0,15,10743276657
2026-09-23T07:03:00Z,м90-20260923-003,vehicle-933,55.6525212,37.5668034,0,15,10743276658
2026-09-23T07:04:00Z,м90-20260923-003,vehicle-933,55.6540682,37.5684608,0,15,10781782841
2026-09-23T07:05:00Z,м90-20260923-003,vehicle-933,55.6568449,37.5714382,28.8,15,10735094092
2026-09-23T07:06:00Z,м90-20260923-003,vehicle-933,55.6586667,37.5734407,28.8,15,10735094086
2026-09-23T07:07:00Z,м90-20260923-003,vehicle-933,55.6605014,37.5753986,28.8,15,10735094098
2026-09-23T07:08:00Z,м90-20260923-003,vehicle-933,55.6623349,37.577375,0,15,10735094098
2026-09-23T07:09:00Z,м90-20260923-003,vehicle-933,55.6644955,37.5797286,0,15,10735094101
2026-09-23T07:10:00Z,м90-20260923-003,vehicle-933,55.66635,37.5817177,0,15,10735094097
2026-09-23T07:11:00Z,м90-20260923-003,vehicle-933,55.668635,37.5841698,0,15,10700842468
2026-09-23T07:12:00Z,м90-20260923-003,vehicle-933,55.6707986,37.5865149,0,15,10700842466
2026-09-23T07:13:00Z,м90-20260923-003,vehicle-933,55.6733931,37.5893288,28.8,15,10735116751
2026-09-23T07:14:00Z,м90-20260923-003,vehicle-933,55.6755611,37.5916565,0,15,10735116751
2026-09-23T07:15:00Z,м90-20260923-003,vehicle-933,55.6785014,37.5947455,0,15,10735116760
2026-09-23T07:16:00Z,м90-20260923-003,vehicle-933,55.6807599,37.5970571,0,15,10735116757
2026-09-23T07:17:00Z,м90-20260923-003,vehicle-933,55.6827295,37.5988761,28.8,15,10781355827
2026-09-23T07:18:00Z,м90-20260923-003,vehicle-933,55.6846429,37.6006147,28.8,15,10781602191
2026-09-23T07:19:00Z,м90-20260923-003,vehicle-933,55.6877932,37.6035572,0,15,10781602191
2026-09-23T07:20:00Z,м90-20260923-003,vehicle-933,55.6904112,37.6059881,28.8,15,10777003142
2026-09-23T07:21:00Z,м90-20260923-003,vehicle-933,55.6923251,37.6077661,28.8,15,10777003144
2026-09-23T07:22:00Z,м90-20260923-003,vehicle-933,55.694219,37.6095042,28.8,15,10777003147
2026-09-23T07:23:00Z,м90-20260923-003,vehicle-933,55.6965812,37.6116815,0,15,10777003147
2026-09-23T07:24:00Z,м90-20260923-003,vehicle-933,55.6999752,37.6147292,28.8,15,10777003149
2026-09-23T07:25:00Z,м90-20260923-003,vehicle-933,55.7019422,37.6162692,28.8,15,10719762326
2026-09-23T07:26:00Z,м90-20260923-003,vehicle-933,55.7040022,37.6175159,28.8,15,10710060863
2026-09-23T07:27:00Z,м90-20260923-003,vehicle-933,55.7061543,37.6174638,28.8,15,10777003131
2026-09-23T07:28:00Z,м90-20260923-003,vehicle-933,55.7082248,37.6184939,28.8,15,10777003130
2026-09-23T07:29:00Z,м90-20260923-003,vehicle-933,55.7105105,37.6201143,0,15,10777003130
2026-09-23T07:30:00Z,м90-20260923-003,vehicle-933,55.7123535,37.6214493,0,15,10539275620
2026-09-23T07:00:00Z,м90-20260923-004,vehicle-934,55.65314,37.5674664,28.8,15,10781782841
2026-09-23T07:01:00Z,м90-20260923-004,vehicle-934,55.6549939,37.5694528,28.8,15,10735094092
2026-09-23T07:02:00Z,м90-20260923-004,vehicle-934,55.6572728,37.571913,0,15,10735094092
2026-09-23T07:03:00Z,м90-20260923-004,vehicle-934,55.6596471,37.5744722,0,15,10735094086
2026-09-23T07:04:00Z,м90-20260923-004,vehicle-934,55.6623349,37.577375,0,15,10735094098
2026-09-23T07:05:00Z,м90-20260923-004,vehicle-934,55.6641858,37.5793955,28.8,15,10735094101
2026-09-23T07:06:00Z,м90-20260923-004,vehicle-934,55.6660408,37.5813864,28.8,15,10735094097
2026-09-23T07:07:00Z,м90-20260923-004,vehicle-934,55.6678949,37.5833717,28.8,15,10700842468
2026-09-23T07:08:00Z,м90-20260923-004,vehicle-934,55.6697198,37.5853341,28.8,15,10700842466
2026-09-23T07:09:00Z,м90-20260923-004,vehicle-934,55.6715378,37.5873247,28.8,15,10735116751
2026-09-23T07:10:00Z,м90-20260923-004,vehicle-934,55.6752496,37.5913292,28.8,15,10735116751
2026-09-23T07:11:00Z,м90-20260923-004,vehicle-934,55.6770926,37.5932652,28.8,15,10735116760
2026-09-23T07:12:00Z,м90-20260923-004,vehicle-934,55.6789377,37.5952039,28.8,15,10735116757
2026-09-23T07:13:00Z,м90-20260923-004,vehicle-934,55.6808233,37.5971163,28.8,15,10781355827
2026-09-23T07:14:00Z,м90-20260923-004,vehicle-934,55.6845785,37.6005548,0,15,10781355827
2026-09-23T07:15:00Z,м90-20260923-004,vehicle-934,55.6865765,37.6024001,28.8,15,10781602191
2026-09-23T07:16:00Z,м90-20260923-004,vehicle-934,55.6884952,37.604211,28.8,15,10777003142
2026-09-23T07:17:00Z,м90-20260923-004,vehicle-934,55.6922617,37.6077092,0,15,10777003142
2026-09-23T07:18:00Z,м90-20260923-004,vehicle-934,55.6941553,37.6094447,0,15,10777003144
2026-09-23T07:19:00Z,м90-20260923-004,vehicle-934,55.6961345,37.611269,28.8,15,10777003147
2026-09-23T07:20:00Z,м90-20260923-004,vehicle-934,55.6980631,37.612971,28.8,15,10777003149
2026-09-23T07:21:00Z,м90-20260923-004,vehicle-934,55.700167,37.6149029,0,15,10777003149
2026-09-23T07:22:00Z,м90-20260923-004,vehicle-934,55.7027431,37.616828,0,15,10719762326
2026-09-23T07:23:00Z,м90-20260923-004,vehicle-934,55.7049541,37.6175134,0,15,10710060863
2026-09-23T07:24:00Z,м90-20260923-004,vehicle-934,55.7072529,37.6180474,0,15,10777003131
2026-09-23T07:25:00Z,м90-20260923-004,vehicle-934,55.7102195,37.6197417,28.8,15,10777003130
2026-09-23T07:26:00Z,м90-20260923-004,vehicle-934,55.7119398,37.6216452,28.8,15,10539275620
2026-09-23T07:27:00Z,м90-20260923-004,vehicle-934,55.7140308,37.620651,28.8,15,10781782840
2026-09-23T07:28:00Z,м90-20260923-004,vehicle-934,55.7156722,37.6234528,0,15,10781782840
2026-09-23T07:29:00Z,м90-20260923-004,vehicle-934,55.7180985,37.6251505,0,15,10781782838
2026-09-23T07:30:00Z,м90-20260923-004,vehicle-934,55.720498,37.626795,0,15,10740471007
2026-09-23T07:00:00Z,м90-20260923-005,vehicle-935,55.6605014,37.5753986,28.8,15,10735094098
2026-09-23T07:01:00Z,м90-20260923-005,vehicle-935,55.6623349,37.577375,0,15,10735094098
2026-09-23T07:02:00Z,м90-20260923-005,vehicle-935,55.6644955,37.5797286,0,15,10735094101
2026-09-23T07:03:00Z,м90-20260923-005,vehicle-935,55.66635,37.5817177,0,15,10735094097
2026-09-23T07:04:00Z,м90-20260923-005,vehicle-935,55.668635,37.5841698,0,15,10700842468
2026-09-23T07:05:00Z,м90-20260923-005,vehicle-935,55.6707986,37.5865149,0,15,10700842466
2026-09-23T07:06:00Z,м90-20260923-005,vehicle-935,55.6733931,37.5893288,28.8,15,10735116751
2026-09-23T07:07:00Z,м90-20260923-005,vehicle-935,55.6755611,37.5916565,0,15,10735116751
2026-09-23T07:08:00Z,м90-20260923-005,vehicle-935,55.6785014,37.5947455,0,15,10735116760
2026-09-23T07:09:00Z,м90-20260923-005,vehicle-935,55.6807599,37.5970571,0,15,10735116757
2026-09-23T07:10:00Z,м90-20260923-005,vehicle-935,55.6827295,37.5988761,28.8,15,10781355827
2026-09-23T07:11:00Z,м90-20260923-005,vehicle-935,55.6846429,37.6006147,28.8,15,10781602191
2026-09-23T07:12:00Z,м90-20260923-005,vehicle-935,55.6877932,37.6035572,0,15,10781602191
2026-09-23T07:13:00Z,м90-20260923-005,vehicle-935,55.6904112,37.6059881,28.8,15,10777003142
2026-09-23T07:14:00Z,м90-20260923-005,vehicle-935,55.6923251,37.6077661,28.8,15,10777003144
2026-09-23T07:15:00Z,м90-20260923-005,vehicle-935,55.694219,37.6095042,28.8,15,10777003147
2026-09-23T07:16:00Z,м90-20260923-005,vehicle-935,55.6965812,37.6116815,0,15,10777003147
2026-09-23T07:17:00Z,м90-20260923-005,vehicle-935,55.6999752,37.6147292,28.8,15,10777003149
2026-09-23T07:18:00Z,м90-20260923-005,vehicle-935,55.7019422,37.6162692,28.8,15,10719762326
2026-09-23T07:19:00Z,м90-20260923-005,vehicle-935,55.7040022,37.6175159,28.8,15,10710060863
2026-09-23T07:20:00Z,м90-20260923-005,vehicle-935,55.7061543,37.6174638,28.8,15,10777003131
2026-09-23T07:21:00Z,м90-20260923-005,vehicle-935,55.7082248,37.6184939,28.8,15,10777003130
2026-09-23T07:22:00Z,м90-20260923-005,vehicle-935,55.7105105,37.6201143,0,15,10777003130
2026-09-23T07:23:00Z,м90-20260923-005,vehicle-935,55.7123535,37.6214493,0,15,10539275620
2026-09-23T07:24:00Z,м90-20260923-005,vehicle-935,55.7148576,37.6229223,28.8,15,10781782840
2026-09-23T07:25:00Z,м90-20260923-005,vehicle-935,55.7168825,37.6243142,28.8,15,10781782838
2026-09-23T07:26:00Z,м90-20260923-005,vehicle-935,55.7188981,37.6256995,28.8,15,10740471007
2026-09-23T07:27:00Z,м90-20260923-005,vehicle-935,55.7209029,37.6270649,28.8,15,10711256696
2026-09-23T07:28:00Z,м90-20260923-005,vehicle-935,55.7249692,37.6260677,0,15,10711256696
2026-09-23T07:29:00Z,м90-20260923-005,vehicle-935,55.7270667,37.6250386,0,15,10711256697
2026-09-23T07:30:00Z,м90-20260923-005,vehicle-935,55.729309,37.625453,28.8,15,10781782847
2026-09-23T07:00:00Z,м90-20260923-006,vehicle-936,55.6678949,37.5833717,28.8,15,10700842468
2026-09-23T07:01:00Z,м90-20260923-006,vehicle-936,55.6697198,37.5853341,28.8,15,10700842466
2026-09-23T07:02:00Z,м90-20260923-006,vehicle-936,55.6715378,37.5873247,28.8,15,10735116751
2026-09-23T07:03:00Z,м90-20260923-006,vehicle-936,55.6752496,37.5913292,28.8,15,10735116751
2026-09-23T07:04:00Z,м90-20260923-006,vehicle-936,55.6770926,37.5932652,28.8,15,10735116760
2026-09-23T07:05:00Z,м90-20260923-006,vehicle-936,55.6789377,37.5952039,28.8,15,10735116757
2026-09-23T07:06:00Z,м90-20260923-006,vehicle-936,55.6808233,37.5971163,28.8,15,10781355827
2026-09-23T07:07:00Z,м90-20260923-006,vehicle-936,55.6845785,37.6005548,0,15,10781355827
2026-09-23T07:08:00Z,м90-20260923-006,vehicle-936,55.6865765,37.6024001,28.8,15,10781602191
2026-09-23T07:09:00Z,м90-20260923-006,vehicle-936,55.6884952,37.604211,28.8,15,10777003142
2026-09-23T07:10:00Z,м90-20260923-006,vehicle-936,55.6922617,37.6077092,0,15,10777003142
2026-09-23T07:11:00Z,м90-20260923-006,vehicle-936,55.6941553,37.6094447,0,15,10777003144
2026-09-23T07:12:00Z,м90-20260923-006,vehicle-936,55.6961345,37.611269,28.8,15,10777003147
2026-09-23T07:13:00Z,м90-20260923-006,vehicle-936,55.6980631,37.612971,28.8,15,10777003149
2026-09-23T07:14:00Z,м90-20260923-006,vehicle-936,55.700167,37.6149029,0,15,10777003149
2026-09-23T07:15:00Z,м90-20260923-006,vehicle-936,55.7027431,37.616828,0,15,10719762326
2026-09-23T07:16:00Z,м90-20260923-006,vehicle-936,55.7049541,37.6175134,0,15,10710060863
2026-09-23T07:17:00Z,м90-20260923-006,vehicle-936,55.7072529,37.6180474,0,15,10777003131
2026-09-23T07:18:00Z,м90-20260923-006,vehicle-936,55.7102195,37.6197417,28.8,15,10777003130
2026-09-23T07:19:00Z,м90-20260923-006,vehicle-936,55.7119398,37.6216452,28.8,15,10539275620
2026-09-23T07:20:00Z,м90-20260923-006,vehicle-936,55.7140308,37.620651,28.8,15,10781782840
2026-09-23T07:21:00Z,м90-20260923-006,vehicle-936,55.7156722,37.6234528,0,15,10781782840
2026-09-23T07:22:00Z,м90-20260923-006,vehicle-936,55.7180985,37.6251505,0,15,10781782838
2026-09-23T07:23:00Z,м90-20260923-006,vehicle-936,55.720498,37.626795,0,15,10740471007
2026-09-23T07:24:00Z,м90-20260923-006,vehicle-936,55.7230288,37.6270549,28.8,15,10711256696
2026-09-23T07:25:00Z,м90-20260923-006,vehicle-936,55.7251041,37.625999,28.8,15,10711256697
2026-09-23T07:26:00Z,м90-20260923-006,vehicle-936,55.7271378,37.625009,28.8,15,10781782847
2026-09-23T07:27:00Z,м90-20260923-006,vehicle-936,55.7310921,37.6260456,0,15,10781782847
2026-09-23T07:28:00Z,м90-20260923-006,vehicle-936,55.7334047,37.6275964,28.8,15,10781782846
2026-09-23T07:29:00Z,м90-20260923-006,vehicle-936,55.7356084,37.6278247,0,15,10781782846
2026-09-23T07:30:00Z,м90-20260923-006,vehicle-936,55.7391823,37.6283754,0,15,5007785274
2026-09-23T07:00:00Z,м90-20260923-007,vehicle-937,55.677399,37.5935866,28.8,-20,10735116760
2026-09-23T07:01:00Z,м90-20260923-007,vehicle-937,55.6792492,37.5955317,28.8,-20,10735116757
2026-09-23T07:02:00Z,м90-20260923-007,vehicle-937,55.6811403,37.5974123,28.8,-20,10781355827
2026-09-23T07:03:00Z,м90-20260923-007,vehicle-937,55.6845785,37.6005548,0,-20,10781355827
2026-09-23T07:04:00Z,м90-20260923-007,vehicle-937,55.6868991,37.6026964,28.8,-20,10781602191
2026-09-23T07:05:00Z,м90-20260923-007,vehicle-937,55.6888154,37.6045042,28.8,-20,10777003142
2026-09-23T07:06:00Z,м90-20260923-007,vehicle-937,55.6922617,37.6077092,0,-20,10777003142
2026-09-23T07:07:00Z,м90-20260923-007,vehicle-937,55.6941553,37.6094447,0,-20,10777003144
2026-09-23T07:08:00Z,м90-20260923-007,vehicle-937,55.6964536,37.6115637,28.8,-20,10777003147
2026-09-23T07:09:00Z,м90-20260923-007,vehicle-937,55.6983813,37.6132656,28.8,-20,10777003149
2026-09-23T07:10:00Z,м90-20260923-007,vehicle-937,55.700295,37.6150177,28.8,-20,10719762326
2026-09-23T07:11:00Z,м90-20260923-007,vehicle-937,55.7027431,37.616828,0,-20,10719762326
2026-09-23T07:12:00Z,м90-20260923-007,vehicle-937,55.7049541,37.6175134,0,-20,10710060863
2026-09-23T07:13:00Z,м90-20260923-007,vehicle-937,55.7072529,37.6180474,0,-20,10777003131
2026-09-23T07:14:00Z,м90-20260923-007,vehicle-937,55.7105105,37.6201143,0,-20,10777003130
2026-09-23T07:15:00Z,м90-20260923-007,vehicle-937,55.7122845,37.6214819,28.8,-20,10539275620
2026-09-23T07:16:00Z,м90-20260923-007,vehicle-937,55.7143811,37.6204907,28.8,-20,10781782840
2026-09-23T07:17:00Z,м90-20260923-007,vehicle-937,55.7156722,37.6234528,0,-20,10781782840
2026-09-23T07:18:00Z,м90-20260923-007,vehicle-937,55.7180985,37.6251505,0,-20,10781782838
2026-09-23T07:19:00Z,м90-20260923-007,vehicle-937,55.720498,37.626795,0,-20,10740471007
2026-09-23T07:20:00Z,м90-20260923-007,vehicle-937,55.7233754,37.6268794,28.8,-20,10711256696
2026-09-23T07:21:00Z,м90-20260923-007,vehicle-937,55.7254415,37.6258271,28.8,-20,10711256697
2026-09-23T07:22:00Z,м90-20260923-007,vehicle-937,55.7275016,37.6250226,28.8,-20,10781782847
2026-09-23T07:23:00Z,м90-20260923-007,vehicle-937,55.7310921,37.6260456,0,-20,10781782847
2026-09-23T07:24:00Z,м90-20260923-007,vehicle-937,55.7337587,37.6276689,28.8,-20,10781782846
2026-09-23T07:25:00Z,м90-20260923-007,vehicle-937,55.7358946,37.6278628,28.8,-20,5007785274
2026-09-23T07:26:00Z,м90-20260923-007,vehicle-937,55.7391823,37.6283754,0,-20,5007785274
2026-09-23T07:27:00Z,м90-20260923-007,vehicle-937,55.7422265,37.6284875,0,-20,9825498517
2026-09-23T07:28:00Z,м90-20260923-007,vehicle-937,55.7444533,37.6276064,28.8,-20,10781782852
2026-09-23T07:29:00Z,м90-20260923-007,vehicle-937,55.7464283,37.6261086,28.8,-20,9284083804
2026-09-23T07:30:00Z,м90-20260923-007,vehicle-937,55.7478128,37.6247861,28.8,-20,5166349030
2026-09-23T07:00:00Z,384-20260923-000,vehicle-940,55.7759813,37.5845022,0,15,5041552958
2026-09-23T07:01:00Z,384-20260923-000,vehicle-940,55.7760692,37.5830552,28.8,15,1253685272
2026-09-23T07:02:00Z,384-20260923-000,vehicle-940,55.7793453,37.5800273,28.8,15,1253685272
2026-09-23T07:03:00Z,384-20260923-000,vehicle-940,55.780726,37.5770583,28.8,15,1253685152
2026-09-23T07:04:00Z,384-20260923-000,vehicle-940,55.7821102,37.5740841,28.8,15,1253685235
2026-09-23T07:05:00Z,384-20260923-000,vehicle-940,55.7834814,37.5711076,28.8,15,1253685318
2026-09-23T07:06:00Z,384-20260923-000,vehicle-940,55.7849877,37.5678441,0,15,1253685318
2026-09-23T07:07:00Z,384-20260923-000,vehicle-940,55.7870464,37.5676861,28.8,15,1390556618
2026-09-23T07:08:00Z,384-20260923-000,vehicle-940,55.783664,37.5629678,28.8,15,1390556618
2026-09-23T07:09:00Z,384-20260923-000,vehicle-940,55.7817912,37.5604017,0,15,1390556618
2026-09-23T07:10:00Z,384-20260923-000,vehicle-940,55.7803731,37.5572364,0,15,2250377775
2026-09-23T07:11:00Z,384-20260923-000,vehicle-940,55.7822752,37.5540874,0,15,10770807633
2026-09-23T07:12:00Z,384-20260923-000,vehicle-940,55.7831062,37.5509498,0,15,10770807635
2026-09-23T07:13:00Z,384-20260923-000,vehicle-940,55.7812913,37.5469383,28.8,15,10770807638
2026-09-23T07:14:00Z,384-20260923-000,vehicle-940,55.7799183,37.5439651,28.8,15,10770807640
2026-09-23T07:15:00Z,384-20260923-000,vehicle-940,55.7819462,37.5382892,28.8,15,10770807640
2026-09-23T07:16:00Z,384-20260923-000,vehicle-940,55.7821759,37.534861,28.8,15,1449161160
2026-09-23T07:17:00Z,384-20260923-000,vehicle-940,55.783718,37.5357136,28.8,15,1457589281
2026-09-23T07:18:00Z,384-20260923-000,vehicle-940,55.7869894,37.5378787,28.8,15,1457589281
2026-09-23T07:19:00Z,384-20260923-000,vehicle-940,55.7887497,37.5400725,28.8,15,10777614858
2026-09-23T07:20:00Z,384-20260923-000,vehicle-940,55.7904355,37.5424408,28.8,15,1251642862
2026-09-23T07:21:00Z,384-20260923-000,vehicle-940,55.7932643,37.547329,28.8,15,1251642862
2026-09-23T07:22:00Z,384-20260923-000,vehicle-940,55.7920172,37.5504277,28.8,15,5465097778
2026-09-23T07:23:00Z,384-20260923-000,vehicle-940,55.791264,37.5561645,28.8,15,5465097778
2026-09-23T07:24:00Z,384-20260923-000,vehicle-940,55.7928372,37.5578687,28.8,15,4447489243
2026-09-23T07:25:00Z,384-20260923-000,vehicle-940,55.7930476,37.560766,28.8,15,10769940172
2026-09-23T07:26:00Z,384-20260923-000,vehicle-940,55.7959702,37.5587521,0,15,10769940172
2026-09-23T07:27:00Z,384-20260923-000,vehicle-940,55.7976019,37.554356,28.8,15,10769940171
2026-09-23T07:28:00Z,384-20260923-000,vehicle-940,55.7988599,37.5560391,28.8,15,10746718173
2026-09-23T07:29:00Z,384-20260923-000,vehicle-940,55.7999367,37.5593616,28.8,15,10746718174
2026-09-23T07:30:00Z,384-20260923-000,vehicle-940,55.8012853,37.5637236,0,15,10746718174
2026-09-23T07:00:00Z,384-20260923-001,vehicle-941,55.7816087,37.5751809,0,15,1253685152
2026-09-23T07:01:00Z,384-20260923-001,vehicle-941,55.7828846,37.572388,0,15,1253685235
2026-09-23T07:02:00Z,384-20260923-001,vehicle-941,55.7848487,37.5681377,28.8,15,1253685318
2026-09-23T07:03:00Z,384-20260923-001,vehicle-941,55.7863894,37.5661145,28.8,15,1390556618
2026-09-23T07:04:00Z,384-20260923-001,vehicle-941,55.7853568,37.5653233,28.8,15,1390556618
2026-09-23T07:05:00Z,384-20260923-001,vehicle-941,55.7819624,37.5606328,28.8,15,1390556618
2026-09-23T07:06:00Z,384-20260923-001,vehicle-941,55.7802404,37.5582273,28.8,15,2250377775
2026-09-23T07:07:00Z,384-20260923-001,vehicle-941,55.7814027,37.5555366,28.8,15,10770807633
2026-09-23T07:08:00Z,384-20260923-001,vehicle-941,55.7829656,37.5529467,28.8,15,10770807635
2026-09-23T07:09:00Z,384-20260923-001,vehicle-941,55.782712,37.5498653,28.8,15,10770807638
2026-09-23T07:10:00Z,384-20260923-001,vehicle-941,55.7803457,37.5449804,0,15,10770807638
2026-09-23T07:11:00Z,384-20260923-001,vehicle-941,55.7811776,37.5416874,28.8,15,10770807640
2026-09-23T07:12:00Z,384-20260923-001,vehicle-941,55.7819397,37.5380359,0,15,10770807640
2026-09-23T07:13:00Z,384-20260923-001,vehicle-941,55.7830691,37.5346813,0,15,1449161160
2026-09-23T07:14:00Z,384-20260923-001,vehicle-941,55.7855831,37.5349468,28.8,15,1457589281
2026-09-23T07:15:00Z,384-20260923-001,vehicle-941,55.7872784,37.5382698,0,15,1457589281
2026-09-23T07:16:00Z,384-20260923-001,vehicle-941,55.7896501,37.5413277,0,15,10777614858
2026-09-23T07:17:00Z,384-20260923-001,vehicle-941,55.7921289,37.544803,28.8,15,1251642862
2026-09-23T07:18:00Z,384-20260923-001,vehicle-941,55.792785,37.5484441,0,15,1251642862
2026-09-23T07:19:00Z,384-20260923-001,vehicle-941,55.7927931,37.5537589,28.8,15,5465097778
2026-09-23T07:20:00Z,384-20260923-001,vehicle-941,55.7915613,37.5568027,0,15,5465097778
2026-09-23T07:21:00Z,384-20260923-001,vehicle-941,55.7929443,37.5591436,0,15,4447489243
2026-09-23T07:22:00Z,384-20260923-001,vehicle-941,55.7946669,37.5589817,28.8,15,10769940172
2026-09-23T07:23:00Z,384-20260923-001,vehicle-941,55.7964815,37.5576778,28.8,15,10769940171
2026-09-23T07:24:00Z,384-20260923-001,vehicle-941,55.7976366,37.5542427,0,15,10769940171
2026-09-23T07:25:00Z,384-20260923-001,vehicle-941,55.799469,37.5579252,0,15,10746718173
2026-09-23T07:26:00Z,384-20260923-001,vehicle-941,55.8009807,37.5627102,28.8,15,10746718174
2026-09-23T07:27:00Z,384-20260923-001,vehicle-941,55.8007756,37.5654344,28.8,15,10746718168
2026-09-23T07:28:00Z,384-20260923-001,vehicle-941,55.800138,37.568262,28.8,15,10746718159
2026-09-23T07:29:00Z,384-20260923-001,vehicle-941,55.8004915,37.5720572,28.8,15,10746718163
2026-09-23T07:30:00Z,384-20260923-001,vehicle-941,55.8003481,37.5756471,0,15,10746718163
2026-09-23T07:00:00Z,384-20260923-002,vehicle-942,55.7870464,37.5676861,28.8,15,1390556618
2026-09-23T07:01:00Z,384-20260923-002,vehicle-942,55.783664,37.5629678,28.8,15,1390556618
2026-09-23T07:02:00Z,384-20260923-002,vehicle-942,55.7817912,37.5604017,0,15,1390556618
2026-09-23T07:03:00Z,384-20260923-002,vehicle-942,55.7803731,37.5572364,0,15,2250377775
2026-09-23T07:04:00Z,384-20260923-002,vehicle-942,55.7822752,37.5540874,0,15,10770807633
2026-09-23T07:05:00Z,384-20260923-002,vehicle-942,55.7831062,37.5509498,0,15,10770807635
2026-09-23T07:06:00Z,384-20260923-002,vehicle-942,55.7812913,37.5469383,28.8,15,10770807638
2026-09-23T07:07:00Z,384-20260923-002,vehicle-942,55.7799183,37.5439651,28.8,15,10770807640
2026-09-23T07:08:00Z,384-20260923-002,vehicle-942,55.7819462,37.5382892,28.8,15,10770807640
2026-09-23T07:09:00Z,384-20260923-002,vehicle-942,55.7821759,37.534861,28.8,15,1449161160
2026-09-23T07:10:00Z,384-20260923-002,vehicle-942,55.783718,37.5357136,28.8,15,1457589281
2026-09-23T07:11:00Z,384-20260923-002,vehicle-942,55.7869894,37.5378787,28.8,15,1457589281
2026-09-23T07:12:00Z,384-20260923-002,vehicle-942,55.7887497,37.5400725,28.8,15,10777614858
2026-09-23T07:13:00Z,384-20260923-002,vehicle-942,55.7904355,37.5424408,28.8,15,1251642862
2026-09-23T07:14:00Z,384-20260923-002,vehicle-942,55.7932643,37.547329,28.8,15,1251642862
2026-09-23T07:15:00Z,384-20260923-002,vehicle-942,55.7920172,37.5504277,28.8,15,5465097778
2026-09-23T07:16:00Z,384-20260923-002,vehicle-942,55.791264,37.5561645,28.8,15,5465097778
2026-09-23T07:17:00Z,384-20260923-002,vehicle-942,55.7928372,37.5578687,28.8,15,4447489243
2026-09-23T07:18:00Z,384-20260923-002,vehicle-942,55.7930476,37.560766,28.8,15,10769940172
2026-09-23T07:19:00Z,384-20260923-002,vehicle-942,55.7959702,37.5587521,0,15,10769940172
2026-09-23T07:20:00Z,384-20260923-002,vehicle-942,55.7976019,37.554356,28.8,15,10769940171
2026-09-23T07:21:00Z,384-20260923-002,vehicle-942,55.7988599,37.5560391,28.8,15,10746718173
2026-09-23T07:22:00Z,384-20260923-002,vehicle-942,55.7999367,37.5593616,28.8,15,10746718174
2026-09-23T07:23:00Z,384-20260923-002,vehicle-942,55.8012853,37.5637236,0,15,10746718174
2026-09-23T07:24:00Z,384-20260923-002,vehicle-942,55.8000801,37.5676303,0,15,10746718168
2026-09-23T07:25:00Z,384-20260923-002,vehicle-942,55.800416,37.5712938,0,15,10746718159
2026-09-23T07:26:00Z,384-20260923-002,vehicle-942,55.8006374,37.5756017,28.8,15,10746718163
2026-09-23T07:27:00Z,384-20260923-002,vehicle-942,55.7984774,37.5759624,28.8,15,10746718156
2026-09-23T07:28:00Z,384-20260923-002,vehicle-942,55.7963246,37.5764099,28.8,15,10746718153
2026-09-23T07:29:00Z,384-20260923-002,vehicle-942,55.7951654,37.5794387,0,15,10746718153
2026-09-23T07:30:00Z,384-20260923-002,vehicle-942,55.7954607,37.5827879,0,15,10746494151
2026-09-23T07:00:00Z,384-20260923-003,vehicle-943,55.7814027,37.5555366,28.8,15,10770807633
2026-09-23T07:01:00Z,384-20260923-003,vehicle-943,55.7829656,37.5529467,28.8,15,10770807635
2026-09-23T07:02:00Z,384-20260923-003,vehicle-943,55.782712,37.5498653,28.8,15,10770807638
2026-09-23T07:03:00Z,384-20260923-003,vehicle-943,55.7803457,37.5449804,0,15,10770807638
2026-09-23T07:04:00Z,384-20260923-003,vehicle-943,55.7811776,37.5416874,28.8,15,10770807640
2026-09-23T07:05:00Z,384-20260923-003,vehicle-943,55.7819397,37.5380359,0,15,10770807640
2026-09-23T07:06:00Z,384-20260923-003,vehicle-943,55.7830691,37.5346813,0,15,1449161160
2026-09-23T07:07:00Z,384-20260923-003,vehicle-943,55.7855831,37.5349468,28.8,15,1457589281
2026-09-23T07:08:00Z,384-20260923-003,vehicle-943,55.7872784,37.5382698,0,15,1457589281
2026-09-23T07:09:00Z,384-20260923-003,vehicle-943,55.7896501,37.5413277,0,15,10777614858
2026-09-23T07:10:00Z,384-20260923-003,vehicle-943,55.7921289,37.544803,28.8,15,1251642862
2026-09-23T07:11:00Z,384-20260923-003,vehicle-943,55.792785,37.5484441,0,15,1251642862
2026-09-23T07:12:00Z,384-20260923-003,vehicle-943,55.7927931,37.5537589,28.8,15,5465097778
2026-09-23T07:13:00Z,384-20260923-003,vehicle-943,55.7915613,37.5568027,0,15,5465097778
2026-09-23T07:14:00Z,384-20260923-003,vehicle-943,55.7929443,37.5591436,0,15,4447489243
2026-09-23T07:15:00Z,384-20260923-003,vehicle-943,55.7946669,37.5589817,28.8,15,10769940172
2026-09-23T07:16:00Z,384-20260923-003,vehicle-943,55.7964815,37.5576778,28.8,15,10769940171
2026-09-23T07:17:00Z,384-20260923-003,vehicle-943,55.7976366,37.5542427,0,15,10769940171
2026-09-23T07:18:00Z,384-20260923-003,vehicle-943,55.799469,37.5579252,0,15,10746718173
2026-09-23T07:19:00Z,384-20260923-003,vehicle-943,55.8009807,37.5627102,28.8,15,10746718174
2026-09-23T07:20:00Z,384-20260923-003,vehicle-943,55.8007756,37.5654344,28.8,15,10746718168
2026-09-23T07:21:00Z,384-20260923-003,vehicle-943,55.800138,37.568262,28.8,15,10746718159
2026-09-23T07:22:00Z,384-20260923-003,vehicle-943,55.8004915,37.5720572,28.8,15,10746718163
2026-09-23T07:23:00Z,384-20260923-003,vehicle-943,55.8003481,37.5756471,0,15,10746718163
2026-09-23T07:24:00Z,384-20260923-003,vehicle-943,55.7963958,37.5763956,0,15,10746718156
2026-09-23T07:25:00Z,384-20260923-003,vehicle-943,55.7950452,37.5780523,28.8,15,10746718153
2026-09-23T07:26:00Z,384-20260923-003,vehicle-943,55.7954484,37.5817831,28.8,15,10746494151
2026-09-23T07:27:00Z,384-20260923-003,vehicle-943,55.7945082,37.5844188,28.8,15,8518855615
2026-09-23T07:28:00Z,384-20260923-003,vehicle-943,55.79325,37.5862928,28.8,15,8518855615
2026-09-23T07:29:00Z,384-20260923-003,vehicle-943,55.7937878,37.5878803,0,15,8518855615
2026-09-23T07:30:00Z,384-20260923-003,vehicle-943,55.7937878,37.5878803,0,15,8518855615
2026-09-23T07:00:00Z,384-20260923-004,vehicle-944,55.7799183,37.5439651,28.8,15,10770807640
2026-09-23T07:01:00Z,384-20260923-004,vehicle-944,55.7819462,37.5382892,28.8,15,10770807640
2026-09-23T07:02:00Z,384-20260923-004,vehicle-944,55.7821759,37.534861,28.8,15,1449161160
2026-09-23T07:03:00Z,384-20260923-004,vehicle-944,55.783718,37.5357136,28.8,15,1457589281
2026-09-23T07:04:00Z,384-20260923-004,vehicle-944,55.7869894,37.5378787,28.8,15,1457589281
2026-09-23T07:05:00Z,384-20260923-004,vehicle-944,55.7887497,37.5400725,28.8,15,10777614858
2026-09-23T07:06:00Z,384-20260923-004,vehicle-944,55.7904355,37.5424408,28.8,15,1251642862
2026-09-23T07:07:00Z,384-20260923-004,vehicle-944,55.7932643,37.547329,28.8,15,1251642862
2026-09-23T07:08:00Z,384-20260923-004,vehicle-944,55.7920172,37.5504277,28.8,15,5465097778
2026-09-23T07:09:00Z,384-20260923-004,vehicle-944,55.791264,37.5561645,28.8,15,5465097778
2026-09-23T07:10:00Z,384-20260923-004,vehicle-944,55.7928372,37.5578687,28.8,15,4447489243
2026-09-23T07:11:00Z,384-20260923-004,vehicle-944,55.7930476,37.560766,28.8,15,10769940172
2026-09-23T07:12:00Z,384-20260923-004,vehicle-944,55.7959702,37.5587521,0,15,10769940172
2026-09-23T07:13:00Z,384-20260923-004,vehicle-944,55.7976019,37.554356,28.8,15,10769940171
2026-09-23T07:14:00Z,384-20260923-004,vehicle-944,55.7988599,37.5560391,28.8,15,10746718173
2026-09-23T07:15:00Z,384-20260923-004,vehicle-944,55.7999367,37.5593616,28.8,15,10746718174
2026-09-23T07:16:00Z,384-20260923-004,vehicle-944,55.8012853,37.5637236,0,15,10746718174
2026-09-23T07:17:00Z,384-20260923-004,vehicle-944,55.8000801,37.5676303,0,15,10746718168
2026-09-23T07:18:00Z,384-20260923-004,vehicle-944,55.800416,37.5712938,0,15,10746718159
2026-09-23T07:19:00Z,384-20260923-004,vehicle-944,55.8006374,37.5756017,28.8,15,10746718163
2026-09-23T07:20:00Z,384-20260923-004,vehicle-944,55.7984774,37.5759624,28.8,15,10746718156
2026-09-23T07:21:00Z,384-20260923-004,vehicle-944,55.7963246,37.5764099,28.8,15,10746718153
2026-09-23T07:22:00Z,384-20260923-004,vehicle-944,55.7951654,37.5794387,0,15,10746718153
2026-09-23T07:23:00Z,384-20260923-004,vehicle-944,55.7954607,37.5827879,0,15,10746494151
2026-09-23T07:24:00Z,384-20260923-004,vehicle-944,55.792922,37.5870166,28.8,15,8518855615
2026-09-23T07:25:00Z,384-20260923-004,vehicle-944,55.7937003,37.5880844,28.8,15,8518855615
2026-09-23T07:26:00Z,384-20260923-004,vehicle-944,55.7937878,37.5878803,0,15,8518855615
2026-09-23T07:27:00Z,384-20260923-004,vehicle-944,55.7937878,37.5878803,0,15,8518855615
2026-09-23T07:28:00Z,384-20260923-004,vehicle-944,55.7937878,37.5878803,0,15,8518855615
2026-09-23T07:29:00Z,384-20260923-004,vehicle-944,55.7937878,37.5878803,0,15,8518855615
2026-09-23T07:30:00Z,384-20260923-004,vehicle-944,55.7937878,37.5878803,0,15,8518855615
2026-09-23T07:00:00Z,384-20260923-005,vehicle-945,55.7855831,37.5349468,28.8,15,1457589281
2026-09-23T07:01:00Z,384-20260923-005,vehicle-945,55.7872784,37.5382698,0,15,1457589281
2026-09-23T07:02:00Z,384-20260923-005,vehicle-945,55.7896501,37.5413277,0,15,10777614858
2026-09-23T07:03:00Z,384-20260923-005,vehicle-945,55.7921289,37.544803,28.8,15,1251642862
2026-09-23T07:04:00Z,384-20260923-005,vehicle-945,55.792785,37.5484441,0,15,1251642862
2026-09-23T07:05:00Z,384-20260923-005,vehicle-945,55.7927931,37.5537589,28.8,15,5465097778
2026-09-23T07:06:00Z,384-20260923-005,vehicle-945,55.7915613,37.5568027,0,15,5465097778
2026-09-23T07:07:00Z,384-20260923-005,vehicle-945,55.7929443,37.5591436,0,15,4447489243
2026-09-23T07:08:00Z,384-20260923-005,vehicle-945,55.7946669,37.5589817,28.8,15,10769940172
2026-09-23T07:09:00Z,384-20260923-005,vehicle-945,55.7964815,37.5576778,28.8,15,10769940171
2026-09-23T07:10:00Z,384-20260923-005,vehicle-945,55.7976366,37.5542427,0,15,10769940171
2026-09-23T07:11:00Z,384-20260923-005,vehicle-945,55.799469,37.5579252,0,15,10746718173
2026-09-23T07:12:00Z,384-20260923-005,vehicle-945,55.8009807,37.5627102,28.8,15,10746718174
2026-09-23T07:13:00Z,384-20260923-005,vehicle-945,55.8007756,37.5654344,28.8,15,10746718168
2026-09-23T07:14:00Z,384-20260923-005,vehicle-945,55.800138,37.568262,28.8,15,10746718159
2026-09-23T07:15:00Z,384-20260923-005,vehicle-945,55.8004915,37.5720572,28.8,15,10746718163
2026-09-23T07:16:00Z,384-20260923-005,vehicle-945,55.8003481,37.5756471,0,15,10746718163
2026-09-23T07:17:00Z,384-20260923-005,vehicle-945,55.7963958,37.5763956,0,15,10746718156
2026-09-23T07:18:00Z,384-20260923-005,vehicle-945,55.7950452,37.5780523,28.8,15,10746718153
2026-09-23T07:19:00Z,384-20260923-005,vehicle-945,55.7954484,37.5817831,28.8,15,10746494151
2026-09-23T07:20:00Z,384-20260923-005,vehicle-945,55.7945082,37.5844188,28.8,15,8518855615
2026-09-23T07:21:00Z,384-20260923-005,vehicle-945,55.79325,37.5862928,28.8,15,8518855615
2026-09-23T07:22:00Z,384-20260923-005,vehicle-945,55.7937878,37.5878803,0,15,8518855615
2026-09-23T07:23:00Z,384-20260923-005,vehicle-945,55.7937878,37.5878803,0,15,8518855615
2026-09-23T07:24:00Z,384-20260923-005,vehicle-945,55.7937878,37.5878803,0,15,8518855615
2026-09-23T07:25:00Z,384-20260923-005,vehicle-945,55.7937878,37.5878803,0,15,8518855615
2026-09-23T07:26:00Z,384-20260923-005,vehicle-945,55.7937878,37.5878803,0,15,8518855615
2026-09-23T07:27:00Z,384-20260923-005,vehicle-945,55.7937878,37.5878803,0,15,8518855615
2026-09-23T07:28:00Z,384-20260923-005,vehicle-945,55.7937878,37.5878803,0,15,8518855615
2026-09-23T07:29:00Z,384-20260923-005,vehicle-945,55.7937878,37.5878803,0,15,8518855615
2026-09-23T07:30:00Z,384-20260923-005,vehicle-945,55.7937878,37.5878803,0,15,8518855615
2026-09-23T07:00:00Z,384-20260923-006,vehicle-946,55.7932643,37.547329,28.8,15,1251642862
2026-09-23T07:01:00Z,384-20260923-006,vehicle-946,55.7920172,37.5504277,28.8,15,5465097778
2026-09-23T07:02:00Z,384-20260923-006,vehicle-946,55.791264,37.5561645,28.8,15,5465097778
2026-09-23T07:03:00Z,384-20260923-006,vehicle-946,55.7928372,37.5578687,28.8,15,4447489243
2026-09-23T07:04:00Z,384-20260923-006,vehicle-946,55.7930476,37.560766,28.8,15,10769940172
2026-09-23T07:05:00Z,384-20260923-006,vehicle-946,55.7959702,37.5587521,0,15,10769940172
2026-09-23T07:06:00Z,384-20260923-006,vehicle-946,55.7976019,37.554356,28.8,15,10769940171
2026-09-23T07:07:00Z,384-20260923-006,vehicle-946,55.7988599,37.5560391,28.8,15,10746718173
2026-09-23T07:08:00Z,384-20260923-006,vehicle-946,55.7999367,37.5593616,28.8,15,10746718174
2026-09-23T07:09:00Z,384-20260923-006,vehicle-946,55.8012853,37.5637236,0,15,10746718174
2026-09-23T07:10:00Z,384-20260923-006,vehicle-946,55.8000801,37.5676303,0,15,10746718168
2026-09-23T07:11:00Z,384-20260923-006,vehicle-946,55.800416,37.5712938,0,15,10746718159
2026-09-23T07:12:00Z,384-20260923-006,vehicle-946,55.8006374,37.5756017,28.8,15,10746718163
2026-09-23T07:13:00Z,384-20260923-006,vehicle-946,55.7984774,37.5759624,28.8,15,10746718156
2026-09-23T07:14:00Z,384-20260923-006,vehicle-946,55.7963246,37.5764099,28.8,15,10746718153
2026-09-23T07:15:00Z,384-20260923-006,vehicle-946,55.7951654,37.5794387,0,15,10746718153
2026-09-23T07:16:00Z,384-20260923-006,vehicle-946,55.7954607,37.5827879,0,15,10746494151
2026-09-23T07:17:00Z,384-20260923-006,vehicle-946,55.792922,37.5870166,28.8,15,8518855615
2026-09-23T07:18:00Z,384-20260923-006,vehicle-946,55.7937003,37.5880844,28.8,15,8518855615
2026-09-23T07:19:00Z,384-20260923-006,vehicle-946,55.7937878,37.5878803,0,15,8518855615
2026-09-23T07:20:00Z,384-20260923-006,vehicle-946,55.7937878,37.5878803,0,15,8518855615
2026-09-23T07:21:00Z,384-20260923-006,vehicle-946,55.7937878,37.5878803,0,15,8518855615
2026-09-23T07:22:00Z,384-20260923-006,vehicle-946,55.7937878,37.5878803,0,15,8518855615
2026-09-23T07:23:00Z,384-20260923-006,vehicle-946,55.7937878,37.5878803,0,15,8518855615
2026-09-23T07:24:00Z,384-20260923-006,vehicle-946,55.7937878,37.5878803,0,15,8518855615
2026-09-23T07:25:00Z,384-20260923-006,vehicle-946,55.7937878,37.5878803,0,15,8518855615
2026-09-23T07:26:00Z,384-20260923-006,vehicle-946,55.7937878,37.5878803,0,15,8518855615
2026-09-23T07:27:00Z,384-20260923-006,vehicle-946,55.7937878,37.5878803,0,15,8518855615
2026-09-23T07:28:00Z,384-20260923-006,vehicle-946,55.7937878,37.5878803,0,15,8518855615
2026-09-23T07:29:00Z,384-20260923-006,vehicle-946,55.7937878,37.5878803,0,15,8518855615
2026-09-23T07:30:00Z,384-20260923-006,vehicle-946,55.7937878,37.5878803,0,15,8518855615
2026-09-23T07:00:00Z,384-20260923-007,vehicle-947,55.7933365,37.5607109,28.8,-20,10769940172
2026-09-23T07:01:00Z,384-20260923-007,vehicle-947,55.7959702,37.5587521,0,-20,10769940172
2026-09-23T07:02:00Z,384-20260923-007,vehicle-947,55.7976366,37.5542427,0,-20,10769940171
2026-09-23T07:03:00Z,384-20260923-007,vehicle-947,55.7990449,37.5565879,28.8,-20,10746718173
2026-09-23T07:04:00Z,384-20260923-007,vehicle-947,55.8001195,37.559911,28.8,-20,10746718174
2026-09-23T07:05:00Z,384-20260923-007,vehicle-947,55.8012853,37.5637236,0,-20,10746718174
2026-09-23T07:06:00Z,384-20260923-007,vehicle-947,55.8000801,37.5676303,0,-20,10746718168
2026-09-23T07:07:00Z,384-20260923-007,vehicle-947,55.800416,37.5712938,0,-20,10746718159
2026-09-23T07:08:00Z,384-20260923-007,vehicle-947,55.8003481,37.5756471,0,-20,10746718163
2026-09-23T07:09:00Z,384-20260923-007,vehicle-947,55.7981183,37.5760331,28.8,-20,10746718156
2026-09-23T07:10:00Z,384-20260923-007,vehicle-947,55.7959682,37.5764813,28.8,-20,10746718153
2026-09-23T07:11:00Z,384-20260923-007,vehicle-947,55.7951654,37.5794387,0,-20,10746718153
2026-09-23T07:12:00Z,384-20260923-007,vehicle-947,55.7954607,37.5827879,0,-20,10746494151
2026-09-23T07:13:00Z,384-20260923-007,vehicle-947,55.792606,37.5870225,28.8,-20,8518855615
2026-09-23T07:14:00Z,384-20260923-007,vehicle-947,55.7937878,37.5878803,0,-20,8518855615
2026-09-23T07:15:00Z,384-20260923-007,vehicle-947,55.7937878,37.5878803,0,-20,8518855615
2026-09-23T07:16:00Z,384-20260923-007,vehicle-947,55.7937878,37.5878803,0,-20,8518855615
2026-09-23T07:17:00Z,384-20260923-007,vehicle-947,55.7937878,37.5878803,0,-20,8518855615
2026-09-23T07:18:00Z,384-20260923-007,vehicle-947,55.7937878,37.5878803,0,-20,8518855615
2026-09-23T07:19:00Z,384-20260923-007,vehicle-947,55.7937878,37.5878803,0,-20,8518855615
2026-09-23T07:20:00Z,384-20260923-007,vehicle-947,55.7937878,37.5878803,0,-20,8518855615
2026-09-23T07:21:00Z,384-20260923-007,vehicle-947,55.7937878,37.5878803,0,-20,8518855615
2026-09-23T07:22:00Z,384-20260923-007,vehicle-947,55.7937878,37.5878803,0,-20,8518855615
2026-09-23T07:23:00Z,384-20260923-007,vehicle-947,55.7937878,37.5878803,0,-20,8518855615
2026-09-23T07:24:00Z,384-20260923-007,vehicle-947,55.7937878,37.5878803,0,-20,8518855615
2026-09-23T07:25:00Z,384-20260923-007,vehicle-947,55.7937878,37.5878803,0,-20,8518855615
2026-09-23T07:26:00Z,384-20260923-007,vehicle-947,55.7937878,37.5878803,0,-20,8518855615
2026-09-23T07:27:00Z,384-20260923-007,vehicle-947,55.7937878,37.5878803,0,-20,8518855615
2026-09-23T07:28:00Z,384-20260923-007,vehicle-947,55.7937878,37.5878803,0,-20,8518855615
2026-09-23T07:29:00Z,384-20260923-007,vehicle-947,55.7937878,37.5878803,0,-20,8518855615
2026-09-23T07:30:00Z,384-20260923-007,vehicle-947,55.7937878,37.5878803,0,-20,8518855615
