время_ms;рейс;автобус;широта;долгота;скорость_мс;задержка_мин;следующая_остановка
1790146800000;м3-20260923-000;vehicle-742;55,7779901;37,71884;0,0;1,0;10707555437
1790146860000;м3-20260923-000;vehicle-742;55,7779901;37,71884;0,0;1,15;10707555437
1790146920000;м3-20260923-000;vehicle-742;55,7774206;37,7176957;8,0;1,3;10702781016
1790146980000;м3-20260923-000;vehicle-742;55,7770662;37,7151797;0,0;1,45;10702781016
1790147040000;м3-20260923-000;vehicle-742;55,7791418;37,7162858;8,0;1,6;1383980899
1790147100000;м3-20260923-000;vehicle-742;55,780923;37,7157149;0,0;1,75;1383980899
1790147160000;м3-20260923-000;vehicle-742;55,7818634;37,7107432;8,0;1,9;1383980929
1790147220000;м3-20260923-000;vehicle-742;55,7822699;37,706603;0,0;2,05;1383980929
1790147280000;м3-20260923-000;vehicle-742;55,782793;37,7017424;8,0;2,2;1373930865
1790147340000;м3-20260923-000;vehicle-742;55,782747;37,6990569;8,0;2,35;10703096932
1790147400000;м3-20260923-000;vehicle-742;55,7811645;37,6956789;0,0;2,5;10703096932
1790147460000;м3-20260923-000;vehicle-742;55,7796962;37,6924944;8,0;2,65;10707555493
1790147520000;м3-20260923-000;vehicle-742;55,778565;37,6907337;8,0;2,8;10707555492
1790147580000;м3-20260923-000;vehicle-742;55,7774653;37,6889378;8,0;2,95;10707555490
1790147640000;м3-20260923-000;vehicle-742;55,7757369;37,6856416;0,0;3,1;10707555490
1790147700000;м3-20260923-000;vehicle-742;55,7741775;37,6819179;8,0;3,25;10707555486
1790147760000;м3-20260923-000;vehicle-742;55,7734939;37,6795197;8,0;3,4;3206635914
1790147820000;м3-20260923-000;vehicle-742;55,7728915;37,6770376;8,0;3,55;7935565268
1790147880000;м3-20260923-000;vehicle-742;55,7722809;37,6745473;8,0;3,7;10703241118
1790147940000;м3-20260923-000;vehicle-742;55,7697527;37,6698247;8,0;3,85;10703241118
1790148000000;м3-20260923-000;vehicle-742;55,7687313;37,6678551;8,0;4,0;10703241115
1790148060000;м3-20260923-000;vehicle-742;55,766822;37,6639128;0,0;4,15;10703241115
1790148120000;м3-20260923-000;vehicle-742;55,7655801;37,6606695;8,0;4,3;10703241112
1790148180000;м3-20260923-000;vehicle-742;55,7648107;37,6583673;8,0;4,45;256021218
1790148240000;м3-20260923-000;vehicle-742;55,7635981;37,6550452;0,0;4,6;256021218
1790148300000;м3-20260923-000;vehicle-742;55,7615964;37,6513629;0,0;4,75;3048754295
1790148360000;м3-20260923-000;vehicle-742;55,7603726;37,6495295;8,0;4,9;3048753691
1790148420000;м3-20260923-000;vehicle-742;55,7593505;37,645904;0,0;5,05;3048753691
1790148480000;м3-20260923-000;vehicle-742;55,7586849;37,64097;8,0;5,2;10707555485
1790148540000;м3-20260923-000;vehicle-742;55,7581407;37,6384777;8,0;5,35;10707555483
1790148600000;м3-20260923-000;vehicle-742;55,757446;37,6328837;0,0;5,5;10707555483
1790146800000;м3-20260923-001;vehicle-801;55,780923;37,7157149;0,0;0,25;1383980899
1790146860000;м3-20260923-001;vehicle-801;55,7820669;37,7096501;8,0;0,25;1383980929
1790146920000;м3-20260923-001;vehicle-801;55,7823299;37,705844;8,0;0,25;1373930865
1790146980000;м3-20260923-001;vehicle-801;55,7827669;37,7002078;0,0;0,25;1373930865
1790147040000;м3-20260923-001;vehicle-801;55,7813622;37,6960495;8,0;0,25;10703096932
1790147100000;м3-20260923-001;vehicle-801;55,7799727;37,6930896;8,0;0,25;10707555493
1790147160000;м3-20260923-001;vehicle-801;55,7784009;37,6904922;8,0;0,25;10707555492
1790147220000;м3-20260923-001;vehicle-801;55,7768708;37,6878108;8,0;0,25;10707555490
1790147280000;м3-20260923-001;vehicle-801;55,7753947;37,6849996;8,0;0,25;10707555486
1790147340000;м3-20260923-001;vehicle-801;55,7740479;37,6814681;0,0;0,25;10707555486
1790147400000;м3-20260923-001;vehicle-801;55,7730646;37,6778933;0,0;0,25;3206635914
1790147460000;м3-20260923-001;vehicle-801;55,7723803;37,6748887;8,0;0,25;10703241118
1790147520000;м3-20260923-001;vehicle-801;55,7694567;37,6692643;8,0;0,25;10703241118
1790147580000;м3-20260923-001;vehicle-801;55,7680105;37,6664463;8,0;0,25;10703241115
1790147640000;м3-20260923-001;vehicle-801;55,7666569;37,6635002;8,0;0,25;10703241112
1790147700000;м3-20260923-001;vehicle-801;55,765361;37,6600175;0,0;0,25;10703241112
1790147760000;м3-20260923-001;vehicle-801;55,7635981;37,6550452;0,0;0,25;256021218
1790147820000;м3-20260923-001;vehicle-801;55,7615964;37,6513629;0,0;0,25;3048754295
1790147880000;м3-20260923-001;vehicle-801;55,7599372;37,648661;8,0;0,25;3048753691
1790147940000;м3-20260923-001;vehicle-801;55,7592454;37,6450352;8,0;0,25;10707555485
1790148000000;м3-20260923-001;vehicle-801;55,7583635;37,6394235;0,0;0,25;10707555485
1790148060000;м3-20260923-001;vehicle-801;55,7575766;37,6340117;8,0;0,25;10707555483
1790148120000;м3-20260923-001;vehicle-801;55,7576287;37,6306318;8,0;0,25;336215380
1790148180000;м3-20260923-001;vehicle-801;55,7592937;37,6281951;8,0;0,25;10707555443
1790148240000;м3-20260923-001;vehicle-801;55,7596958;37,6251762;0,0;0,25;10707555443
1790148300000;м3-20260923-001;vehicle-801;55,7588667;37,6191588;0,0;0,25;4436980877
1790148360000;м3-20260923-001;vehicle-801;55,7574387;37,6159267;8,0;0,25;10030517809
1790148420000;м3-20260923-001;vehicle-801;55,7550978;37,6125933;0,0;0,25;10030517809
1790148480000;м3-20260923-001;vehicle-801;55,755098;37,6104756;0,0;0,25;5279327451
1790148540000;м3-20260923-001;vehicle-801;55,756777;37,6040756;8,0;0,25;5279327450
1790148600000;м3-20260923-001;vehicle-801;55,757297;37,6003616;8,0;0,25;1402324087
1790146800000;м3-20260923-002;vehicle-802;55,7827335;37,6982896;8,0;0,25;10703096932
1790146860000;м3-20260923-002;vehicle-802;55,7811645;37,6956789;0,0;0,25;10703096932
1790146920000;м3-20260923-002;vehicle-802;55,779167;37,6916189;0,0;0,25;10707555493
1790146980000;м3-20260923-002;vehicle-802;55,7776149;37,6892179;0,0;0,25;10707555492
1790147040000;м3-20260923-002;vehicle-802;55,7757369;37,6856416;0,0;0,25;10707555490
1790147100000;м3-20260923-002;vehicle-802;55,7741775;37,6819179;8,0;0,25;10707555486
1790147160000;м3-20260923-002;vehicle-802;55,773202;37,678487;8,0;0,25;3206635914
1790147220000;м3-20260923-002;vehicle-802;55,7724134;37,6750025;0,0;0,25;7935565268
1790147280000;м3-20260923-002;vehicle-802;55,7709849;37,6719833;8,0;0,25;10703241118
1790147340000;м3-20260923-002;vehicle-802;55,7692126;37,668793;0,0;0,25;10703241118
1790147400000;м3-20260923-002;vehicle-802;55,766822;37,6639128;0,0;0,25;10703241115
1790147460000;м3-20260923-002;vehicle-802;55,7654705;37,6603435;8,0;0,25;10703241112
1790147520000;м3-20260923-002;vehicle-802;55,7643636;37,6570546;8,0;0,25;256021218
1790147580000;м3-20260923-002;vehicle-802;55,7630886;37,6539632;8,0;0,25;3048754295
1790147640000;м3-20260923-002;vehicle-802;55,7615408;37,6512795;8,0;0,25;3048753691
1790147700000;м3-20260923-002;vehicle-802;55,7593505;37,645904;0,0;0,25;3048753691
1790147760000;м3-20260923-002;vehicle-802;55,7587451;37,6413356;8,0;0,25;10707555485
1790147820000;м3-20260923-002;vehicle-802;55,7579825;37,6377621;8,0;0,25;10707555483
1790147880000;м3-20260923-002;vehicle-802;55,757446;37,6328837;0,0;0,25;10707555483
1790147940000;м3-20260923-002;vehicle-802;55,7590704;37,6285178;0,0;0,25;336215380
1790148000000;м3-20260923-002;vehicle-802;55,7599306;37,6260636;8,0;0,25;10707555443
1790148060000;м3-20260923-002;vehicle-802;55,7593195;37,6224736;8,0;0,25;4436980877
1790148120000;м3-20260923-002;vehicle-802;55,7588015;37,6187924;8,0;0,25;10030517809
1790148180000;м3-20260923-002;vehicle-802;55,7558325;37,6134033;8,0;0,25;10030517809
1790148240000;м3-20260923-002;vehicle-802;55,7549578;37,6109321;8,0;0,25;5279327451
1790148300000;м3-20260923-002;vehicle-802;55,7560193;37,6076136;8,0;0,25;5279327450
1790148360000;м3-20260923-002;vehicle-802;55,7568955;37,6032131;0,0;0,25;5279327450
1790148420000;м3-20260923-002;vehicle-802;55,7572763;37,596645;8,0;0,25;1402324087
1790148480000;м3-20260923-002;vehicle-802;55,7575789;37,5927828;8,0;0,25;10740305146
1790148540000;м3-20260923-002;vehicle-802;55,757976;37,5890036;8,0;0,25;10740305145
1790148600000;м3-20260923-002;vehicle-802;55,7587578;37,5854473;8,0;0,25;10601114149
1790146800000;м3-20260923-003;vehicle-803;55,7776149;37,6892179;0,0;1,0;10707555492
1790146860000;м3-20260923-003;vehicle-803;55,7765739;37,6872468;8,0;1,15;10707555490
1790146920000;м3-20260923-003;vehicle-803;55,775542;37,6852735;8,0;1,3;10707555486
1790146980000;м3-20260923-003;vehicle-803;55,7740479;37,6814681;0,0;1,45;10707555486
1790147040000;м3-20260923-003;vehicle-803;55,7730646;37,6778933;0,0;1,6;3206635914
1790147100000;м3-20260923-003;vehicle-803;55,7724134;37,6750025;0,0;1,75;7935565268
1790147160000;м3-20260923-003;vehicle-803;55,7714394;37,6728059;8,0;1,9;10703241118
1790147220000;м3-20260923-003;vehicle-803;55,7692126;37,668793;0,0;2,05;10703241118
1790147280000;м3-20260923-003;vehicle-803;55,7678683;37,6661614;8,0;2,2;10703241115
1790147340000;м3-20260923-003;vehicle-803;55,766822;37,6639128;0,0;2,35;10703241115
1790147400000;м3-20260923-003;vehicle-803;55,765361;37,6600175;0,0;2,5;10703241112
1790147460000;м3-20260923-003;vehicle-803;55,7641392;37,6564004;8,0;2,65;256021218
1790147520000;м3-20260923-003;vehicle-803;55,7632271;37,6542589;8,0;2,8;3048754295
1790147580000;м3-20260923-003;vehicle-803;55,7615964;37,6513629;0,0;2,95;3048754295
1790147640000;м3-20260923-003;vehicle-803;55,7596218;37,6476484;8,0;3,1;3048753691
1790147700000;м3-20260923-003;vehicle-803;55,7592454;37,6450352;8,0;3,25;10707555485
1790147760000;м3-20260923-003;vehicle-803;55,7583635;37,6394235;0,0;3,4;10707555485
1790147820000;м3-20260923-003;vehicle-803;55,757717;37,6363041;8,0;3,55;10707555483
1790147880000;м3-20260923-003;vehicle-803;55,757446;37,6328837;0,0;3,7;10707555483
1790147940000;м3-20260923-003;vehicle-803;55,7589601;37,6286819;8,0;3,85;336215380
1790148000000;м3-20260923-003;vehicle-803;55,7601829;37,6271265;8,0;4,0;10707555443
1790148060000;м3-20260923-003;vehicle-803;55,7596958;37,6251762;0,0;4,15;10707555443
1790148120000;м3-20260923-003;vehicle-803;55,7588667;37,6191588;0,0;4,3;4436980877
1790148180000;м3-20260923-003;vehicle-803;55,7580806;37,6169565;8,0;4,45;10030517809
1790148240000;м3-20260923-003;vehicle-803;55,7552839;37,6127888;8,0;4,6;10030517809
1790148300000;м3-20260923-003;vehicle-803;55,7549578;37,6109321;8,0;4,75;5279327451
1790148360000;м3-20260923-003;vehicle-803;55,7556926;37,6085964;8,0;4,9;5279327450
1790148420000;м3-20260923-003;vehicle-803;55,7568955;37,6032131;0,0;5,05;5279327450
1790148480000;м3-20260923-003;vehicle-803;55,7573549;37,5999921;8,0;5,2;1402324087
1790148540000;м3-20260923-003;vehicle-803;55,7572701;37,5965176;0,0;5,35;1402324087
1790148600000;м3-20260923-003;vehicle-803;55,7576995;37,5913662;0,0;5,5;10740305146
1790146800000;м3-20260923-004;vehicle-804;55,7730646;37,6778933;0,0;1,0;3206635914
1790146860000;м3-20260923-004;vehicle-804;55,7724134;37,6750025;0,0;1,15;7935565268
1790146920000;м3-20260923-004;vehicle-804;55,7711387;37,6722534;8,0;1,3;10703241118
1790146980000;м3-20260923-004;vehicle-804;55,7692126;37,668793;0,0;1,45;10703241118
1790147040000;м3-20260923-004;vehicle-804;55,7675858;37,6655887;8,0;1,6;10703241115
1790147100000;м3-20260923-004;vehicle-804;55,7666569;37,6635002;8,0;1,75;10703241112
1790147160000;м3-20260923-004;vehicle-804;55,765361;37,6600175;0,0;1,9;10703241112
1790147220000;м3-20260923-004;vehicle-804;55,7638972;37,6557653;8,0;2,05;256021218
1790147280000;м3-20260923-004;vehicle-804;55,7629472;37,6536717;8,0;2,2;3048754295
1790147340000;м3-20260923-004;vehicle-804;55,7615964;37,6513629;0,0;2,35;3048754295
1790147400000;м3-20260923-004;vehicle-804;55,759494;37,6469068;8,0;2,5;3048753691
1790147460000;м3-20260923-004;vehicle-804;55,7591624;37,6442878;8,0;2,65;10707555485
1790147520000;м3-20260923-004;vehicle-804;55,7583635;37,6394235;0,0;2,8;10707555485
1790147580000;м3-20260923-004;vehicle-804;55,7576563;37,6355429;8,0;2,95;10707555483
1790147640000;м3-20260923-004;vehicle-804;55,757446;37,6328837;0,0;3,1;10707555483
1790147700000;м3-20260923-004;vehicle-804;55,7590704;37,6285178;0,0;3,25;336215380
1790147760000;м3-20260923-004;vehicle-804;55,7604859;37,6265871;8,0;3,4;10707555443
1790147820000;м3-20260923-004;vehicle-804;55,7596296;37,6246839;8,0;3,55;4436980877
1790147880000;м3-20260923-004;vehicle-804;55,7588667;37,6191588;0,0;3,7;4436980877
1790147940000;м3-20260923-004;vehicle-804;55,7577587;37,6164435;8,0;3,85;10030517809
1790148000000;м3-20260923-004;vehicle-804;55,7550978;37,6125933;0,0;4,0;10030517809
1790148060000;м3-20260923-004;vehicle-804;55,755098;37,6104756;0,0;4,15;5279327451
1790148120000;м3-20260923-004;vehicle-804;55,7559104;37,6079412;8,0;4,3;5279327450
1790148180000;м3-20260923-004;vehicle-804;55,7568955;37,6032131;0,0;4,45;5279327450
1790148240000;м3-20260923-004;vehicle-804;55,7574587;37,5992475;8,0;4,6;1402324087
1790148300000;м3-20260923-004;vehicle-804;55,7572701;37,5965176;0,0;4,75;1402324087
1790148360000;м3-20260923-004;vehicle-804;55,7576995;37,5913662;0,0;4,9;10740305146
1790148420000;м3-20260923-004;vehicle-804;55,7582854;37,5875758;8,0;5,05;10740305145
1790148480000;м3-20260923-004;vehicle-804;55,7588328;37,5850928;8,0;5,2;10601114149
1790148540000;м3-20260923-004;vehicle-804;55,7603372;37,5806775;0,0;5,35;10601114149
1790148600000;м3-20260923-004;vehicle-804;55,7609526;37,5770495;8,0;5,5;1456333360
1790146800000;м3-20260923-005;vehicle-805;55,7666569;37,6635002;8,0;0,25;10703241112
1790146860000;м3-20260923-005;vehicle-805;55,765361;37,6600175;0,0;0,25;10703241112
1790146920000;м3-20260923-005;vehicle-805;55,7635981;37,6550452;0,0;0,25;256021218
1790146980000;м3-20260923-005;vehicle-805;55,7615964;37,6513629;0,0;0,25;3048754295
1790147040000;м3-20260923-005;vehicle-805;55,7599372;37,648661;8,0;0,25;3048753691
1790147100000;м3-20260923-005;vehicle-805;55,7592454;37,6450352;8,0;0,25;10707555485
1790147160000;м3-20260923-005;vehicle-805;55,7583635;37,6394235;0,0;0,25;10707555485
1790147220000;м3-20260923-005;vehicle-805;55,7575766;37,6340117;8,0;0,25;10707555483
1790147280000;м3-20260923-005;vehicle-805;55,7576287;37,6306318;8,0;0,25;336215380
1790147340000;м3-20260923-005;vehicle-805;55,7592937;37,6281951;8,0;0,25;10707555443
1790147400000;м3-20260923-005;vehicle-805;55,7596958;37,6251762;0,0;0,25;10707555443
1790147460000;м3-20260923-005;vehicle-805;55,7588667;37,6191588;0,0;0,25;4436980877
1790147520000;м3-20260923-005;vehicle-805;55,7574387;37,6159267;8,0;0,25;10030517809
1790147580000;м3-20260923-005;vehicle-805;55,7550978;37,6125933;0,0;0,25;10030517809
1790147640000;м3-20260923-005;vehicle-805;55,755098;37,6104756;0,0;0,25;5279327451
1790147700000;м3-20260923-005;vehicle-805;55,756777;37,6040756;8,0;0,25;5279327450
1790147760000;м3-20260923-005;vehicle-805;55,757297;37,6003616;8,0;0,25;1402324087
1790147820000;м3-20260923-005;vehicle-805;55,7572701;37,5965176;0,0;0,25;1402324087
1790147880000;м3-20260923-005;vehicle-805;55,7576995;37,5913662;0,0;0,25;10740305146
1790147940000;м3-20260923-005;vehicle-805;55,7586204;37,586029;0,0;0,25;10740305145
1790148000000;м3-20260923-005;vehicle-805;55,7595754;37,5820014;8,0;0,25;10601114149
1790148060000;м3-20260923-005;vehicle-805;55,7607818;37,5789547;8,0;0,25;1456333360
1790148120000;м3-20260923-005;vehicle-805;55,7611697;37,5751638;8,0;0,25;1456333361
1790148180000;м3-20260923-005;vehicle-805;55,7618053;37,5702942;0,0;0,25;1456333361
1790148240000;м3-20260923-005;vehicle-805;55,7628553;37,563993;8,0;0,25;10879083010
1790148300000;м3-20260923-005;vehicle-805;55,7634748;37,5603395;8,0;0,25;1456333365
1790148360000;м3-20260923-005;vehicle-805;55,7639425;37,5566482;8,0;0,25;1456333369
1790148420000;м3-20260923-005;vehicle-805;55,7644137;37,5529528;8,0;0,25;1456333356
1790148480000;м3-20260923-005;vehicle-805;55,7653695;37,5454356;8,0;0,25;1456333356
1790148540000;м3-20260923-005;vehicle-805;55,765845;37,5416795;8,0;0,25;6242129325
1790148600000;м3-20260923-005;vehicle-805;55,7667318;37,5341623;8,0;0,25;6242129325
1790146800000;м3-20260923-006;vehicle-806;55,7615408;37,6512795;8,0;0,25;3048753691
1790146860000;м3-20260923-006;vehicle-806;55,7593505;37,645904;0,0;0,25;3048753691
1790146920000;м3-20260923-006;vehicle-806;55,7587451;37,6413356;8,0;0,25;10707555485
1790146980000;м3-20260923-006;vehicle-806;55,7579825;37,6377621;8,0;0,25;10707555483
1790147040000;м3-20260923-006;vehicle-806;55,757446;37,6328837;0,0;0,25;10707555483
1790147100000;м3-20260923-006;vehicle-806;55,7590704;37,6285178;0,0;0,25;336215380
1790147160000;м3-20260923-006;vehicle-806;55,7599306;37,6260636;8,0;0,25;10707555443
1790147220000;м3-20260923-006;vehicle-806;55,7593195;37,6224736;8,0;0,25;4436980877
1790147280000;м3-20260923-006;vehicle-806;55,7588015;37,6187924;8,0;0,25;10030517809
1790147340000;м3-20260923-006;vehicle-806;55,7558325;37,6134033;8,0;0,25;10030517809
1790147400000;м3-20260923-006;vehicle-806;55,7549578;37,6109321;8,0;0,25;5279327451
1790147460000;м3-20260923-006;vehicle-806;55,7560193;37,6076136;8,0;0,25;5279327450
1790147520000;м3-20260923-006;vehicle-806;55,7568955;37,6032131;0,0;0,25;5279327450
1790147580000;м3-20260923-006;vehicle-806;55,7572763;37,596645;8,0;0,25;1402324087
1790147640000;м3-20260923-006;vehicle-806;55,7575789;37,5927828;8,0;0,25;10740305146
1790147700000;м3-20260923-006;vehicle-806;55,757976;37,5890036;8,0;0,25;10740305145
1790147760000;м3-20260923-006;vehicle-806;55,7587578;37,5854473;8,0;0,25;10601114149
1790147820000;м3-20260923-006;vehicle-806;55,7603372;37,5806775;0,0;0,25;10601114149
1790147880000;м3-20260923-006;vehicle-806;55,7609955;37,5766705;0,0;0,25;1456333360
1790147940000;м3-20260923-006;vehicle-806;55,7616516;37,5714149;8,0;0,25;1456333361
1790148000000;м3-20260923-006;vehicle-806;55,7622063;37,5676829;8,0;0,25;10879083010
1790148060000;м3-20260923-006;vehicle-806;55,7631284;37,562662;0,0;0,25;10879083010
1790148120000;м3-20260923-006;vehicle-806;55,7635378;37,5598461;0,0;0,25;1456333365
1790148180000;м3-20260923-006;vehicle-806;55,7643689;37,5533298;0,0;0,25;1456333369
1790148240000;м3-20260923-006;vehicle-806;55,764892;37,5491944;8,0;0,25;1456333356
1790148300000;м3-20260923-006;vehicle-806;55,7657197;37,5426792;0,0;0,25;1456333356
1790148360000;м3-20260923-006;vehicle-806;55,766299;37,5379249;8,0;0,25;6242129325
1790148420000;м3-20260923-006;vehicle-806;55,7671793;37,5304049;8,0;0,25;6242129325
1790148480000;м3-20260923-006;vehicle-806;55,7681145;37,5229056;8,0;0,25;6242129325
1790148540000;м3-20260923-006;vehicle-806;55,7690492;37,5154059;8,0;0,25;6242129325
1790148600000;м3-20260923-006;vehicle-806;55,7700917;37,5079513;8,0;0,25;6242129325
1790146800000;м3-20260923-007;vehicle-807;55,757446;37,6328837;0,0;-0,3333333333333333;10707555483
1790146860000;м3-20260923-007;vehicle-807;55,7590704;37,6285178;0,0;-0,3333333333333333;336215380
1790146920000;м3-20260923-007;vehicle-807;55,7597442;37,62555;8,0;-0,3333333333333333;10707555443
1790146980000;м3-20260923-007;vehicle-807;55,7592339;37,6218593;8,0;-0,3333333333333333;4436980877
1790147040000;м3-20260923-007;vehicle-807;55,7586901;37,6181834;8,0;-0,3333333333333333;10030517809
1790147100000;м3-20260923-007;vehicle-807;55,7555294;37,6130571;8,0;-0,3333333333333333;10030517809
1790147160000;м3-20260923-007;vehicle-807;55,755098;37,6104756;0,0;-0,3333333333333333;5279327451
1790147220000;м3-20260923-007;vehicle-807;55,7561975;37,6070641;8,0;-0,3333333333333333;5279327450
1790147280000;м3-20260923-007;vehicle-807;55,7568955;37,6032131;0,0;-0,3333333333333333;5279327450
1790147340000;м3-20260923-007;vehicle-807;55,7572701;37,5965176;0,0;-0,3333333333333333;1402324087
1790147400000;м3-20260923-007;vehicle-807;55,7576337;37,5921389;8,0;-0,3333333333333333;10740305146
1790147460000;м3-20260923-007;vehicle-807;55,758105;37,5884087;8,0;-0,3333333333333333;10740305145
1790147520000;м3-20260923-007;vehicle-807;55,7588907;37,5848629;8,0;-0,3333333333333333;10601114149
1790147580000;м3-20260923-007;vehicle-807;55,7603372;37,5806775;0,0;-0,3333333333333333;10601114149
1790147640000;м3-20260923-007;vehicle-807;55,7609955;37,5766705;0,0;-0,3333333333333333;1456333360
1790147700000;м3-20260923-007;vehicle-807;55,761735;37,5707914;8,0;-0,3333333333333333;1456333361
1790147760000;м3-20260923-007;vehicle-807;55,7623029;37,5670616;8,0;-0,3333333333333333;10879083010
1790147820000;м3-20260923-007;vehicle-807;55,7631284;37,562662;0,0;-0,3333333333333333;10879083010
1790147880000;м3-20260923-007;vehicle-807;55,7635539;37,5597233;8,0;-0,3333333333333333;1456333369
1790147940000;м3-20260923-007;vehicle-807;55,7643689;37,5533298;0,0;-0,3333333333333333;1456333369
1790148000000;м3-20260923-007;vehicle-807;55,7649716;37,548568;8,0;-0,3333333333333333;1456333356
1790148060000;м3-20260923-007;vehicle-807;55,7657197;37,5426792;0,0;-0,3333333333333333;1456333356
1790148120000;м3-20260923-007;vehicle-807;55,766369;37,537297;8,0;-0,3333333333333333;6242129325
1790148180000;м3-20260923-007;vehicle-807;55,767256;37,5297795;8,0;-0,3333333333333333;6242129325
1790148240000;м3-20260923-007;vehicle-807;55,7681926;37,5222807;8,0;-0,3333333333333333;6242129325
1790148300000;м3-20260923-007;vehicle-807;55,7691304;37,5147823;8,0;-0,3333333333333333;6242129325
1790148360000;м3-20260923-007;vehicle-807;55,7701873;37,507334;8,0;-0,3333333333333333;6242129325
1790148420000;м3-20260923-007;vehicle-807;55,7713827;37,499952;8,0;-0,3333333333333333;6242129325
1790148480000;м3-20260923-007;vehicle-807;55,7720339;37,496292;8,0;-0,3333333333333333;1456333357
1790148540000;м3-20260923-007;vehicle-807;55,7726416;37,4922117;0,0;-0,3333333333333333;1456333357
1790148600000;м3-20260923-007;vehicle-807;55,7731377;37,488938;8,0;-0,3333333333333333;1390556596
1790146800000;с344-20260923-000;vehicle-810;55,7579777;37,6130528;0,0;0,25;1253685275
1790146860000;с344-20260923-000;vehicle-810;55,7572118;37,6143831;8,0;0,25;10030517809
1790146920000;с344-20260923-000;vehicle-810;55,7550982;37,6125938;0,0;0,25;10030517809
1790146980000;с344-20260923-000;vehicle-810;55,7551662;37,6102537;8,0;0,25;5279327450
1790147040000;с344-20260923-000;vehicle-810;55,756879;37,6033374;8,0;0,25;5279327450
1790147100000;с344-20260923-000;vehicle-810;55,7574063;37,5996117;8,0;0,25;1402324087
1790147160000;с344-20260923-000;vehicle-810;55,7573057;37,5958576;8,0;0,25;10740305146
1790147220000;с344-20260923-000;vehicle-810;55,7576995;37,591367;0,0;0,25;10740305146
1790147280000;с344-20260923-000;vehicle-810;55,7586203;37,5860298;0,0;0,25;10740305145
1790147340000;с344-20260923-000;vehicle-810;55,7598815;37,5814756;8,0;0,25;10601114149
1790147400000;с344-20260923-000;vehicle-810;55,7608252;37,5781875;8,0;0,25;1456333360
1790147460000;с344-20260923-000;vehicle-810;55,7612635;37,5744139;8,0;0,25;1456333361
1790147520000;с344-20260923-000;vehicle-810;55,7618052;37,570295;0,0;0,25;1456333361
1790147580000;с344-20260923-000;vehicle-810;55,7630164;37,5632754;8,0;0,25;10879083010
1790147640000;с344-20260923-000;vehicle-810;55,7642634;37,5611487;8,0;0,25;9166910707
1790147700000;с344-20260923-000;vehicle-810;55,7666858;37,5596046;0,0;0,25;9166910707
1790147760000;с344-20260923-000;vehicle-810;55,7694207;37,5566152;0,0;0,25;9166910709
1790147820000;с344-20260923-000;vehicle-810;55,7716488;37,5548592;8,0;0,25;9166910710
1790147880000;с344-20260923-000;vehicle-810;55,768837;37,5569759;0,0;0,25;9166910710
1790147940000;с344-20260923-000;vehicle-810;55,7662873;37,5597872;8,0;0,25;9166910708
1790148000000;с344-20260923-000;vehicle-810;55,7642861;37,5609461;8,0;0,25;10775025215
1790148060000;с344-20260923-000;vehicle-810;55,7622294;37,5598321;8,0;0,25;10775025213
1790148120000;с344-20260923-000;vehicle-810;55,7585533;37,5581814;0,0;0,25;10775025213
1790148180000;с344-20260923-000;vehicle-810;55,7562774;37,5587961;0,0;0,25;569680554
1790148240000;с344-20260923-000;vehicle-810;55,754143;37,5604086;8,0;0,25;10774195373
1790148300000;с344-20260923-000;vehicle-810;55,7532906;37,5568992;8,0;0,25;10774195375
1790148360000;с344-20260923-000;vehicle-810;55,7514417;37,5515928;0,0;0,25;10774195375
1790148420000;с344-20260923-000;vehicle-810;55,7495252;37,5475151;8,0;0,25;10774195377
1790148480000;с344-20260923-000;vehicle-810;55,7481029;37,5446473;8,0;0,25;10774195380
1790148540000;с344-20260923-000;vehicle-810;55,7468882;37,5415218;8,0;0,25;11806849062
1790148600000;с344-20260923-000;vehicle-810;55,7459521;37,5374325;0,0;0,25;11806849062
1790146800000;с344-20260923-001;vehicle-811;55,7562309;37,606953;8,0;0,25;5279327450
1790146860000;с344-20260923-001;vehicle-811;55,7568954;37,6032139;0,0;0,25;5279327450
1790146920000;с344-20260923-001;vehicle-811;55,7572696;37,5965025;0,0;0,25;1402324087
1790146980000;с344-20260923-001;vehicle-811;55,7576447;37,592009;8,0;0,25;10740305146
1790147040000;с344-20260923-001;vehicle-811;55,7581305;37,5882905;8,0;0,25;10740305145
1790147100000;с344-20260923-001;vehicle-811;55,758932;37,5847615;8,0;0,25;10601114149
1790147160000;с344-20260923-001;vehicle-811;55,7603369;37,5806781;0,0;0,25;10601114149
1790147220000;с344-20260923-001;vehicle-811;55,7609954;37,5766714;0,0;0,25;1456333360
1790147280000;с344-20260923-001;vehicle-811;55,7617525;37,570668;8,0;0,25;1456333361
1790147340000;с344-20260923-001;vehicle-811;55,7623233;37,5669388;8,0;0,25;10879083010
1790147400000;с344-20260923-001;vehicle-811;55,7631282;37,5626628;0,0;0,25;10879083010
1790147460000;с344-20260923-001;vehicle-811;55,7662636;37,5600758;8,0;0,25;9166910707
1790147520000;с344-20260923-001;vehicle-811;55,7681173;37,5580475;8,0;0,25;9166910709
1790147580000;с344-20260923-001;vehicle-811;55,7700206;37,5563482;8,0;0,25;9166910710
1790147640000;с344-20260923-001;vehicle-811;55,7697967;37,5554506;8,0;0,25;9166910710
1790147700000;с344-20260923-001;vehicle-811;55,7681075;37,5577761;8,0;0,25;9166910708
1790147760000;с344-20260923-001;vehicle-811;55,765617;37,5605158;0,0;0,25;9166910708
1790147820000;с344-20260923-001;vehicle-811;55,762958;37,5603745;0,0;0,25;10775025215
1790147880000;с344-20260923-001;vehicle-811;55,7602475;37,558332;8,0;0,25;10775025213
1790147940000;с344-20260923-001;vehicle-811;55,7581267;37,5582994;8,0;0,25;569680554
1790148000000;с344-20260923-001;vehicle-811;55,7560068;37,5589665;8,0;0,25;10774195373
1790148060000;с344-20260923-001;vehicle-811;55,7537296;37,5585055;0,0;0,25;10774195373
1790148120000;с344-20260923-001;vehicle-811;55,7522377;37,5535604;8,0;0,25;10774195375
1790148180000;с344-20260923-001;vehicle-811;55,7509474;37,5504702;8,0;0,25;10774195377
1790148240000;с344-20260923-001;vehicle-811;55,7493355;37,5471211;0,0;0,25;10774195377
1790148300000;с344-20260923-001;vehicle-811;55,7473682;37,5429273;0,0;0,25;10774195380
1790148360000;с344-20260923-001;vehicle-811;55,746055;37,5380379;8,0;0,25;11806849062
1790148420000;с344-20260923-001;vehicle-811;55,7464668;37,5346304;8,0;0,25;10774195371
1790148480000;с344-20260923-001;vehicle-811;55,7487962;37,5331725;0,0;0,25;10774195371
1790148540000;с344-20260923-001;vehicle-811;55,7503374;37,5342485;8,0;0,25;10774195370
1790148600000;с344-20260923-001;vehicle-811;55,7518034;37,5367856;0,0;0,25;10774195370
1790146800000;с344-20260923-002;vehicle-812;55,7576995;37,591367;0,0;0,25;10740305146
1790146860000;с344-20260923-002;vehicle-812;55,7586203;37,5860298;0,0;0,25;10740305145
1790146920000;с344-20260923-002;vehicle-812;55,7598815;37,5814756;8,0;0,25;10601114149
1790146980000;с344-20260923-002;vehicle-812;55,7608252;37,5781875;8,0;0,25;1456333360
1790147040000;с344-20260923-002;vehicle-812;55,7612635;37,5744139;8,0;0,25;1456333361
1790147100000;с344-20260923-002;vehicle-812;55,7618052;37,570295;0,0;0,25;1456333361
1790147160000;с344-20260923-002;vehicle-812;55,7630164;37,5632754;8,0;0,25;10879083010
1790147220000;с344-20260923-002;vehicle-812;55,7642634;37,5611487;8,0;0,25;9166910707
1790147280000;с344-20260923-002;vehicle-812;55,7666858;37,5596046;0,0;0,25;9166910707
1790147340000;с344-20260923-002;vehicle-812;55,7694207;37,5566152;0,0;0,25;9166910709
1790147400000;с344-20260923-002;vehicle-812;55,7716488;37,5548592;8,0;0,25;9166910710
1790147460000;с344-20260923-002;vehicle-812;55,768837;37,5569759;0,0;0,25;9166910710
1790147520000;с344-20260923-002;vehicle-812;55,7662873;37,5597872;8,0;0,25;9166910708
1790147580000;с344-20260923-002;vehicle-812;55,7642861;37,5609461;8,0;0,25;10775025215
1790147640000;с344-20260923-002;vehicle-812;55,7622294;37,5598321;8,0;0,25;10775025213
1790147700000;с344-20260923-002;vehicle-812;55,7585533;37,5581814;0,0;0,25;10775025213
1790147760000;с344-20260923-002;vehicle-812;55,7562774;37,5587961;0,0;0,25;569680554
1790147820000;с344-20260923-002;vehicle-812;55,754143;37,5604086;8,0;0,25;10774195373
1790147880000;с344-20260923-002;vehicle-812;55,7532906;37,5568992;8,0;0,25;10774195375
1790147940000;с344-20260923-002;vehicle-812;55,7514417;37,5515928;0,0;0,25;10774195375
1790148000000;с344-20260923-002;vehicle-812;55,7495252;37,5475151;8,0;0,25;10774195377
1790148060000;с344-20260923-002;vehicle-812;55,7481029;37,5446473;8,0;0,25;10774195380
1790148120000;с344-20260923-002;vehicle-812;55,7468882;37,5415218;8,0;0,25;11806849062
1790148180000;с344-20260923-002;vehicle-812;55,7459521;37,5374325;0,0;0,25;11806849062
1790148240000;с344-20260923-002;vehicle-812;55,7484355;37,5332503;8,0;0,25;10774195371
1790148300000;с344-20260923-002;vehicle-812;55,7503052;37,5341342;0,0;0,25;9931372114
1790148360000;с344-20260923-002;vehicle-812;55,7513245;37,5376357;8,0;0,25;10774195370
1790148420000;с344-20260923-002;vehicle-812;55,7525963;37,5346696;8,0;0,25;10774195369
1790148480000;с344-20260923-002;vehicle-812;55,754055;37,5327925;8,0;0,25;10599880587
1790148540000;с344-20260923-002;vehicle-812;55,7554571;37,5355348;8,0;0,25;10599880587
1790148600000;с344-20260923-002;vehicle-812;55,7562316;37,5280305;8,0;0,25;10599880587
1790146800000;с344-20260923-003;vehicle-813;55,7585172;37,5865057;8,0;3,0;10740305145
1790146860000;с344-20260923-003;vehicle-813;55,7593377;37,5830448;8,0;3,0;10601114149
1790146920000;с344-20260923-003;vehicle-813;55,7605858;37,5800564;8,0;3,0;1456333360
1790146980000;с344-20260923-003;vehicle-813;55,7610387;37,5762946;8,0;3,0;1456333361
1790147040000;с344-20260923-003;vehicle-813;55,7618052;37,570295;0,0;3,0;1456333361
1790147100000;с344-20260923-003;vehicle-813;55,7626433;37,565091;8,0;3,0;10879083010
1790147160000;с344-20260923-003;vehicle-813;55,7633218;37,5614446;8,0;3,0;9166910707
1790147220000;с344-20260923-003;vehicle-813;55,7666858;37,5596046;0,0;3,0;9166910707
1790147280000;с344-20260923-003;vehicle-813;55,7690483;37,5570244;8,0;3,0;9166910709
1790147340000;с344-20260923-003;vehicle-813;55,7710779;37,5559938;8,0;3,0;9166910710
1790147400000;с344-20260923-003;vehicle-813;55,7690086;37,556747;8,0;3,0;9166910710
1790147460000;с344-20260923-003;vehicle-813;55,7671974;37,5587817;8,0;3,0;9166910708
1790147520000;с344-20260923-003;vehicle-813;55,7653542;37,5607277;8,0;3,0;10775025215
1790147580000;с344-20260923-003;vehicle-813;55,762958;37,5603745;0,0;3,0;10775025215
1790147640000;с344-20260923-003;vehicle-813;55,7591947;37,5580462;8,0;3,0;10775025213
1790147700000;с344-20260923-003;vehicle-813;55,7570595;37,558584;8,0;3,0;569680554
1790147760000;с344-20260923-003;vehicle-813;55,7550388;37,5598;8,0;3,0;10774195373
1790147820000;с344-20260923-003;vehicle-813;55,7537296;37,5585055;0,0;3,0;10774195373
1790147880000;с344-20260923-003;vehicle-813;55,7516159;37,5519987;8,0;3,0;10774195375
1790147940000;с344-20260923-003;vehicle-813;55,7502364;37,5489926;8,0;3,0;10774195377
1790148000000;с344-20260923-003;vehicle-813;55,7488178;37,5460684;8,0;3,0;10774195380
1790148060000;с344-20260923-003;vehicle-813;55,7473682;37,5429273;0,0;3,0;10774195380
1790148120000;с344-20260923-003;vehicle-813;55,7459521;37,5374325;0,0;3,0;11806849062
1790148180000;с344-20260923-003;vehicle-813;55,7473627;37,5335921;8,0;3,0;10774195371
1790148240000;с344-20260923-003;vehicle-813;55,7495026;37,5333091;8,0;3,0;9931372114
1790148300000;с344-20260923-003;vehicle-813;55,7508176;37,5359658;8,0;3,0;10774195370
1790148360000;с344-20260923-003;vehicle-813;55,7519921;37,5362466;8,0;3,0;10774195369
1790148420000;с344-20260923-003;vehicle-813;55,7531461;37,5330253;8,0;3,0;10599880587
1790148480000;с344-20260923-003;vehicle-813;55,7561352;37,5355915;8,0;3,0;10599880587
1790148540000;с344-20260923-003;vehicle-813;55,7562278;37,5299424;8,0;3,0;10599880587
1790148600000;с344-20260923-003;vehicle-813;55,7559369;37,5261967;8,0;3,0;7490301538
1790146800000;с344-20260923-004;vehicle-814;55,7615047;37,5725395;8,0;3,0;1456333361
1790146860000;с344-20260923-004;vehicle-814;55,7620288;37,5688002;8,0;3,0;10879083010
1790146920000;с344-20260923-004;vehicle-814;55,7631282;37,5626628;0,0;3,0;10879083010
1790146980000;с344-20260923-004;vehicle-814;55,7653192;37,5609475;8,0;3,0;9166910707
1790147040000;с344-20260923-004;vehicle-814;55,7671841;37,5590641;8,0;3,0;9166910709
1790147100000;с344-20260923-004;vehicle-814;55,7694207;37,5566152;0,0;3,0;9166910709
1790147160000;с344-20260923-004;vehicle-814;55,7707161;37,5544744;8,0;3,0;9166910710
1790147220000;с344-20260923-004;vehicle-814;55,768837;37,5569759;0,0;3,0;9166910710
1790147280000;с344-20260923-004;vehicle-814;55,765617;37,5605158;0,0;3,0;9166910708
1790147340000;с344-20260923-004;vehicle-814;55,7632295;37,5605484;8,0;3,0;10775025215
1790147400000;с344-20260923-004;vehicle-814;55,7612372;37,5590873;8,0;3,0;10775025213
1790147460000;с344-20260923-004;vehicle-814;55,7585533;37,5581814;0,0;3,0;10775025213
1790147520000;с344-20260923-004;vehicle-814;55,7562774;37,5587961;0,0;3,0;569680554
1790147580000;с344-20260923-004;vehicle-814;55,7537587;37,5586221;8,0;3,0;10774195373
1790147640000;с344-20260923-004;vehicle-814;55,7527743;37,5552197;8,0;3,0;10774195375
1790147700000;с344-20260923-004;vehicle-814;55,7514417;37,5515928;0,0;3,0;10774195375
1790147760000;с344-20260923-004;vehicle-814;55,7493355;37,5471211;0,0;3,0;10774195377
1790147820000;с344-20260923-004;vehicle-814;55,7474484;37,5431378;8,0;3,0;10774195380
1790147880000;с344-20260923-004;vehicle-814;55,7464251;37,5398173;8,0;3,0;11806849062
1790147940000;с344-20260923-004;vehicle-814;55,7458356;37,5361704;8,0;3,0;10774195371
1790148000000;с344-20260923-004;vehicle-814;55,7487962;37,5331725;0,0;3,0;10774195371
1790148060000;с344-20260923-004;vehicle-814;55,7503052;37,5341342;0,0;3,0;9931372114
1790148120000;с344-20260923-004;vehicle-814;55,7518034;37,5367856;0,0;3,0;10774195370
1790148180000;с344-20260923-004;vehicle-814;55,7529654;37,5335786;0,0;3,0;10774195369
1790148240000;с344-20260923-004;vehicle-814;55,7551211;37,5330816;8,0;3,0;10599880587
1790148300000;с344-20260923-004;vehicle-814;55,7557186;37,5336725;8,0;3,0;10599880587
1790148360000;с344-20260923-004;vehicle-814;55,7561041;37,5270335;0,0;3,0;10599880587
1790148420000;с344-20260923-004;vehicle-814;55,7552839;37,5231086;0,0;3,0;7490301538
1790148480000;с344-20260923-004;vehicle-814;55,7545612;37,5190801;8,0;3,0;4730949135
1790148540000;с344-20260923-004;vehicle-814;55,7565944;37,5180484;8,0;3,0;4730949137
1790148600000;с344-20260923-004;vehicle-814;55,758544;37,5163256;8,0;3,0;4730949140
1790146800000;с344-20260923-005;vehicle-815;55,7666858;37,5596046;0,0;3,0;9166910707
1790146860000;с344-20260923-005;vehicle-815;55,7690483;37,5570244;8,0;3,0;9166910709
1790146920000;с344-20260923-005;vehicle-815;55,7710779;37,5559938;8,0;3,0;9166910710
1790146980000;с344-20260923-005;vehicle-815;55,7690086;37,556747;8,0;3,0;9166910710
1790147040000;с344-20260923-005;vehicle-815;55,7671974;37,5587817;8,0;3,0;9166910708
1790147100000;с344-20260923-005;vehicle-815;55,7653542;37,5607277;8,0;3,0;10775025215
1790147160000;с344-20260923-005;vehicle-815;55,762958;37,5603745;0,0;3,0;10775025215
1790147220000;с344-20260923-005;vehicle-815;55,7591947;37,5580462;8,0;3,0;10775025213
1790147280000;с344-20260923-005;vehicle-815;55,7570595;37,558584;8,0;3,0;569680554
1790147340000;с344-20260923-005;vehicle-815;55,7550388;37,5598;8,0;3,0;10774195373
1790147400000;с344-20260923-005;vehicle-815;55,7537296;37,5585055;0,0;3,0;10774195373
1790147460000;с344-20260923-005;vehicle-815;55,7516159;37,5519987;8,0;3,0;10774195375
1790147520000;с344-20260923-005;vehicle-815;55,7502364;37,5489926;8,0;3,0;10774195377
1790147580000;с344-20260923-005;vehicle-815;55,7488178;37,5460684;8,0;3,0;10774195380
1790147640000;с344-20260923-005;vehicle-815;55,7473682;37,5429273;0,0;3,0;10774195380
1790147700000;с344-20260923-005;vehicle-815;55,7459521;37,5374325;0,0;3,0;11806849062
1790147760000;с344-20260923-005;vehicle-815;55,7473627;37,5335921;8,0;3,0;10774195371
1790147820000;с344-20260923-005;vehicle-815;55,7495026;37,5333091;8,0;3,0;9931372114
1790147880000;с344-20260923-005;vehicle-815;55,7508176;37,5359658;8,0;3,0;10774195370
1790147940000;с344-20260923-005;vehicle-815;55,7519921;37,5362466;8,0;3,0;10774195369
1790148000000;с344-20260923-005;vehicle-815;55,7531461;37,5330253;8,0;3,0;10599880587
1790148060000;с344-20260923-005;vehicle-815;55,7561352;37,5355915;8,0;3,0;10599880587
1790148120000;с344-20260923-005;vehicle-815;55,7562278;37,5299424;8,0;3,0;10599880587
1790148180000;с344-20260923-005;vehicle-815;55,7559369;37,5261967;8,0;3,0;7490301538
1790148240000;с344-20260923-005;vehicle-815;55,7551833;37,5226304;8,0;3,0;4730949135
1790148300000;с344-20260923-005;vehicle-815;55,7555487;37,5185993;0,0;3,0;4730949135
1790148360000;с344-20260923-005;vehicle-815;55,758485;37,516397;0,0;3,0;4730949137
1790148420000;с344-20260923-005;vehicle-815;55,7599242;37,5178464;8,0;3,0;4730949140
1790148480000;с344-20260923-005;vehicle-815;55,7611369;37,5209558;8,0;3,0;10775025211
1790148540000;с344-20260923-005;vehicle-815;55,7638553;37,515054;8,0;3,0;10775025211
1790148600000;с344-20260923-005;vehicle-815;55,7654;37,51283;8,0;3,0;10775025210
1790146800000;с344-20260923-006;vehicle-816;55,7622294;37,5598321;8,0;0,25;10775025213
1790146860000;с344-20260923-006;vehicle-816;55,7585533;37,5581814;0,0;0,25;10775025213
1790146920000;с344-20260923-006;vehicle-816;55,7562774;37,5587961;0,0;0,25;569680554
1790146980000;с344-20260923-006;vehicle-816;55,754143;37,5604086;8,0;0,25;10774195373
1790147040000;с344-20260923-006;vehicle-816;55,7532906;37,5568992;8,0;0,25;10774195375
1790147100000;с344-20260923-006;vehicle-816;55,7514417;37,5515928;0,0;0,25;10774195375
1790147160000;с344-20260923-006;vehicle-816;55,7495252;37,5475151;8,0;0,25;10774195377
1790147220000;с344-20260923-006;vehicle-816;55,7481029;37,5446473;8,0;0,25;10774195380
1790147280000;с344-20260923-006;vehicle-816;55,7468882;37,5415218;8,0;0,25;11806849062
1790147340000;с344-20260923-006;vehicle-816;55,7459521;37,5374325;0,0;0,25;11806849062
1790147400000;с344-20260923-006;vehicle-816;55,7484355;37,5332503;8,0;0,25;10774195371
1790147460000;с344-20260923-006;vehicle-816;55,7503052;37,5341342;0,0;0,25;9931372114
1790147520000;с344-20260923-006;vehicle-816;55,7513245;37,5376357;8,0;0,25;10774195370
1790147580000;с344-20260923-006;vehicle-816;55,7525963;37,5346696;8,0;0,25;10774195369
1790147640000;с344-20260923-006;vehicle-816;55,754055;37,5327925;8,0;0,25;10599880587
1790147700000;с344-20260923-006;vehicle-816;55,7554571;37,5355348;8,0;0,25;10599880587
1790147760000;с344-20260923-006;vehicle-816;55,7562316;37,5280305;8,0;0,25;10599880587
1790147820000;с344-20260923-006;vehicle-816;55,7555628;37,5244133;8,0;0,25;7490301538
1790147880000;с344-20260923-006;vehicle-816;55,7550486;37,520791;8,0;0,25;4730949135
1790147940000;с344-20260923-006;vehicle-816;55,7555487;37,5185993;0,0;0,25;4730949135
1790148000000;с344-20260923-006;vehicle-816;55,758485;37,516397;0,0;0,25;4730949137
1790148060000;с344-20260923-006;vehicle-816;55,760527;37,5194217;8,0;0,25;4730949140
1790148120000;с344-20260923-006;vehicle-816;55,7619135;37,519647;8,0;0,25;10775025211
1790148180000;с344-20260923-006;vehicle-816;55,7644989;37,5135179;8,0;0,25;10775025211
1790148240000;с344-20260923-006;vehicle-816;55,7663629;37,5122682;8,0;0,25;10775025210
1790148300000;с344-20260923-006;vehicle-816;55,7686114;37,5108211;0,0;0,25;10775025210
1790148360000;с344-20260923-006;vehicle-816;55,7695955;37,512588;0,0;0,25;10310549827
1790148420000;с344-20260923-006;vehicle-816;55,7695955;37,512588;0,0;0,25;10310549827
1790148480000;с344-20260923-006;vehicle-816;55,7695955;37,512588;0,0;0,25;10310549827
1790148540000;с344-20260923-006;vehicle-816;55,7695955;37,512588;0,0;0,25;10310549827
1790148600000;с344-20260923-006;vehicle-816;55,7695955;37,512588;0,0;0,25;10310549827
1790146800000;с344-20260923-007;vehicle-817;55,7531197;37,5563382;8,0;-0,3333333333333333;10774195375
1790146860000;с344-20260923-007;vehicle-817;55,7514417;37,5515928;0,0;-0,3333333333333333;10774195375
1790146920000;с344-20260923-007;vehicle-817;55,7493355;37,5471211;0,0;-0,3333333333333333;10774195377
1790146980000;с344-20260923-007;vehicle-817;55,7478792;37,5441516;8,0;-0,3333333333333333;10774195380
1790147040000;с344-20260923-007;vehicle-817;55,7467103;37,5409739;8,0;-0,3333333333333333;11806849062
1790147100000;с344-20260923-007;vehicle-817;55,7459521;37,5374325;0,0;-0,3333333333333333;11806849062
1790147160000;с344-20260923-007;vehicle-817;55,7487962;37,5331725;0,0;-0,3333333333333333;10774195371
1790147220000;с344-20260923-007;vehicle-817;55,7503052;37,5341342;0,0;-0,3333333333333333;9931372114
1790147280000;с344-20260923-007;vehicle-817;55,7516192;37,5373329;8,0;-0,3333333333333333;10774195370
1790147340000;с344-20260923-007;vehicle-817;55,7527856;37,5341292;8,0;-0,3333333333333333;10774195369
1790147400000;с344-20260923-007;vehicle-817;55,7544122;37,532871;8,0;-0,3333333333333333;10599880587
1790147460000;с344-20260923-007;vehicle-817;55,7555443;37,534914;8,0;-0,3333333333333333;10599880587
1790147520000;с344-20260923-007;vehicle-817;55,7561628;37,5274029;8,0;-0,3333333333333333;10599880587
1790147580000;с344-20260923-007;vehicle-817;55,7554367;37,5238198;8,0;-0,3333333333333333;7490301538
1790147640000;с344-20260923-007;vehicle-817;55,7548914;37,5202159;8,0;-0,3333333333333333;4730949135
1790147700000;с344-20260923-007;vehicle-817;55,7559009;37,5184373;8,0;-0,3333333333333333;4730949137
1790147760000;с344-20260923-007;vehicle-817;55,758485;37,516397;0,0;-0,3333333333333333;4730949137
1790147820000;с344-20260923-007;vehicle-817;55,7607291;37,5199454;8,0;-0,3333333333333333;4730949140
1790147880000;с344-20260923-007;vehicle-817;55,7621272;37,5191341;8,0;-0,3333333333333333;10775025211
1790147940000;с344-20260923-007;vehicle-817;55,7645417;37,5134154;0,0;-0,3333333333333333;10775025211
1790148000000;с344-20260923-007;vehicle-817;55,7666791;37,5119583;8,0;-0,3333333333333333;10775025210
1790148060000;с344-20260923-007;vehicle-817;55,7686114;37,5108211;0,0;-0,3333333333333333;10775025210
1790148120000;с344-20260923-007;vehicle-817;55,7695955;37,512588;0,0;-0,3333333333333333;10310549827
1790148180000;с344-20260923-007;vehicle-817;55,7695955;37,512588;0,0;-0,3333333333333333;10310549827
1790148240000;с344-20260923-007;vehicle-817;55,7695955;37,512588;0,0;-0,3333333333333333;10310549827
1790148300000;с344-20260923-007;vehicle-817;55,7695955;37,512588;0,0;-0,3333333333333333;10310549827
1790148360000;с344-20260923-007;vehicle-817;55,7695955;37,512588;0,0;-0,3333333333333333;10310549827
1790148420000;с344-20260923-007;vehicle-817;55,7695955;37,512588;0,0;-0,3333333333333333;10310549827
1790148480000;с344-20260923-007;vehicle-817;55,7695955;37,512588;0,0;-0,3333333333333333;10310549827
1790148540000;с344-20260923-007;vehicle-817;55,7695955;37,512588;0,0;-0,3333333333333333;10310549827
1790148600000;с344-20260923-007;vehicle-817;55,7695955;37,512588;0,0;-0,3333333333333333;10310549827
1790146800000;е70-20260923-000;vehicle-820;55,693954;37,8178928;0,0;0,25;10712546308
1790146860000;е70-20260923-000;vehicle-820;55,694703;37,8192772;8,0;0,25;10712546307
1790146920000;е70-20260923-000;vehicle-820;55,6967824;37,8231832;0,0;0,25;10712546307
1790146980000;е70-20260923-000;vehicle-820;55,6992611;37,8273846;8,0;0,25;10712546306
1790147040000;е70-20260923-000;vehicle-820;55,7010239;37,8257315;8,0;0,25;10712442570
1790147100000;е70-20260923-000;vehicle-820;55,7038635;37,8210438;0,0;0,25;10712442570
1790147160000;е70-20260923-000;vehicle-820;55,705547;37,8176384;8,0;0,25;10712546234
1790147220000;е70-20260923-000;vehicle-820;55,7076569;37,8181099;8,0;0,25;10712442568
1790147280000;е70-20260923-000;vehicle-820;55,7097946;37,8187403;8,0;0,25;10712442566
1790147340000;е70-20260923-000;vehicle-820;55,7117152;37,8191871;8,0;0,25;10712868207
1790147400000;е70-20260923-000;vehicle-820;55,7133831;37,8121143;8,0;0,25;10712868207
1790147460000;е70-20260923-000;vehicle-820;55,7151266;37,8050999;8,0;0,25;10712868207
1790147520000;е70-20260923-000;vehicle-820;55,7165734;37,7978893;8,0;0,25;10712868207
1790147580000;е70-20260923-000;vehicle-820;55,7173068;37,7933413;0,0;0,25;10712868207
1790147640000;е70-20260923-000;vehicle-820;55,7183677;37,7868389;8,0;0,25;10712868103
1790147700000;е70-20260923-000;vehicle-820;55,7197579;37,7795936;8,0;0,25;10712868103
1790147760000;е70-20260923-000;vehicle-820;55,7207784;37,7762545;8,0;0,25;10712868081
1790147820000;е70-20260923-000;vehicle-820;55,7223971;37,7714812;0,0;0,25;10712868081
1790147880000;е70-20260923-000;vehicle-820;55,7241027;37,7664543;8,0;0,25;10712868065
1790147940000;е70-20260923-000;vehicle-820;55,726016;37,7609049;0,0;0,25;10712868065
1790148000000;е70-20260923-000;vehicle-820;55,7274284;37,7565843;8,0;0,25;4902990471
1790148060000;е70-20260923-000;vehicle-820;55,729353;37,7497048;8,0;0,25;4902990471
1790148120000;е70-20260923-000;vehicle-820;55,7306112;37,7423488;8,0;0,25;4902990471
1790148180000;е70-20260923-000;vehicle-820;55,7314858;37,73487;8,0;0,25;4902990471
1790148240000;е70-20260923-000;vehicle-820;55,7310792;37,7299264;0,0;0,25;4902990471
1790148300000;е70-20260923-000;vehicle-820;55,7310036;37,72349;8,0;0,25;10712868049
1790148360000;е70-20260923-000;vehicle-820;55,7323138;37,7162304;8,0;0,25;10712868049
1790148420000;е70-20260923-000;vehicle-820;55,7341589;37,7093226;8,0;0,25;10712868049
1790148480000;е70-20260923-000;vehicle-820;55,7358233;37,7028302;0,0;0,25;10712868049
1790148540000;е70-20260923-000;vehicle-820;55,7365599;37,6986889;8,0;0,25;10712868040
1790148600000;е70-20260923-000;vehicle-820;55,7372721;37,6911076;8,0;0,25;10712868040
1790146800000;е70-20260923-001;vehicle-821;55,699618;37,8274861;0,0;0,25;10712546306
1790146860000;е70-20260923-001;vehicle-821;55,7025927;37,8231109;8,0;0,25;10712442570
1790146920000;е70-20260923-001;vehicle-821;55,7041734;37,8205228;8,0;0,25;10712546234
1790146980000;е70-20260923-001;vehicle-821;55,7061615;37,817674;0,0;0,25;10712546234
1790147040000;е70-20260923-001;vehicle-821;55,7082276;37,8182722;0,0;0,25;10712442568
1790147100000;е70-20260923-001;vehicle-821;55,7105061;37,8189608;0,0;0,25;10712442566
1790147160000;е70-20260923-001;vehicle-821;55,7125576;37,8156563;8,0;0,25;10712868207
1790147220000;е70-20260923-001;vehicle-821;55,7142279;37,808588;8,0;0,25;10712868207
1790147280000;е70-20260923-001;vehicle-821;55,7159706;37,8015711;8,0;0,25;10712868207
1790147340000;е70-20260923-001;vehicle-821;55,7171666;37,794201;8,0;0,25;10712868207
1790147400000;е70-20260923-001;vehicle-821;55,7177672;37,7905195;8,0;0,25;10712868103
1790147460000;е70-20260923-001;vehicle-821;55,718973;37,7831608;8,0;0,25;10712868103
1790147520000;е70-20260923-001;vehicle-821;55,7198183;37,7793618;0,0;0,25;10712868103
1790147580000;е70-20260923-001;vehicle-821;55,7218821;37,773;8,0;0,25;10712868081
1790147640000;е70-20260923-001;vehicle-821;55,7229901;37,7697325;8,0;0,25;10712868065
1790147700000;е70-20260923-001;vehicle-821;55,7252378;37,7632004;8,0;0,25;10712868065
1790147760000;е70-20260923-001;vehicle-821;55,7263459;37,7599117;8,0;0,25;4902990471
1790147820000;е70-20260923-001;vehicle-821;55,7284482;37,753194;8,0;0,25;4902990471
1790147880000;е70-20260923-001;vehicle-821;55,7299894;37,746031;8,0;0,25;4902990471
1790147940000;е70-20260923-001;vehicle-821;55,731222;37,7386608;8,0;0,25;4902990471
1790148000000;е70-20260923-001;vehicle-821;55,7311716;37,731068;8,0;0,25;4902990471
1790148060000;е70-20260923-001;vehicle-821;55,7308873;37,7272728;8,0;0,25;10712868049
1790148120000;е70-20260923-001;vehicle-821;55,7315309;37,7197853;8,0;0,25;10712868049
1790148180000;е70-20260923-001;vehicle-821;55,7332382;37,7127781;8,0;0,25;10712868049
1790148240000;е70-20260923-001;vehicle-821;55,7350287;37,705826;8,0;0,25;10712868049
1790148300000;е70-20260923-001;vehicle-821;55,7359451;37,7023657;8,0;0,25;10712868040
1790148360000;е70-20260923-001;vehicle-821;55,7369164;37,6948986;8,0;0,25;10712868040
1790148420000;е70-20260923-001;vehicle-821;55,7376242;37,6873156;8,0;0,25;10712868040
1790148480000;е70-20260923-001;vehicle-821;55,7384227;37,6797622;8,0;0,25;10712868040
1790148540000;е70-20260923-001;vehicle-821;55,7391543;37,6722024;8,0;0,25;10712868040
1790148600000;е70-20260923-001;vehicle-821;55,7394057;37,6684059;8,0;0,25;10712868036
1790146800000;е70-20260923-002;vehicle-822;55,7076569;37,8181099;8,0;0,25;10712442568
1790146860000;е70-20260923-002;vehicle-822;55,7097946;37,8187403;8,0;0,25;10712442566
1790146920000;е70-20260923-002;vehicle-822;55,7117152;37,8191871;8,0;0,25;10712868207
1790146980000;е70-20260923-002;vehicle-822;55,7133831;37,8121143;8,0;0,25;10712868207
1790147040000;е70-20260923-002;vehicle-822;55,7151266;37,8050999;8,0;0,25;10712868207
1790147100000;е70-20260923-002;vehicle-822;55,7165734;37,7978893;8,0;0,25;10712868207
1790147160000;е70-20260923-002;vehicle-822;55,7173068;37,7933413;0,0;0,25;10712868207
1790147220000;е70-20260923-002;vehicle-822;55,7183677;37,7868389;8,0;0,25;10712868103
1790147280000;е70-20260923-002;vehicle-822;55,7197579;37,7795936;8,0;0,25;10712868103
1790147340000;е70-20260923-002;vehicle-822;55,7207784;37,7762545;8,0;0,25;10712868081
1790147400000;е70-20260923-002;vehicle-822;55,7223971;37,7714812;0,0;0,25;10712868081
1790147460000;е70-20260923-002;vehicle-822;55,7241027;37,7664543;8,0;0,25;10712868065
1790147520000;е70-20260923-002;vehicle-822;55,726016;37,7609049;0,0;0,25;10712868065
1790147580000;е70-20260923-002;vehicle-822;55,7274284;37,7565843;8,0;0,25;4902990471
1790147640000;е70-20260923-002;vehicle-822;55,729353;37,7497048;8,0;0,25;4902990471
1790147700000;е70-20260923-002;vehicle-822;55,7306112;37,7423488;8,0;0,25;4902990471
1790147760000;е70-20260923-002;vehicle-822;55,7314858;37,73487;8,0;0,25;4902990471
1790147820000;е70-20260923-002;vehicle-822;55,7310792;37,7299264;0,0;0,25;4902990471
1790147880000;е70-20260923-002;vehicle-822;55,7310036;37,72349;8,0;0,25;10712868049
1790147940000;е70-20260923-002;vehicle-822;55,7323138;37,7162304;8,0;0,25;10712868049
1790148000000;е70-20260923-002;vehicle-822;55,7341589;37,7093226;8,0;0,25;10712868049
1790148060000;е70-20260923-002;vehicle-822;55,7358233;37,7028302;0,0;0,25;10712868049
1790148120000;е70-20260923-002;vehicle-822;55,7365599;37,6986889;8,0;0,25;10712868040
1790148180000;е70-20260923-002;vehicle-822;55,7372721;37,6911076;8,0;0,25;10712868040
1790148240000;е70-20260923-002;vehicle-822;55,7379908;37,6835282;8,0;0,25;10712868040
1790148300000;е70-20260923-002;vehicle-822;55,7388525;37,6759953;8,0;0,25;10712868040
1790148360000;е70-20260923-002;vehicle-822;55,7392217;37,6711845;0,0;0,25;10712868040
1790148420000;е70-20260923-002;vehicle-822;55,7396807;37,6646234;8,0;0,25;10712868036
1790148480000;е70-20260923-002;vehicle-822;55,7411951;37,6574894;8,0;0,25;10712868036
1790148540000;е70-20260923-002;vehicle-822;55,7423364;37,6544852;8,0;0,25;10712868035
1790148600000;е70-20260923-002;vehicle-822;55,7435743;37,6513054;8,0;0,25;9868431738
1790146800000;е70-20260923-003;vehicle-823;55,7142279;37,808588;8,0;0,25;10712868207
1790146860000;е70-20260923-003;vehicle-823;55,7159706;37,8015711;8,0;0,25;10712868207
1790146920000;е70-20260923-003;vehicle-823;55,7171666;37,794201;8,0;0,25;10712868207
1790146980000;е70-20260923-003;vehicle-823;55,7177672;37,7905195;8,0;0,25;10712868103
1790147040000;е70-20260923-003;vehicle-823;55,718973;37,7831608;8,0;0,25;10712868103
1790147100000;е70-20260923-003;vehicle-823;55,7198183;37,7793618;0,0;0,25;10712868103
1790147160000;е70-20260923-003;vehicle-823;55,7218821;37,773;8,0;0,25;10712868081
1790147220000;е70-20260923-003;vehicle-823;55,7229901;37,7697325;8,0;0,25;10712868065
1790147280000;е70-20260923-003;vehicle-823;55,7252378;37,7632004;8,0;0,25;10712868065
1790147340000;е70-20260923-003;vehicle-823;55,7263459;37,7599117;8,0;0,25;4902990471
1790147400000;е70-20260923-003;vehicle-823;55,7284482;37,753194;8,0;0,25;4902990471
1790147460000;е70-20260923-003;vehicle-823;55,7299894;37,746031;8,0;0,25;4902990471
1790147520000;е70-20260923-003;vehicle-823;55,731222;37,7386608;8,0;0,25;4902990471
1790147580000;е70-20260923-003;vehicle-823;55,7311716;37,731068;8,0;0,25;4902990471
1790147640000;е70-20260923-003;vehicle-823;55,7308873;37,7272728;8,0;0,25;10712868049
1790147700000;е70-20260923-003;vehicle-823;55,7315309;37,7197853;8,0;0,25;10712868049
1790147760000;е70-20260923-003;vehicle-823;55,7332382;37,7127781;8,0;0,25;10712868049
1790147820000;е70-20260923-003;vehicle-823;55,7350287;37,705826;8,0;0,25;10712868049
1790147880000;е70-20260923-003;vehicle-823;55,7359451;37,7023657;8,0;0,25;10712868040
1790147940000;е70-20260923-003;vehicle-823;55,7369164;37,6948986;8,0;0,25;10712868040
1790148000000;е70-20260923-003;vehicle-823;55,7376242;37,6873156;8,0;0,25;10712868040
1790148060000;е70-20260923-003;vehicle-823;55,7384227;37,6797622;8,0;0,25;10712868040
1790148120000;е70-20260923-003;vehicle-823;55,7391543;37,6722024;8,0;0,25;10712868040
1790148180000;е70-20260923-003;vehicle-823;55,7394057;37,6684059;8,0;0,25;10712868036
1790148240000;е70-20260923-003;vehicle-823;55,7403925;37,6610262;8,0;0,25;10712868036
1790148300000;е70-20260923-003;vehicle-823;55,7415986;37,6557284;0,0;0,25;10712868036
1790148360000;е70-20260923-003;vehicle-823;55,7431161;37,6525965;0,0;0,25;10712868035
1790148420000;е70-20260923-003;vehicle-823;55,7450639;37,6487456;8,0;0,25;9868431738
1790148480000;е70-20260923-003;vehicle-823;55,7470269;37,6472064;8,0;0,25;10702029920
1790148540000;е70-20260923-003;vehicle-823;55,7488434;37,645181;8,0;0,25;3218033070
1790148600000;е70-20260923-003;vehicle-823;55,750417;37,6426681;8,0;0,25;10702029938
1790146800000;е70-20260923-004;vehicle-824;55,7183677;37,7868389;8,0;0,25;10712868103
1790146860000;е70-20260923-004;vehicle-824;55,7197579;37,7795936;8,0;0,25;10712868103
1790146920000;е70-20260923-004;vehicle-824;55,7207784;37,7762545;8,0;0,25;10712868081
1790146980000;е70-20260923-004;vehicle-824;55,7223971;37,7714812;0,0;0,25;10712868081
1790147040000;е70-20260923-004;vehicle-824;55,7241027;37,7664543;8,0;0,25;10712868065
1790147100000;е70-20260923-004;vehicle-824;55,726016;37,7609049;0,0;0,25;10712868065
1790147160000;е70-20260923-004;vehicle-824;55,7274284;37,7565843;8,0;0,25;4902990471
1790147220000;е70-20260923-004;vehicle-824;55,729353;37,7497048;8,0;0,25;4902990471
1790147280000;е70-20260923-004;vehicle-824;55,7306112;37,7423488;8,0;0,25;4902990471
1790147340000;е70-20260923-004;vehicle-824;55,7314858;37,73487;8,0;0,25;4902990471
1790147400000;е70-20260923-004;vehicle-824;55,7310792;37,7299264;0,0;0,25;4902990471
1790147460000;е70-20260923-004;vehicle-824;55,7310036;37,72349;8,0;0,25;10712868049
1790147520000;е70-20260923-004;vehicle-824;55,7323138;37,7162304;8,0;0,25;10712868049
1790147580000;е70-20260923-004;vehicle-824;55,7341589;37,7093226;8,0;0,25;10712868049
1790147640000;е70-20260923-004;vehicle-824;55,7358233;37,7028302;0,0;0,25;10712868049
1790147700000;е70-20260923-004;vehicle-824;55,7365599;37,6986889;8,0;0,25;10712868040
1790147760000;е70-20260923-004;vehicle-824;55,7372721;37,6911076;8,0;0,25;10712868040
1790147820000;е70-20260923-004;vehicle-824;55,7379908;37,6835282;8,0;0,25;10712868040
1790147880000;е70-20260923-004;vehicle-824;55,7388525;37,6759953;8,0;0,25;10712868040
1790147940000;е70-20260923-004;vehicle-824;55,7392217;37,6711845;0,0;0,25;10712868040
1790148000000;е70-20260923-004;vehicle-824;55,7396807;37,6646234;8,0;0,25;10712868036
1790148060000;е70-20260923-004;vehicle-824;55,7411951;37,6574894;8,0;0,25;10712868036
1790148120000;е70-20260923-004;vehicle-824;55,7423364;37,6544852;8,0;0,25;10712868035
1790148180000;е70-20260923-004;vehicle-824;55,7435743;37,6513054;8,0;0,25;9868431738
1790148240000;е70-20260923-004;vehicle-824;55,7452038;37,6486894;0,0;0,25;9868431738
1790148300000;е70-20260923-004;vehicle-824;55,74803;37,646194;0,0;0,25;10702029920
1790148360000;е70-20260923-004;vehicle-824;55,7502179;37,643034;0,0;0,25;3218033070
1790148420000;е70-20260923-004;vehicle-824;55,7521218;37,6403532;8,0;0,25;10702029938
1790148480000;е70-20260923-004;vehicle-824;55,7536101;37,6376633;8,0;0,25;10712546309
1790148540000;е70-20260923-004;vehicle-824;55,7540221;37,6341398;0,0;0,25;10712546309
1790148600000;е70-20260923-004;vehicle-824;55,7540221;37,6341398;0,0;0,25;10712546309
1790146800000;е70-20260923-005;vehicle-825;55,7229901;37,7697325;8,0;0,25;10712868065
1790146860000;е70-20260923-005;vehicle-825;55,7252378;37,7632004;8,0;0,25;10712868065
1790146920000;е70-20260923-005;vehicle-825;55,7263459;37,7599117;8,0;0,25;4902990471
1790146980000;е70-20260923-005;vehicle-825;55,7284482;37,753194;8,0;0,25;4902990471
1790147040000;е70-20260923-005;vehicle-825;55,7299894;37,746031;8,0;0,25;4902990471
1790147100000;е70-20260923-005;vehicle-825;55,731222;37,7386608;8,0;0,25;4902990471
1790147160000;е70-20260923-005;vehicle-825;55,7311716;37,731068;8,0;0,25;4902990471
1790147220000;е70-20260923-005;vehicle-825;55,7308873;37,7272728;8,0;0,25;10712868049
1790147280000;е70-20260923-005;vehicle-825;55,7315309;37,7197853;8,0;0,25;10712868049
1790147340000;е70-20260923-005;vehicle-825;55,7332382;37,7127781;8,0;0,25;10712868049
1790147400000;е70-20260923-005;vehicle-825;55,7350287;37,705826;8,0;0,25;10712868049
1790147460000;е70-20260923-005;vehicle-825;55,7359451;37,7023657;8,0;0,25;10712868040
1790147520000;е70-20260923-005;vehicle-825;55,7369164;37,6948986;8,0;0,25;10712868040
1790147580000;е70-20260923-005;vehicle-825;55,7376242;37,6873156;8,0;0,25;10712868040
1790147640000;е70-20260923-005;vehicle-825;55,7384227;37,6797622;8,0;0,25;10712868040
1790147700000;е70-20260923-005;vehicle-825;55,7391543;37,6722024;8,0;0,25;10712868040
1790147760000;е70-20260923-005;vehicle-825;55,7394057;37,6684059;8,0;0,25;10712868036
1790147820000;е70-20260923-005;vehicle-825;55,7403925;37,6610262;8,0;0,25;10712868036
1790147880000;е70-20260923-005;vehicle-825;55,7415986;37,6557284;0,0;0,25;10712868036
1790147940000;е70-20260923-005;vehicle-825;55,7431161;37,6525965;0,0;0,25;10712868035
1790148000000;е70-20260923-005;vehicle-825;55,7450639;37,6487456;8,0;0,25;9868431738
1790148060000;е70-20260923-005;vehicle-825;55,7470269;37,6472064;8,0;0,25;10702029920
1790148120000;е70-20260923-005;vehicle-825;55,7488434;37,645181;8,0;0,25;3218033070
1790148180000;е70-20260923-005;vehicle-825;55,750417;37,6426681;8,0;0,25;10702029938
1790148240000;е70-20260923-005;vehicle-825;55,753326;37,6384179;0,0;0,25;10702029938
1790148300000;е70-20260923-005;vehicle-825;55,7540415;37,6346727;8,0;0,25;10712546309
1790148360000;е70-20260923-005;vehicle-825;55,7540221;37,6341398;0,0;0,25;10712546309
1790148420000;е70-20260923-005;vehicle-825;55,7540221;37,6341398;0,0;0,25;10712546309
1790148480000;е70-20260923-005;vehicle-825;55,7540221;37,6341398;0,0;0,25;10712546309
1790148540000;е70-20260923-005;vehicle-825;55,7540221;37,6341398;0,0;0,25;10712546309
1790148600000;е70-20260923-005;vehicle-825;55,7540221;37,6341398;0,0;0,25;10712546309
1790146800000;е70-20260923-006;vehicle-826;55,729353;37,7497048;8,0;0,25;4902990471
1790146860000;е70-20260923-006;vehicle-826;55,7306112;37,7423488;8,0;0,25;4902990471
1790146920000;е70-20260923-006;vehicle-826;55,7314858;37,73487;8,0;0,25;4902990471
1790146980000;е70-20260923-006;vehicle-826;55,7310792;37,7299264;0,0;0,25;4902990471
1790147040000;е70-20260923-006;vehicle-826;55,7310036;37,72349;8,0;0,25;10712868049
1790147100000;е70-20260923-006;vehicle-826;55,7323138;37,7162304;8,0;0,25;10712868049
1790147160000;е70-20260923-006;vehicle-826;55,7341589;37,7093226;8,0;0,25;10712868049
1790147220000;е70-20260923-006;vehicle-826;55,7358233;37,7028302;0,0;0,25;10712868049
1790147280000;е70-20260923-006;vehicle-826;55,7365599;37,6986889;8,0;0,25;10712868040
1790147340000;е70-20260923-006;vehicle-826;55,7372721;37,6911076;8,0;0,25;10712868040
1790147400000;е70-20260923-006;vehicle-826;55,7379908;37,6835282;8,0;0,25;10712868040
1790147460000;е70-20260923-006;vehicle-826;55,7388525;37,6759953;8,0;0,25;10712868040
1790147520000;е70-20260923-006;vehicle-826;55,7392217;37,6711845;0,0;0,25;10712868040
1790147580000;е70-20260923-006;vehicle-826;55,7396807;37,6646234;8,0;0,25;10712868036
1790147640000;е70-20260923-006;vehicle-826;55,7411951;37,6574894;8,0;0,25;10712868036
1790147700000;е70-20260923-006;vehicle-826;55,7423364;37,6544852;8,0;0,25;10712868035
1790147760000;е70-20260923-006;vehicle-826;55,7435743;37,6513054;8,0;0,25;9868431738
1790147820000;е70-20260923-006;vehicle-826;55,7452038;37,6486894;0,0;0,25;9868431738
1790147880000;е70-20260923-006;vehicle-826;55,74803;37,646194;0,0;0,25;10702029920
1790147940000;е70-20260923-006;vehicle-826;55,7502179;37,643034;0,0;0,25;3218033070
1790148000000;е70-20260923-006;vehicle-826;55,7521218;37,6403532;8,0;0,25;10702029938
1790148060000;е70-20260923-006;vehicle-826;55,7536101;37,6376633;8,0;0,25;10712546309
1790148120000;е70-20260923-006;vehicle-826;55,7540221;37,6341398;0,0;0,25;10712546309
1790148180000;е70-20260923-006;vehicle-826;55,7540221;37,6341398;0,0;0,25;10712546309
1790148240000;е70-20260923-006;vehicle-826;55,7540221;37,6341398;0,0;0,25;10712546309
1790148300000;е70-20260923-006;vehicle-826;55,7540221;37,6341398;0,0;0,25;10712546309
1790148360000;е70-20260923-006;vehicle-826;55,7540221;37,6341398;0,0;0,25;10712546309
1790148420000;е70-20260923-006;vehicle-826;55,7540221;37,6341398;0,0;0,25;10712546309
1790148480000;е70-20260923-006;vehicle-826;55,7540221;37,6341398;0,0;0,25;10712546309
1790148540000;е70-20260923-006;vehicle-826;55,7540221;37,6341398;0,0;0,25;10712546309
1790148600000;е70-20260923-006;vehicle-826;55,7540221;37,6341398;0,0;0,25;10712546309
1790146800000;е70-20260923-007;vehicle-827;55,7310783;37,7228669;8,0;-0,3333333333333333;10712868049
1790146860000;е70-20260923-007;vehicle-827;55,7324677;37,7156548;8,0;-0,3333333333333333;10712868049
1790146920000;е70-20260923-007;vehicle-827;55,7343123;37,7087466;8,0;-0,3333333333333333;10712868049
1790146980000;е70-20260923-007;vehicle-827;55,7358233;37,7028302;0,0;-0,3333333333333333;10712868049
1790147040000;е70-20260923-007;vehicle-827;55,7366235;37,6980585;8,0;-0,3333333333333333;10712868040
1790147100000;е70-20260923-007;vehicle-827;55,7373314;37,6904758;8,0;-0,3333333333333333;10712868040
1790147160000;е70-20260923-007;vehicle-827;55,7380612;37,6828999;8,0;-0,3333333333333333;10712868040
1790147220000;е70-20260923-007;vehicle-827;55,7389234;37,6753673;8,0;-0,3333333333333333;10712868040
1790147280000;е70-20260923-007;vehicle-827;55,7392217;37,6711845;0,0;-0,3333333333333333;10712868040
1790147340000;е70-20260923-007;vehicle-827;55,7397839;37,6640146;8,0;-0,3333333333333333;10712868036
1790147400000;е70-20260923-007;vehicle-827;55,741321;37,6568941;8,0;-0,3333333333333333;10712868036
1790147460000;е70-20260923-007;vehicle-827;55,7425516;37,65396;8,0;-0,3333333333333333;10712868035
1790147520000;е70-20260923-007;vehicle-827;55,7437834;37,6507876;8,0;-0,3333333333333333;9868431738
1790147580000;е70-20260923-007;vehicle-827;55,7454149;37,648604;8,0;-0,3333333333333333;10702029920
1790147640000;е70-20260923-007;vehicle-827;55,74803;37,646194;0,0;-0,3333333333333333;10702029920
1790147700000;е70-20260923-007;vehicle-827;55,7502179;37,643034;0,0;-0,3333333333333333;3218033070
1790147760000;е70-20260923-007;vehicle-827;55,7524131;37,6399829;8,0;-0,3333333333333333;10702029938
1790147820000;е70-20260923-007;vehicle-827;55,7539027;37,6372727;8,0;-0,3333333333333333;10712546309
1790147880000;е70-20260923-007;vehicle-827;55,7540221;37,6341398;0,0;-0,3333333333333333;10712546309
1790147940000;е70-20260923-007;vehicle-827;55,7540221;37,6341398;0,0;-0,3333333333333333;10712546309
1790148000000;е70-20260923-007;vehicle-827;55,7540221;37,6341398;0,0;-0,3333333333333333;10712546309
1790148060000;е70-20260923-007;vehicle-827;55,7540221;37,6341398;0,0;-0,3333333333333333;10712546309
1790148120000;е70-20260923-007;vehicle-827;55,7540221;37,6341398;0,0;-0,3333333333333333;10712546309
1790148180000;е70-20260923-007;vehicle-827;55,7540221;37,6341398;0,0;-0,3333333333333333;10712546309
1790148240000;е70-20260923-007;vehicle-827;55,7540221;37,6341398;0,0;-0,3333333333333333;10712546309
1790148300000;е70-20260923-007;vehicle-827;55,7540221;37,6341398;0,0;-0,3333333333333333;10712546309
1790148360000;е70-20260923-007;vehicle-827;55,7540221;37,6341398;0,0;-0,3333333333333333;10712546309
1790148420000;е70-20260923-007;vehicle-827;55,7540221;37,6341398;0,0;-0,3333333333333333;10712546309
1790148480000;е70-20260923-007;vehicle-827;55,7540221;37,6341398;0,0;-0,3333333333333333;10712546309
1790148540000;е70-20260923-007;vehicle-827;55,7540221;37,6341398;0,0;-0,3333333333333333;10712546309
1790148600000;е70-20260923-007;vehicle-827;55,7540221;37,6341398;0,0;-0,3333333333333333;10712546309
1790146800000;м6-20260923-000;vehicle-830;55,7384304;37,7168359;0,0;0,25;10727814007
1790146860000;м6-20260923-000;vehicle-830;55,7382981;37,7187384;8,0;0,25;7696065480
1790146920000;м6-20260923-000;vehicle-830;55,739064;37,7207892;8,0;0,25;10702777777
1790146980000;м6-20260923-000;vehicle-830;55,7423581;37,721472;0,0;0,25;10702777777
1790147040000;м6-20260923-000;vehicle-830;55,7452042;37,7212373;0,0;0,25;10702777779
1790147100000;м6-20260923-000;vehicle-830;55,747468;37,7197944;8,0;0,25;10702777781
1790147160000;м6-20260923-000;vehicle-830;55,7495167;37,7185102;8,0;0,25;12561450003
1790147220000;м6-20260923-000;vehicle-830;55,7515483;37,7172157;8,0;0,25;10704753149
1790147280000;м6-20260923-000;vehicle-830;55,7509316;37,7136614;8,0;0,25;10702809948
1790147340000;м6-20260923-000;vehicle-830;55,7494989;37,7064082;8,0;0,25;10702809948
1790147400000;м6-20260923-000;vehicle-830;55,7486711;37,7021722;0,0;0,25;10702809948
1790147460000;м6-20260923-000;vehicle-830;55,7477795;37,6953784;8,0;0,25;10704706842
1790147520000;м6-20260923-000;vehicle-830;55,7474864;37,6915875;8,0;0,25;10704706844
1790147580000;м6-20260923-000;vehicle-830;55,7471944;37,6877911;8,0;0,25;8608386419
1790147640000;м6-20260923-000;vehicle-830;55,7466624;37,680196;8,0;0,25;8608386419
1790147700000;м6-20260923-000;vehicle-830;55,7469601;37,6763901;8,0;0,25;10703239461
1790147760000;м6-20260923-000;vehicle-830;55,7468486;37,6725613;8,0;0,25;10704706849
1790147820000;м6-20260923-000;vehicle-830;55,7465212;37,6672062;0,0;0,25;10704706849
1790147880000;м6-20260923-000;vehicle-830;55,7471399;37,6613162;8,0;0,25;10704706850
1790147940000;м6-20260923-000;vehicle-830;55,7471993;37,6574898;8,0;0,25;10704706853
1790148000000;м6-20260923-000;vehicle-830;55,747199;37,6537016;8,0;0,25;10704706852
1790148060000;м6-20260923-000;vehicle-830;55,7479256;37,6489701;0,0;0,25;10704706852
1790148120000;м6-20260923-000;vehicle-830;55,7480302;37,6461937;0,0;0,25;10702029920
1790148180000;м6-20260923-000;vehicle-830;55,7502181;37,6430336;0,0;0,25;3218033070
1790148240000;м6-20260923-000;vehicle-830;55,7527631;37,6395386;8,0;0,25;10702029938
1790148300000;м6-20260923-000;vehicle-830;55,7541889;37,6368992;8,0;0,25;5152813894
1790148360000;м6-20260923-000;vehicle-830;55,7546895;37,6344058;8,0;0,25;336215380
1790148420000;м6-20260923-000;vehicle-830;55,7581604;37,629791;8,0;0,25;336215380
1790148480000;м6-20260923-000;vehicle-830;55,7598965;37,6275069;8,0;0,25;10707555443
1790148540000;м6-20260923-000;vehicle-830;55,7596637;37,6249376;8,0;0,25;4436980877
1790148600000;м6-20260923-000;vehicle-830;55,758868;37,6191662;0,0;0,25;4436980877
1790146800000;м6-20260923-001;vehicle-831;55,743344;37,7216627;8,0;0,25;10702777779
1790146860000;м6-20260923-001;vehicle-831;55,74541;37,721106;8,0;0,25;10702777781
1790146920000;м6-20260923-001;vehicle-831;55,7484991;37,7191488;0,0;0,25;10702777781
1790146980000;м6-20260923-001;vehicle-831;55,7508689;37,7176364;0,0;0,25;12561450003
1790147040000;м6-20260923-001;vehicle-831;55,751331;37,7157207;0,0;0,25;10704753149
1790147100000;м6-20260923-001;vehicle-831;55,7502152;37,7100349;8,0;0,25;10702809948
1790147160000;м6-20260923-001;vehicle-831;55,7487892;37,7027774;8,0;0,25;10702809948
1790147220000;м6-20260923-001;vehicle-831;55,748096;37,6991563;8,0;0,25;10704706842
1790147280000;м6-20260923-001;vehicle-831;55,7475961;37,69298;0,0;0,25;10704706842
1790147340000;м6-20260923-001;vehicle-831;55,7472783;37,6890585;0,0;0,25;10704706844
1790147400000;м6-20260923-001;vehicle-831;55,7469263;37,6839926;8,0;0,25;8608386419
1790147460000;м6-20260923-001;vehicle-831;55,7466894;37,6794321;0,0;0,25;8608386419
1790147520000;м6-20260923-001;vehicle-831;55,7470094;37,6753685;0,0;0,25;10703239461
1790147580000;м6-20260923-001;vehicle-831;55,7464288;37,6688184;8,0;0,25;10704706849
1790147640000;м6-20260923-001;vehicle-831;55,7467708;37,665084;8,0;0,25;10704706850
1790147700000;м6-20260923-001;vehicle-831;55,7472125;37,6603041;0,0;0,25;10704706850
1790147760000;м6-20260923-001;vehicle-831;55,7471279;37,6543189;0,0;0,25;10704706853
1790147820000;м6-20260923-001;vehicle-831;55,7477034;37,6500332;8,0;0,25;10704706852
1790147880000;м6-20260923-001;vehicle-831;55,7479794;37,6467007;8,0;0,25;10702029920
1790147940000;м6-20260923-001;vehicle-831;55,7494731;37,644448;8,0;0,25;3218033070
1790148000000;м6-20260923-001;vehicle-831;55,7510201;37,6417721;8,0;0,25;10702029938
1790148060000;м6-20260923-001;vehicle-831;55,7533262;37,6384174;0,0;0,25;10702029938
1790148120000;м6-20260923-001;vehicle-831;55,7540816;37,6346466;0,0;0,25;5152813894
1790148180000;м6-20260923-001;vehicle-831;55,7565077;37,63229;8,0;0,25;336215380
1790148240000;м6-20260923-001;vehicle-831;55,759074;37,6285127;0,0;0,25;336215380
1790148300000;м6-20260923-001;vehicle-831;55,7596968;37,6251838;0,0;0,25;10707555443
1790148360000;м6-20260923-001;vehicle-831;55,7591676;37,6212463;8,0;0,25;4436980877
1790148420000;м6-20260923-001;vehicle-831;55,7585181;37,6176354;8,0;0,25;10030517809
1790148480000;м6-20260923-001;vehicle-831;55,7552256;37,6127276;8,0;0,25;10030517809
1790148540000;м6-20260923-001;vehicle-831;55,7532218;37,6113477;8,0;0,25;10030517808
1790148600000;м6-20260923-001;vehicle-831;55,7508094;37,6097246;0,0;0,25;10030517808
1790146800000;м6-20260923-002;vehicle-832;55,7515483;37,7172157;8,0;0,25;10704753149
1790146860000;м6-20260923-002;vehicle-832;55,7509316;37,7136614;8,0;0,25;10702809948
1790146920000;м6-20260923-002;vehicle-832;55,7494989;37,7064082;8,0;0,25;10702809948
1790146980000;м6-20260923-002;vehicle-832;55,7486711;37,7021722;0,0;0,25;10702809948
1790147040000;м6-20260923-002;vehicle-832;55,7477795;37,6953784;8,0;0,25;10704706842
1790147100000;м6-20260923-002;vehicle-832;55,7474864;37,6915875;8,0;0,25;10704706844
1790147160000;м6-20260923-002;vehicle-832;55,7471944;37,6877911;8,0;0,25;8608386419
1790147220000;м6-20260923-002;vehicle-832;55,7466624;37,680196;8,0;0,25;8608386419
1790147280000;м6-20260923-002;vehicle-832;55,7469601;37,6763901;8,0;0,25;10703239461
1790147340000;м6-20260923-002;vehicle-832;55,7468486;37,6725613;8,0;0,25;10704706849
1790147400000;м6-20260923-002;vehicle-832;55,7465212;37,6672062;0,0;0,25;10704706849
1790147460000;м6-20260923-002;vehicle-832;55,7471399;37,6613162;8,0;0,25;10704706850
1790147520000;м6-20260923-002;vehicle-832;55,7471993;37,6574898;8,0;0,25;10704706853
1790147580000;м6-20260923-002;vehicle-832;55,747199;37,6537016;8,0;0,25;10704706852
1790147640000;м6-20260923-002;vehicle-832;55,7479256;37,6489701;0,0;0,25;10704706852
1790147700000;м6-20260923-002;vehicle-832;55,7480302;37,6461937;0,0;0,25;10702029920
1790147760000;м6-20260923-002;vehicle-832;55,7502181;37,6430336;0,0;0,25;3218033070
1790147820000;м6-20260923-002;vehicle-832;55,7527631;37,6395386;8,0;0,25;10702029938
1790147880000;м6-20260923-002;vehicle-832;55,7541889;37,6368992;8,0;0,25;5152813894
1790147940000;м6-20260923-002;vehicle-832;55,7546895;37,6344058;8,0;0,25;336215380
1790148000000;м6-20260923-002;vehicle-832;55,7581604;37,629791;8,0;0,25;336215380
1790148060000;м6-20260923-002;vehicle-832;55,7598965;37,6275069;8,0;0,25;10707555443
1790148120000;м6-20260923-002;vehicle-832;55,7596637;37,6249376;8,0;0,25;4436980877
1790148180000;м6-20260923-002;vehicle-832;55,758868;37,6191662;0,0;0,25;4436980877
1790148240000;м6-20260923-002;vehicle-832;55,7569649;37,6149831;8,0;0,25;10030517809
1790148300000;м6-20260923-002;vehicle-832;55,7551015;37,6125973;0,0;0,25;10030517809
1790148360000;м6-20260923-002;vehicle-832;55,75122;37,609966;8,0;0,25;10030517808
1790148420000;м6-20260923-002;vehicle-832;55,7491601;37,6087999;8,0;0,25;10727814005
1790148480000;м6-20260923-002;vehicle-832;55,7473743;37,6075686;8,0;0,25;1487452424
1790148540000;м6-20260923-002;vehicle-832;55,7458571;37,6048532;8,0;0,25;10727802904
1790148600000;м6-20260923-002;vehicle-832;55,7446509;37,601806;8,0;0,25;2413717004
1790146800000;м6-20260923-003;vehicle-833;55,748096;37,6991563;8,0;0,25;10704706842
1790146860000;м6-20260923-003;vehicle-833;55,7475961;37,69298;0,0;0,25;10704706842
1790146920000;м6-20260923-003;vehicle-833;55,7472783;37,6890585;0,0;0,25;10704706844
1790146980000;м6-20260923-003;vehicle-833;55,7469263;37,6839926;8,0;0,25;8608386419
1790147040000;м6-20260923-003;vehicle-833;55,7466894;37,6794321;0,0;0,25;8608386419
1790147100000;м6-20260923-003;vehicle-833;55,7470094;37,6753685;0,0;0,25;10703239461
1790147160000;м6-20260923-003;vehicle-833;55,7464288;37,6688184;8,0;0,25;10704706849
1790147220000;м6-20260923-003;vehicle-833;55,7467708;37,665084;8,0;0,25;10704706850
1790147280000;м6-20260923-003;vehicle-833;55,7472125;37,6603041;0,0;0,25;10704706850
1790147340000;м6-20260923-003;vehicle-833;55,7471279;37,6543189;0,0;0,25;10704706853
1790147400000;м6-20260923-003;vehicle-833;55,7477034;37,6500332;8,0;0,25;10704706852
1790147460000;м6-20260923-003;vehicle-833;55,7479794;37,6467007;8,0;0,25;10702029920
1790147520000;м6-20260923-003;vehicle-833;55,7494731;37,644448;8,0;0,25;3218033070
1790147580000;м6-20260923-003;vehicle-833;55,7510201;37,6417721;8,0;0,25;10702029938
1790147640000;м6-20260923-003;vehicle-833;55,7533262;37,6384174;0,0;0,25;10702029938
1790147700000;м6-20260923-003;vehicle-833;55,7540816;37,6346466;0,0;0,25;5152813894
1790147760000;м6-20260923-003;vehicle-833;55,7565077;37,63229;8,0;0,25;336215380
1790147820000;м6-20260923-003;vehicle-833;55,759074;37,6285127;0,0;0,25;336215380
1790147880000;м6-20260923-003;vehicle-833;55,7596968;37,6251838;0,0;0,25;10707555443
1790147940000;м6-20260923-003;vehicle-833;55,7591676;37,6212463;8,0;0,25;4436980877
1790148000000;м6-20260923-003;vehicle-833;55,7585181;37,6176354;8,0;0,25;10030517809
1790148060000;м6-20260923-003;vehicle-833;55,7552256;37,6127276;8,0;0,25;10030517809
1790148120000;м6-20260923-003;vehicle-833;55,7532218;37,6113477;8,0;0,25;10030517808
1790148180000;м6-20260923-003;vehicle-833;55,7508094;37,6097246;0,0;0,25;10030517808
1790148240000;м6-20260923-003;vehicle-833;55,7478567;37,6081402;0,0;0,25;10727814005
1790148300000;м6-20260923-003;vehicle-833;55,7460516;37,6052216;0,0;0,25;1487452424
1790148360000;м6-20260923-003;vehicle-833;55,7447198;37,6021711;0,0;0,25;10727802904
1790148420000;м6-20260923-003;vehicle-833;55,7436001;37,5984533;8,0;0,25;2413717004
1790148480000;м6-20260923-003;vehicle-833;55,7423249;37,5953542;8,0;0,25;2413716995
1790148540000;м6-20260923-003;vehicle-833;55,7406662;37,5914289;0,0;0,25;2413716995
1790148600000;м6-20260923-003;vehicle-833;55,7390848;37,5873551;0,0;0,25;5320144985
1790146800000;м6-20260923-004;vehicle-834;55,7466624;37,680196;8,0;0,25;8608386419
1790146860000;м6-20260923-004;vehicle-834;55,7469601;37,6763901;8,0;0,25;10703239461
1790146920000;м6-20260923-004;vehicle-834;55,7468486;37,6725613;8,0;0,25;10704706849
1790146980000;м6-20260923-004;vehicle-834;55,7465212;37,6672062;0,0;0,25;10704706849
1790147040000;м6-20260923-004;vehicle-834;55,7471399;37,6613162;8,0;0,25;10704706850
1790147100000;м6-20260923-004;vehicle-834;55,7471993;37,6574898;8,0;0,25;10704706853
1790147160000;м6-20260923-004;vehicle-834;55,747199;37,6537016;8,0;0,25;10704706852
1790147220000;м6-20260923-004;vehicle-834;55,7479256;37,6489701;0,0;0,25;10704706852
1790147280000;м6-20260923-004;vehicle-834;55,7480302;37,6461937;0,0;0,25;10702029920
1790147340000;м6-20260923-004;vehicle-834;55,7502181;37,6430336;0,0;0,25;3218033070
1790147400000;м6-20260923-004;vehicle-834;55,7527631;37,6395386;8,0;0,25;10702029938
1790147460000;м6-20260923-004;vehicle-834;55,7541889;37,6368992;8,0;0,25;5152813894
1790147520000;м6-20260923-004;vehicle-834;55,7546895;37,6344058;8,0;0,25;336215380
1790147580000;м6-20260923-004;vehicle-834;55,7581604;37,629791;8,0;0,25;336215380
1790147640000;м6-20260923-004;vehicle-834;55,7598965;37,6275069;8,0;0,25;10707555443
1790147700000;м6-20260923-004;vehicle-834;55,7596637;37,6249376;8,0;0,25;4436980877
1790147760000;м6-20260923-004;vehicle-834;55,758868;37,6191662;0,0;0,25;4436980877
1790147820000;м6-20260923-004;vehicle-834;55,7569649;37,6149831;8,0;0,25;10030517809
1790147880000;м6-20260923-004;vehicle-834;55,7551015;37,6125973;0,0;0,25;10030517809
1790147940000;м6-20260923-004;vehicle-834;55,75122;37,609966;8,0;0,25;10030517808
1790148000000;м6-20260923-004;vehicle-834;55,7491601;37,6087999;8,0;0,25;10727814005
1790148060000;м6-20260923-004;vehicle-834;55,7473743;37,6075686;8,0;0,25;1487452424
1790148120000;м6-20260923-004;vehicle-834;55,7458571;37,6048532;8,0;0,25;10727802904
1790148180000;м6-20260923-004;vehicle-834;55,7446509;37,601806;8,0;0,25;2413717004
1790148240000;м6-20260923-004;vehicle-834;55,7425016;37,5957482;0,0;0,25;2413717004
1790148300000;м6-20260923-004;vehicle-834;55,7410171;37,5923748;8,0;0,25;2413716995
1790148360000;м6-20260923-004;vehicle-834;55,7398233;37,5891404;8,0;0,25;5320144985
1790148420000;м6-20260923-004;vehicle-834;55,7385691;37,5860303;8,0;0,25;2413717006
1790148480000;м6-20260923-004;vehicle-834;55,7372384;37,5830696;8,0;0,25;2413717060
1790148540000;м6-20260923-004;vehicle-834;55,7358679;37,5800822;8,0;0,25;2413717028
1790148600000;м6-20260923-004;vehicle-834;55,7345062;37,5770742;8,0;0,25;2413717055
1790146800000;м6-20260923-005;vehicle-835;55,7467708;37,665084;8,0;0,25;10704706850
1790146860000;м6-20260923-005;vehicle-835;55,7472125;37,6603041;0,0;0,25;10704706850
1790146920000;м6-20260923-005;vehicle-835;55,7471279;37,6543189;0,0;0,25;10704706853
1790146980000;м6-20260923-005;vehicle-835;55,7477034;37,6500332;8,0;0,25;10704706852
1790147040000;м6-20260923-005;vehicle-835;55,7479794;37,6467007;8,0;0,25;10702029920
1790147100000;м6-20260923-005;vehicle-835;55,7494731;37,644448;8,0;0,25;3218033070
1790147160000;м6-20260923-005;vehicle-835;55,7510201;37,6417721;8,0;0,25;10702029938
1790147220000;м6-20260923-005;vehicle-835;55,7533262;37,6384174;0,0;0,25;10702029938
1790147280000;м6-20260923-005;vehicle-835;55,7540816;37,6346466;0,0;0,25;5152813894
1790147340000;м6-20260923-005;vehicle-835;55,7565077;37,63229;8,0;0,25;336215380
1790147400000;м6-20260923-005;vehicle-835;55,759074;37,6285127;0,0;0,25;336215380
1790147460000;м6-20260923-005;vehicle-835;55,7596968;37,6251838;0,0;0,25;10707555443
1790147520000;м6-20260923-005;vehicle-835;55,7591676;37,6212463;8,0;0,25;4436980877
1790147580000;м6-20260923-005;vehicle-835;55,7585181;37,6176354;8,0;0,25;10030517809
1790147640000;м6-20260923-005;vehicle-835;55,7552256;37,6127276;8,0;0,25;10030517809
1790147700000;м6-20260923-005;vehicle-835;55,7532218;37,6113477;8,0;0,25;10030517808
1790147760000;м6-20260923-005;vehicle-835;55,7508094;37,6097246;0,0;0,25;10030517808
1790147820000;м6-20260923-005;vehicle-835;55,7478567;37,6081402;0,0;0,25;10727814005
1790147880000;м6-20260923-005;vehicle-835;55,7460516;37,6052216;0,0;0,25;1487452424
1790147940000;м6-20260923-005;vehicle-835;55,7447198;37,6021711;0,0;0,25;10727802904
1790148000000;м6-20260923-005;vehicle-835;55,7436001;37,5984533;8,0;0,25;2413717004
1790148060000;м6-20260923-005;vehicle-835;55,7423249;37,5953542;8,0;0,25;2413716995
1790148120000;м6-20260923-005;vehicle-835;55,7406662;37,5914289;0,0;0,25;2413716995
1790148180000;м6-20260923-005;vehicle-835;55,7390848;37,5873551;0,0;0,25;5320144985
1790148240000;м6-20260923-005;vehicle-835;55,7378777;37,5844621;0,0;0,25;2413717006
1790148300000;м6-20260923-005;vehicle-835;55,7365999;37,5816756;0,0;0,25;2413717060
1790148360000;м6-20260923-005;vehicle-835;55,7346406;37,5773821;0,0;0,25;2413717028
1790148420000;м6-20260923-005;vehicle-835;55,7336074;37,5750254;0,0;0,25;2413717055
1790148480000;м6-20260923-005;vehicle-835;55,73186;37,57101;8,0;0,25;2413717050
1790148540000;м6-20260923-005;vehicle-835;55,7305455;37,5679653;8,0;0,25;10683919932
1790148600000;м6-20260923-005;vehicle-835;55,7289618;37,5642847;0,0;0,25;10683919932
1790146800000;м6-20260923-006;vehicle-836;55,7479256;37,6489701;0,0;0,25;10704706852
1790146860000;м6-20260923-006;vehicle-836;55,7480302;37,6461937;0,0;0,25;10702029920
1790146920000;м6-20260923-006;vehicle-836;55,7502181;37,6430336;0,0;0,25;3218033070
1790146980000;м6-20260923-006;vehicle-836;55,7527631;37,6395386;8,0;0,25;10702029938
1790147040000;м6-20260923-006;vehicle-836;55,7541889;37,6368992;8,0;0,25;5152813894
1790147100000;м6-20260923-006;vehicle-836;55,7546895;37,6344058;8,0;0,25;336215380
1790147160000;м6-20260923-006;vehicle-836;55,7581604;37,629791;8,0;0,25;336215380
1790147220000;м6-20260923-006;vehicle-836;55,7598965;37,6275069;8,0;0,25;10707555443
1790147280000;м6-20260923-006;vehicle-836;55,7596637;37,6249376;8,0;0,25;4436980877
1790147340000;м6-20260923-006;vehicle-836;55,758868;37,6191662;0,0;0,25;4436980877
1790147400000;м6-20260923-006;vehicle-836;55,7569649;37,6149831;8,0;0,25;10030517809
1790147460000;м6-20260923-006;vehicle-836;55,7551015;37,6125973;0,0;0,25;10030517809
1790147520000;м6-20260923-006;vehicle-836;55,75122;37,609966;8,0;0,25;10030517808
1790147580000;м6-20260923-006;vehicle-836;55,7491601;37,6087999;8,0;0,25;10727814005
1790147640000;м6-20260923-006;vehicle-836;55,7473743;37,6075686;8,0;0,25;1487452424
1790147700000;м6-20260923-006;vehicle-836;55,7458571;37,6048532;8,0;0,25;10727802904
1790147760000;м6-20260923-006;vehicle-836;55,7446509;37,601806;8,0;0,25;2413717004
1790147820000;м6-20260923-006;vehicle-836;55,7425016;37,5957482;0,0;0,25;2413717004
1790147880000;м6-20260923-006;vehicle-836;55,7410171;37,5923748;8,0;0,25;2413716995
1790147940000;м6-20260923-006;vehicle-836;55,7398233;37,5891404;8,0;0,25;5320144985
1790148000000;м6-20260923-006;vehicle-836;55,7385691;37,5860303;8,0;0,25;2413717006
1790148060000;м6-20260923-006;vehicle-836;55,7372384;37,5830696;8,0;0,25;2413717060
1790148120000;м6-20260923-006;vehicle-836;55,7358679;37,5800822;8,0;0,25;2413717028
1790148180000;м6-20260923-006;vehicle-836;55,7345062;37,5770742;8,0;0,25;2413717055
1790148240000;м6-20260923-006;vehicle-836;55,7331697;37,5740227;8,0;0,25;2413717050
1790148300000;м6-20260923-006;vehicle-836;55,7312991;37,5696956;0,0;0,25;2413717050
1790148360000;м6-20260923-006;vehicle-836;55,7292246;37,5648997;8,0;0,25;10683919932
1790148420000;м6-20260923-006;vehicle-836;55,7279106;37,5618523;8,0;0,25;2413717012
1790148480000;м6-20260923-006;vehicle-836;55,7264113;37,5611269;8,0;0,25;9797228311
1790148540000;м6-20260923-006;vehicle-836;55,7235252;37,5655899;0,0;0,25;9797228311
1790148600000;м6-20260923-006;vehicle-836;55,7217074;37,5640177;0,0;0,25;10683919931
1790146800000;м6-20260923-007;vehicle-837;55,7540558;37,6363187;8,0;-0,3333333333333333;5152813894
1790146860000;м6-20260923-007;vehicle-837;55,7550209;37,6341439;8,0;-0,3333333333333333;336215380
1790146920000;м6-20260923-007;vehicle-837;55,7584489;37,6293981;8,0;-0,3333333333333333;336215380
1790146980000;м6-20260923-007;vehicle-837;55,7601833;37,6271259;8,0;-0,3333333333333333;10707555443
1790147040000;м6-20260923-007;vehicle-837;55,759581;37,6243222;8,0;-0,3333333333333333;4436980877
1790147100000;м6-20260923-007;vehicle-837;55,758868;37,6191662;0,0;-0,3333333333333333;4436980877
1790147160000;м6-20260923-007;vehicle-837;55,7567134;37,6145267;8,0;-0,3333333333333333;10030517809
1790147220000;м6-20260923-007;vehicle-837;55,7549153;37,6124018;8,0;-0,3333333333333333;10030517808
1790147280000;м6-20260923-007;vehicle-837;55,7508778;37,609765;8,0;-0,3333333333333333;10030517808
1790147340000;м6-20260923-007;vehicle-837;55,7488893;37,6090848;8,0;-0,3333333333333333;10727814005
1790147400000;м6-20260923-007;vehicle-837;55,7470774;37,6071996;8,0;-0,3333333333333333;1487452424
1790147460000;м6-20260923-007;vehicle-837;55,7456159;37,6043895;8,0;-0,3333333333333333;10727802904
1790147520000;м6-20260923-007;vehicle-837;55,7445237;37,6012055;8,0;-0,3333333333333333;2413717004
1790147580000;м6-20260923-007;vehicle-837;55,7425016;37,5957482;0,0;-0,3333333333333333;2413717004
1790147640000;м6-20260923-007;vehicle-837;55,7408146;37,5918582;8,0;-0,3333333333333333;2413716995
1790147700000;м6-20260923-007;vehicle-837;55,7396039;37,5886182;8,0;-0,3333333333333333;5320144985
1790147760000;м6-20260923-007;vehicle-837;55,7383537;37,5855392;8,0;-0,3333333333333333;2413717006
1790147820000;м6-20260923-007;vehicle-837;55,7370103;37,5825718;8,0;-0,3333333333333333;2413717060
1790147880000;м6-20260923-007;vehicle-837;55,7356393;37,579584;8,0;-0,3333333333333333;2413717028
1790147940000;м6-20260923-007;vehicle-837;55,7342824;37,5765607;8,0;-0,3333333333333333;2413717055
1790148000000;м6-20260923-007;vehicle-837;55,7329509;37,5735213;8,0;-0,3333333333333333;2413717050
1790148060000;м6-20260923-007;vehicle-837;55,7312991;37,5696956;0,0;-0,3333333333333333;2413717050
1790148120000;м6-20260923-007;vehicle-837;55,7290056;37,5643872;8,0;-0,3333333333333333;10683919932
1790148180000;м6-20260923-007;vehicle-837;55,7276933;37,5613432;8,0;-0,3333333333333333;2413717012
1790148240000;м6-20260923-007;vehicle-837;55,7261638;37,5615796;8,0;-0,3333333333333333;9797228311
1790148300000;м6-20260923-007;vehicle-837;55,7235252;37,5655899;0,0;-0,3333333333333333;9797228311
1790148360000;м6-20260923-007;vehicle-837;55,7217074;37,5640177;0,0;-0,3333333333333333;10683919931
1790148420000;м6-20260923-007;vehicle-837;55,7202243;37,5653013;8,0;-0,3333333333333333;10683919928
1790148480000;м6-20260923-007;vehicle-837;55,7190228;37,5680848;8,0;-0,3333333333333333;2413991282
1790148540000;м6-20260923-007;vehicle-837;55,7169169;37,5677637;0,0;-0,3333333333333333;2413991282
1790148600000;м6-20260923-007;vehicle-837;55,7169169;37,5677637;0,0;-0,3333333333333333;2413991282
1790146800000;м40-20260923-000;vehicle-840;55,8930707;37,524191;0,0;0,25;4199404588
1790146860000;м40-20260923-000;vehicle-840;55,8923298;37,5255841;8,0;0,25;4518891524
1790146920000;м40-20260923-000;vehicle-840;55,8910169;37,5290607;0,0;0,25;4518891524
1790146980000;м40-20260923-000;vehicle-840;55,8927813;37,5331349;0,0;0,25;10581861634
1790147040000;м40-20260923-000;vehicle-840;55,8929524;37,5366211;8,0;0,25;10728625488
1790147100000;м40-20260923-000;vehicle-840;55,8886304;37,536571;8,0;0,25;10728625488
1790147160000;м40-20260923-000;vehicle-840;55,8866855;37,5353579;8,0;0,25;10728625490
1790147220000;м40-20260923-000;vehicle-840;55,8851354;37,5327961;8,0;0,25;10744418345
1790147280000;м40-20260923-000;vehicle-840;55,8829872;37,5327845;8,0;0,25;10744418342
1790147340000;м40-20260923-000;vehicle-840;55,8798787;37,5331689;0,0;0,25;10744418342
1790147400000;м40-20260923-000;vehicle-840;55,8765102;37,5336948;8,0;0,25;10572590184
1790147460000;м40-20260923-000;vehicle-840;55,8744764;37,5348309;8,0;0,25;2255987230
1790147520000;м40-20260923-000;vehicle-840;55,8733104;37,537868;8,0;0,25;10572590187
1790147580000;м40-20260923-000;vehicle-840;55,8734482;37,5417253;8,0;0,25;8944115656
1790147640000;м40-20260923-000;vehicle-840;55,8737088;37,545564;8,0;0,25;10572590190
1790147700000;м40-20260923-000;vehicle-840;55,873193;37,5528102;0,0;0,25;10572590190
1790147760000;м40-20260923-000;vehicle-840;55,8713161;37,5549435;8,0;0,25;10572590192
1790147820000;м40-20260923-000;vehicle-840;55,869341;37,5564843;8,0;0,25;10572590194
1790147880000;м40-20260923-000;vehicle-840;55,8673668;37,5580153;8,0;0,25;10572590200
1790147940000;м40-20260923-000;vehicle-840;55,8634969;37,5610083;0,0;0,25;10572590200
1790148000000;м40-20260923-000;vehicle-840;55,861858;37,5621104;0,0;0,25;10572590201
1790148060000;м40-20260923-000;vehicle-840;55,8592018;37,5626612;8,0;0,25;4254188160
1790148120000;м40-20260923-000;vehicle-840;55,8576331;37,5612156;0,0;0,25;10729479555
1790148180000;м40-20260923-000;vehicle-840;55,8559974;37,5613401;8,0;0,25;3726709735
1790148240000;м40-20260923-000;vehicle-840;55,8540367;37,5629645;8,0;0,25;4515094035
1790148300000;м40-20260923-000;vehicle-840;55,850574;37,5659134;0,0;0,25;4515094035
1790148360000;м40-20260923-000;vehicle-840;55,8480612;37,5674315;8,0;0,25;4501093744
1790148420000;м40-20260923-000;vehicle-840;55,843847;37,5690974;8,0;0,25;4501093744
1790148480000;м40-20260923-000;vehicle-840;55,841032;37,5701609;0,0;0,25;4501093744
1790148540000;м40-20260923-000;vehicle-840;55,8375253;37,5714759;8,0;0,25;313023111
1790148600000;м40-20260923-000;vehicle-840;55,834004;37,5726432;0,0;0,25;313023111
1790146800000;м40-20260923-001;vehicle-841;55,8932431;37,5339505;8,0;0,25;10728625488
1790146860000;м40-20260923-001;vehicle-841;55,8907861;37,536669;8,0;0,25;10728625488
1790146920000;м40-20260923-001;vehicle-841;55,8885582;37,5365708;0,0;0,25;10728625488
1790146980000;м40-20260923-001;vehicle-841;55,88594;37,5338021;0,0;0,25;10728625490
1790147040000;м40-20260923-001;vehicle-841;55,8832773;37,5327831;0,0;0,25;10744418345
1790147100000;м40-20260923-001;vehicle-841;55,8808179;37,5330234;8,0;0,25;10744418342
1790147160000;м40-20260923-001;vehicle-841;55,8786603;37,5333599;8,0;0,25;10572590184
1790147220000;м40-20260923-001;vehicle-841;55,8755894;37,5339471;0,0;0,25;10572590184
1790147280000;м40-20260923-001;vehicle-841;55,8739343;37,5356689;0,0;0,25;2255987230
1790147340000;м40-20260923-001;vehicle-841;55,8732848;37,5384914;0,0;0,25;10572590187
1790147400000;м40-20260923-001;vehicle-841;55,8736157;37,5441784;0,0;0,25;8944115656
1790147460000;м40-20260923-001;vehicle-841;55,8738158;37,549354;8,0;0,25;10572590190
1790147520000;м40-20260923-001;vehicle-841;55,8731504;37,552916;8,0;0,25;10572590192
1790147580000;м40-20260923-001;vehicle-841;55,871183;37,5550507;0,0;0,25;10572590192
1790147640000;м40-20260923-001;vehicle-841;55,867498;37,5579139;0,0;0,25;10572590194
1790147700000;м40-20260923-001;vehicle-841;55,8653992;37,5595378;8,0;0,25;10572590200
1790147760000;м40-20260923-001;vehicle-841;55,8634298;37,56106;8,0;0,25;10572590201
1790147820000;м40-20260923-001;vehicle-841;55,8613657;37,5623307;8,0;0,25;4254188160
1790147880000;м40-20260923-001;vehicle-841;55,8586949;37,5626095;0,0;0,25;4254188160
1790147940000;м40-20260923-001;vehicle-841;55,8576331;37,5612156;0,0;0,25;10729479555
1790148000000;м40-20260923-001;vehicle-841;55,8555456;37,5617081;0,0;0,25;3726709735
1790148060000;м40-20260923-001;vehicle-841;55,852081;37,5646496;8,0;0,25;4515094035
1790148120000;м40-20260923-001;vehicle-841;55,8501159;37,566286;8,0;0,25;4501093744
1790148180000;м40-20260923-001;vehicle-841;55,8459536;37,5682608;8,0;0,25;4501093744
1790148240000;м40-20260923-001;vehicle-841;55,8417367;37,5699033;8,0;0,25;4501093744
1790148300000;м40-20260923-001;vehicle-841;55,839626;37,5706591;8,0;0,25;313023111
1790148360000;м40-20260923-001;vehicle-841;55,8354198;37,5722514;8,0;0,25;313023111
1790148420000;м40-20260923-001;vehicle-841;55,8332805;37,5726858;8,0;0,25;9221235996
1790148480000;м40-20260923-001;vehicle-841;55,8289351;37,5727314;8,0;0,25;9221235996
1790148540000;м40-20260923-001;vehicle-841;55,8267867;37,572719;8,0;0,25;10742541382
1790148600000;м40-20260923-001;vehicle-841;55,8246431;37,5727306;0,0;0,25;10742541382
1790146800000;м40-20260923-002;vehicle-842;55,8851354;37,5327961;8,0;0,25;10744418345
1790146860000;м40-20260923-002;vehicle-842;55,8829872;37,5327845;8,0;0,25;10744418342
1790146920000;м40-20260923-002;vehicle-842;55,8798787;37,5331689;0,0;0,25;10744418342
1790146980000;м40-20260923-002;vehicle-842;55,8765102;37,5336948;8,0;0,25;10572590184
1790147040000;м40-20260923-002;vehicle-842;55,8744764;37,5348309;8,0;0,25;2255987230
1790147100000;м40-20260923-002;vehicle-842;55,8733104;37,537868;8,0;0,25;10572590187
1790147160000;м40-20260923-002;vehicle-842;55,8734482;37,5417253;8,0;0,25;8944115656
1790147220000;м40-20260923-002;vehicle-842;55,8737088;37,545564;8,0;0,25;10572590190
1790147280000;м40-20260923-002;vehicle-842;55,873193;37,5528102;0,0;0,25;10572590190
1790147340000;м40-20260923-002;vehicle-842;55,8713161;37,5549435;8,0;0,25;10572590192
1790147400000;м40-20260923-002;vehicle-842;55,869341;37,5564843;8,0;0,25;10572590194
1790147460000;м40-20260923-002;vehicle-842;55,8673668;37,5580153;8,0;0,25;10572590200
1790147520000;м40-20260923-002;vehicle-842;55,8634969;37,5610083;0,0;0,25;10572590200
1790147580000;м40-20260923-002;vehicle-842;55,861858;37,5621104;0,0;0,25;10572590201
1790147640000;м40-20260923-002;vehicle-842;55,8592018;37,5626612;8,0;0,25;4254188160
1790147700000;м40-20260923-002;vehicle-842;55,8576331;37,5612156;0,0;0,25;10729479555
1790147760000;м40-20260923-002;vehicle-842;55,8559974;37,5613401;8,0;0,25;3726709735
1790147820000;м40-20260923-002;vehicle-842;55,8540367;37,5629645;8,0;0,25;4515094035
1790147880000;м40-20260923-002;vehicle-842;55,850574;37,5659134;0,0;0,25;4515094035
1790147940000;м40-20260923-002;vehicle-842;55,8480612;37,5674315;8,0;0,25;4501093744
1790148000000;м40-20260923-002;vehicle-842;55,843847;37,5690974;8,0;0,25;4501093744
1790148060000;м40-20260923-002;vehicle-842;55,841032;37,5701609;0,0;0,25;4501093744
1790148120000;м40-20260923-002;vehicle-842;55,8375253;37,5714759;8,0;0,25;313023111
1790148180000;м40-20260923-002;vehicle-842;55,834004;37,5726432;0,0;0,25;313023111
1790148240000;м40-20260923-002;vehicle-842;55,8311078;37,5727181;8,0;0,25;9221235996
1790148300000;м40-20260923-002;vehicle-842;55,828573;37,5727231;0,0;0,25;9221235996
1790148360000;м40-20260923-002;vehicle-842;55,8246431;37,5727306;0,0;0,25;10742541382
1790148420000;м40-20260923-002;vehicle-842;55,8224832;37,5729235;8,0;0,25;4192456470
1790148480000;м40-20260923-002;vehicle-842;55,820397;37,5738006;8,0;0,25;4242625789
1790148540000;м40-20260923-002;vehicle-842;55,8183551;37,5749271;8,0;0,25;10742541377
1790148600000;м40-20260923-002;vehicle-842;55,8142129;37,5772084;8,0;0,25;10742541377
1790146800000;м40-20260923-003;vehicle-843;55,8755894;37,5339471;0,0;0,25;10572590184
1790146860000;м40-20260923-003;vehicle-843;55,8739343;37,5356689;0,0;0,25;2255987230
1790146920000;м40-20260923-003;vehicle-843;55,8732848;37,5384914;0,0;0,25;10572590187
1790146980000;м40-20260923-003;vehicle-843;55,8736157;37,5441784;0,0;0,25;8944115656
1790147040000;м40-20260923-003;vehicle-843;55,8738158;37,549354;8,0;0,25;10572590190
1790147100000;м40-20260923-003;vehicle-843;55,8731504;37,552916;8,0;0,25;10572590192
1790147160000;м40-20260923-003;vehicle-843;55,871183;37,5550507;0,0;0,25;10572590192
1790147220000;м40-20260923-003;vehicle-843;55,867498;37,5579139;0,0;0,25;10572590194
1790147280000;м40-20260923-003;vehicle-843;55,8653992;37,5595378;8,0;0,25;10572590200
1790147340000;м40-20260923-003;vehicle-843;55,8634298;37,56106;8,0;0,25;10572590201
1790147400000;м40-20260923-003;vehicle-843;55,8613657;37,5623307;8,0;0,25;4254188160
1790147460000;м40-20260923-003;vehicle-843;55,8586949;37,5626095;0,0;0,25;4254188160
1790147520000;м40-20260923-003;vehicle-843;55,8576331;37,5612156;0,0;0,25;10729479555
1790147580000;м40-20260923-003;vehicle-843;55,8555456;37,5617081;0,0;0,25;3726709735
1790147640000;м40-20260923-003;vehicle-843;55,852081;37,5646496;8,0;0,25;4515094035
1790147700000;м40-20260923-003;vehicle-843;55,8501159;37,566286;8,0;0,25;4501093744
1790147760000;м40-20260923-003;vehicle-843;55,8459536;37,5682608;8,0;0,25;4501093744
1790147820000;м40-20260923-003;vehicle-843;55,8417367;37,5699033;8,0;0,25;4501093744
1790147880000;м40-20260923-003;vehicle-843;55,839626;37,5706591;8,0;0,25;313023111
1790147940000;м40-20260923-003;vehicle-843;55,8354198;37,5722514;8,0;0,25;313023111
1790148000000;м40-20260923-003;vehicle-843;55,8332805;37,5726858;8,0;0,25;9221235996
1790148060000;м40-20260923-003;vehicle-843;55,8289351;37,5727314;8,0;0,25;9221235996
1790148120000;м40-20260923-003;vehicle-843;55,8267867;37,572719;8,0;0,25;10742541382
1790148180000;м40-20260923-003;vehicle-843;55,8246431;37,5727306;0,0;0,25;10742541382
1790148240000;м40-20260923-003;vehicle-843;55,8216305;37,573191;0,0;0,25;4192456470
1790148300000;м40-20260923-003;vehicle-843;55,818562;37,5748117;0,0;0,25;4242625789
1790148360000;м40-20260923-003;vehicle-843;55,8162839;37,5760672;8,0;0,25;10742541377
1790148420000;м40-20260923-003;vehicle-843;55,8127651;37,5780178;0,0;0,25;10742541377
1790148480000;м40-20260923-003;vehicle-843;55,8100921;37,5795112;8,0;0,25;10742541373
1790148540000;м40-20260923-003;vehicle-843;55,8069509;37,5813342;0,0;0,25;10742541373
1790148600000;м40-20260923-003;vehicle-843;55,8038707;37,5826602;8,0;0,25;10742541369
1790146800000;м40-20260923-004;vehicle-844;55,8737088;37,545564;8,0;0,25;10572590190
1790146860000;м40-20260923-004;vehicle-844;55,873193;37,5528102;0,0;0,25;10572590190
1790146920000;м40-20260923-004;vehicle-844;55,8713161;37,5549435;8,0;0,25;10572590192
1790146980000;м40-20260923-004;vehicle-844;55,869341;37,5564843;8,0;0,25;10572590194
1790147040000;м40-20260923-004;vehicle-844;55,8673668;37,5580153;8,0;0,25;10572590200
1790147100000;м40-20260923-004;vehicle-844;55,8634969;37,5610083;0,0;0,25;10572590200
1790147160000;м40-20260923-004;vehicle-844;55,861858;37,5621104;0,0;0,25;10572590201
1790147220000;м40-20260923-004;vehicle-844;55,8592018;37,5626612;8,0;0,25;4254188160
1790147280000;м40-20260923-004;vehicle-844;55,8576331;37,5612156;0,0;0,25;10729479555
1790147340000;м40-20260923-004;vehicle-844;55,8559974;37,5613401;8,0;0,25;3726709735
1790147400000;м40-20260923-004;vehicle-844;55,8540367;37,5629645;8,0;0,25;4515094035
1790147460000;м40-20260923-004;vehicle-844;55,850574;37,5659134;0,0;0,25;4515094035
1790147520000;м40-20260923-004;vehicle-844;55,8480612;37,5674315;8,0;0,25;4501093744
1790147580000;м40-20260923-004;vehicle-844;55,843847;37,5690974;8,0;0,25;4501093744
1790147640000;м40-20260923-004;vehicle-844;55,841032;37,5701609;0,0;0,25;4501093744
1790147700000;м40-20260923-004;vehicle-844;55,8375253;37,5714759;8,0;0,25;313023111
1790147760000;м40-20260923-004;vehicle-844;55,834004;37,5726432;0,0;0,25;313023111
1790147820000;м40-20260923-004;vehicle-844;55,8311078;37,5727181;8,0;0,25;9221235996
1790147880000;м40-20260923-004;vehicle-844;55,828573;37,5727231;0,0;0,25;9221235996
1790147940000;м40-20260923-004;vehicle-844;55,8246431;37,5727306;0,0;0,25;10742541382
1790148000000;м40-20260923-004;vehicle-844;55,8224832;37,5729235;8,0;0,25;4192456470
1790148060000;м40-20260923-004;vehicle-844;55,820397;37,5738006;8,0;0,25;4242625789
1790148120000;м40-20260923-004;vehicle-844;55,8183551;37,5749271;8,0;0,25;10742541377
1790148180000;м40-20260923-004;vehicle-844;55,8142129;37,5772084;8,0;0,25;10742541377
1790148240000;м40-20260923-004;vehicle-844;55,812149;37,5783669;8,0;0,25;10742541373
1790148300000;м40-20260923-004;vehicle-844;55,8080354;37,580657;8,0;0,25;10742541373
1790148360000;м40-20260923-004;vehicle-844;55,8059946;37,581926;8,0;0,25;10742541369
1790148420000;м40-20260923-004;vehicle-844;55,8020089;37,5831325;0,0;0,25;10742541369
1790148480000;м40-20260923-004;vehicle-844;55,8005197;37,5834768;0,0;0,25;10742541368
1790148540000;м40-20260923-004;vehicle-844;55,7974464;37,5839229;8,0;0,25;8825443227
1790148600000;м40-20260923-004;vehicle-844;55,7948715;37,5841044;0,0;0,25;8825443227
1790146800000;м40-20260923-005;vehicle-845;55,867498;37,5579139;0,0;0,25;10572590194
1790146860000;м40-20260923-005;vehicle-845;55,8653992;37,5595378;8,0;0,25;10572590200
1790146920000;м40-20260923-005;vehicle-845;55,8634298;37,56106;8,0;0,25;10572590201
1790146980000;м40-20260923-005;vehicle-845;55,8613657;37,5623307;8,0;0,25;4254188160
1790147040000;м40-20260923-005;vehicle-845;55,8586949;37,5626095;0,0;0,25;4254188160
1790147100000;м40-20260923-005;vehicle-845;55,8576331;37,5612156;0,0;0,25;10729479555
1790147160000;м40-20260923-005;vehicle-845;55,8555456;37,5617081;0,0;0,25;3726709735
1790147220000;м40-20260923-005;vehicle-845;55,852081;37,5646496;8,0;0,25;4515094035
1790147280000;м40-20260923-005;vehicle-845;55,8501159;37,566286;8,0;0,25;4501093744
1790147340000;м40-20260923-005;vehicle-845;55,8459536;37,5682608;8,0;0,25;4501093744
1790147400000;м40-20260923-005;vehicle-845;55,8417367;37,5699033;8,0;0,25;4501093744
1790147460000;м40-20260923-005;vehicle-845;55,839626;37,5706591;8,0;0,25;313023111
1790147520000;м40-20260923-005;vehicle-845;55,8354198;37,5722514;8,0;0,25;313023111
1790147580000;м40-20260923-005;vehicle-845;55,8332805;37,5726858;8,0;0,25;9221235996
1790147640000;м40-20260923-005;vehicle-845;55,8289351;37,5727314;8,0;0,25;9221235996
1790147700000;м40-20260923-005;vehicle-845;55,8267867;37,572719;8,0;0,25;10742541382
1790147760000;м40-20260923-005;vehicle-845;55,8246431;37,5727306;0,0;0,25;10742541382
1790147820000;м40-20260923-005;vehicle-845;55,8216305;37,573191;0,0;0,25;4192456470
1790147880000;м40-20260923-005;vehicle-845;55,818562;37,5748117;0,0;0,25;4242625789
1790147940000;м40-20260923-005;vehicle-845;55,8162839;37,5760672;8,0;0,25;10742541377
1790148000000;м40-20260923-005;vehicle-845;55,8127651;37,5780178;0,0;0,25;10742541377
1790148060000;м40-20260923-005;vehicle-845;55,8100921;37,5795112;8,0;0,25;10742541373
1790148120000;м40-20260923-005;vehicle-845;55,8069509;37,5813342;0,0;0,25;10742541373
1790148180000;м40-20260923-005;vehicle-845;55,8038707;37,5826602;8,0;0,25;10742541369
1790148240000;м40-20260923-005;vehicle-845;55,8017257;37,5832047;8,0;0,25;10742541368
1790148300000;м40-20260923-005;vehicle-845;55,7995922;37,5836454;8,0;0,25;8825443227
1790148360000;м40-20260923-005;vehicle-845;55,7953011;37,5840807;8,0;0,25;8825443227
1790148420000;м40-20260923-005;vehicle-845;55,7935801;37,5860767;8,0;0,25;7678282456
1790148480000;м40-20260923-005;vehicle-845;55,7904192;37,5902522;0,0;0,25;7678282456
1790148540000;м40-20260923-005;vehicle-845;55,7882267;37,5923818;8,0;0,25;5434571329
1790148600000;м40-20260923-005;vehicle-845;55,786346;37,5942465;8,0;0,25;5434565169
1790146800000;м40-20260923-006;vehicle-846;55,8592018;37,5626612;8,0;0,25;4254188160
1790146860000;м40-20260923-006;vehicle-846;55,8576331;37,5612156;0,0;0,25;10729479555
1790146920000;м40-20260923-006;vehicle-846;55,8559974;37,5613401;8,0;0,25;3726709735
1790146980000;м40-20260923-006;vehicle-846;55,8540367;37,5629645;8,0;0,25;4515094035
1790147040000;м40-20260923-006;vehicle-846;55,850574;37,5659134;0,0;0,25;4515094035
1790147100000;м40-20260923-006;vehicle-846;55,8480612;37,5674315;8,0;0,25;4501093744
1790147160000;м40-20260923-006;vehicle-846;55,843847;37,5690974;8,0;0,25;4501093744
1790147220000;м40-20260923-006;vehicle-846;55,841032;37,5701609;0,0;0,25;4501093744
1790147280000;м40-20260923-006;vehicle-846;55,8375253;37,5714759;8,0;0,25;313023111
1790147340000;м40-20260923-006;vehicle-846;55,834004;37,5726432;0,0;0,25;313023111
1790147400000;м40-20260923-006;vehicle-846;55,8311078;37,5727181;8,0;0,25;9221235996
1790147460000;м40-20260923-006;vehicle-846;55,828573;37,5727231;0,0;0,25;9221235996
1790147520000;м40-20260923-006;vehicle-846;55,8246431;37,5727306;0,0;0,25;10742541382
1790147580000;м40-20260923-006;vehicle-846;55,8224832;37,5729235;8,0;0,25;4192456470
1790147640000;м40-20260923-006;vehicle-846;55,820397;37,5738006;8,0;0,25;4242625789
1790147700000;м40-20260923-006;vehicle-846;55,8183551;37,5749271;8,0;0,25;10742541377
1790147760000;м40-20260923-006;vehicle-846;55,8142129;37,5772084;8,0;0,25;10742541377
1790147820000;м40-20260923-006;vehicle-846;55,812149;37,5783669;8,0;0,25;10742541373
1790147880000;м40-20260923-006;vehicle-846;55,8080354;37,580657;8,0;0,25;10742541373
1790147940000;м40-20260923-006;vehicle-846;55,8059946;37,581926;8,0;0,25;10742541369
1790148000000;м40-20260923-006;vehicle-846;55,8020089;37,5831325;0,0;0,25;10742541369
1790148060000;м40-20260923-006;vehicle-846;55,8005197;37,5834768;0,0;0,25;10742541368
1790148120000;м40-20260923-006;vehicle-846;55,7974464;37,5839229;8,0;0,25;8825443227
1790148180000;м40-20260923-006;vehicle-846;55,7948715;37,5841044;0,0;0,25;8825443227
1790148240000;м40-20260923-006;vehicle-846;55,7919493;37,5885997;8,0;0,25;7678282456
1790148300000;м40-20260923-006;vehicle-846;55,7901025;37,5905449;8,0;0,25;5434571329
1790148360000;м40-20260923-006;vehicle-846;55,7874103;37,5931666;0,0;0,25;5434571329
1790148420000;м40-20260923-006;vehicle-846;55,7844879;37,5962134;8,0;0,25;5434565169
1790148480000;м40-20260923-006;vehicle-846;55,7825871;37,5980219;8,0;0,25;5434259924
1790148540000;м40-20260923-006;vehicle-846;55,7806393;37,5996852;8,0;0,25;5434231391
1790148600000;м40-20260923-006;vehicle-846;55,7785378;37,6014398;0,0;0,25;5434231391
1790146800000;м40-20260923-007;vehicle-847;55,850574;37,5659134;0,0;-0,3333333333333333;4515094035
1790146860000;м40-20260923-007;vehicle-847;55,84771;37,5675699;8,0;-0,3333333333333333;4501093744
1790146920000;м40-20260923-007;vehicle-847;55,8434959;37,569237;8,0;-0,3333333333333333;4501093744
1790146980000;м40-20260923-007;vehicle-847;55,841032;37,5701609;0,0;-0,3333333333333333;4501093744
1790147040000;м40-20260923-007;vehicle-847;55,8371752;37,5716127;8,0;-0,3333333333333333;313023111
1790147100000;м40-20260923-007;vehicle-847;55,834004;37,5726432;0,0;-0,3333333333333333;313023111
1790147160000;м40-20260923-007;vehicle-847;55,8307457;37,5727239;8,0;-0,3333333333333333;9221235996
1790147220000;м40-20260923-007;vehicle-847;55,828573;37,5727231;0,0;-0,3333333333333333;9221235996
1790147280000;м40-20260923-007;vehicle-847;55,8246431;37,5727306;0,0;-0,3333333333333333;10742541382
1790147340000;м40-20260923-007;vehicle-847;55,8221271;37,5730267;8,0;-0,3333333333333333;4192456470
1790147400000;м40-20260923-007;vehicle-847;55,8200562;37,573982;8,0;-0,3333333333333333;4242625789
1790147460000;м40-20260923-007;vehicle-847;55,8180102;37,5751191;8,0;-0,3333333333333333;10742541377
1790147520000;м40-20260923-007;vehicle-847;55,8138678;37,5773995;8,0;-0,3333333333333333;10742541377
1790147580000;м40-20260923-007;vehicle-847;55,8118059;37,578556;8,0;-0,3333333333333333;10742541373
1790147640000;м40-20260923-007;vehicle-847;55,807697;37,5808711;8,0;-0,3333333333333333;10742541373
1790147700000;м40-20260923-007;vehicle-847;55,8056541;37,5821427;8,0;-0,3333333333333333;10742541369
1790147760000;м40-20260923-007;vehicle-847;55,8020089;37,5831325;0,0;-0,3333333333333333;10742541369
1790147820000;м40-20260923-007;vehicle-847;55,8005197;37,5834768;0,0;-0,3333333333333333;10742541368
1790147880000;м40-20260923-007;vehicle-847;55,7970886;37,5839651;8,0;-0,3333333333333333;8825443227
1790147940000;м40-20260923-007;vehicle-847;55,7948715;37,5841044;0,0;-0,3333333333333333;8825443227
1790148000000;м40-20260923-007;vehicle-847;55,7916832;37,5890318;8,0;-0,3333333333333333;7678282456
1790148060000;м40-20260923-007;vehicle-847;55,7897925;37,5908595;8,0;-0,3333333333333333;5434571329
1790148120000;м40-20260923-007;vehicle-847;55,7874103;37,5931666;0,0;-0,3333333333333333;5434571329
1790148180000;м40-20260923-007;vehicle-847;55,7841754;37,5965331;8,0;-0,3333333333333333;5434565169
1790148240000;м40-20260923-007;vehicle-847;55,7822646;37,5982997;8,0;-0,3333333333333333;5434259924
1790148300000;м40-20260923-007;vehicle-847;55,7803135;37,5999688;8,0;-0,3333333333333333;5434231391
1790148360000;м40-20260923-007;vehicle-847;55,7783414;37,6015915;8,0;-0,3333333333333333;5434236839
1790148420000;м40-20260923-007;vehicle-847;55,7763358;37,6029301;8,0;-0,3333333333333333;5434227711
1790148480000;м40-20260923-007;vehicle-847;55,7735172;37,6040803;0,0;-0,3333333333333333;5434227711
1790148540000;м40-20260923-007;vehicle-847;55,7715695;37,6048198;0,0;-0,3333333333333333;5434219608
1790148600000;м40-20260923-007;vehicle-847;55,7678867;37,6061769;8,0;-0,3333333333333333;10773197346
1790146800000;370-20260923-000;vehicle-850;55,7759813;37,5845022;0,0;0,25;5041552958
1790146860000;370-20260923-000;vehicle-850;55,7760692;37,5830552;8,0;0,25;1253685272
1790146920000;370-20260923-000;vehicle-850;55,7793453;37,5800273;8,0;0,25;1253685272
1790146980000;370-20260923-000;vehicle-850;55,780726;37,5770583;8,0;0,25;1253685152
1790147040000;370-20260923-000;vehicle-850;55,7821102;37,5740841;8,0;0,25;1253685235
1790147100000;370-20260923-000;vehicle-850;55,7834814;37,5711076;8,0;0,25;1253685318
1790147160000;370-20260923-000;vehicle-850;55,7849877;37,5678441;0,0;0,25;1253685318
1790147220000;370-20260923-000;vehicle-850;55,7875446;37,5621444;8,0;0,25;1253685218
1790147280000;370-20260923-000;vehicle-850;55,7888887;37,5591408;0,0;0,25;1253685218
1790147340000;370-20260923-000;vehicle-850;55,7902143;37,5561928;8,0;0,25;1253685265
1790147400000;370-20260923-000;vehicle-850;55,791989;37,5521634;0,0;0,25;1253685265
1790147460000;370-20260923-000;vehicle-850;55,7942204;37,5471281;8,0;0,25;1253685138
1790147520000;370-20260923-000;vehicle-850;55,7955505;37,5441071;8,0;0,25;1253685164
1790147580000;370-20260923-000;vehicle-850;55,7977873;37,5391099;0,0;0,25;1253685164
1790147640000;370-20260923-000;vehicle-850;55,7995291;37,5349911;8,0;0,25;1253685245
1790147700000;370-20260923-000;vehicle-850;55,8008311;37,5319605;8,0;0,25;1253685276
1790147760000;370-20260923-000;vehicle-850;55,8017341;37,5285082;8,0;0,25;1253685156
1790147820000;370-20260923-000;vehicle-850;55,8026545;37,5250333;8,0;0,25;1253685181
1790147880000;370-20260923-000;vehicle-850;55,8044197;37,5179915;8,0;0,25;1253685181
1790147940000;370-20260923-000;vehicle-850;55,8053915;37,5145456;8,0;0,25;1253685137
1790148000000;370-20260923-000;vehicle-850;55,8068037;37,507297;8,0;0,25;1253685137
1790148060000;370-20260923-000;vehicle-850;55,8079731;37,5016365;0,0;0,25;1253685137
1790148120000;370-20260923-000;vehicle-850;55,8086237;37,4980081;0,0;0,25;1253685234
1790148180000;370-20260923-000;vehicle-850;55,8092795;37,4939898;0,0;0,25;1253685287
1790148240000;370-20260923-000;vehicle-850;55,8102675;37,4891892;8,0;0,25;1253685251
1790148300000;370-20260923-000;vehicle-850;55,8115438;37,4825337;0,0;0,25;1253685251
1790148360000;370-20260923-000;vehicle-850;55,8123878;37,4782523;8,0;0,25;1253685334
1790148420000;370-20260923-000;vehicle-850;55,8131762;37,4746777;8,0;0,25;7556705056
1790148480000;370-20260923-000;vehicle-850;55,8145778;37,4696378;0,0;0,25;7556705056
1790148540000;370-20260923-000;vehicle-850;55,8160115;37,4643801;8,0;0,25;7556705055
1790148600000;370-20260923-000;vehicle-850;55,8171134;37,4605317;0,0;0,25;7556705055
1790146800000;370-20260923-001;vehicle-851;55,7816087;37,5751809;0,0;0,25;1253685152
1790146860000;370-20260923-001;vehicle-851;55,7828846;37,572388;0,0;0,25;1253685235
1790146920000;370-20260923-001;vehicle-851;55,7848487;37,5681377;8,0;0,25;1253685318
1790146980000;370-20260923-001;vehicle-851;55,7862296;37,5651878;8,0;0,25;1253685218
1790147040000;370-20260923-001;vehicle-851;55,7888887;37,5591408;0,0;0,25;1253685218
1790147100000;370-20260923-001;vehicle-851;55,7897207;37,557293;0,0;0,25;1253685293
1790147160000;370-20260923-001;vehicle-851;55,7915471;37,5531732;8,0;0,25;1253685265
1790147220000;370-20260923-001;vehicle-851;55,7928704;37,5501337;8,0;0,25;1253685138
1790147280000;370-20260923-001;vehicle-851;55,7946566;37,546107;0,0;0,25;1253685138
1790147340000;370-20260923-001;vehicle-851;55,7968928;37,5411091;8,0;0,25;1253685164
1790147400000;370-20260923-001;vehicle-851;55,7982277;37,5380864;8,0;0,25;1253685245
1790147460000;370-20260923-001;vehicle-851;55,8000283;37,5338853;0,0;0,25;1253685245
1790147520000;370-20260923-001;vehicle-851;55,8013546;37,530029;0,0;0,25;1253685276
1790147580000;370-20260923-001;vehicle-851;55,8025596;37,52538;0,0;0,25;1253685156
1790147640000;370-20260923-001;vehicle-851;55,8035322;37,5215086;8,0;0,25;1253685181
1790147700000;370-20260923-001;vehicle-851;55,8053288;37,514777;0,0;0,25;1253685181
1790147760000;370-20260923-001;vehicle-851;55,8062771;37,5110295;8,0;0,25;1253685137
1790147820000;370-20260923-001;vehicle-851;55,8074903;37,503644;8,0;0,25;1253685137
1790147880000;370-20260923-001;vehicle-851;55,8082579;37,5000658;8,0;0,25;1253685234
1790147940000;370-20260923-001;vehicle-851;55,8089046;37,4964339;8,0;0,25;1253685287
1790148000000;370-20260923-001;vehicle-851;55,8095372;37,4927964;8,0;0,25;1253685251
1790148060000;370-20260923-001;vehicle-851;55,810954;37,4855531;8,0;0,25;1253685251
1790148120000;370-20260923-001;vehicle-851;55,8116641;37,4819219;8,0;0,25;1253685334
1790148180000;370-20260923-001;vehicle-851;55,8125066;37,4776396;0,0;0,25;1253685334
1790148240000;370-20260923-001;vehicle-851;55,814126;37,4712363;8,0;0,25;7556705056
1790148300000;370-20260923-001;vehicle-851;55,8150754;37,4678081;8,0;0,25;7556705055
1790148360000;370-20260923-001;vehicle-851;55,8169783;37,4609794;8,0;0,25;7556705055
1790148420000;370-20260923-001;vehicle-851;55,8180991;37,4576799;8,0;0,25;8181027264
1790148480000;370-20260923-001;vehicle-851;55,8202852;37,451006;8,0;0,25;8181027264
1790148540000;370-20260923-001;vehicle-851;55,8243131;37,4515201;0,0;0,25;8181027264
1790148600000;370-20260923-001;vehicle-851;55,8264758;37,4523905;8,0;0,25;1342478661
1790146800000;370-20260923-002;vehicle-852;55,7875446;37,5621444;8,0;0,25;1253685218
1790146860000;370-20260923-002;vehicle-852;55,7888887;37,5591408;0,0;0,25;1253685218
1790146920000;370-20260923-002;vehicle-852;55,7902143;37,5561928;8,0;0,25;1253685265
1790146980000;370-20260923-002;vehicle-852;55,791989;37,5521634;0,0;0,25;1253685265
1790147040000;370-20260923-002;vehicle-852;55,7942204;37,5471281;8,0;0,25;1253685138
1790147100000;370-20260923-002;vehicle-852;55,7955505;37,5441071;8,0;0,25;1253685164
1790147160000;370-20260923-002;vehicle-852;55,7977873;37,5391099;0,0;0,25;1253685164
1790147220000;370-20260923-002;vehicle-852;55,7995291;37,5349911;8,0;0,25;1253685245
1790147280000;370-20260923-002;vehicle-852;55,8008311;37,5319605;8,0;0,25;1253685276
1790147340000;370-20260923-002;vehicle-852;55,8017341;37,5285082;8,0;0,25;1253685156
1790147400000;370-20260923-002;vehicle-852;55,8026545;37,5250333;8,0;0,25;1253685181
1790147460000;370-20260923-002;vehicle-852;55,8044197;37,5179915;8,0;0,25;1253685181
1790147520000;370-20260923-002;vehicle-852;55,8053915;37,5145456;8,0;0,25;1253685137
1790147580000;370-20260923-002;vehicle-852;55,8068037;37,507297;8,0;0,25;1253685137
1790147640000;370-20260923-002;vehicle-852;55,8079731;37,5016365;0,0;0,25;1253685137
1790147700000;370-20260923-002;vehicle-852;55,8086237;37,4980081;0,0;0,25;1253685234
1790147760000;370-20260923-002;vehicle-852;55,8092795;37,4939898;0,0;0,25;1253685287
1790147820000;370-20260923-002;vehicle-852;55,8102675;37,4891892;8,0;0,25;1253685251
1790147880000;370-20260923-002;vehicle-852;55,8115438;37,4825337;0,0;0,25;1253685251
1790147940000;370-20260923-002;vehicle-852;55,8123878;37,4782523;8,0;0,25;1253685334
1790148000000;370-20260923-002;vehicle-852;55,8131762;37,4746777;8,0;0,25;7556705056
1790148060000;370-20260923-002;vehicle-852;55,8145778;37,4696378;0,0;0,25;7556705056
1790148120000;370-20260923-002;vehicle-852;55,8160115;37,4643801;8,0;0,25;7556705055
1790148180000;370-20260923-002;vehicle-852;55,8171134;37,4605317;0,0;0,25;7556705055
1790148240000;370-20260923-002;vehicle-852;55,8192043;37,4543541;8,0;0,25;8181027264
1790148300000;370-20260923-002;vehicle-852;55,8222544;37,4508269;8,0;0,25;8181027264
1790148360000;370-20260923-002;vehicle-852;55,8243828;37,4515484;8,0;0,25;1342478661
1790148420000;370-20260923-002;vehicle-852;55,828603;37,4528778;8,0;0,25;1342478661
1790148480000;370-20260923-002;vehicle-852;55,8307353;37,4533003;8,0;0,25;1342478690
1790148540000;370-20260923-002;vehicle-852;55,8328701;37,4537286;8,0;0,25;1342478616
1790148600000;370-20260923-002;vehicle-852;55,8371272;37,4540977;0,0;0,25;1342478616
1790146800000;370-20260923-003;vehicle-853;55,7928704;37,5501337;8,0;0,25;1253685138
1790146860000;370-20260923-003;vehicle-853;55,7946566;37,546107;0,0;0,25;1253685138
1790146920000;370-20260923-003;vehicle-853;55,7968928;37,5411091;8,0;0,25;1253685164
1790146980000;370-20260923-003;vehicle-853;55,7982277;37,5380864;8,0;0,25;1253685245
1790147040000;370-20260923-003;vehicle-853;55,8000283;37,5338853;0,0;0,25;1253685245
1790147100000;370-20260923-003;vehicle-853;55,8013546;37,530029;0,0;0,25;1253685276
1790147160000;370-20260923-003;vehicle-853;55,8025596;37,52538;0,0;0,25;1253685156
1790147220000;370-20260923-003;vehicle-853;55,8035322;37,5215086;8,0;0,25;1253685181
1790147280000;370-20260923-003;vehicle-853;55,8053288;37,514777;0,0;0,25;1253685181
1790147340000;370-20260923-003;vehicle-853;55,8062771;37,5110295;8,0;0,25;1253685137
1790147400000;370-20260923-003;vehicle-853;55,8074903;37,503644;8,0;0,25;1253685137
1790147460000;370-20260923-003;vehicle-853;55,8082579;37,5000658;8,0;0,25;1253685234
1790147520000;370-20260923-003;vehicle-853;55,8089046;37,4964339;8,0;0,25;1253685287
1790147580000;370-20260923-003;vehicle-853;55,8095372;37,4927964;8,0;0,25;1253685251
1790147640000;370-20260923-003;vehicle-853;55,810954;37,4855531;8,0;0,25;1253685251
1790147700000;370-20260923-003;vehicle-853;55,8116641;37,4819219;8,0;0,25;1253685334
1790147760000;370-20260923-003;vehicle-853;55,8125066;37,4776396;0,0;0,25;1253685334
1790147820000;370-20260923-003;vehicle-853;55,814126;37,4712363;8,0;0,25;7556705056
1790147880000;370-20260923-003;vehicle-853;55,8150754;37,4678081;8,0;0,25;7556705055
1790147940000;370-20260923-003;vehicle-853;55,8169783;37,4609794;8,0;0,25;7556705055
1790148000000;370-20260923-003;vehicle-853;55,8180991;37,4576799;8,0;0,25;8181027264
1790148060000;370-20260923-003;vehicle-853;55,8202852;37,451006;8,0;0,25;8181027264
1790148120000;370-20260923-003;vehicle-853;55,8243131;37,4515201;0,0;0,25;8181027264
1790148180000;370-20260923-003;vehicle-853;55,8264758;37,4523905;8,0;0,25;1342478661
1790148240000;370-20260923-003;vehicle-853;55,8288167;37,4529116;0,0;0,25;1342478661
1790148300000;370-20260923-003;vehicle-853;55,8318013;37,4535144;0,0;0,25;1342478690
1790148360000;370-20260923-003;vehicle-853;55,8350072;37,4541657;8,0;0,25;1342478616
1790148420000;370-20260923-003;vehicle-853;55,8371272;37,4540977;0,0;0,25;1342478616
1790148480000;370-20260923-003;vehicle-853;55,841143;37,4549896;0,0;0,25;1342478666
1790148540000;370-20260923-003;vehicle-853;55,8435752;37,4550517;8,0;0,25;1342478610
1790148600000;370-20260923-003;vehicle-853;55,845699;37,4543199;8,0;0,25;1342478634
1790146800000;370-20260923-004;vehicle-854;55,7995291;37,5349911;8,0;0,25;1253685245
1790146860000;370-20260923-004;vehicle-854;55,8008311;37,5319605;8,0;0,25;1253685276
1790146920000;370-20260923-004;vehicle-854;55,8017341;37,5285082;8,0;0,25;1253685156
1790146980000;370-20260923-004;vehicle-854;55,8026545;37,5250333;8,0;0,25;1253685181
1790147040000;370-20260923-004;vehicle-854;55,8044197;37,5179915;8,0;0,25;1253685181
1790147100000;370-20260923-004;vehicle-854;55,8053915;37,5145456;8,0;0,25;1253685137
1790147160000;370-20260923-004;vehicle-854;55,8068037;37,507297;8,0;0,25;1253685137
1790147220000;370-20260923-004;vehicle-854;55,8079731;37,5016365;0,0;0,25;1253685137
1790147280000;370-20260923-004;vehicle-854;55,8086237;37,4980081;0,0;0,25;1253685234
1790147340000;370-20260923-004;vehicle-854;55,8092795;37,4939898;0,0;0,25;1253685287
1790147400000;370-20260923-004;vehicle-854;55,8102675;37,4891892;8,0;0,25;1253685251
1790147460000;370-20260923-004;vehicle-854;55,8115438;37,4825337;0,0;0,25;1253685251
1790147520000;370-20260923-004;vehicle-854;55,8123878;37,4782523;8,0;0,25;1253685334
1790147580000;370-20260923-004;vehicle-854;55,8131762;37,4746777;8,0;0,25;7556705056
1790147640000;370-20260923-004;vehicle-854;55,8145778;37,4696378;0,0;0,25;7556705056
1790147700000;370-20260923-004;vehicle-854;55,8160115;37,4643801;8,0;0,25;7556705055
1790147760000;370-20260923-004;vehicle-854;55,8171134;37,4605317;0,0;0,25;7556705055
1790147820000;370-20260923-004;vehicle-854;55,8192043;37,4543541;8,0;0,25;8181027264
1790147880000;370-20260923-004;vehicle-854;55,8222544;37,4508269;8,0;0,25;8181027264
1790147940000;370-20260923-004;vehicle-854;55,8243828;37,4515484;8,0;0,25;1342478661
1790148000000;370-20260923-004;vehicle-854;55,828603;37,4528778;8,0;0,25;1342478661
1790148060000;370-20260923-004;vehicle-854;55,8307353;37,4533003;8,0;0,25;1342478690
1790148120000;370-20260923-004;vehicle-854;55,8328701;37,4537286;8,0;0,25;1342478616
1790148180000;370-20260923-004;vehicle-854;55,8371272;37,4540977;0,0;0,25;1342478616
1790148240000;370-20260923-004;vehicle-854;55,8392787;37,4545725;8,0;0,25;1342478666
1790148300000;370-20260923-004;vehicle-854;55,8414297;37,4550538;8,0;0,25;1342478610
1790148360000;370-20260923-004;vehicle-854;55,8453481;37,4544379;0,0;0,25;1342478610
1790148420000;370-20260923-004;vehicle-854;55,8477334;37,4536293;0,0;0,25;1342478634
1790148480000;370-20260923-004;vehicle-854;55,8499337;37,4528649;8,0;0,25;1343664172
1790148540000;370-20260923-004;vehicle-854;55,8517933;37,450505;0,0;0,25;1343664172
1790148600000;370-20260923-004;vehicle-854;55,8511737;37,4447956;0,0;0,25;1342478611
1790146800000;370-20260923-005;vehicle-855;55,8035322;37,5215086;8,0;0,25;1253685181
1790146860000;370-20260923-005;vehicle-855;55,8053288;37,514777;0,0;0,25;1253685181
1790146920000;370-20260923-005;vehicle-855;55,8062771;37,5110295;8,0;0,25;1253685137
1790146980000;370-20260923-005;vehicle-855;55,8074903;37,503644;8,0;0,25;1253685137
1790147040000;370-20260923-005;vehicle-855;55,8082579;37,5000658;8,0;0,25;1253685234
1790147100000;370-20260923-005;vehicle-855;55,8089046;37,4964339;8,0;0,25;1253685287
1790147160000;370-20260923-005;vehicle-855;55,8095372;37,4927964;8,0;0,25;1253685251
1790147220000;370-20260923-005;vehicle-855;55,810954;37,4855531;8,0;0,25;1253685251
1790147280000;370-20260923-005;vehicle-855;55,8116641;37,4819219;8,0;0,25;1253685334
1790147340000;370-20260923-005;vehicle-855;55,8125066;37,4776396;0,0;0,25;1253685334
1790147400000;370-20260923-005;vehicle-855;55,814126;37,4712363;8,0;0,25;7556705056
1790147460000;370-20260923-005;vehicle-855;55,8150754;37,4678081;8,0;0,25;7556705055
1790147520000;370-20260923-005;vehicle-855;55,8169783;37,4609794;8,0;0,25;7556705055
1790147580000;370-20260923-005;vehicle-855;55,8180991;37,4576799;8,0;0,25;8181027264
1790147640000;370-20260923-005;vehicle-855;55,8202852;37,451006;8,0;0,25;8181027264
1790147700000;370-20260923-005;vehicle-855;55,8243131;37,4515201;0,0;0,25;8181027264
1790147760000;370-20260923-005;vehicle-855;55,8264758;37,4523905;8,0;0,25;1342478661
1790147820000;370-20260923-005;vehicle-855;55,8288167;37,4529116;0,0;0,25;1342478661
1790147880000;370-20260923-005;vehicle-855;55,8318013;37,4535144;0,0;0,25;1342478690
1790147940000;370-20260923-005;vehicle-855;55,8350072;37,4541657;8,0;0,25;1342478616
1790148000000;370-20260923-005;vehicle-855;55,8371272;37,4540977;0,0;0,25;1342478616
1790148060000;370-20260923-005;vehicle-855;55,841143;37,4549896;0,0;0,25;1342478666
1790148120000;370-20260923-005;vehicle-855;55,8435752;37,4550517;8,0;0,25;1342478610
1790148180000;370-20260923-005;vehicle-855;55,845699;37,4543199;8,0;0,25;1342478634
1790148240000;370-20260923-005;vehicle-855;55,8478043;37,4536043;8,0;0,25;1343664172
1790148300000;370-20260923-005;vehicle-855;55,8519665;37,4520191;8,0;0,25;1343664172
1790148360000;370-20260923-005;vehicle-855;55,8515499;37,4482713;8,0;0,25;1342478611
1790148420000;370-20260923-005;vehicle-855;55,8511465;37,4445411;8,0;0,25;1342478640
1790148480000;370-20260923-005;vehicle-855;55,8505023;37,4371393;0,0;0,25;1342478640
1790148540000;370-20260923-005;vehicle-855;55,8500658;37,433168;8,0;0,25;1342478695
1790148600000;370-20260923-005;vehicle-855;55,8496548;37,4293865;8,0;0,25;1343664175
1790146800000;370-20260923-006;vehicle-856;55,8079731;37,5016365;0,0;0,25;1253685137
1790146860000;370-20260923-006;vehicle-856;55,8086237;37,4980081;0,0;0,25;1253685234
1790146920000;370-20260923-006;vehicle-856;55,8092795;37,4939898;0,0;0,25;1253685287
1790146980000;370-20260923-006;vehicle-856;55,8102675;37,4891892;8,0;0,25;1253685251
1790147040000;370-20260923-006;vehicle-856;55,8115438;37,4825337;0,0;0,25;1253685251
1790147100000;370-20260923-006;vehicle-856;55,8123878;37,4782523;8,0;0,25;1253685334
1790147160000;370-20260923-006;vehicle-856;55,8131762;37,4746777;8,0;0,25;7556705056
1790147220000;370-20260923-006;vehicle-856;55,8145778;37,4696378;0,0;0,25;7556705056
1790147280000;370-20260923-006;vehicle-856;55,8160115;37,4643801;8,0;0,25;7556705055
1790147340000;370-20260923-006;vehicle-856;55,8171134;37,4605317;0,0;0,25;7556705055
1790147400000;370-20260923-006;vehicle-856;55,8192043;37,4543541;8,0;0,25;8181027264
1790147460000;370-20260923-006;vehicle-856;55,8222544;37,4508269;8,0;0,25;8181027264
1790147520000;370-20260923-006;vehicle-856;55,8243828;37,4515484;8,0;0,25;1342478661
1790147580000;370-20260923-006;vehicle-856;55,828603;37,4528778;8,0;0,25;1342478661
1790147640000;370-20260923-006;vehicle-856;55,8307353;37,4533003;8,0;0,25;1342478690
1790147700000;370-20260923-006;vehicle-856;55,8328701;37,4537286;8,0;0,25;1342478616
1790147760000;370-20260923-006;vehicle-856;55,8371272;37,4540977;0,0;0,25;1342478616
1790147820000;370-20260923-006;vehicle-856;55,8392787;37,4545725;8,0;0,25;1342478666
1790147880000;370-20260923-006;vehicle-856;55,8414297;37,4550538;8,0;0,25;1342478610
1790147940000;370-20260923-006;vehicle-856;55,8453481;37,4544379;0,0;0,25;1342478610
1790148000000;370-20260923-006;vehicle-856;55,8477334;37,4536293;0,0;0,25;1342478634
1790148060000;370-20260923-006;vehicle-856;55,8499337;37,4528649;8,0;0,25;1343664172
1790148120000;370-20260923-006;vehicle-856;55,8517933;37,450505;0,0;0,25;1343664172
1790148180000;370-20260923-006;vehicle-856;55,8511737;37,4447956;0,0;0,25;1342478611
1790148240000;370-20260923-006;vehicle-856;55,8507373;37,4407252;8,0;0,25;1342478640
1790148300000;370-20260923-006;vehicle-856;55,850475;37,4368911;8,0;0,25;1342478695
1790148360000;370-20260923-006;vehicle-856;55,849863;37,4313059;0,0;0,25;1342478695
1790148420000;370-20260923-006;vehicle-856;55,8493494;37,4265714;0,0;0,25;1343664175
1790148480000;370-20260923-006;vehicle-856;55,8488542;37,4224498;0,0;0,25;1346563708
1790148540000;370-20260923-006;vehicle-856;55,8492734;37,4181864;8,0;0,25;1408800925
1790148600000;370-20260923-006;vehicle-856;55,8501796;37,4147391;8,0;0,25;1408800934
1790146800000;370-20260923-007;vehicle-857;55,8115438;37,4825337;0,0;-0,3333333333333333;1253685251
1790146860000;370-20260923-007;vehicle-857;55,8125066;37,4776396;0,0;-0,3333333333333333;1253685334
1790146920000;370-20260923-007;vehicle-857;55,8133341;37,4741038;8,0;-0,3333333333333333;7556705056
1790146980000;370-20260923-007;vehicle-857;55,8145778;37,4696378;0,0;-0,3333333333333333;7556705056
1790147040000;370-20260923-007;vehicle-857;55,8161708;37,4638116;8,0;-0,3333333333333333;7556705055
1790147100000;370-20260923-007;vehicle-857;55,8171471;37,4604177;8,0;-0,3333333333333333;8181027264
1790147160000;370-20260923-007;vehicle-857;55,8193827;37,4537937;8,0;-0,3333333333333333;8181027264
1790147220000;370-20260923-007;vehicle-857;55,822609;37,4509554;8,0;-0,3333333333333333;8181027264
1790147280000;370-20260923-007;vehicle-857;55,8247315;37,4516902;8,0;-0,3333333333333333;1342478661
1790147340000;370-20260923-007;vehicle-857;55,8288167;37,4529116;0,0;-0,3333333333333333;1342478661
1790147400000;370-20260923-007;vehicle-857;55,8310907;37,4533708;8,0;-0,3333333333333333;1342478690
1790147460000;370-20260923-007;vehicle-857;55,8332264;37,4537999;8,0;-0,3333333333333333;1342478616
1790147520000;370-20260923-007;vehicle-857;55,8371272;37,4540977;0,0;-0,3333333333333333;1342478616
1790147580000;370-20260923-007;vehicle-857;55,8396372;37,4546526;8,0;-0,3333333333333333;1342478666
1790147640000;370-20260923-007;vehicle-857;55,8417882;37,4551342;8,0;-0,3333333333333333;1342478610
1790147700000;370-20260923-007;vehicle-857;55,8453481;37,4544379;0,0;-0,3333333333333333;1342478610
1790147760000;370-20260923-007;vehicle-857;55,8477334;37,4536293;0,0;-0,3333333333333333;1342478634
1790147820000;370-20260923-007;vehicle-857;55,8502895;37,4527506;8,0;-0,3333333333333333;1343664172
1790147880000;370-20260923-007;vehicle-857;55,8517933;37,450505;0,0;-0,3333333333333333;1343664172
1790147940000;370-20260923-007;vehicle-857;55,8511737;37,4447956;0,0;-0,3333333333333333;1342478611
1790148000000;370-20260923-007;vehicle-857;55,8506851;37,4400853;8,0;-0,3333333333333333;1342478640
1790148060000;370-20260923-007;vehicle-857;55,8504068;37,4362706;8,0;-0,3333333333333333;1342478695
1790148120000;370-20260923-007;vehicle-857;55,849863;37,4313059;0,0;-0,3333333333333333;1342478695
1790148180000;370-20260923-007;vehicle-857;55,8493494;37,4265714;0,0;-0,3333333333333333;1343664175
1790148240000;370-20260923-007;vehicle-857;55,8488542;37,4224498;0,0;-0,3333333333333333;1346563708
1790148300000;370-20260923-007;vehicle-857;55,8494409;37,4176255;8,0;-0,3333333333333333;1408800925
1790148360000;370-20260923-007;vehicle-857;55,8502732;37,4141225;8,0;-0,3333333333333333;1408800934
1790148420000;370-20260923-007;vehicle-857;55,8505065;37,409949;0,0;-0,3333333333333333;1408800934
1790148480000;370-20260923-007;vehicle-857;55,8504765;37,4051164;0,0;-0,3333333333333333;1408800924
1790148540000;370-20260923-007;vehicle-857;55,8504765;37,4051164;0,0;-0,3333333333333333;1408800924
1790148600000;370-20260923-007;vehicle-857;55,8504765;37,4051164;0,0;-0,3333333333333333;1408800924
1790146800000;345-20260923-000;vehicle-860;55,7759813;37,5845022;0,0;0,25;5041552958
1790146860000;345-20260923-000;vehicle-860;55,7760692;37,5830552;8,0;0,25;1253685272
1790146920000;345-20260923-000;vehicle-860;55,7793453;37,5800273;8,0;0,25;1253685272
1790146980000;345-20260923-000;vehicle-860;55,780726;37,5770583;8,0;0,25;1253685152
1790147040000;345-20260923-000;vehicle-860;55,7821102;37,5740841;8,0;0,25;1253685235
1790147100000;345-20260923-000;vehicle-860;55,7834814;37,5711076;8,0;0,25;1253685318
1790147160000;345-20260923-000;vehicle-860;55,7849877;37,5678441;0,0;0,25;1253685318
1790147220000;345-20260923-000;vehicle-860;55,7870464;37,5676861;8,0;0,25;1390556618
1790147280000;345-20260923-000;vehicle-860;55,783664;37,5629678;8,0;0,25;1390556618
1790147340000;345-20260923-000;vehicle-860;55,7817912;37,5604017;0,0;0,25;1390556618
1790147400000;345-20260923-000;vehicle-860;55,7795091;37,5574396;0,0;0,25;1390556593
1790147460000;345-20260923-000;vehicle-860;55,7774248;37,5558579;0,0;0,25;1390556638
1790147520000;345-20260923-000;vehicle-860;55,7746;37,5529165;8,0;0,25;1390556610
1790147580000;345-20260923-000;vehicle-860;55,7741897;37,5492193;8,0;0,25;1390556621
1790147640000;345-20260923-000;vehicle-860;55,7738213;37,54404;0,0;0,25;1390556621
1790147700000;345-20260923-000;vehicle-860;55,7746151;37,5403515;0,0;0,25;1390556644
1790147760000;345-20260923-000;vehicle-860;55,7758381;37,5347202;8,0;0,25;1390556603
1790147820000;345-20260923-000;vehicle-860;55,7766142;37,5311396;8,0;0,25;1390556645
1790147880000;345-20260923-000;vehicle-860;55,7773893;37,5275671;8,0;0,25;1390556641
1790147940000;345-20260923-000;vehicle-860;55,7781691;37,5239758;8,0;0,25;1390556626
1790148000000;345-20260923-000;vehicle-860;55,7776885;37,520278;8,0;0,25;1390556624
1790148060000;345-20260923-000;vehicle-860;55,7774889;37,5158656;0,0;0,25;1390556624
1790148120000;345-20260923-000;vehicle-860;55,7779585;37,5117627;0,0;0,25;1390556634
1790148180000;345-20260923-000;vehicle-860;55,7768412;37,5056654;0,0;0,25;1468518753
1790148240000;345-20260923-000;vehicle-860;55,7761849;37,5019049;8,0;0,25;1953905311
1790148300000;345-20260923-000;vehicle-860;55,7760581;37,4980519;8,0;0,25;1390556611
1790148360000;345-20260923-000;vehicle-860;55,7759064;37,4936852;0,0;0,25;1390556611
1790148420000;345-20260923-000;vehicle-860;55,775634;37,4866145;8,0;0,25;1390556630
1790148480000;345-20260923-000;vehicle-860;55,7754966;37,4827248;0,0;0,25;4730949125
1790148540000;345-20260923-000;vehicle-860;55,7754543;37,4788811;8,0;0,25;1390556636
1790148600000;345-20260923-000;vehicle-860;55,7757694;37,4750873;8,0;0,25;1390556596
1790146800000;345-20260923-001;vehicle-861;55,7816087;37,5751809;0,0;0,25;1253685152
1790146860000;345-20260923-001;vehicle-861;55,7828846;37,572388;0,0;0,25;1253685235
1790146920000;345-20260923-001;vehicle-861;55,7848487;37,5681377;8,0;0,25;1253685318
1790146980000;345-20260923-001;vehicle-861;55,7863894;37,5661145;8,0;0,25;1390556618
1790147040000;345-20260923-001;vehicle-861;55,7853568;37,5653233;8,0;0,25;1390556618
1790147100000;345-20260923-001;vehicle-861;55,7819624;37,5606328;8,0;0,25;1390556618
1790147160000;345-20260923-001;vehicle-861;55,7802516;37,5582427;8,0;0,25;1390556593
1790147220000;345-20260923-001;vehicle-861;55,7783396;37,556538;8,0;0,25;1390556638
1790147280000;345-20260923-001;vehicle-861;55,7763637;37,555056;8,0;0,25;1390556610
1790147340000;345-20260923-001;vehicle-861;55,7742194;37,5494712;0,0;0,25;1390556610
1790147400000;345-20260923-001;vehicle-861;55,7736043;37,5455201;8,0;0,25;1390556621
1790147460000;345-20260923-001;vehicle-861;55,7742829;37,5418987;8,0;0,25;1390556644
1790147520000;345-20260923-001;vehicle-861;55,7750642;37,5383193;8,0;0,25;1390556603
1790147580000;345-20260923-001;vehicle-861;55,7762047;37,5330444;0,0;0,25;1390556603
1790147640000;345-20260923-001;vehicle-861;55,7770768;37,528998;0,0;0,25;1390556645
1790147700000;345-20260923-001;vehicle-861;55,7777832;37,5257806;0,0;0,25;1390556641
1790147760000;345-20260923-001;vehicle-861;55,7778181;37,5209982;0,0;0,25;1390556626
1790147820000;345-20260923-001;vehicle-861;55,7774078;37,5166078;8,0;0,25;1390556624
1790147880000;345-20260923-001;vehicle-861;55,7778624;37,5127944;8,0;0,25;1390556634
1790147940000;345-20260923-001;vehicle-861;55,777617;37,50907;8,0;0,25;1468518753
1790148000000;345-20260923-001;vehicle-861;55,7768138;37,5055467;8,0;0,25;1953905311
1790148060000;345-20260923-001;vehicle-861;55,7761783;37,501777;0,0;0,25;1953905311
1790148120000;345-20260923-001;vehicle-861;55,7759233;37,494199;8,0;0,25;1390556611
1790148180000;345-20260923-001;vehicle-861;55,7757733;37,4904031;8,0;0,25;1390556630
1790148240000;345-20260923-001;vehicle-861;55,7756204;37,4862356;0,0;0,25;1390556630
1790148300000;345-20260923-001;vehicle-861;55,7754966;37,4827248;0,0;0,25;4730949125
1790148360000;345-20260923-001;vehicle-861;55,7757361;37,4753352;0,0;0,25;1390556636
1790148420000;345-20260923-001;vehicle-861;55,7763405;37,4714017;8,0;0,25;1390556596
1790148480000;345-20260923-001;vehicle-861;55,7770334;37,4671149;0,0;0,25;1390556596
1790148540000;345-20260923-001;vehicle-861;55,7781038;37,4604157;8,0;0,25;1390556629
1790148600000;345-20260923-001;vehicle-861;55,7787014;37,4566972;8,0;0,25;9455183925
1790146800000;345-20260923-002;vehicle-862;55,7870464;37,5676861;8,0;0,25;1390556618
1790146860000;345-20260923-002;vehicle-862;55,783664;37,5629678;8,0;0,25;1390556618
1790146920000;345-20260923-002;vehicle-862;55,7817912;37,5604017;0,0;0,25;1390556618
1790146980000;345-20260923-002;vehicle-862;55,7795091;37,5574396;0,0;0,25;1390556593
1790147040000;345-20260923-002;vehicle-862;55,7774248;37,5558579;0,0;0,25;1390556638
1790147100000;345-20260923-002;vehicle-862;55,7746;37,5529165;8,0;0,25;1390556610
1790147160000;345-20260923-002;vehicle-862;55,7741897;37,5492193;8,0;0,25;1390556621
1790147220000;345-20260923-002;vehicle-862;55,7738213;37,54404;0,0;0,25;1390556621
1790147280000;345-20260923-002;vehicle-862;55,7746151;37,5403515;0,0;0,25;1390556644
1790147340000;345-20260923-002;vehicle-862;55,7758381;37,5347202;8,0;0,25;1390556603
1790147400000;345-20260923-002;vehicle-862;55,7766142;37,5311396;8,0;0,25;1390556645
1790147460000;345-20260923-002;vehicle-862;55,7773893;37,5275671;8,0;0,25;1390556641
1790147520000;345-20260923-002;vehicle-862;55,7781691;37,5239758;8,0;0,25;1390556626
1790147580000;345-20260923-002;vehicle-862;55,7776885;37,520278;8,0;0,25;1390556624
1790147640000;345-20260923-002;vehicle-862;55,7774889;37,5158656;0,0;0,25;1390556624
1790147700000;345-20260923-002;vehicle-862;55,7779585;37,5117627;0,0;0,25;1390556634
1790147760000;345-20260923-002;vehicle-862;55,7768412;37,5056654;0,0;0,25;1468518753
1790147820000;345-20260923-002;vehicle-862;55,7761849;37,5019049;8,0;0,25;1953905311
1790147880000;345-20260923-002;vehicle-862;55,7760581;37,4980519;8,0;0,25;1390556611
1790147940000;345-20260923-002;vehicle-862;55,7759064;37,4936852;0,0;0,25;1390556611
1790148000000;345-20260923-002;vehicle-862;55,775634;37,4866145;8,0;0,25;1390556630
1790148060000;345-20260923-002;vehicle-862;55,7754966;37,4827248;0,0;0,25;4730949125
1790148120000;345-20260923-002;vehicle-862;55,7754543;37,4788811;8,0;0,25;1390556636
1790148180000;345-20260923-002;vehicle-862;55,7757694;37,4750873;8,0;0,25;1390556596
1790148240000;345-20260923-002;vehicle-862;55,7769381;37,4677291;8,0;0,25;1390556596
1790148300000;345-20260923-002;vehicle-862;55,7775035;37,4640614;8,0;0,25;1390556629
1790148360000;345-20260923-002;vehicle-862;55,7782394;37,4595628;0,0;0,25;1390556629
1790148420000;345-20260923-002;vehicle-862;55,7799319;37,4548967;8,0;0,25;9455183925
1790148480000;345-20260923-002;vehicle-862;55,7820152;37,4558683;8,0;0,25;4730767845
1790148540000;345-20260923-002;vehicle-862;55,7838461;37,4575726;0,0;0,25;4730767845
1790148600000;345-20260923-002;vehicle-862;55,7854738;37,4643859;8,0;0,25;4908660303
1790146800000;345-20260923-003;vehicle-863;55,7783396;37,556538;8,0;0,25;1390556638
1790146860000;345-20260923-003;vehicle-863;55,7763637;37,555056;8,0;0,25;1390556610
1790146920000;345-20260923-003;vehicle-863;55,7742194;37,5494712;0,0;0,25;1390556610
1790146980000;345-20260923-003;vehicle-863;55,7736043;37,5455201;8,0;0,25;1390556621
1790147040000;345-20260923-003;vehicle-863;55,7742829;37,5418987;8,0;0,25;1390556644
1790147100000;345-20260923-003;vehicle-863;55,7750642;37,5383193;8,0;0,25;1390556603
1790147160000;345-20260923-003;vehicle-863;55,7762047;37,5330444;0,0;0,25;1390556603
1790147220000;345-20260923-003;vehicle-863;55,7770768;37,528998;0,0;0,25;1390556645
1790147280000;345-20260923-003;vehicle-863;55,7777832;37,5257806;0,0;0,25;1390556641
1790147340000;345-20260923-003;vehicle-863;55,7778181;37,5209982;0,0;0,25;1390556626
1790147400000;345-20260923-003;vehicle-863;55,7774078;37,5166078;8,0;0,25;1390556624
1790147460000;345-20260923-003;vehicle-863;55,7778624;37,5127944;8,0;0,25;1390556634
1790147520000;345-20260923-003;vehicle-863;55,777617;37,50907;8,0;0,25;1468518753
1790147580000;345-20260923-003;vehicle-863;55,7768138;37,5055467;8,0;0,25;1953905311
1790147640000;345-20260923-003;vehicle-863;55,7761783;37,501777;0,0;0,25;1953905311
1790147700000;345-20260923-003;vehicle-863;55,7759233;37,494199;8,0;0,25;1390556611
1790147760000;345-20260923-003;vehicle-863;55,7757733;37,4904031;8,0;0,25;1390556630
1790147820000;345-20260923-003;vehicle-863;55,7756204;37,4862356;0,0;0,25;1390556630
1790147880000;345-20260923-003;vehicle-863;55,7754966;37,4827248;0,0;0,25;4730949125
1790147940000;345-20260923-003;vehicle-863;55,7757361;37,4753352;0,0;0,25;1390556636
1790148000000;345-20260923-003;vehicle-863;55,7763405;37,4714017;8,0;0,25;1390556596
1790148060000;345-20260923-003;vehicle-863;55,7770334;37,4671149;0,0;0,25;1390556596
1790148120000;345-20260923-003;vehicle-863;55,7781038;37,4604157;8,0;0,25;1390556629
1790148180000;345-20260923-003;vehicle-863;55,7787014;37,4566972;8,0;0,25;9455183925
1790148240000;345-20260923-003;vehicle-863;55,7802133;37,4550323;0,0;0,25;9455183925
1790148300000;345-20260923-003;vehicle-863;55,7838461;37,4575726;0,0;0,25;4730767845
1790148360000;345-20260923-003;vehicle-863;55,7848935;37,4609145;8,0;0,25;4908660303
1790148420000;345-20260923-003;vehicle-863;55,7851448;37,4664735;0,0;0,25;4908660303
1790148480000;345-20260923-003;vehicle-863;55,7844763;37,4707081;0,0;0,25;4908660301
1790148540000;345-20260923-003;vehicle-863;55,7838139;37,4748624;0,0;0,25;4908660307
1790148600000;345-20260923-003;vehicle-863;55,7838139;37,4748624;0,0;0,25;4908660307
1790146800000;345-20260923-004;vehicle-864;55,7738213;37,54404;0,0;0,25;1390556621
1790146860000;345-20260923-004;vehicle-864;55,7746151;37,5403515;0,0;0,25;1390556644
1790146920000;345-20260923-004;vehicle-864;55,7758381;37,5347202;8,0;0,25;1390556603
1790146980000;345-20260923-004;vehicle-864;55,7766142;37,5311396;8,0;0,25;1390556645
1790147040000;345-20260923-004;vehicle-864;55,7773893;37,5275671;8,0;0,25;1390556641
1790147100000;345-20260923-004;vehicle-864;55,7781691;37,5239758;8,0;0,25;1390556626
1790147160000;345-20260923-004;vehicle-864;55,7776885;37,520278;8,0;0,25;1390556624
1790147220000;345-20260923-004;vehicle-864;55,7774889;37,5158656;0,0;0,25;1390556624
1790147280000;345-20260923-004;vehicle-864;55,7779585;37,5117627;0,0;0,25;1390556634
1790147340000;345-20260923-004;vehicle-864;55,7768412;37,5056654;0,0;0,25;1468518753
1790147400000;345-20260923-004;vehicle-864;55,7761849;37,5019049;8,0;0,25;1953905311
1790147460000;345-20260923-004;vehicle-864;55,7760581;37,4980519;8,0;0,25;1390556611
1790147520000;345-20260923-004;vehicle-864;55,7759064;37,4936852;0,0;0,25;1390556611
1790147580000;345-20260923-004;vehicle-864;55,775634;37,4866145;8,0;0,25;1390556630
1790147640000;345-20260923-004;vehicle-864;55,7754966;37,4827248;0,0;0,25;4730949125
1790147700000;345-20260923-004;vehicle-864;55,7754543;37,4788811;8,0;0,25;1390556636
1790147760000;345-20260923-004;vehicle-864;55,7757694;37,4750873;8,0;0,25;1390556596
1790147820000;345-20260923-004;vehicle-864;55,7769381;37,4677291;8,0;0,25;1390556596
1790147880000;345-20260923-004;vehicle-864;55,7775035;37,4640614;8,0;0,25;1390556629
1790147940000;345-20260923-004;vehicle-864;55,7782394;37,4595628;0,0;0,25;1390556629
1790148000000;345-20260923-004;vehicle-864;55,7799319;37,4548967;8,0;0,25;9455183925
1790148060000;345-20260923-004;vehicle-864;55,7820152;37,4558683;8,0;0,25;4730767845
1790148120000;345-20260923-004;vehicle-864;55,7838461;37,4575726;0,0;0,25;4730767845
1790148180000;345-20260923-004;vehicle-864;55,7854738;37,4643859;8,0;0,25;4908660303
1790148240000;345-20260923-004;vehicle-864;55,7848895;37,4680928;8,0;0,25;4908660301
1790148300000;345-20260923-004;vehicle-864;55,7843022;37,4718084;8,0;0,25;4908660307
1790148360000;345-20260923-004;vehicle-864;55,7838139;37,4748624;0,0;0,25;4908660307
1790148420000;345-20260923-004;vehicle-864;55,7838139;37,4748624;0,0;0,25;4908660307
1790148480000;345-20260923-004;vehicle-864;55,7838139;37,4748624;0,0;0,25;4908660307
1790148540000;345-20260923-004;vehicle-864;55,7838139;37,4748624;0,0;0,25;4908660307
1790148600000;345-20260923-004;vehicle-864;55,7838139;37,4748624;0,0;0,25;4908660307
1790146800000;345-20260923-005;vehicle-865;55,7770768;37,528998;0,0;0,25;1390556645
1790146860000;345-20260923-005;vehicle-865;55,7777832;37,5257806;0,0;0,25;1390556641
1790146920000;345-20260923-005;vehicle-865;55,7778181;37,5209982;0,0;0,25;1390556626
1790146980000;345-20260923-005;vehicle-865;55,7774078;37,5166078;8,0;0,25;1390556624
1790147040000;345-20260923-005;vehicle-865;55,7778624;37,5127944;8,0;0,25;1390556634
1790147100000;345-20260923-005;vehicle-865;55,777617;37,50907;8,0;0,25;1468518753
1790147160000;345-20260923-005;vehicle-865;55,7768138;37,5055467;8,0;0,25;1953905311
1790147220000;345-20260923-005;vehicle-865;55,7761783;37,501777;0,0;0,25;1953905311
1790147280000;345-20260923-005;vehicle-865;55,7759233;37,494199;8,0;0,25;1390556611
1790147340000;345-20260923-005;vehicle-865;55,7757733;37,4904031;8,0;0,25;1390556630
1790147400000;345-20260923-005;vehicle-865;55,7756204;37,4862356;0,0;0,25;1390556630
1790147460000;345-20260923-005;vehicle-865;55,7754966;37,4827248;0,0;0,25;4730949125
1790147520000;345-20260923-005;vehicle-865;55,7757361;37,4753352;0,0;0,25;1390556636
1790147580000;345-20260923-005;vehicle-865;55,7763405;37,4714017;8,0;0,25;1390556596
1790147640000;345-20260923-005;vehicle-865;55,7770334;37,4671149;0,0;0,25;1390556596
1790147700000;345-20260923-005;vehicle-865;55,7781038;37,4604157;8,0;0,25;1390556629
1790147760000;345-20260923-005;vehicle-865;55,7787014;37,4566972;8,0;0,25;9455183925
1790147820000;345-20260923-005;vehicle-865;55,7802133;37,4550323;0,0;0,25;9455183925
1790147880000;345-20260923-005;vehicle-865;55,7838461;37,4575726;0,0;0,25;4730767845
1790147940000;345-20260923-005;vehicle-865;55,7848935;37,4609145;8,0;0,25;4908660303
1790148000000;345-20260923-005;vehicle-865;55,7851448;37,4664735;0,0;0,25;4908660303
1790148060000;345-20260923-005;vehicle-865;55,7844763;37,4707081;0,0;0,25;4908660301
1790148120000;345-20260923-005;vehicle-865;55,7838139;37,4748624;0,0;0,25;4908660307
1790148180000;345-20260923-005;vehicle-865;55,7838139;37,4748624;0,0;0,25;4908660307
1790148240000;345-20260923-005;vehicle-865;55,7838139;37,4748624;0,0;0,25;4908660307
1790148300000;345-20260923-005;vehicle-865;55,7838139;37,4748624;0,0;0,25;4908660307
1790148360000;345-20260923-005;vehicle-865;55,7838139;37,4748624;0,0;0,25;4908660307
1790148420000;345-20260923-005;vehicle-865;55,7838139;37,4748624;0,0;0,25;4908660307
1790148480000;345-20260923-005;vehicle-865;55,7838139;37,4748624;0,0;0,25;4908660307
1790148540000;345-20260923-005;vehicle-865;55,7838139;37,4748624;0,0;0,25;4908660307
1790148600000;345-20260923-005;vehicle-865;55,7838139;37,4748624;0,0;0,25;4908660307
1790146800000;345-20260923-006;vehicle-866;55,7774889;37,5158656;0,0;0,25;1390556624
1790146860000;345-20260923-006;vehicle-866;55,7779585;37,5117627;0,0;0,25;1390556634
1790146920000;345-20260923-006;vehicle-866;55,7768412;37,5056654;0,0;0,25;1468518753
1790146980000;345-20260923-006;vehicle-866;55,7761849;37,5019049;8,0;0,25;1953905311
1790147040000;345-20260923-006;vehicle-866;55,7760581;37,4980519;8,0;0,25;1390556611
1790147100000;345-20260923-006;vehicle-866;55,7759064;37,4936852;0,0;0,25;1390556611
1790147160000;345-20260923-006;vehicle-866;55,775634;37,4866145;8,0;0,25;1390556630
1790147220000;345-20260923-006;vehicle-866;55,7754966;37,4827248;0,0;0,25;4730949125
1790147280000;345-20260923-006;vehicle-866;55,7754543;37,4788811;8,0;0,25;1390556636
1790147340000;345-20260923-006;vehicle-866;55,7757694;37,4750873;8,0;0,25;1390556596
1790147400000;345-20260923-006;vehicle-866;55,7769381;37,4677291;8,0;0,25;1390556596
1790147460000;345-20260923-006;vehicle-866;55,7775035;37,4640614;8,0;0,25;1390556629
1790147520000;345-20260923-006;vehicle-866;55,7782394;37,4595628;0,0;0,25;1390556629
1790147580000;345-20260923-006;vehicle-866;55,7799319;37,4548967;8,0;0,25;9455183925
1790147640000;345-20260923-006;vehicle-866;55,7820152;37,4558683;8,0;0,25;4730767845
1790147700000;345-20260923-006;vehicle-866;55,7838461;37,4575726;0,0;0,25;4730767845
1790147760000;345-20260923-006;vehicle-866;55,7854738;37,4643859;8,0;0,25;4908660303
1790147820000;345-20260923-006;vehicle-866;55,7848895;37,4680928;8,0;0,25;4908660301
1790147880000;345-20260923-006;vehicle-866;55,7843022;37,4718084;8,0;0,25;4908660307
1790147940000;345-20260923-006;vehicle-866;55,7838139;37,4748624;0,0;0,25;4908660307
1790148000000;345-20260923-006;vehicle-866;55,7838139;37,4748624;0,0;0,25;4908660307
1790148060000;345-20260923-006;vehicle-866;55,7838139;37,4748624;0,0;0,25;4908660307
1790148120000;345-20260923-006;vehicle-866;55,7838139;37,4748624;0,0;0,25;4908660307
1790148180000;345-20260923-006;vehicle-866;55,7838139;37,4748624;0,0;0,25;4908660307
1790148240000;345-20260923-006;vehicle-866;55,7838139;37,4748624;0,0;0,25;4908660307
1790148300000;345-20260923-006;vehicle-866;55,7838139;37,4748624;0,0;0,25;4908660307
1790148360000;345-20260923-006;vehicle-866;55,7838139;37,4748624;0,0;0,25;4908660307
1790148420000;345-20260923-006;vehicle-866;55,7838139;37,4748624;0,0;0,25;4908660307
1790148480000;345-20260923-006;vehicle-866;55,7838139;37,4748624;0,0;0,25;4908660307
1790148540000;345-20260923-006;vehicle-866;55,7838139;37,4748624;0,0;0,25;4908660307
1790148600000;345-20260923-006;vehicle-866;55,7838139;37,4748624;0,0;0,25;4908660307
1790146800000;345-20260923-007;vehicle-867;55,7760319;37,4974102;8,0;-0,3333333333333333;1390556611
1790146860000;345-20260923-007;vehicle-867;55,7759019;37,4935589;8,0;-0,3333333333333333;1390556630
1790146920000;345-20260923-007;vehicle-867;55,7756204;37,4862356;0,0;-0,3333333333333333;1390556630
1790146980000;345-20260923-007;vehicle-867;55,7754966;37,4827248;0,0;-0,3333333333333333;4730949125
1790147040000;345-20260923-007;vehicle-867;55,7754682;37,4782406;8,0;-0,3333333333333333;1390556636
1790147100000;345-20260923-007;vehicle-867;55,7758568;37,4744693;8,0;-0,3333333333333333;1390556596
1790147160000;345-20260923-007;vehicle-867;55,7770334;37,4671149;0,0;-0,3333333333333333;1390556596
1790147220000;345-20260923-007;vehicle-867;55,7775969;37,4634504;8,0;-0,3333333333333333;1390556629
1790147280000;345-20260923-007;vehicle-867;55,7782394;37,4595628;0,0;-0,3333333333333333;1390556629
1790147340000;345-20260923-007;vehicle-867;55,7802133;37,4550323;0,0;-0,3333333333333333;9455183925
1790147400000;345-20260923-007;vehicle-867;55,7823618;37,4560291;8,0;-0,3333333333333333;4730767845
1790147460000;345-20260923-007;vehicle-867;55,7840187;37,4581315;8,0;-0,3333333333333333;4908660303
1790147520000;345-20260923-007;vehicle-867;55,7853771;37,4649999;8,0;-0,3333333333333333;4908660303
1790147580000;345-20260923-007;vehicle-867;55,7847911;37,4687155;8,0;-0,3333333333333333;4908660301
1790147640000;345-20260923-007;vehicle-867;55,7842019;37,4724178;8,0;-0,3333333333333333;4908660307
1790147700000;345-20260923-007;vehicle-867;55,7838139;37,4748624;0,0;-0,3333333333333333;4908660307
1790147760000;345-20260923-007;vehicle-867;55,7838139;37,4748624;0,0;-0,3333333333333333;4908660307
1790147820000;345-20260923-007;vehicle-867;55,7838139;37,4748624;0,0;-0,3333333333333333;4908660307
1790147880000;345-20260923-007;vehicle-867;55,7838139;37,4748624;0,0;-0,3333333333333333;4908660307
1790147940000;345-20260923-007;vehicle-867;55,7838139;37,4748624;0,0;-0,3333333333333333;4908660307
1790148000000;345-20260923-007;vehicle-867;55,7838139;37,4748624;0,0;-0,3333333333333333;4908660307
1790148060000;345-20260923-007;vehicle-867;55,7838139;37,4748624;0,0;-0,3333333333333333;4908660307
1790148120000;345-20260923-007;vehicle-867;55,7838139;37,4748624;0,0;-0,3333333333333333;4908660307
1790148180000;345-20260923-007;vehicle-867;55,7838139;37,4748624;0,0;-0,3333333333333333;4908660307
1790148240000;345-20260923-007;vehicle-867;55,7838139;37,4748624;0,0;-0,3333333333333333;4908660307
1790148300000;345-20260923-007;vehicle-867;55,7838139;37,4748624;0,0;-0,3333333333333333;4908660307
1790148360000;345-20260923-007;vehicle-867;55,7838139;37,4748624;0,0;-0,3333333333333333;4908660307
1790148420000;345-20260923-007;vehicle-867;55,7838139;37,4748624;0,0;-0,3333333333333333;4908660307
1790148480000;345-20260923-007;vehicle-867;55,7838139;37,4748624;0,0;-0,3333333333333333;4908660307
1790148540000;345-20260923-007;vehicle-867;55,7838139;37,4748624;0,0;-0,3333333333333333;4908660307
1790148600000;345-20260923-007;vehicle-867;55,7838139;37,4748624;0,0;-0,3333333333333333;4908660307
1790146800000;т78-20260923-000;vehicle-870;55,9359775;37,5538875;0,0;0,25;10580010171
1790146860000;т78-20260923-000;vehicle-870;55,9354702;37,5544727;8,0;0,25;10744147338
1790146920000;т78-20260923-000;vehicle-870;55,9332326;37,5516533;0,0;0,25;10744147338
1790146980000;т78-20260923-000;vehicle-870;55,9326647;37,5500531;0,0;0,25;10744147337
1790147040000;т78-20260923-000;vehicle-870;55,9293906;37,5471242;8,0;0,25;4516569159
1790147100000;т78-20260923-000;vehicle-870;55,925981;37,5464352;0,0;0,25;4516569159
1790147160000;т78-20260923-000;vehicle-870;55,9230336;37,5451366;8,0;0,25;4516569157
1790147220000;т78-20260923-000;vehicle-870;55,9208147;37,5435891;0,0;0,25;4516569157
1790147280000;т78-20260923-000;vehicle-870;55,9167575;37,5435226;8,0;0,25;4515094024
1790147340000;т78-20260923-000;vehicle-870;55,9146307;37,5440188;8,0;0,25;1229190135
1790147400000;т78-20260923-000;vehicle-870;55,9124738;37,5441489;8,0;0,25;4515095893
1790147460000;т78-20260923-000;vehicle-870;55,908177;37,5434576;8,0;0,25;4515095893
1790147520000;т78-20260923-000;vehicle-870;55,9040012;37,542873;0,0;0,25;4515095893
1790147580000;т78-20260923-000;vehicle-870;55,9017203;37,5430499;8,0;0,25;313214491
1790147640000;т78-20260923-000;vehicle-870;55,8974437;37,5432926;0,0;0,25;313214491
1790147700000;т78-20260923-000;vehicle-870;55,8952876;37,5431193;8,0;0,25;10726772393
1790147760000;т78-20260923-000;vehicle-870;55,8931353;37,5428568;8,0;0,25;4515095891
1790147820000;т78-20260923-000;vehicle-870;55,8909794;37,5427235;0,0;0,25;4515095891
1790147880000;т78-20260923-000;vehicle-870;55,8886682;37,5427154;0,0;0,25;4515095889
1790147940000;т78-20260923-000;vehicle-870;55,8854759;37,5427649;0,0;0,25;4515095086
1790148000000;т78-20260923-000;vehicle-870;55,8823393;37,5435805;8,0;0,25;1357880066
1790148060000;т78-20260923-000;vehicle-870;55,8802968;37,5447488;8,0;0,25;322734307
1790148120000;т78-20260923-000;vehicle-870;55,8776586;37,5461897;0,0;0,25;322734307
1790148180000;т78-20260923-000;vehicle-870;55,8745761;37,54722;0,0;0,25;312840641
1790148240000;т78-20260923-000;vehicle-870;55,871876;37,5477179;8,0;0,25;312840652
1790148300000;т78-20260923-000;vehicle-870;55,8692051;37,5468938;0,0;0,25;312840652
1790148360000;т78-20260923-000;vehicle-870;55,8672023;37,5463415;0,0;0,25;5512168818
1790148420000;т78-20260923-000;vehicle-870;55,8635535;37,5483651;8,0;0,25;1464781062
1790148480000;т78-20260923-000;vehicle-870;55,8620313;37,5511208;8,0;0,25;4515095077
1790148540000;т78-20260923-000;vehicle-870;55,8605441;37,5539318;8,0;0,25;4515094037
1790148600000;т78-20260923-000;vehicle-870;55,8582184;37,5584223;0,0;0,25;4515094037
1790146800000;т78-20260923-001;vehicle-871;55,9311448;37,548699;8,0;0,25;4516569159
1790146860000;т78-20260923-001;vehicle-871;55,927249;37,5468368;8,0;0,25;4516569159
1790146920000;т78-20260923-001;vehicle-871;55,925126;37,5461426;8,0;0,25;4516569157
1790146980000;т78-20260923-001;vehicle-871;55,9210289;37,5436582;8,0;0,25;4516569157
1790147040000;т78-20260923-001;vehicle-871;55,9188948;37,5433642;8,0;0,25;4515094024
1790147100000;т78-20260923-001;vehicle-871;55,9152041;37,543929;0,0;0,25;4515094024
1790147160000;т78-20260923-001;vehicle-871;55,9125461;37,544151;0,0;0,25;1229190135
1790147220000;т78-20260923-001;vehicle-871;55,9103362;37,5435477;8,0;0,25;4515095893
1790147280000;т78-20260923-001;vehicle-871;55,9060208;37,5430542;8,0;0,25;4515095893
1790147340000;т78-20260923-001;vehicle-871;55,9038585;37,542876;8,0;0,25;313214491
1790147400000;т78-20260923-001;vehicle-871;55,8995832;37,5432723;8,0;0,25;313214491
1790147460000;т78-20260923-001;vehicle-871;55,8974437;37,5432926;0,0;0,25;313214491
1790147520000;т78-20260923-001;vehicle-871;55,8944251;37,5430513;0,0;0,25;10726772393
1790147580000;т78-20260923-001;vehicle-871;55,8909794;37,5427235;0,0;0,25;4515095891
1790147640000;т78-20260923-001;vehicle-871;55,8888126;37,5427135;8,0;0,25;4515095889
1790147700000;т78-20260923-001;vehicle-871;55,8866366;37,5427405;8,0;0,25;4515095086
1790147760000;т78-20260923-001;vehicle-871;55,8844662;37,54286;8,0;0,25;1357880066
1790147820000;т78-20260923-001;vehicle-871;55,8813053;37,5441574;0,0;0,25;1357880066
1790147880000;т78-20260923-001;vehicle-871;55,8782761;37,5459115;8,0;0,25;322734307
1790147940000;т78-20260923-001;vehicle-871;55,8761617;37,5467675;8,0;0,25;312840641
1790148000000;т78-20260923-001;vehicle-871;55,8740099;37,5473616;8,0;0,25;312840652
1790148060000;т78-20260923-001;vehicle-871;55,8697606;37,5471344;8,0;0,25;312840652
1790148120000;т78-20260923-001;vehicle-871;55,8676422;37,5462827;8,0;0,25;5512168818
1790148180000;т78-20260923-001;vehicle-871;55,8655451;37,5470476;8,0;0,25;1464781062
1790148240000;т78-20260923-001;vehicle-871;55,8633966;37,5486236;0,0;0,25;1464781062
1790148300000;т78-20260923-001;vehicle-871;55,8608382;37,5533762;0,0;0,25;4515095077
1790148360000;т78-20260923-001;vehicle-871;55,8590854;37,5567299;8,0;0,25;4515094037
1790148420000;т78-20260923-001;vehicle-871;55,8576275;37,5595321;8,0;0,25;3726709735
1790148480000;т78-20260923-001;vehicle-871;55,8555436;37,5617097;0,0;0,25;3726709735
1790148540000;т78-20260923-001;vehicle-871;55,8534502;37,5634543;0,0;0,25;3846524704
1790148600000;т78-20260923-001;vehicle-871;55,8505721;37,565915;0,0;0,25;4515094035
1790146800000;т78-20260923-002;vehicle-872;55,9208147;37,5435891;0,0;0,25;4516569157
1790146860000;т78-20260923-002;vehicle-872;55,9167575;37,5435226;8,0;0,25;4515094024
1790146920000;т78-20260923-002;vehicle-872;55,9146307;37,5440188;8,0;0,25;1229190135
1790146980000;т78-20260923-002;vehicle-872;55,9124738;37,5441489;8,0;0,25;4515095893
1790147040000;т78-20260923-002;vehicle-872;55,908177;37,5434576;8,0;0,25;4515095893
1790147100000;т78-20260923-002;vehicle-872;55,9040012;37,542873;0,0;0,25;4515095893
1790147160000;т78-20260923-002;vehicle-872;55,9017203;37,5430499;8,0;0,25;313214491
1790147220000;т78-20260923-002;vehicle-872;55,8974437;37,5432926;0,0;0,25;313214491
1790147280000;т78-20260923-002;vehicle-872;55,8952876;37,5431193;8,0;0,25;10726772393
1790147340000;т78-20260923-002;vehicle-872;55,8931353;37,5428568;8,0;0,25;4515095891
1790147400000;т78-20260923-002;vehicle-872;55,8909794;37,5427235;0,0;0,25;4515095891
1790147460000;т78-20260923-002;vehicle-872;55,8886682;37,5427154;0,0;0,25;4515095889
1790147520000;т78-20260923-002;vehicle-872;55,8854759;37,5427649;0,0;0,25;4515095086
1790147580000;т78-20260923-002;vehicle-872;55,8823393;37,5435805;8,0;0,25;1357880066
1790147640000;т78-20260923-002;vehicle-872;55,8802968;37,5447488;8,0;0,25;322734307
1790147700000;т78-20260923-002;vehicle-872;55,8776586;37,5461897;0,0;0,25;322734307
1790147760000;т78-20260923-002;vehicle-872;55,8745761;37,54722;0,0;0,25;312840641
1790147820000;т78-20260923-002;vehicle-872;55,871876;37,5477179;8,0;0,25;312840652
1790147880000;т78-20260923-002;vehicle-872;55,8692051;37,5468938;0,0;0,25;312840652
1790147940000;т78-20260923-002;vehicle-872;55,8672023;37,5463415;0,0;0,25;5512168818
1790148000000;т78-20260923-002;vehicle-872;55,8635535;37,5483651;8,0;0,25;1464781062
1790148060000;т78-20260923-002;vehicle-872;55,8620313;37,5511208;8,0;0,25;4515095077
1790148120000;т78-20260923-002;vehicle-872;55,8605441;37,5539318;8,0;0,25;4515094037
1790148180000;т78-20260923-002;vehicle-872;55,8582184;37,5584223;0,0;0,25;4515094037
1790148240000;т78-20260923-002;vehicle-872;55,8558047;37,5615005;8,0;0,25;3726709735
1790148300000;т78-20260923-002;vehicle-872;55,8538426;37,5631266;8,0;0,25;3846524704
1790148360000;т78-20260923-002;vehicle-872;55,8518858;37,5648169;8,0;0,25;4515094035
1790148420000;т78-20260923-002;vehicle-872;55,8499225;37,5664432;8,0;0,25;4518891496
1790148480000;т78-20260923-002;vehicle-872;55,8471445;37,5675695;0,0;0,25;4518891496
1790148540000;т78-20260923-002;vehicle-872;55,8451076;37,5683733;0,0;0,25;4518891494
1790148600000;т78-20260923-002;vehicle-872;55,841524;37,5699881;8,0;0,25;4501093744
1790146800000;т78-20260923-003;vehicle-873;55,9103362;37,5435477;8,0;0,25;4515095893
1790146860000;т78-20260923-003;vehicle-873;55,9060208;37,5430542;8,0;0,25;4515095893
1790146920000;т78-20260923-003;vehicle-873;55,9038585;37,542876;8,0;0,25;313214491
1790146980000;т78-20260923-003;vehicle-873;55,8995832;37,5432723;8,0;0,25;313214491
1790147040000;т78-20260923-003;vehicle-873;55,8974437;37,5432926;0,0;0,25;313214491
1790147100000;т78-20260923-003;vehicle-873;55,8944251;37,5430513;0,0;0,25;10726772393
1790147160000;т78-20260923-003;vehicle-873;55,8909794;37,5427235;0,0;0,25;4515095891
1790147220000;т78-20260923-003;vehicle-873;55,8888126;37,5427135;8,0;0,25;4515095889
1790147280000;т78-20260923-003;vehicle-873;55,8866366;37,5427405;8,0;0,25;4515095086
1790147340000;т78-20260923-003;vehicle-873;55,8844662;37,54286;8,0;0,25;1357880066
1790147400000;т78-20260923-003;vehicle-873;55,8813053;37,5441574;0,0;0,25;1357880066
1790147460000;т78-20260923-003;vehicle-873;55,8782761;37,5459115;8,0;0,25;322734307
1790147520000;т78-20260923-003;vehicle-873;55,8761617;37,5467675;8,0;0,25;312840641
1790147580000;т78-20260923-003;vehicle-873;55,8740099;37,5473616;8,0;0,25;312840652
1790147640000;т78-20260923-003;vehicle-873;55,8697606;37,5471344;8,0;0,25;312840652
1790147700000;т78-20260923-003;vehicle-873;55,8676422;37,5462827;8,0;0,25;5512168818
1790147760000;т78-20260923-003;vehicle-873;55,8655451;37,5470476;8,0;0,25;1464781062
1790147820000;т78-20260923-003;vehicle-873;55,8633966;37,5486236;0,0;0,25;1464781062
1790147880000;т78-20260923-003;vehicle-873;55,8608382;37,5533762;0,0;0,25;4515095077
1790147940000;т78-20260923-003;vehicle-873;55,8590854;37,5567299;8,0;0,25;4515094037
1790148000000;т78-20260923-003;vehicle-873;55,8576275;37,5595321;8,0;0,25;3726709735
1790148060000;т78-20260923-003;vehicle-873;55,8555436;37,5617097;0,0;0,25;3726709735
1790148120000;т78-20260923-003;vehicle-873;55,8534502;37,5634543;0,0;0,25;3846524704
1790148180000;т78-20260923-003;vehicle-873;55,8505721;37,565915;0,0;0,25;4515094035
1790148240000;т78-20260923-003;vehicle-873;55,84784;37,5672822;8,0;0,25;4518891496
1790148300000;т78-20260923-003;vehicle-873;55,8457396;37,5681228;8,0;0,25;4518891494
1790148360000;т78-20260923-003;vehicle-873;55,8436217;37,5689758;8,0;0,25;4501093744
1790148420000;т78-20260923-003;vehicle-873;55,8410256;37,5701631;0,0;0,25;4501093744
1790148480000;т78-20260923-003;vehicle-873;55,8373135;37,5715587;8,0;0,25;313023111
1790148540000;т78-20260923-003;vehicle-873;55,8340065;37,5726428;0,0;0,25;313023111
1790148600000;т78-20260923-003;vehicle-873;55,8308879;37,5727217;8,0;0,25;9221235996
1790146800000;т78-20260923-004;vehicle-874;55,8974437;37,5432926;0,0;0,25;313214491
1790146860000;т78-20260923-004;vehicle-874;55,8952876;37,5431193;8,0;0,25;10726772393
1790146920000;т78-20260923-004;vehicle-874;55,8931353;37,5428568;8,0;0,25;4515095891
1790146980000;т78-20260923-004;vehicle-874;55,8909794;37,5427235;0,0;0,25;4515095891
1790147040000;т78-20260923-004;vehicle-874;55,8886682;37,5427154;0,0;0,25;4515095889
1790147100000;т78-20260923-004;vehicle-874;55,8854759;37,5427649;0,0;0,25;4515095086
1790147160000;т78-20260923-004;vehicle-874;55,8823393;37,5435805;8,0;0,25;1357880066
1790147220000;т78-20260923-004;vehicle-874;55,8802968;37,5447488;8,0;0,25;322734307
1790147280000;т78-20260923-004;vehicle-874;55,8776586;37,5461897;0,0;0,25;322734307
1790147340000;т78-20260923-004;vehicle-874;55,8745761;37,54722;0,0;0,25;312840641
1790147400000;т78-20260923-004;vehicle-874;55,871876;37,5477179;8,0;0,25;312840652
1790147460000;т78-20260923-004;vehicle-874;55,8692051;37,5468938;0,0;0,25;312840652
1790147520000;т78-20260923-004;vehicle-874;55,8672023;37,5463415;0,0;0,25;5512168818
1790147580000;т78-20260923-004;vehicle-874;55,8635535;37,5483651;8,0;0,25;1464781062
1790147640000;т78-20260923-004;vehicle-874;55,8620313;37,5511208;8,0;0,25;4515095077
1790147700000;т78-20260923-004;vehicle-874;55,8605441;37,5539318;8,0;0,25;4515094037
1790147760000;т78-20260923-004;vehicle-874;55,8582184;37,5584223;0,0;0,25;4515094037
1790147820000;т78-20260923-004;vehicle-874;55,8558047;37,5615005;8,0;0,25;3726709735
1790147880000;т78-20260923-004;vehicle-874;55,8538426;37,5631266;8,0;0,25;3846524704
1790147940000;т78-20260923-004;vehicle-874;55,8518858;37,5648169;8,0;0,25;4515094035
1790148000000;т78-20260923-004;vehicle-874;55,8499225;37,5664432;8,0;0,25;4518891496
1790148060000;т78-20260923-004;vehicle-874;55,8471445;37,5675695;0,0;0,25;4518891496
1790148120000;т78-20260923-004;vehicle-874;55,8451076;37,5683733;0,0;0,25;4518891494
1790148180000;т78-20260923-004;vehicle-874;55,841524;37,5699881;8,0;0,25;4501093744
1790148240000;т78-20260923-004;vehicle-874;55,8394111;37,5707384;8,0;0,25;313023111
1790148300000;т78-20260923-004;vehicle-874;55,8352095;37,572323;8,0;0,25;313023111
1790148360000;т78-20260923-004;vehicle-874;55,8330641;37,572688;8,0;0,25;9221235996
1790148420000;т78-20260923-004;vehicle-874;55,8287116;37,5727263;8,0;0,25;9221235996
1790148480000;т78-20260923-004;vehicle-874;55,8265704;37,5727178;8,0;0,25;10742541382
1790148540000;т78-20260923-004;vehicle-874;55,8244291;37,5727301;8,0;0,25;4192456470
1790148600000;т78-20260923-004;vehicle-874;55,8216329;37,5731902;0,0;0,25;4192456470
1790146800000;т78-20260923-005;vehicle-875;55,8888126;37,5427135;8,0;0,25;4515095889
1790146860000;т78-20260923-005;vehicle-875;55,8866366;37,5427405;8,0;0,25;4515095086
1790146920000;т78-20260923-005;vehicle-875;55,8844662;37,54286;8,0;0,25;1357880066
1790146980000;т78-20260923-005;vehicle-875;55,8813053;37,5441574;0,0;0,25;1357880066
1790147040000;т78-20260923-005;vehicle-875;55,8782761;37,5459115;8,0;0,25;322734307
1790147100000;т78-20260923-005;vehicle-875;55,8761617;37,5467675;8,0;0,25;312840641
1790147160000;т78-20260923-005;vehicle-875;55,8740099;37,5473616;8,0;0,25;312840652
1790147220000;т78-20260923-005;vehicle-875;55,8697606;37,5471344;8,0;0,25;312840652
1790147280000;т78-20260923-005;vehicle-875;55,8676422;37,5462827;8,0;0,25;5512168818
1790147340000;т78-20260923-005;vehicle-875;55,8655451;37,5470476;8,0;0,25;1464781062
1790147400000;т78-20260923-005;vehicle-875;55,8633966;37,5486236;0,0;0,25;1464781062
1790147460000;т78-20260923-005;vehicle-875;55,8608382;37,5533762;0,0;0,25;4515095077
1790147520000;т78-20260923-005;vehicle-875;55,8590854;37,5567299;8,0;0,25;4515094037
1790147580000;т78-20260923-005;vehicle-875;55,8576275;37,5595321;8,0;0,25;3726709735
1790147640000;т78-20260923-005;vehicle-875;55,8555436;37,5617097;0,0;0,25;3726709735
1790147700000;т78-20260923-005;vehicle-875;55,8534502;37,5634543;0,0;0,25;3846524704
1790147760000;т78-20260923-005;vehicle-875;55,8505721;37,565915;0,0;0,25;4515094035
1790147820000;т78-20260923-005;vehicle-875;55,84784;37,5672822;8,0;0,25;4518891496
1790147880000;т78-20260923-005;vehicle-875;55,8457396;37,5681228;8,0;0,25;4518891494
1790147940000;т78-20260923-005;vehicle-875;55,8436217;37,5689758;8,0;0,25;4501093744
1790148000000;т78-20260923-005;vehicle-875;55,8410256;37,5701631;0,0;0,25;4501093744
1790148060000;т78-20260923-005;vehicle-875;55,8373135;37,5715587;8,0;0,25;313023111
1790148120000;т78-20260923-005;vehicle-875;55,8340065;37,5726428;0,0;0,25;313023111
1790148180000;т78-20260923-005;vehicle-875;55,8308879;37,5727217;8,0;0,25;9221235996
1790148240000;т78-20260923-005;vehicle-875;55,8285665;37,5727229;0,0;0,25;9221235996
1790148300000;т78-20260923-005;vehicle-875;55,8246456;37,5727306;0,0;0,25;10742541382
1790148360000;т78-20260923-005;vehicle-875;55,822272;37,5729844;8,0;0,25;4192456470
1790148420000;т78-20260923-005;vehicle-875;55,8201623;37,5739255;8,0;0,25;4242625789
1790148480000;т78-20260923-005;vehicle-875;55,8180873;37,5750765;8,0;0,25;10742541377
1790148540000;т78-20260923-005;vehicle-875;55,8139936;37,5773298;8,0;0,25;10742541377
1790148600000;т78-20260923-005;vehicle-875;55,8119455;37,578479;8,0;0,25;10742541373
1790146800000;т78-20260923-006;vehicle-876;55,8802968;37,5447488;8,0;0,25;322734307
1790146860000;т78-20260923-006;vehicle-876;55,8776586;37,5461897;0,0;0,25;322734307
1790146920000;т78-20260923-006;vehicle-876;55,8745761;37,54722;0,0;0,25;312840641
1790146980000;т78-20260923-006;vehicle-876;55,871876;37,5477179;8,0;0,25;312840652
1790147040000;т78-20260923-006;vehicle-876;55,8692051;37,5468938;0,0;0,25;312840652
1790147100000;т78-20260923-006;vehicle-876;55,8672023;37,5463415;0,0;0,25;5512168818
1790147160000;т78-20260923-006;vehicle-876;55,8635535;37,5483651;8,0;0,25;1464781062
1790147220000;т78-20260923-006;vehicle-876;55,8620313;37,5511208;8,0;0,25;4515095077
1790147280000;т78-20260923-006;vehicle-876;55,8605441;37,5539318;8,0;0,25;4515094037
1790147340000;т78-20260923-006;vehicle-876;55,8582184;37,5584223;0,0;0,25;4515094037
1790147400000;т78-20260923-006;vehicle-876;55,8558047;37,5615005;8,0;0,25;3726709735
1790147460000;т78-20260923-006;vehicle-876;55,8538426;37,5631266;8,0;0,25;3846524704
1790147520000;т78-20260923-006;vehicle-876;55,8518858;37,5648169;8,0;0,25;4515094035
1790147580000;т78-20260923-006;vehicle-876;55,8499225;37,5664432;8,0;0,25;4518891496
1790147640000;т78-20260923-006;vehicle-876;55,8471445;37,5675695;0,0;0,25;4518891496
1790147700000;т78-20260923-006;vehicle-876;55,8451076;37,5683733;0,0;0,25;4518891494
1790147760000;т78-20260923-006;vehicle-876;55,841524;37,5699881;8,0;0,25;4501093744
1790147820000;т78-20260923-006;vehicle-876;55,8394111;37,5707384;8,0;0,25;313023111
1790147880000;т78-20260923-006;vehicle-876;55,8352095;37,572323;8,0;0,25;313023111
1790147940000;т78-20260923-006;vehicle-876;55,8330641;37,572688;8,0;0,25;9221235996
1790148000000;т78-20260923-006;vehicle-876;55,8287116;37,5727263;8,0;0,25;9221235996
1790148060000;т78-20260923-006;vehicle-876;55,8265704;37,5727178;8,0;0,25;10742541382
1790148120000;т78-20260923-006;vehicle-876;55,8244291;37,5727301;8,0;0,25;4192456470
1790148180000;т78-20260923-006;vehicle-876;55,8216329;37,5731902;0,0;0,25;4192456470
1790148240000;т78-20260923-006;vehicle-876;55,8185643;37,5748104;0,0;0,25;4242625789
1790148300000;т78-20260923-006;vehicle-876;55,8160401;37,5762011;8,0;0,25;10742541377
1790148360000;т78-20260923-006;vehicle-876;55,8127674;37,5780164;0,0;0,25;10742541377
1790148420000;т78-20260923-006;vehicle-876;55,8098886;37,5796234;8,0;0,25;10742541373
1790148480000;т78-20260923-006;vehicle-876;55,8069533;37,5813328;0,0;0,25;10742541373
1790148540000;т78-20260923-006;vehicle-876;55,8036583;37,582714;8,0;0,25;10742541369
1790148600000;т78-20260923-006;vehicle-876;55,8015158;37,5832582;8,0;0,25;10742541368
1790146800000;т78-20260923-007;vehicle-877;55,8692051;37,5468938;0,0;-0,3333333333333333;312840652
1790146860000;т78-20260923-007;vehicle-877;55,8672023;37,5463415;0,0;-0,3333333333333333;5512168818
1790146920000;т78-20260923-007;vehicle-877;55,8633966;37,5486236;0,0;-0,3333333333333333;1464781062
1790146980000;т78-20260923-007;vehicle-877;55,8617827;37,5515907;8,0;-0,3333333333333333;4515095077
1790147040000;т78-20260923-007;vehicle-877;55,8602985;37,5543941;8,0;-0,3333333333333333;4515094037
1790147100000;т78-20260923-007;vehicle-877;55,8582184;37,5584223;0,0;-0,3333333333333333;4515094037
1790147160000;т78-20260923-007;vehicle-877;55,8555436;37,5617097;0,0;-0,3333333333333333;3726709735
1790147220000;т78-20260923-007;vehicle-877;55,8535156;37,5633996;8,0;-0,3333333333333333;3846524704
1790147280000;т78-20260923-007;vehicle-877;55,8515585;37,5650959;8,0;-0,3333333333333333;4515094035
1790147340000;т78-20260923-007;vehicle-877;55,8495913;37,5666798;8,0;-0,3333333333333333;4518891496
1790147400000;т78-20260923-007;vehicle-877;55,8471445;37,5675695;0,0;-0,3333333333333333;4518891496
1790147460000;т78-20260923-007;vehicle-877;55,8451076;37,5683733;0,0;-0,3333333333333333;4518891494
1790147520000;т78-20260923-007;vehicle-877;55,841168;37,5701133;8,0;-0,3333333333333333;4501093744
1790147580000;т78-20260923-007;vehicle-877;55,8390615;37,5708751;8,0;-0,3333333333333333;313023111
1790147640000;т78-20260923-007;vehicle-877;55,8348573;37,5724355;8,0;-0,3333333333333333;313023111
1790147700000;т78-20260923-007;vehicle-877;55,8327014;37,5726916;8,0;-0,3333333333333333;9221235996
1790147760000;т78-20260923-007;vehicle-877;55,8285665;37,5727229;0,0;-0,3333333333333333;9221235996
1790147820000;т78-20260923-007;vehicle-877;55,8262139;37,5727159;8,0;-0,3333333333333333;10742541382
1790147880000;т78-20260923-007;vehicle-877;55,8240683;37,5727311;8,0;-0,3333333333333333;4192456470
1790147940000;т78-20260923-007;vehicle-877;55,8216329;37,5731902;0,0;-0,3333333333333333;4192456470
1790148000000;т78-20260923-007;vehicle-877;55,8185643;37,5748104;0,0;-0,3333333333333333;4242625789
1790148060000;т78-20260923-007;vehicle-877;55,8156989;37,5763885;8,0;-0,3333333333333333;10742541377
1790148120000;т78-20260923-007;vehicle-877;55,8127674;37,5780164;0,0;-0,3333333333333333;10742541377
1790148180000;т78-20260923-007;vehicle-877;55,8095456;37,5798135;8,0;-0,3333333333333333;10742541373
1790148240000;т78-20260923-007;vehicle-877;55,8069533;37,5813328;0,0;-0,3333333333333333;10742541373
1790148300000;т78-20260923-007;vehicle-877;55,8033002;37,5828047;8,0;-0,3333333333333333;10742541369
1790148360000;т78-20260923-007;vehicle-877;55,8011613;37,583342;8,0;-0,3333333333333333;10742541368
1790148420000;т78-20260923-007;vehicle-877;55,7990228;37,5837282;8,0;-0,3333333333333333;8825443227
1790148480000;т78-20260923-007;vehicle-877;55,7948739;37,5841041;0,0;-0,3333333333333333;8825443227
1790148540000;т78-20260923-007;vehicle-877;55,7931464;37,586759;8,0;-0,3333333333333333;10770758620
1790148600000;т78-20260923-007;vehicle-877;55,7894188;37,5884309;8,0;-0,3333333333333333;10770758620
1790146800000;м3к-20260923-000;vehicle-880;55,7584996;37,6276384;0,0;0,25;6074586992
1790146860000;м3к-20260923-000;vehicle-880;55,7576523;37,6288124;8,0;0,25;10707555482
1790146920000;м3к-20260923-000;vehicle-880;55,7574306;37,6327841;0,0;0,25;10707555482
1790146980000;м3к-20260923-000;vehicle-880;55,7582354;37,6388768;8,0;0,25;3048753690
1790147040000;м3к-20260923-000;vehicle-880;55,758941;37,6425237;8,0;0,25;3048753692
1790147100000;м3к-20260923-000;vehicle-880;55,7594958;37,6469191;0,0;0,25;3048753692
1790147160000;м3к-20260923-000;vehicle-880;55,7618768;37,6517769;0,0;0,25;3048754297
1790147220000;м3к-20260923-000;vehicle-880;55,7633072;37,6544261;0,0;0,25;3048754309
1790147280000;м3к-20260923-000;vehicle-880;55,7643029;37,6570695;0,0;0,25;10703096947
1790147340000;м3к-20260923-000;vehicle-880;55,7656209;37,6609579;0,0;0,25;10703241113
1790147400000;м3к-20260923-000;vehicle-880;55,7669756;37,6644877;8,0;0,25;10703241114
1790147460000;м3к-20260923-000;vehicle-880;55,7684289;37,6674235;8,0;0,25;10703241116
1790147520000;м3к-20260923-000;vehicle-880;55,7698885;37,670269;8,0;0,25;10703241119
1790147580000;м3к-20260923-000;vehicle-880;55,7713997;37,6729418;8,0;0,25;10700011413
1790147640000;м3к-20260923-000;vehicle-880;55,7725923;37,6760427;8,0;0,25;3206635915
1790147700000;м3к-20260923-000;vehicle-880;55,7734369;37,6795679;8,0;0,25;10707555488
1790147760000;м3к-20260923-000;vehicle-880;55,7744169;37,6829771;8,0;0,25;10707555489
1790147820000;м3к-20260923-000;vehicle-880;55,7759738;37,6863455;0,0;0,25;10707555489
1790147880000;м3к-20260923-000;vehicle-880;55,7779003;37,6899711;0,0;0,25;10707555491
1790147940000;м3к-20260923-000;vehicle-880;55,7795434;37,6924572;0,0;0,25;10707555481
1790148000000;м3к-20260923-000;vehicle-880;55,7809905;37,6955576;0,0;0,25;10703096933
1790148060000;м3к-20260923-000;vehicle-880;55,782652;37,6996373;8,0;0,25;10702681752
1790148120000;м3к-20260923-000;vehicle-880;55,7826261;37,7034456;8,0;0,25;1775863799
1790148180000;м3к-20260923-000;vehicle-880;55,7822341;37,7071899;8,0;0,25;1267959953
1790148240000;м3к-20260923-000;vehicle-880;55,781137;37,7145883;8,0;0,25;1267959953
1790148300000;м3к-20260923-000;vehicle-880;55,7801952;37,717983;8,0;0,25;759664119
1790148360000;м3к-20260923-000;vehicle-880;55,7790141;37,7200684;0,0;0,25;759664119
1790148420000;м3к-20260923-000;vehicle-880;55,7790141;37,7200684;0,0;0,25;759664119
1790148480000;м3к-20260923-000;vehicle-880;55,7790141;37,7200684;0,0;0,25;759664119
1790148540000;м3к-20260923-000;vehicle-880;55,7790141;37,7200684;0,0;0,25;759664119
1790148600000;м3к-20260923-000;vehicle-880;55,7790141;37,7200684;0,0;0,25;759664119
1790146800000;м3к-20260923-001;vehicle-881;55,7585679;37,640303;0,0;0,25;3048753690
1790146860000;м3к-20260923-001;vehicle-881;55,7594046;37,646296;8,0;0,25;3048753692
1790146920000;м3к-20260923-001;vehicle-881;55,7604036;37,6495793;8,0;0,25;3048754297
1790146980000;м3к-20260923-001;vehicle-881;55,7620373;37,6520284;8,0;0,25;3048754309
1790147040000;м3к-20260923-001;vehicle-881;55,7634925;37,6548174;8,0;0,25;10703096947
1790147100000;м3к-20260923-001;vehicle-881;55,7646389;37,6580725;8,0;0,25;10703241113
1790147160000;м3к-20260923-001;vehicle-881;55,7657712;37,661384;8,0;0,25;10703241114
1790147220000;м3к-20260923-001;vehicle-881;55,7671105;37,6647787;0,0;0,25;10703241114
1790147280000;м3к-20260923-001;vehicle-881;55,7686764;37,667908;0,0;0,25;10703241116
1790147340000;м3к-20260923-001;vehicle-881;55,7699395;37,6703591;0,0;0,25;10703241119
1790147400000;м3к-20260923-001;vehicle-881;55,7722881;37,6748841;0,0;0,25;10700011413
1790147460000;м3к-20260923-001;vehicle-881;55,7733394;37,6792276;0,0;0,25;3206635915
1790147520000;м3к-20260923-001;vehicle-881;55,7741815;37,6821793;0,0;0,25;10707555488
1790147580000;м3к-20260923-001;vehicle-881;55,7757765;37,6859688;8,0;0,25;10707555489
1790147640000;м3к-20260923-001;vehicle-881;55,7772486;37,6887796;8,0;0,25;10707555491
1790147700000;м3к-20260923-001;vehicle-881;55,7788406;37,6913618;8,0;0,25;10707555481
1790147760000;м3к-20260923-001;vehicle-881;55,7803372;37,6941568;8,0;0,25;10703096933
1790147820000;м3к-20260923-001;vehicle-881;55,7819106;37,6966617;8,0;0,25;10702681752
1790147880000;м3к-20260923-001;vehicle-881;55,78266;37,7001463;0,0;0,25;10702681752
1790147940000;м3к-20260923-001;vehicle-881;55,782298;37,705659;0,0;0,25;1775863799
1790148000000;м3к-20260923-001;vehicle-881;55,7818261;37,7109449;8,0;0,25;1267959953
1790148060000;м3к-20260923-001;vehicle-881;55,7809065;37,7158023;0,0;0,25;1267959953
1790148120000;м3к-20260923-001;vehicle-881;55,7790459;37,7204239;8,0;0,25;759664119
1790148180000;м3к-20260923-001;vehicle-881;55,7790141;37,7200684;0,0;0,25;759664119
1790148240000;м3к-20260923-001;vehicle-881;55,7790141;37,7200684;0,0;0,25;759664119
1790148300000;м3к-20260923-001;vehicle-881;55,7790141;37,7200684;0,0;0,25;759664119
1790148360000;м3к-20260923-001;vehicle-881;55,7790141;37,7200684;0,0;0,25;759664119
1790148420000;м3к-20260923-001;vehicle-881;55,7790141;37,7200684;0,0;0,25;759664119
1790148480000;м3к-20260923-001;vehicle-881;55,7790141;37,7200684;0,0;0,25;759664119
1790148540000;м3к-20260923-001;vehicle-881;55,7790141;37,7200684;0,0;0,25;759664119
1790148600000;м3к-20260923-001;vehicle-881;55,7790141;37,7200684;0,0;0,25;759664119
1790146800000;м3к-20260923-002;vehicle-882;55,7633072;37,6544261;0,0;0,25;3048754309
1790146860000;м3к-20260923-002;vehicle-882;55,7643029;37,6570695;0,0;0,25;10703096947
1790146920000;м3к-20260923-002;vehicle-882;55,7656209;37,6609579;0,0;0,25;10703241113
1790146980000;м3к-20260923-002;vehicle-882;55,7669756;37,6644877;8,0;0,25;10703241114
1790147040000;м3к-20260923-002;vehicle-882;55,7684289;37,6674235;8,0;0,25;10703241116
1790147100000;м3к-20260923-002;vehicle-882;55,7698885;37,670269;8,0;0,25;10703241119
1790147160000;м3к-20260923-002;vehicle-882;55,7713997;37,6729418;8,0;0,25;10700011413
1790147220000;м3к-20260923-002;vehicle-882;55,7725923;37,6760427;8,0;0,25;3206635915
1790147280000;м3к-20260923-002;vehicle-882;55,7734369;37,6795679;8,0;0,25;10707555488
1790147340000;м3к-20260923-002;vehicle-882;55,7744169;37,6829771;8,0;0,25;10707555489
1790147400000;м3к-20260923-002;vehicle-882;55,7759738;37,6863455;0,0;0,25;10707555489
1790147460000;м3к-20260923-002;vehicle-882;55,7779003;37,6899711;0,0;0,25;10707555491
1790147520000;м3к-20260923-002;vehicle-882;55,7795434;37,6924572;0,0;0,25;10707555481
1790147580000;м3к-20260923-002;vehicle-882;55,7809905;37,6955576;0,0;0,25;10703096933
1790147640000;м3к-20260923-002;vehicle-882;55,782652;37,6996373;8,0;0,25;10702681752
1790147700000;м3к-20260923-002;vehicle-882;55,7826261;37,7034456;8,0;0,25;1775863799
1790147760000;м3к-20260923-002;vehicle-882;55,7822341;37,7071899;8,0;0,25;1267959953
1790147820000;м3к-20260923-002;vehicle-882;55,781137;37,7145883;8,0;0,25;1267959953
1790147880000;м3к-20260923-002;vehicle-882;55,7801952;37,717983;8,0;0,25;759664119
1790147940000;м3к-20260923-002;vehicle-882;55,7790141;37,7200684;0,0;0,25;759664119
1790148000000;м3к-20260923-002;vehicle-882;55,7790141;37,7200684;0,0;0,25;759664119
1790148060000;м3к-20260923-002;vehicle-882;55,7790141;37,7200684;0,0;0,25;759664119
1790148120000;м3к-20260923-002;vehicle-882;55,7790141;37,7200684;0,0;0,25;759664119
1790148180000;м3к-20260923-002;vehicle-882;55,7790141;37,7200684;0,0;0,25;759664119
1790148240000;м3к-20260923-002;vehicle-882;55,7790141;37,7200684;0,0;0,25;759664119
1790148300000;м3к-20260923-002;vehicle-882;55,7790141;37,7200684;0,0;0,25;759664119
1790148360000;м3к-20260923-002;vehicle-882;55,7790141;37,7200684;0,0;0,25;759664119
1790148420000;м3к-20260923-002;vehicle-882;55,7790141;37,7200684;0,0;0,25;759664119
1790148480000;м3к-20260923-002;vehicle-882;55,7790141;37,7200684;0,0;0,25;759664119
1790148540000;м3к-20260923-002;vehicle-882;55,7790141;37,7200684;0,0;0,25;759664119
1790148600000;м3к-20260923-002;vehicle-882;55,7790141;37,7200684;0,0;0,25;759664119
1790146800000;м3к-20260923-003;vehicle-883;55,7671105;37,6647787;0,0;0,25;10703241114
1790146860000;м3к-20260923-003;vehicle-883;55,7686764;37,667908;0,0;0,25;10703241116
1790146920000;м3к-20260923-003;vehicle-883;55,7699395;37,6703591;0,0;0,25;10703241119
1790146980000;м3к-20260923-003;vehicle-883;55,7722881;37,6748841;0,0;0,25;10700011413
1790147040000;м3к-20260923-003;vehicle-883;55,7733394;37,6792276;0,0;0,25;3206635915
1790147100000;м3к-20260923-003;vehicle-883;55,7741815;37,6821793;0,0;0,25;10707555488
1790147160000;м3к-20260923-003;vehicle-883;55,7757765;37,6859688;8,0;0,25;10707555489
1790147220000;м3к-20260923-003;vehicle-883;55,7772486;37,6887796;8,0;0,25;10707555491
1790147280000;м3к-20260923-003;vehicle-883;55,7788406;37,6913618;8,0;0,25;10707555481
1790147340000;м3к-20260923-003;vehicle-883;55,7803372;37,6941568;8,0;0,25;10703096933
1790147400000;м3к-20260923-003;vehicle-883;55,7819106;37,6966617;8,0;0,25;10702681752
1790147460000;м3к-20260923-003;vehicle-883;55,78266;37,7001463;0,0;0,25;10702681752
1790147520000;м3к-20260923-003;vehicle-883;55,782298;37,705659;0,0;0,25;1775863799
1790147580000;м3к-20260923-003;vehicle-883;55,7818261;37,7109449;8,0;0,25;1267959953
1790147640000;м3к-20260923-003;vehicle-883;55,7809065;37,7158023;0,0;0,25;1267959953
1790147700000;м3к-20260923-003;vehicle-883;55,7790459;37,7204239;8,0;0,25;759664119
1790147760000;м3к-20260923-003;vehicle-883;55,7790141;37,7200684;0,0;0,25;759664119
1790147820000;м3к-20260923-003;vehicle-883;55,7790141;37,7200684;0,0;0,25;759664119
1790147880000;м3к-20260923-003;vehicle-883;55,7790141;37,7200684;0,0;0,25;759664119
1790147940000;м3к-20260923-003;vehicle-883;55,7790141;37,7200684;0,0;0,25;759664119
1790148000000;м3к-20260923-003;vehicle-883;55,7790141;37,7200684;0,0;0,25;759664119
1790148060000;м3к-20260923-003;vehicle-883;55,7790141;37,7200684;0,0;0,25;759664119
1790148120000;м3к-20260923-003;vehicle-883;55,7790141;37,7200684;0,0;0,25;759664119
1790148180000;м3к-20260923-003;vehicle-883;55,7790141;37,7200684;0,0;0,25;759664119
1790148240000;м3к-20260923-003;vehicle-883;55,7790141;37,7200684;0,0;0,25;759664119
1790148300000;м3к-20260923-003;vehicle-883;55,7790141;37,7200684;0,0;0,25;759664119
1790148360000;м3к-20260923-003;vehicle-883;55,7790141;37,7200684;0,0;0,25;759664119
1790148420000;м3к-20260923-003;vehicle-883;55,7790141;37,7200684;0,0;0,25;759664119
1790148480000;м3к-20260923-003;vehicle-883;55,7790141;37,7200684;0,0;0,25;759664119
1790148540000;м3к-20260923-003;vehicle-883;55,7790141;37,7200684;0,0;0,25;759664119
1790148600000;м3к-20260923-003;vehicle-883;55,7790141;37,7200684;0,0;0,25;759664119
1790146800000;м3к-20260923-004;vehicle-884;55,7725923;37,6760427;8,0;0,25;3206635915
1790146860000;м3к-20260923-004;vehicle-884;55,7734369;37,6795679;8,0;0,25;10707555488
1790146920000;м3к-20260923-004;vehicle-884;55,7744169;37,6829771;8,0;0,25;10707555489
1790146980000;м3к-20260923-004;vehicle-884;55,7759738;37,6863455;0,0;0,25;10707555489
1790147040000;м3к-20260923-004;vehicle-884;55,7779003;37,6899711;0,0;0,25;10707555491
1790147100000;м3к-20260923-004;vehicle-884;55,7795434;37,6924572;0,0;0,25;10707555481
1790147160000;м3к-20260923-004;vehicle-884;55,7809905;37,6955576;0,0;0,25;10703096933
1790147220000;м3к-20260923-004;vehicle-884;55,782652;37,6996373;8,0;0,25;10702681752
1790147280000;м3к-20260923-004;vehicle-884;55,7826261;37,7034456;8,0;0,25;1775863799
1790147340000;м3к-20260923-004;vehicle-884;55,7822341;37,7071899;8,0;0,25;1267959953
1790147400000;м3к-20260923-004;vehicle-884;55,781137;37,7145883;8,0;0,25;1267959953
1790147460000;м3к-20260923-004;vehicle-884;55,7801952;37,717983;8,0;0,25;759664119
1790147520000;м3к-20260923-004;vehicle-884;55,7790141;37,7200684;0,0;0,25;759664119
1790147580000;м3к-20260923-004;vehicle-884;55,7790141;37,7200684;0,0;0,25;759664119
1790147640000;м3к-20260923-004;vehicle-884;55,7790141;37,7200684;0,0;0,25;759664119
1790147700000;м3к-20260923-004;vehicle-884;55,7790141;37,7200684;0,0;0,25;759664119
1790147760000;м3к-20260923-004;vehicle-884;55,7790141;37,7200684;0,0;0,25;759664119
1790147820000;м3к-20260923-004;vehicle-884;55,7790141;37,7200684;0,0;0,25;759664119
1790147880000;м3к-20260923-004;vehicle-884;55,7790141;37,7200684;0,0;0,25;759664119
1790147940000;м3к-20260923-004;vehicle-884;55,7790141;37,7200684;0,0;0,25;759664119
1790148000000;м3к-20260923-004;vehicle-884;55,7790141;37,7200684;0,0;0,25;759664119
1790148060000;м3к-20260923-004;vehicle-884;55,7790141;37,7200684;0,0;0,25;759664119
1790148120000;м3к-20260923-004;vehicle-884;55,7790141;37,7200684;0,0;0,25;759664119
1790148180000;м3к-20260923-004;vehicle-884;55,7790141;37,7200684;0,0;0,25;759664119
1790148240000;м3к-20260923-004;vehicle-884;55,7790141;37,7200684;0,0;0,25;759664119
1790148300000;м3к-20260923-004;vehicle-884;55,7790141;37,7200684;0,0;0,25;759664119
1790148360000;м3к-20260923-004;vehicle-884;55,7790141;37,7200684;0,0;0,25;759664119
1790148420000;м3к-20260923-004;vehicle-884;55,7790141;37,7200684;0,0;0,25;759664119
1790148480000;м3к-20260923-004;vehicle-884;55,7790141;37,7200684;0,0;0,25;759664119
1790148540000;м3к-20260923-004;vehicle-884;55,7790141;37,7200684;0,0;0,25;759664119
1790148600000;м3к-20260923-004;vehicle-884;55,7790141;37,7200684;0,0;0,25;759664119
1790146800000;м3к-20260923-005;vehicle-885;55,7772486;37,6887796;8,0;0,25;10707555491
1790146860000;м3к-20260923-005;vehicle-885;55,7788406;37,6913618;8,0;0,25;10707555481
1790146920000;м3к-20260923-005;vehicle-885;55,7803372;37,6941568;8,0;0,25;10703096933
1790146980000;м3к-20260923-005;vehicle-885;55,7819106;37,6966617;8,0;0,25;10702681752
1790147040000;м3к-20260923-005;vehicle-885;55,78266;37,7001463;0,0;0,25;10702681752
1790147100000;м3к-20260923-005;vehicle-885;55,782298;37,705659;0,0;0,25;1775863799
1790147160000;м3к-20260923-005;vehicle-885;55,7818261;37,7109449;8,0;0,25;1267959953
1790147220000;м3к-20260923-005;vehicle-885;55,7809065;37,7158023;0,0;0,25;1267959953
1790147280000;м3к-20260923-005;vehicle-885;55,7790459;37,7204239;8,0;0,25;759664119
1790147340000;м3к-20260923-005;vehicle-885;55,7790141;37,7200684;0,0;0,25;759664119
1790147400000;м3к-20260923-005;vehicle-885;55,7790141;37,7200684;0,0;0,25;759664119
1790147460000;м3к-20260923-005;vehicle-885;55,7790141;37,7200684;0,0;0,25;759664119
1790147520000;м3к-20260923-005;vehicle-885;55,7790141;37,7200684;0,0;0,25;759664119
1790147580000;м3к-20260923-005;vehicle-885;55,7790141;37,7200684;0,0;0,25;759664119
1790147640000;м3к-20260923-005;vehicle-885;55,7790141;37,7200684;0,0;0,25;759664119
1790147700000;м3к-20260923-005;vehicle-885;55,7790141;37,7200684;0,0;0,25;759664119
1790147760000;м3к-20260923-005;vehicle-885;55,7790141;37,7200684;0,0;0,25;759664119
1790147820000;м3к-20260923-005;vehicle-885;55,7790141;37,7200684;0,0;0,25;759664119
1790147880000;м3к-20260923-005;vehicle-885;55,7790141;37,7200684;0,0;0,25;759664119
1790147940000;м3к-20260923-005;vehicle-885;55,7790141;37,7200684;0,0;0,25;759664119
1790148000000;м3к-20260923-005;vehicle-885;55,7790141;37,7200684;0,0;0,25;759664119
1790148060000;м3к-20260923-005;vehicle-885;55,7790141;37,7200684;0,0;0,25;759664119
1790148120000;м3к-20260923-005;vehicle-885;55,7790141;37,7200684;0,0;0,25;759664119
1790148180000;м3к-20260923-005;vehicle-885;55,7790141;37,7200684;0,0;0,25;759664119
1790148240000;м3к-20260923-005;vehicle-885;55,7790141;37,7200684;0,0;0,25;759664119
1790148300000;м3к-20260923-005;vehicle-885;55,7790141;37,7200684;0,0;0,25;759664119
1790148360000;м3к-20260923-005;vehicle-885;55,7790141;37,7200684;0,0;0,25;759664119
1790148420000;м3к-20260923-005;vehicle-885;55,7790141;37,7200684;0,0;0,25;759664119
1790148480000;м3к-20260923-005;vehicle-885;55,7790141;37,7200684;0,0;0,25;759664119
1790148540000;м3к-20260923-005;vehicle-885;55,7790141;37,7200684;0,0;0,25;759664119
1790148600000;м3к-20260923-005;vehicle-885;55,7790141;37,7200684;0,0;0,25;759664119
1790146800000;м3к-20260923-006;vehicle-886;55,782652;37,6996373;8,0;0,25;10702681752
1790146860000;м3к-20260923-006;vehicle-886;55,7826261;37,7034456;8,0;0,25;1775863799
1790146920000;м3к-20260923-006;vehicle-886;55,7822341;37,7071899;8,0;0,25;1267959953
1790146980000;м3к-20260923-006;vehicle-886;55,781137;37,7145883;8,0;0,25;1267959953
1790147040000;м3к-20260923-006;vehicle-886;55,7801952;37,717983;8,0;0,25;759664119
1790147100000;м3к-20260923-006;vehicle-886;55,7790141;37,7200684;0,0;0,25;759664119
1790147160000;м3к-20260923-006;vehicle-886;55,7790141;37,7200684;0,0;0,25;759664119
1790147220000;м3к-20260923-006;vehicle-886;55,7790141;37,7200684;0,0;0,25;759664119
1790147280000;м3к-20260923-006;vehicle-886;55,7790141;37,7200684;0,0;0,25;759664119
1790147340000;м3к-20260923-006;vehicle-886;55,7790141;37,7200684;0,0;0,25;759664119
1790147400000;м3к-20260923-006;vehicle-886;55,7790141;37,7200684;0,0;0,25;759664119
1790147460000;м3к-20260923-006;vehicle-886;55,7790141;37,7200684;0,0;0,25;759664119
1790147520000;м3к-20260923-006;vehicle-886;55,7790141;37,7200684;0,0;0,25;759664119
1790147580000;м3к-20260923-006;vehicle-886;55,7790141;37,7200684;0,0;0,25;759664119
1790147640000;м3к-20260923-006;vehicle-886;55,7790141;37,7200684;0,0;0,25;759664119
1790147700000;м3к-20260923-006;vehicle-886;55,7790141;37,7200684;0,0;0,25;759664119
1790147760000;м3к-20260923-006;vehicle-886;55,7790141;37,7200684;0,0;0,25;759664119
1790147820000;м3к-20260923-006;vehicle-886;55,7790141;37,7200684;0,0;0,25;759664119
1790147880000;м3к-20260923-006;vehicle-886;55,7790141;37,7200684;0,0;0,25;759664119
1790147940000;м3к-20260923-006;vehicle-886;55,7790141;37,7200684;0,0;0,25;759664119
1790148000000;м3к-20260923-006;vehicle-886;55,7790141;37,7200684;0,0;0,25;759664119
1790148060000;м3к-20260923-006;vehicle-886;55,7790141;37,7200684;0,0;0,25;759664119
1790148120000;м3к-20260923-006;vehicle-886;55,7790141;37,7200684;0,0;0,25;759664119
1790148180000;м3к-20260923-006;vehicle-886;55,7790141;37,7200684;0,0;0,25;759664119
1790148240000;м3к-20260923-006;vehicle-886;55,7790141;37,7200684;0,0;0,25;759664119
1790148300000;м3к-20260923-006;vehicle-886;55,7790141;37,7200684;0,0;0,25;759664119
1790148360000;м3к-20260923-006;vehicle-886;55,7790141;37,7200684;0,0;0,25;759664119
1790148420000;м3к-20260923-006;vehicle-886;55,7790141;37,7200684;0,0;0,25;759664119
1790148480000;м3к-20260923-006;vehicle-886;55,7790141;37,7200684;0,0;0,25;759664119
1790148540000;м3к-20260923-006;vehicle-886;55,7790141;37,7200684;0,0;0,25;759664119
1790148600000;м3к-20260923-006;vehicle-886;55,7790141;37,7200684;0,0;0,25;759664119
1790146800000;м3к-20260923-007;vehicle-887;55,7799959;37,7185054;8,0;-0,3333333333333333;759664119
1790146860000;м3к-20260923-007;vehicle-887;55,7790141;37,7200684;0,0;-0,3333333333333333;759664119
1790146920000;м3к-20260923-007;vehicle-887;55,7790141;37,7200684;0,0;-0,3333333333333333;759664119
1790146980000;м3к-20260923-007;vehicle-887;55,7790141;37,7200684;0,0;-0,3333333333333333;759664119
1790147040000;м3к-20260923-007;vehicle-887;55,7790141;37,7200684;0,0;-0,3333333333333333;759664119
1790147100000;м3к-20260923-007;vehicle-887;55,7790141;37,7200684;0,0;-0,3333333333333333;759664119
1790147160000;м3к-20260923-007;vehicle-887;55,7790141;37,7200684;0,0;-0,3333333333333333;759664119
1790147220000;м3к-20260923-007;vehicle-887;55,7790141;37,7200684;0,0;-0,3333333333333333;759664119
1790147280000;м3к-20260923-007;vehicle-887;55,7790141;37,7200684;0,0;-0,3333333333333333;759664119
1790147340000;м3к-20260923-007;vehicle-887;55,7790141;37,7200684;0,0;-0,3333333333333333;759664119
1790147400000;м3к-20260923-007;vehicle-887;55,7790141;37,7200684;0,0;-0,3333333333333333;759664119
1790147460000;м3к-20260923-007;vehicle-887;55,7790141;37,7200684;0,0;-0,3333333333333333;759664119
1790147520000;м3к-20260923-007;vehicle-887;55,7790141;37,7200684;0,0;-0,3333333333333333;759664119
1790147580000;м3к-20260923-007;vehicle-887;55,7790141;37,7200684;0,0;-0,3333333333333333;759664119
1790147640000;м3к-20260923-007;vehicle-887;55,7790141;37,7200684;0,0;-0,3333333333333333;759664119
1790147700000;м3к-20260923-007;vehicle-887;55,7790141;37,7200684;0,0;-0,3333333333333333;759664119
1790147760000;м3к-20260923-007;vehicle-887;55,7790141;37,7200684;0,0;-0,3333333333333333;759664119
1790147820000;м3к-20260923-007;vehicle-887;55,7790141;37,7200684;0,0;-0,3333333333333333;759664119
1790147880000;м3к-20260923-007;vehicle-887;55,7790141;37,7200684;0,0;-0,3333333333333333;759664119
1790147940000;м3к-20260923-007;vehicle-887;55,7790141;37,7200684;0,0;-0,3333333333333333;759664119
1790148000000;м3к-20260923-007;vehicle-887;55,7790141;37,7200684;0,0;-0,3333333333333333;759664119
1790148060000;м3к-20260923-007;vehicle-887;55,7790141;37,7200684;0,0;-0,3333333333333333;759664119
1790148120000;м3к-20260923-007;vehicle-887;55,7790141;37,7200684;0,0;-0,3333333333333333;759664119
1790148180000;м3к-20260923-007;vehicle-887;55,7790141;37,7200684;0,0;-0,3333333333333333;759664119
1790148240000;м3к-20260923-007;vehicle-887;55,7790141;37,7200684;0,0;-0,3333333333333333;759664119
1790148300000;м3к-20260923-007;vehicle-887;55,7790141;37,7200684;0,0;-0,3333333333333333;759664119
1790148360000;м3к-20260923-007;vehicle-887;55,7790141;37,7200684;0,0;-0,3333333333333333;759664119
1790148420000;м3к-20260923-007;vehicle-887;55,7790141;37,7200684;0,0;-0,3333333333333333;759664119
1790148480000;м3к-20260923-007;vehicle-887;55,7790141;37,7200684;0,0;-0,3333333333333333;759664119
1790148540000;м3к-20260923-007;vehicle-887;55,7790141;37,7200684;0,0;-0,3333333333333333;759664119
1790148600000;м3к-20260923-007;vehicle-887;55,7790141;37,7200684;0,0;-0,3333333333333333;759664119
1790146800000;116-20260923-000;vehicle-890;55,7529225;37,4945218;0,0;0,25;10774286821
1790146860000;116-20260923-000;vehicle-890;55,7528973;37,4964386;8,0;0,25;10774286820
1790146920000;116-20260923-000;vehicle-890;55,7529293;37,5015517;0,0;0,25;10774286820
1790146980000;116-20260923-000;vehicle-890;55,7524964;37,5048923;0,0;0,25;2491233118
1790147040000;116-20260923-000;vehicle-890;55,7508909;37,5087985;0,0;0,25;2491233106
1790147100000;116-20260923-000;vehicle-890;55,7485297;37,5125369;8,0;0,25;5019627883
1790147160000;116-20260923-000;vehicle-890;55,7462625;37,5134014;0,0;0,25;5019627883
1790147220000;116-20260923-000;vehicle-890;55,744608;37,5081811;0,0;0,25;10601114160
1790147280000;116-20260923-000;vehicle-890;55,7435478;37,5048066;8,0;0,25;12635078184
1790147340000;116-20260923-000;vehicle-890;55,7423709;37,501105;0,0;0,25;12635078184
1790147400000;116-20260923-000;vehicle-890;55,7412197;37,5011637;8,0;0,25;2433145574
1790147460000;116-20260923-000;vehicle-890;55,7393183;37,5054808;0,0;0,25;2433145574
1790147520000;116-20260923-000;vehicle-890;55,7371969;37,5099879;8,0;0,25;2488185910
1790147580000;116-20260923-000;vehicle-890;55,7355524;37,5147271;8,0;0,25;2488185910
1790147640000;116-20260923-000;vehicle-890;55,7363517;37,5191021;0,0;0,25;2488185910
1790147700000;116-20260923-000;vehicle-890;55,7378148;37,5255079;8,0;0,25;2433145454
1790147760000;116-20260923-000;vehicle-890;55,7386266;37,5290255;8,0;0,25;2433145529
1790147820000;116-20260923-000;vehicle-890;55,7394446;37,5325329;8,0;0,25;4592512830
1790147880000;116-20260923-000;vehicle-890;55,7401952;37,5360984;8,0;0,25;2433145264
1790147940000;116-20260923-000;vehicle-890;55,7413937;37,5391869;8,0;0,25;2433145591
1790148000000;116-20260923-000;vehicle-890;55,7439022;37,5454704;8,0;0,25;2433145591
1790148060000;116-20260923-000;vehicle-890;55,7450736;37,5486621;8,0;0,25;2433145175
1790148120000;116-20260923-000;vehicle-890;55,7471518;37,5551635;0,0;0,25;2433145175
1790148180000;116-20260923-000;vehicle-890;55,7481284;37,5586982;8,0;0,25;2433145207
1790148240000;116-20260923-000;vehicle-890;55,7491069;37,5621601;8,0;0,25;2433145132
1790148300000;116-20260923-000;vehicle-890;55,7503318;37,5664511;0,0;0,25;2433145132
1790148360000;116-20260923-000;vehicle-890;55,752035;37,5724948;8,0;0,25;10774286818
1790148420000;116-20260923-000;vehicle-890;55,7515332;37,5750005;0,0;0,25;10774286818
1790148480000;116-20260923-000;vehicle-890;55,7535146;37,5717535;8,0;0,25;10774286822
1790148540000;116-20260923-000;vehicle-890;55,7534892;37,5751798;8,0;0,25;10774286822
1790148600000;116-20260923-000;vehicle-890;55,7554039;37,5769497;8,0;0,25;1188905583
1790146800000;116-20260923-001;vehicle-891;55,7516783;37,5072996;8,0;0,25;2491233106
1790146860000;116-20260923-001;vehicle-891;55,7501867;37,5100816;8,0;0,25;5019627883
1790146920000;116-20260923-001;vehicle-891;55,7467597;37,5147395;8,0;0,25;5019627883
1790146980000;116-20260923-001;vehicle-891;55,7456545;37,5115226;8,0;0,25;10601114160
1790147040000;116-20260923-001;vehicle-891;55,744608;37,5081811;0,0;0,25;10601114160
1790147100000;116-20260923-001;vehicle-891;55,7424782;37,5014412;8,0;0,25;12635078184
1790147160000;116-20260923-001;vehicle-891;55,7415458;37,5004852;0,0;0,25;2433145083
1790147220000;116-20260923-001;vehicle-891;55,7398809;37,5041587;8,0;0,25;2433145574
1790147280000;116-20260923-001;vehicle-891;55,7385653;37,5071925;8,0;0,25;2488185910
1790147340000;116-20260923-001;vehicle-891;55,7353941;37,5110497;8,0;0,25;2488185910
1790147400000;116-20260923-001;vehicle-891;55,7362135;37,5183758;8,0;0,25;2488185910
1790147460000;116-20260923-001;vehicle-891;55,7370006;37,5219499;8,0;0,25;2433145454
1790147520000;116-20260923-001;vehicle-891;55,7382156;37,5272914;0,0;0,25;2433145454
1790147580000;116-20260923-001;vehicle-891;55,738956;37,5304122;0,0;0,25;2433145529
1790147640000;116-20260923-001;vehicle-891;55,7398265;37,5341809;0,0;0,25;4592512830
1790147700000;116-20260923-001;vehicle-891;55,7406174;37,5376786;0,0;0,25;2433145264
1790147760000;116-20260923-001;vehicle-891;55,7426646;37,5423084;8,0;0,25;2433145591
1790147820000;116-20260923-001;vehicle-891;55,7440192;37,5457949;0,0;0,25;2433145591
1790147880000;116-20260923-001;vehicle-891;55,7462179;37,5518796;8,0;0,25;2433145175
1790147940000;116-20260923-001;vehicle-891;55,7471822;37,5552785;8,0;0,25;2433145207
1790148000000;116-20260923-001;vehicle-891;55,748414;37,5597227;0,0;0,25;2433145207
1790148060000;116-20260923-001;vehicle-891;55,7501003;37,5656391;8,0;0,25;2433145132
1790148120000;116-20260923-001;vehicle-891;55,7510669;37,5690774;8,0;0,25;10774286818
1790148180000;116-20260923-001;vehicle-891;55,7517271;37,5752689;8,0;0,25;10774286818
1790148240000;116-20260923-001;vehicle-891;55,7520176;37,5744574;8,0;0,25;10774286822
1790148300000;116-20260923-001;vehicle-891;55,7536853;37,5722834;8,0;0,25;10774286822
1790148360000;116-20260923-001;vehicle-891;55,7543164;37,5759393;0,0;0,25;10774286822
1790148420000;116-20260923-001;vehicle-891;55,7574027;37,5783762;8,0;0,25;1188905583
1790148480000;116-20260923-001;vehicle-891;55,7616566;37,5792219;8,0;0,25;1188905583
1790148540000;116-20260923-001;vehicle-891;55,7636795;37,5783279;8,0;0,25;10601114147
1790148600000;116-20260923-001;vehicle-891;55,7655921;37,577487;8,0;0,25;10774286817
1790146800000;116-20260923-002;vehicle-892;55,744608;37,5081811;0,0;0,25;10601114160
1790146860000;116-20260923-002;vehicle-892;55,7435478;37,5048066;8,0;0,25;12635078184
1790146920000;116-20260923-002;vehicle-892;55,7423709;37,501105;0,0;0,25;12635078184
1790146980000;116-20260923-002;vehicle-892;55,7412197;37,5011637;8,0;0,25;2433145574
1790147040000;116-20260923-002;vehicle-892;55,7393183;37,5054808;0,0;0,25;2433145574
1790147100000;116-20260923-002;vehicle-892;55,7371969;37,5099879;8,0;0,25;2488185910
1790147160000;116-20260923-002;vehicle-892;55,7355524;37,5147271;8,0;0,25;2488185910
1790147220000;116-20260923-002;vehicle-892;55,7363517;37,5191021;0,0;0,25;2488185910
1790147280000;116-20260923-002;vehicle-892;55,7378148;37,5255079;8,0;0,25;2433145454
1790147340000;116-20260923-002;vehicle-892;55,7386266;37,5290255;8,0;0,25;2433145529
1790147400000;116-20260923-002;vehicle-892;55,7394446;37,5325329;8,0;0,25;4592512830
1790147460000;116-20260923-002;vehicle-892;55,7401952;37,5360984;8,0;0,25;2433145264
1790147520000;116-20260923-002;vehicle-892;55,7413937;37,5391869;8,0;0,25;2433145591
1790147580000;116-20260923-002;vehicle-892;55,7439022;37,5454704;8,0;0,25;2433145591
1790147640000;116-20260923-002;vehicle-892;55,7450736;37,5486621;8,0;0,25;2433145175
1790147700000;116-20260923-002;vehicle-892;55,7471518;37,5551635;0,0;0,25;2433145175
1790147760000;116-20260923-002;vehicle-892;55,7481284;37,5586982;8,0;0,25;2433145207
1790147820000;116-20260923-002;vehicle-892;55,7491069;37,5621601;8,0;0,25;2433145132
1790147880000;116-20260923-002;vehicle-892;55,7503318;37,5664511;0,0;0,25;2433145132
1790147940000;116-20260923-002;vehicle-892;55,752035;37,5724948;8,0;0,25;10774286818
1790148000000;116-20260923-002;vehicle-892;55,7515332;37,5750005;0,0;0,25;10774286818
1790148060000;116-20260923-002;vehicle-892;55,7535146;37,5717535;8,0;0,25;10774286822
1790148120000;116-20260923-002;vehicle-892;55,7534892;37,5751798;8,0;0,25;10774286822
1790148180000;116-20260923-002;vehicle-892;55,7554039;37,5769497;8,0;0,25;1188905583
1790148240000;116-20260923-002;vehicle-892;55,7595574;37,5785936;8,0;0,25;1188905583
1790148300000;116-20260923-002;vehicle-892;55,7619396;37,5793242;0,0;0,25;1188905583
1790148360000;116-20260923-002;vehicle-892;55,7647635;37,5782443;0,0;0,25;10601114147
1790148420000;116-20260923-002;vehicle-892;55,7651936;37,5746605;0,0;0,25;10774286817
1790148480000;116-20260923-002;vehicle-892;55,7655874;37,5721098;0,0;0,25;10774286826
1790148540000;116-20260923-002;vehicle-892;55,767918;37,572443;0,0;0,25;10774286828
1790148600000;116-20260923-002;vehicle-892;55,7706895;37,5727778;8,0;0,25;10599880593
1790146800000;116-20260923-003;vehicle-893;55,7398809;37,5041587;8,0;0,25;2433145574
1790146860000;116-20260923-003;vehicle-893;55,7385653;37,5071925;8,0;0,25;2488185910
1790146920000;116-20260923-003;vehicle-893;55,7353941;37,5110497;8,0;0,25;2488185910
1790146980000;116-20260923-003;vehicle-893;55,7362135;37,5183758;8,0;0,25;2488185910
1790147040000;116-20260923-003;vehicle-893;55,7370006;37,5219499;8,0;0,25;2433145454
1790147100000;116-20260923-003;vehicle-893;55,7382156;37,5272914;0,0;0,25;2433145454
1790147160000;116-20260923-003;vehicle-893;55,738956;37,5304122;0,0;0,25;2433145529
1790147220000;116-20260923-003;vehicle-893;55,7398265;37,5341809;0,0;0,25;4592512830
1790147280000;116-20260923-003;vehicle-893;55,7406174;37,5376786;0,0;0,25;2433145264
1790147340000;116-20260923-003;vehicle-893;55,7426646;37,5423084;8,0;0,25;2433145591
1790147400000;116-20260923-003;vehicle-893;55,7440192;37,5457949;0,0;0,25;2433145591
1790147460000;116-20260923-003;vehicle-893;55,7462179;37,5518796;8,0;0,25;2433145175
1790147520000;116-20260923-003;vehicle-893;55,7471822;37,5552785;8,0;0,25;2433145207
1790147580000;116-20260923-003;vehicle-893;55,748414;37,5597227;0,0;0,25;2433145207
1790147640000;116-20260923-003;vehicle-893;55,7501003;37,5656391;8,0;0,25;2433145132
1790147700000;116-20260923-003;vehicle-893;55,7510669;37,5690774;8,0;0,25;10774286818
1790147760000;116-20260923-003;vehicle-893;55,7517271;37,5752689;8,0;0,25;10774286818
1790147820000;116-20260923-003;vehicle-893;55,7520176;37,5744574;8,0;0,25;10774286822
1790147880000;116-20260923-003;vehicle-893;55,7536853;37,5722834;8,0;0,25;10774286822
1790147940000;116-20260923-003;vehicle-893;55,7543164;37,5759393;0,0;0,25;10774286822
1790148000000;116-20260923-003;vehicle-893;55,7574027;37,5783762;8,0;0,25;1188905583
1790148060000;116-20260923-003;vehicle-893;55,7616566;37,5792219;8,0;0,25;1188905583
1790148120000;116-20260923-003;vehicle-893;55,7636795;37,5783279;8,0;0,25;10601114147
1790148180000;116-20260923-003;vehicle-893;55,7655921;37,577487;8,0;0,25;10774286817
1790148240000;116-20260923-003;vehicle-893;55,7651499;37,5737957;8,0;0,25;10774286826
1790148300000;116-20260923-003;vehicle-893;55,7663883;37,5722309;8,0;0,25;10774286828
1790148360000;116-20260923-003;vehicle-893;55,7685593;37,5724738;8,0;0,25;10599880593
1790148420000;116-20260923-003;vehicle-893;55,7717507;37,5730083;0,0;0,25;10599880593
1790148480000;116-20260923-003;vehicle-893;55,7730805;37,5768857;0,0;0,25;10599880591
1790148540000;116-20260923-003;vehicle-893;55,7742275;37,5802622;8,0;0,25;14170887503
1790148600000;116-20260923-003;vehicle-893;55,7751218;37,5834928;8,0;0,25;966788530
1790146800000;116-20260923-004;vehicle-894;55,7363517;37,5191021;0,0;0,25;2488185910
1790146860000;116-20260923-004;vehicle-894;55,7378148;37,5255079;8,0;0,25;2433145454
1790146920000;116-20260923-004;vehicle-894;55,7386266;37,5290255;8,0;0,25;2433145529
1790146980000;116-20260923-004;vehicle-894;55,7394446;37,5325329;8,0;0,25;4592512830
1790147040000;116-20260923-004;vehicle-894;55,7401952;37,5360984;8,0;0,25;2433145264
1790147100000;116-20260923-004;vehicle-894;55,7413937;37,5391869;8,0;0,25;2433145591
1790147160000;116-20260923-004;vehicle-894;55,7439022;37,5454704;8,0;0,25;2433145591
1790147220000;116-20260923-004;vehicle-894;55,7450736;37,5486621;8,0;0,25;2433145175
1790147280000;116-20260923-004;vehicle-894;55,7471518;37,5551635;0,0;0,25;2433145175
1790147340000;116-20260923-004;vehicle-894;55,7481284;37,5586982;8,0;0,25;2433145207
1790147400000;116-20260923-004;vehicle-894;55,7491069;37,5621601;8,0;0,25;2433145132
1790147460000;116-20260923-004;vehicle-894;55,7503318;37,5664511;0,0;0,25;2433145132
1790147520000;116-20260923-004;vehicle-894;55,752035;37,5724948;8,0;0,25;10774286818
1790147580000;116-20260923-004;vehicle-894;55,7515332;37,5750005;0,0;0,25;10774286818
1790147640000;116-20260923-004;vehicle-894;55,7535146;37,5717535;8,0;0,25;10774286822
1790147700000;116-20260923-004;vehicle-894;55,7534892;37,5751798;8,0;0,25;10774286822
1790147760000;116-20260923-004;vehicle-894;55,7554039;37,5769497;8,0;0,25;1188905583
1790147820000;116-20260923-004;vehicle-894;55,7595574;37,5785936;8,0;0,25;1188905583
1790147880000;116-20260923-004;vehicle-894;55,7619396;37,5793242;0,0;0,25;1188905583
1790147940000;116-20260923-004;vehicle-894;55,7647635;37,5782443;0,0;0,25;10601114147
1790148000000;116-20260923-004;vehicle-894;55,7651936;37,5746605;0,0;0,25;10774286817
1790148060000;116-20260923-004;vehicle-894;55,7655874;37,5721098;0,0;0,25;10774286826
1790148120000;116-20260923-004;vehicle-894;55,767918;37,572443;0,0;0,25;10774286828
1790148180000;116-20260923-004;vehicle-894;55,7706895;37,5727778;8,0;0,25;10599880593
1790148240000;116-20260923-004;vehicle-894;55,7727213;37,5734337;8,0;0,25;10599880591
1790148300000;116-20260923-004;vehicle-894;55,7731183;37,5769938;8,0;0,25;14170887503
1790148360000;116-20260923-004;vehicle-894;55,7748515;37,5821192;0,0;0,25;14170887503
1790148420000;116-20260923-004;vehicle-894;55,7746952;37,5842064;0,0;0,25;966788530
1790148480000;116-20260923-004;vehicle-894;55,7746952;37,5842064;0,0;0,25;966788530
1790148540000;116-20260923-004;vehicle-894;55,7746952;37,5842064;0,0;0,25;966788530
1790148600000;116-20260923-004;vehicle-894;55,7746952;37,5842064;0,0;0,25;966788530
1790146800000;116-20260923-005;vehicle-895;55,7398265;37,5341809;0,0;0,25;4592512830
1790146860000;116-20260923-005;vehicle-895;55,7406174;37,5376786;0,0;0,25;2433145264
1790146920000;116-20260923-005;vehicle-895;55,7426646;37,5423084;8,0;0,25;2433145591
1790146980000;116-20260923-005;vehicle-895;55,7440192;37,5457949;0,0;0,25;2433145591
1790147040000;116-20260923-005;vehicle-895;55,7462179;37,5518796;8,0;0,25;2433145175
1790147100000;116-20260923-005;vehicle-895;55,7471822;37,5552785;8,0;0,25;2433145207
1790147160000;116-20260923-005;vehicle-895;55,748414;37,5597227;0,0;0,25;2433145207
1790147220000;116-20260923-005;vehicle-895;55,7501003;37,5656391;8,0;0,25;2433145132
1790147280000;116-20260923-005;vehicle-895;55,7510669;37,5690774;8,0;0,25;10774286818
1790147340000;116-20260923-005;vehicle-895;55,7517271;37,5752689;8,0;0,25;10774286818
1790147400000;116-20260923-005;vehicle-895;55,7520176;37,5744574;8,0;0,25;10774286822
1790147460000;116-20260923-005;vehicle-895;55,7536853;37,5722834;8,0;0,25;10774286822
1790147520000;116-20260923-005;vehicle-895;55,7543164;37,5759393;0,0;0,25;10774286822
1790147580000;116-20260923-005;vehicle-895;55,7574027;37,5783762;8,0;0,25;1188905583
1790147640000;116-20260923-005;vehicle-895;55,7616566;37,5792219;8,0;0,25;1188905583
1790147700000;116-20260923-005;vehicle-895;55,7636795;37,5783279;8,0;0,25;10601114147
1790147760000;116-20260923-005;vehicle-895;55,7655921;37,577487;8,0;0,25;10774286817
1790147820000;116-20260923-005;vehicle-895;55,7651499;37,5737957;8,0;0,25;10774286826
1790147880000;116-20260923-005;vehicle-895;55,7663883;37,5722309;8,0;0,25;10774286828
1790147940000;116-20260923-005;vehicle-895;55,7685593;37,5724738;8,0;0,25;10599880593
1790148000000;116-20260923-005;vehicle-895;55,7717507;37,5730083;0,0;0,25;10599880593
1790148060000;116-20260923-005;vehicle-895;55,7730805;37,5768857;0,0;0,25;10599880591
1790148120000;116-20260923-005;vehicle-895;55,7742275;37,5802622;8,0;0,25;14170887503
1790148180000;116-20260923-005;vehicle-895;55,7751218;37,5834928;8,0;0,25;966788530
1790148240000;116-20260923-005;vehicle-895;55,7746952;37,5842064;0,0;0,25;966788530
1790148300000;116-20260923-005;vehicle-895;55,7746952;37,5842064;0,0;0,25;966788530
1790148360000;116-20260923-005;vehicle-895;55,7746952;37,5842064;0,0;0,25;966788530
1790148420000;116-20260923-005;vehicle-895;55,7746952;37,5842064;0,0;0,25;966788530
1790148480000;116-20260923-005;vehicle-895;55,7746952;37,5842064;0,0;0,25;966788530
1790148540000;116-20260923-005;vehicle-895;55,7746952;37,5842064;0,0;0,25;966788530
1790148600000;116-20260923-005;vehicle-895;55,7746952;37,5842064;0,0;0,25;966788530
1790146800000;116-20260923-006;vehicle-896;55,7450736;37,5486621;8,0;0,25;2433145175
1790146860000;116-20260923-006;vehicle-896;55,7471518;37,5551635;0,0;0,25;2433145175
1790146920000;116-20260923-006;vehicle-896;55,7481284;37,5586982;8,0;0,25;2433145207
1790146980000;116-20260923-006;vehicle-896;55,7491069;37,5621601;8,0;0,25;2433145132
1790147040000;116-20260923-006;vehicle-896;55,7503318;37,5664511;0,0;0,25;2433145132
1790147100000;116-20260923-006;vehicle-896;55,752035;37,5724948;8,0;0,25;10774286818
1790147160000;116-20260923-006;vehicle-896;55,7515332;37,5750005;0,0;0,25;10774286818
1790147220000;116-20260923-006;vehicle-896;55,7535146;37,5717535;8,0;0,25;10774286822
1790147280000;116-20260923-006;vehicle-896;55,7534892;37,5751798;8,0;0,25;10774286822
1790147340000;116-20260923-006;vehicle-896;55,7554039;37,5769497;8,0;0,25;1188905583
1790147400000;116-20260923-006;vehicle-896;55,7595574;37,5785936;8,0;0,25;1188905583
1790147460000;116-20260923-006;vehicle-896;55,7619396;37,5793242;0,0;0,25;1188905583
1790147520000;116-20260923-006;vehicle-896;55,7647635;37,5782443;0,0;0,25;10601114147
1790147580000;116-20260923-006;vehicle-896;55,7651936;37,5746605;0,0;0,25;10774286817
1790147640000;116-20260923-006;vehicle-896;55,7655874;37,5721098;0,0;0,25;10774286826
1790147700000;116-20260923-006;vehicle-896;55,767918;37,572443;0,0;0,25;10774286828
1790147760000;116-20260923-006;vehicle-896;55,7706895;37,5727778;8,0;0,25;10599880593
1790147820000;116-20260923-006;vehicle-896;55,7727213;37,5734337;8,0;0,25;10599880591
1790147880000;116-20260923-006;vehicle-896;55,7731183;37,5769938;8,0;0,25;14170887503
1790147940000;116-20260923-006;vehicle-896;55,7748515;37,5821192;0,0;0,25;14170887503
1790148000000;116-20260923-006;vehicle-896;55,7746952;37,5842064;0,0;0,25;966788530
1790148060000;116-20260923-006;vehicle-896;55,7746952;37,5842064;0,0;0,25;966788530
1790148120000;116-20260923-006;vehicle-896;55,7746952;37,5842064;0,0;0,25;966788530
1790148180000;116-20260923-006;vehicle-896;55,7746952;37,5842064;0,0;0,25;966788530
1790148240000;116-20260923-006;vehicle-896;55,7746952;37,5842064;0,0;0,25;966788530
1790148300000;116-20260923-006;vehicle-896;55,7746952;37,5842064;0,0;0,25;966788530
1790148360000;116-20260923-006;vehicle-896;55,7746952;37,5842064;0,0;0,25;966788530
1790148420000;116-20260923-006;vehicle-896;55,7746952;37,5842064;0,0;0,25;966788530
1790148480000;116-20260923-006;vehicle-896;55,7746952;37,5842064;0,0;0,25;966788530
1790148540000;116-20260923-006;vehicle-896;55,7746952;37,5842064;0,0;0,25;966788530
1790148600000;116-20260923-006;vehicle-896;55,7746952;37,5842064;0,0;0,25;966788530
1790146800000;116-20260923-007;vehicle-897;55,7503318;37,5664511;0,0;-0,3333333333333333;2433145132
1790146860000;116-20260923-007;vehicle-897;55,7521974;37,5730635;8,0;-0,3333333333333333;10774286818
1790146920000;116-20260923-007;vehicle-897;55,7515332;37,5750005;0,0;-0,3333333333333333;10774286818
1790146980000;116-20260923-007;vehicle-897;55,7537082;37,5712181;8,0;-0,3333333333333333;10774286822
1790147040000;116-20260923-007;vehicle-897;55,7538074;37,5754719;8,0;-0,3333333333333333;10774286822
1790147100000;116-20260923-007;vehicle-897;55,7557247;37,5772435;8,0;-0,3333333333333333;1188905583
1790147160000;116-20260923-007;vehicle-897;55,7599183;37,578598;8,0;-0,3333333333333333;1188905583
1790147220000;116-20260923-007;vehicle-897;55,7620114;37,5793433;8,0;-0,3333333333333333;10601114147
1790147280000;116-20260923-007;vehicle-897;55,7647635;37,5782443;0,0;-0,3333333333333333;10601114147
1790147340000;116-20260923-007;vehicle-897;55,7651936;37,5746605;0,0;-0,3333333333333333;10774286817
1790147400000;116-20260923-007;vehicle-897;55,7655874;37,5721098;0,0;-0,3333333333333333;10774286826
1790147460000;116-20260923-007;vehicle-897;55,767918;37,572443;0,0;-0,3333333333333333;10774286828
1790147520000;116-20260923-007;vehicle-897;55,7710437;37,5728477;8,0;-0,3333333333333333;10599880593
1790147580000;116-20260923-007;vehicle-897;55,7729056;37,5739871;8,0;-0,3333333333333333;10599880591
1790147640000;116-20260923-007;vehicle-897;55,7733027;37,577539;8,0;-0,3333333333333333;14170887503
1790147700000;116-20260923-007;vehicle-897;55,7748515;37,5821192;0,0;-0,3333333333333333;14170887503
1790147760000;116-20260923-007;vehicle-897;55,7746952;37,5842064;0,0;-0,3333333333333333;966788530
1790147820000;116-20260923-007;vehicle-897;55,7746952;37,5842064;0,0;-0,3333333333333333;966788530
1790147880000;116-20260923-007;vehicle-897;55,7746952;37,5842064;0,0;-0,3333333333333333;966788530
1790147940000;116-20260923-007;vehicle-897;55,7746952;37,5842064;0,0;-0,3333333333333333;966788530
1790148000000;116-20260923-007;vehicle-897;55,7746952;37,5842064;0,0;-0,3333333333333333;966788530
1790148060000;116-20260923-007;vehicle-897;55,7746952;37,5842064;0,0;-0,3333333333333333;966788530
1790148120000;116-20260923-007;vehicle-897;55,7746952;37,5842064;0,0;-0,3333333333333333;966788530
1790148180000;116-20260923-007;vehicle-897;55,7746952;37,5842064;0,0;-0,3333333333333333;966788530
1790148240000;116-20260923-007;vehicle-897;55,7746952;37,5842064;0,0;-0,3333333333333333;966788530
1790148300000;116-20260923-007;vehicle-897;55,7746952;37,5842064;0,0;-0,3333333333333333;966788530
1790148360000;116-20260923-007;vehicle-897;55,7746952;37,5842064;0,0;-0,3333333333333333;966788530
1790148420000;116-20260923-007;vehicle-897;55,7746952;37,5842064;0,0;-0,3333333333333333;966788530
1790148480000;116-20260923-007;vehicle-897;55,7746952;37,5842064;0,0;-0,3333333333333333;966788530
1790148540000;116-20260923-007;vehicle-897;55,7746952;37,5842064;0,0;-0,3333333333333333;966788530
1790148600000;116-20260923-007;vehicle-897;55,7746952;37,5842064;0,0;-0,3333333333333333;966788530
1790146800000;м1-20260923-000;vehicle-900;55,6740592;37,5249629;0,0;0,25;10030517751
1790146860000;м1-20260923-000;vehicle-900;55,674887;37,5261908;8,0;0,25;10030517718
1790146920000;м1-20260923-000;vehicle-900;55,6765451;37,5286155;8,0;0,25;4442981247
1790146980000;м1-20260923-000;vehicle-900;55,6781951;37,5310586;8,0;0,25;10030517717
1790147040000;м1-20260923-000;vehicle-900;55,6798847;37,533515;8,0;0,25;10030509216
1790147100000;м1-20260923-000;vehicle-900;55,6824214;37,5372617;0,0;0,25;10030509216
1790147160000;м1-20260923-000;vehicle-900;55,6848599;37,5408668;8,0;0,25;10030509215
1790147220000;м1-20260923-000;vehicle-900;55,6865204;37,5433292;8,0;0,25;10030517763
1790147280000;м1-20260923-000;vehicle-900;55,6881669;37,5457757;8,0;0,25;10030509214
1790147340000;м1-20260923-000;vehicle-900;55,6897924;37,5485877;0,0;0,25;10030509214
1790147400000;м1-20260923-000;vehicle-900;55,6920846;37,5526214;0,0;0,25;10030509213
1790147460000;м1-20260923-000;vehicle-900;55,6943252;37,5564953;8,0;0,25;10030517762
1790147520000;м1-20260923-000;vehicle-900;55,6958483;37,5591995;8,0;0,25;10030517761
1790147580000;м1-20260923-000;vehicle-900;55,6974101;37,5619679;0,0;0,25;10030517761
1790147640000;м1-20260923-000;vehicle-900;55,7001756;37,5668552;0,0;0,25;10030509212
1790147700000;м1-20260923-000;vehicle-900;55,7019428;37,5699872;8,0;0,25;10030509211
1790147760000;м1-20260923-000;vehicle-900;55,703492;37,5727099;8,0;0,25;10030509210
1790147820000;м1-20260923-000;vehicle-900;55,7049932;37,575477;8,0;0,25;3609899718
1790147880000;м1-20260923-000;vehicle-900;55,7064698;37,5782306;0,0;0,25;3609899718
1790147940000;м1-20260923-000;vehicle-900;55,7092195;37,5834567;0,0;0,25;10030517760
1790148000000;м1-20260923-000;vehicle-900;55,7111469;37,5861802;8,0;0,25;10030509209
1790148060000;м1-20260923-000;vehicle-900;55,7128767;37,5884966;8,0;0,25;10030509207
1790148120000;м1-20260923-000;vehicle-900;55,7150562;37,5914428;0,0;0,25;10030509207
1790148180000;м1-20260923-000;vehicle-900;55,7174937;37,5948765;0,0;0,25;10030509206
1790148240000;м1-20260923-000;vehicle-900;55,719657;37,5980323;8,0;0,25;10030517759
1790148300000;м1-20260923-000;vehicle-900;55,7213146;37,600482;8,0;0,25;10030509203
1790148360000;м1-20260923-000;vehicle-900;55,7242324;37,6048602;0,0;0,25;10030509203
1790148420000;м1-20260923-000;vehicle-900;55,7262742;37,6078429;8,0;0,25;9113867001
1790148480000;м1-20260923-000;vehicle-900;55,7282056;37,6110364;0,0;0,25;9113867001
1790148540000;м1-20260923-000;vehicle-900;55,7312996;37,6122626;0,0;0,25;9113867003
1790148600000;м1-20260923-000;vehicle-900;55,7339244;37,6128837;8,0;0,25;9113867005
1790146800000;м1-20260923-001;vehicle-901;55,6797188;37,5332717;0,0;0,25;10030517717
1790146860000;м1-20260923-001;vehicle-901;55,6815415;37,5359534;8,0;0,25;10030509216
1790146920000;м1-20260923-001;vehicle-901;55,6831981;37,538407;8,0;0,25;10030509215
1790146980000;м1-20260923-001;vehicle-901;55,6849151;37,5409491;0,0;0,25;10030509215
1790147040000;м1-20260923-001;vehicle-901;55,6874103;37,5446336;0,0;0,25;10030517763
1790147100000;м1-20260923-001;vehicle-901;55,6896945;37,5484054;8,0;0,25;10030509214
1790147160000;м1-20260923-001;vehicle-901;55,6912187;37,5510976;8,0;0,25;10030509213
1790147220000;м1-20260923-001;vehicle-901;55,6927661;37,5537852;8,0;0,25;10030517762
1790147280000;м1-20260923-001;vehicle-901;55,6949349;37,5576043;0,0;0,25;10030517762
1790147340000;м1-20260923-001;vehicle-901;55,6973596;37,5618788;8,0;0,25;10030517761
1790147400000;м1-20260923-001;vehicle-901;55,6988976;37,5645884;8,0;0,25;10030509212
1790147460000;м1-20260923-001;vehicle-901;55,7004282;37,5673024;8,0;0,25;10030509211
1790147520000;м1-20260923-001;vehicle-901;55,7025009;37,5709666;0,0;0,25;10030509211
1790147580000;м1-20260923-001;vehicle-901;55,7040545;37,5737391;0,0;0,25;10030509210
1790147640000;м1-20260923-001;vehicle-901;55,7064698;37,5782306;0,0;0,25;3609899718
1790147700000;м1-20260923-001;vehicle-901;55,7079371;37,5810397;8,0;0,25;10030517760
1790147760000;м1-20260923-001;vehicle-901;55,7094236;37,5838232;8,0;0,25;10030509209
1790147820000;м1-20260923-001;vehicle-901;55,7116098;37,5868025;0,0;0,25;10030509209
1790147880000;м1-20260923-001;vehicle-901;55,714604;37,5908074;8,0;0,25;10030509207
1790147940000;м1-20260923-001;vehicle-901;55,7163047;37,5931965;8,0;0,25;10030509206
1790148000000;м1-20260923-001;vehicle-901;55,717993;37,5956045;8,0;0,25;10030517759
1790148060000;м1-20260923-001;vehicle-901;55,7207611;37,5996621;0,0;0,25;10030517759
1790148120000;м1-20260923-001;vehicle-901;55,7229543;37,6029854;8,0;0,25;10030509203
1790148180000;м1-20260923-001;vehicle-901;55,7246153;37,6054317;8,0;0,25;9113867001
1790148240000;м1-20260923-001;vehicle-901;55,7278685;37,6103802;8,0;0,25;9113867001
1790148300000;м1-20260923-001;vehicle-901;55,7296275;37,6122865;8,0;0,25;9113867003
1790148360000;м1-20260923-001;vehicle-901;55,7318015;37,6122845;8,0;0,25;9113867005
1790148420000;м1-20260923-001;vehicle-901;55,7343449;37,6130469;0,0;0,25;9113867005
1790148480000;м1-20260923-001;vehicle-901;55,7374133;37,6148605;0,0;0,25;9113867008
1790148540000;м1-20260923-001;vehicle-901;55,7395964;37,6163024;0,0;0,25;9113867007
1790148600000;м1-20260923-001;vehicle-901;55,7420897;37,6159597;8,0;0,25;2443311250
1790146800000;м1-20260923-002;vehicle-902;55,6865204;37,5433292;8,0;0,25;10030517763
1790146860000;м1-20260923-002;vehicle-902;55,6881669;37,5457757;8,0;0,25;10030509214
1790146920000;м1-20260923-002;vehicle-902;55,6897924;37,5485877;0,0;0,25;10030509214
1790146980000;м1-20260923-002;vehicle-902;55,6920846;37,5526214;0,0;0,25;10030509213
1790147040000;м1-20260923-002;vehicle-902;55,6943252;37,5564953;8,0;0,25;10030517762
1790147100000;м1-20260923-002;vehicle-902;55,6958483;37,5591995;8,0;0,25;10030517761
1790147160000;м1-20260923-002;vehicle-902;55,6974101;37,5619679;0,0;0,25;10030517761
1790147220000;м1-20260923-002;vehicle-902;55,7001756;37,5668552;0,0;0,25;10030509212
1790147280000;м1-20260923-002;vehicle-902;55,7019428;37,5699872;8,0;0,25;10030509211
1790147340000;м1-20260923-002;vehicle-902;55,703492;37,5727099;8,0;0,25;10030509210
1790147400000;м1-20260923-002;vehicle-902;55,7049932;37,575477;8,0;0,25;3609899718
1790147460000;м1-20260923-002;vehicle-902;55,7064698;37,5782306;0,0;0,25;3609899718
1790147520000;м1-20260923-002;vehicle-902;55,7092195;37,5834567;0,0;0,25;10030517760
1790147580000;м1-20260923-002;vehicle-902;55,7111469;37,5861802;8,0;0,25;10030509209
1790147640000;м1-20260923-002;vehicle-902;55,7128767;37,5884966;8,0;0,25;10030509207
1790147700000;м1-20260923-002;vehicle-902;55,7150562;37,5914428;0,0;0,25;10030509207
1790147760000;м1-20260923-002;vehicle-902;55,7174937;37,5948765;0,0;0,25;10030509206
1790147820000;м1-20260923-002;vehicle-902;55,719657;37,5980323;8,0;0,25;10030517759
1790147880000;м1-20260923-002;vehicle-902;55,7213146;37,600482;8,0;0,25;10030509203
1790147940000;м1-20260923-002;vehicle-902;55,7242324;37,6048602;0,0;0,25;10030509203
1790148000000;м1-20260923-002;vehicle-902;55,7262742;37,6078429;8,0;0,25;9113867001
1790148060000;м1-20260923-002;vehicle-902;55,7282056;37,6110364;0,0;0,25;9113867001
1790148120000;м1-20260923-002;vehicle-902;55,7312996;37,6122626;0,0;0,25;9113867003
1790148180000;м1-20260923-002;vehicle-902;55,7339244;37,6128837;8,0;0,25;9113867005
1790148240000;м1-20260923-002;vehicle-902;55,7359975;37,6139237;8,0;0,25;9113867008
1790148300000;м1-20260923-002;vehicle-902;55,7380085;37,6152548;8,0;0,25;9113867007
1790148360000;м1-20260923-002;vehicle-902;55,7400045;37,6165709;8,0;0,25;2443311250
1790148420000;м1-20260923-002;vehicle-902;55,7437836;37,6148143;0,0;0,25;2443311250
1790148480000;м1-20260923-002;vehicle-902;55,7460823;37,6129999;8,0;0,25;1253685229
1790148540000;м1-20260923-002;vehicle-902;55,7497054;37,6093083;8,0;0,25;1253685229
1790148600000;м1-20260923-002;vehicle-902;55,7529412;37,6113549;0,0;0,25;1253685229
1790146800000;м1-20260923-003;vehicle-903;55,6927661;37,5537852;8,0;0,25;10030517762
1790146860000;м1-20260923-003;vehicle-903;55,6949349;37,5576043;0,0;0,25;10030517762
1790146920000;м1-20260923-003;vehicle-903;55,6973596;37,5618788;8,0;0,25;10030517761
1790146980000;м1-20260923-003;vehicle-903;55,6988976;37,5645884;8,0;0,25;10030509212
1790147040000;м1-20260923-003;vehicle-903;55,7004282;37,5673024;8,0;0,25;10030509211
1790147100000;м1-20260923-003;vehicle-903;55,7025009;37,5709666;0,0;0,25;10030509211
1790147160000;м1-20260923-003;vehicle-903;55,7040545;37,5737391;0,0;0,25;10030509210
1790147220000;м1-20260923-003;vehicle-903;55,7064698;37,5782306;0,0;0,25;3609899718
1790147280000;м1-20260923-003;vehicle-903;55,7079371;37,5810397;8,0;0,25;10030517760
1790147340000;м1-20260923-003;vehicle-903;55,7094236;37,5838232;8,0;0,25;10030509209
1790147400000;м1-20260923-003;vehicle-903;55,7116098;37,5868025;0,0;0,25;10030509209
1790147460000;м1-20260923-003;vehicle-903;55,714604;37,5908074;8,0;0,25;10030509207
1790147520000;м1-20260923-003;vehicle-903;55,7163047;37,5931965;8,0;0,25;10030509206
1790147580000;м1-20260923-003;vehicle-903;55,717993;37,5956045;8,0;0,25;10030517759
1790147640000;м1-20260923-003;vehicle-903;55,7207611;37,5996621;0,0;0,25;10030517759
1790147700000;м1-20260923-003;vehicle-903;55,7229543;37,6029854;8,0;0,25;10030509203
1790147760000;м1-20260923-003;vehicle-903;55,7246153;37,6054317;8,0;0,25;9113867001
1790147820000;м1-20260923-003;vehicle-903;55,7278685;37,6103802;8,0;0,25;9113867001
1790147880000;м1-20260923-003;vehicle-903;55,7296275;37,6122865;8,0;0,25;9113867003
1790147940000;м1-20260923-003;vehicle-903;55,7318015;37,6122845;8,0;0,25;9113867005
1790148000000;м1-20260923-003;vehicle-903;55,7343449;37,6130469;0,0;0,25;9113867005
1790148060000;м1-20260923-003;vehicle-903;55,7374133;37,6148605;0,0;0,25;9113867008
1790148120000;м1-20260923-003;vehicle-903;55,7395964;37,6163024;0,0;0,25;9113867007
1790148180000;м1-20260923-003;vehicle-903;55,7420897;37,6159597;8,0;0,25;2443311250
1790148240000;м1-20260923-003;vehicle-903;55,7441157;37,6145701;8,0;0,25;1253685229
1790148300000;м1-20260923-003;vehicle-903;55,7480395;37,6113911;8,0;0,25;1253685229
1790148360000;м1-20260923-003;vehicle-903;55,751764;37,6104346;8,0;0,25;1253685229
1790148420000;м1-20260923-003;vehicle-903;55,7537613;37,6117917;8,0;0,25;1253685308
1790148480000;м1-20260923-003;vehicle-903;55,7574021;37,6143247;8,0;0,25;1253685308
1790148540000;м1-20260923-003;vehicle-903;55,7591432;37,6120681;8,0;0,25;1253685159
1790148600000;м1-20260923-003;vehicle-903;55,7625036;37,6085075;0,0;0,25;1253685159
1790146800000;м1-20260923-004;vehicle-904;55,7001756;37,5668552;0,0;0,25;10030509212
1790146860000;м1-20260923-004;vehicle-904;55,7019428;37,5699872;8,0;0,25;10030509211
1790146920000;м1-20260923-004;vehicle-904;55,703492;37,5727099;8,0;0,25;10030509210
1790146980000;м1-20260923-004;vehicle-904;55,7049932;37,575477;8,0;0,25;3609899718
1790147040000;м1-20260923-004;vehicle-904;55,7064698;37,5782306;0,0;0,25;3609899718
1790147100000;м1-20260923-004;vehicle-904;55,7092195;37,5834567;0,0;0,25;10030517760
1790147160000;м1-20260923-004;vehicle-904;55,7111469;37,5861802;8,0;0,25;10030509209
1790147220000;м1-20260923-004;vehicle-904;55,7128767;37,5884966;8,0;0,25;10030509207
1790147280000;м1-20260923-004;vehicle-904;55,7150562;37,5914428;0,0;0,25;10030509207
1790147340000;м1-20260923-004;vehicle-904;55,7174937;37,5948765;0,0;0,25;10030509206
1790147400000;м1-20260923-004;vehicle-904;55,719657;37,5980323;8,0;0,25;10030517759
1790147460000;м1-20260923-004;vehicle-904;55,7213146;37,600482;8,0;0,25;10030509203
1790147520000;м1-20260923-004;vehicle-904;55,7242324;37,6048602;0,0;0,25;10030509203
1790147580000;м1-20260923-004;vehicle-904;55,7262742;37,6078429;8,0;0,25;9113867001
1790147640000;м1-20260923-004;vehicle-904;55,7282056;37,6110364;0,0;0,25;9113867001
1790147700000;м1-20260923-004;vehicle-904;55,7312996;37,6122626;0,0;0,25;9113867003
1790147760000;м1-20260923-004;vehicle-904;55,7339244;37,6128837;8,0;0,25;9113867005
1790147820000;м1-20260923-004;vehicle-904;55,7359975;37,6139237;8,0;0,25;9113867008
1790147880000;м1-20260923-004;vehicle-904;55,7380085;37,6152548;8,0;0,25;9113867007
1790147940000;м1-20260923-004;vehicle-904;55,7400045;37,6165709;8,0;0,25;2443311250
1790148000000;м1-20260923-004;vehicle-904;55,7437836;37,6148143;0,0;0,25;2443311250
1790148060000;м1-20260923-004;vehicle-904;55,7460823;37,6129999;8,0;0,25;1253685229
1790148120000;м1-20260923-004;vehicle-904;55,7497054;37,6093083;8,0;0,25;1253685229
1790148180000;м1-20260923-004;vehicle-904;55,7529412;37,6113549;0,0;0,25;1253685229
1790148240000;м1-20260923-004;vehicle-904;55,7556709;37,6134467;8,0;0,25;1253685308
1790148300000;м1-20260923-004;vehicle-904;55,7575462;37,6140434;0,0;0,25;1253685308
1790148360000;м1-20260923-004;vehicle-904;55,7610388;37,6101732;8,0;0,25;1253685159
1790148420000;м1-20260923-004;vehicle-904;55,7628552;37,6080624;8,0;0,25;1253685175
1790148480000;м1-20260923-004;vehicle-904;55,7657482;37,6036903;0,0;0,25;1253685175
1790148540000;м1-20260923-004;vehicle-904;55,7676199;37,6002606;8,0;0,25;1253685248
1790148600000;м1-20260923-004;vehicle-904;55,7691098;37,5975638;8,0;0,25;1253685322
1790146800000;м1-20260923-005;vehicle-905;55,7064698;37,5782306;0,0;0,25;3609899718
1790146860000;м1-20260923-005;vehicle-905;55,7079371;37,5810397;8,0;0,25;10030517760
1790146920000;м1-20260923-005;vehicle-905;55,7094236;37,5838232;8,0;0,25;10030509209
1790146980000;м1-20260923-005;vehicle-905;55,7116098;37,5868025;0,0;0,25;10030509209
1790147040000;м1-20260923-005;vehicle-905;55,714604;37,5908074;8,0;0,25;10030509207
1790147100000;м1-20260923-005;vehicle-905;55,7163047;37,5931965;8,0;0,25;10030509206
1790147160000;м1-20260923-005;vehicle-905;55,717993;37,5956045;8,0;0,25;10030517759
1790147220000;м1-20260923-005;vehicle-905;55,7207611;37,5996621;0,0;0,25;10030517759
1790147280000;м1-20260923-005;vehicle-905;55,7229543;37,6029854;8,0;0,25;10030509203
1790147340000;м1-20260923-005;vehicle-905;55,7246153;37,6054317;8,0;0,25;9113867001
1790147400000;м1-20260923-005;vehicle-905;55,7278685;37,6103802;8,0;0,25;9113867001
1790147460000;м1-20260923-005;vehicle-905;55,7296275;37,6122865;8,0;0,25;9113867003
1790147520000;м1-20260923-005;vehicle-905;55,7318015;37,6122845;8,0;0,25;9113867005
1790147580000;м1-20260923-005;vehicle-905;55,7343449;37,6130469;0,0;0,25;9113867005
1790147640000;м1-20260923-005;vehicle-905;55,7374133;37,6148605;0,0;0,25;9113867008
1790147700000;м1-20260923-005;vehicle-905;55,7395964;37,6163024;0,0;0,25;9113867007
1790147760000;м1-20260923-005;vehicle-905;55,7420897;37,6159597;8,0;0,25;2443311250
1790147820000;м1-20260923-005;vehicle-905;55,7441157;37,6145701;8,0;0,25;1253685229
1790147880000;м1-20260923-005;vehicle-905;55,7480395;37,6113911;8,0;0,25;1253685229
1790147940000;м1-20260923-005;vehicle-905;55,751764;37,6104346;8,0;0,25;1253685229
1790148000000;м1-20260923-005;vehicle-905;55,7537613;37,6117917;8,0;0,25;1253685308
1790148060000;м1-20260923-005;vehicle-905;55,7574021;37,6143247;8,0;0,25;1253685308
1790148120000;м1-20260923-005;vehicle-905;55,7591432;37,6120681;8,0;0,25;1253685159
1790148180000;м1-20260923-005;vehicle-905;55,7625036;37,6085075;0,0;0,25;1253685159
1790148240000;м1-20260923-005;vehicle-905;55,7646037;37,6058141;8,0;0,25;1253685175
1790148300000;м1-20260923-005;vehicle-905;55,7661015;37,60304;8,0;0,25;1253685248
1790148360000;м1-20260923-005;vehicle-905;55,7676694;37,6001661;0,0;0,25;1253685248
1790148420000;м1-20260923-005;vehicle-905;55,7705421;37,5953161;0,0;0,25;1253685322
1790148480000;м1-20260923-005;vehicle-905;55,7722906;37,592342;8,0;0,25;1253685220
1790148540000;м1-20260923-005;vehicle-905;55,7738547;37,5897017;8,0;0,25;1253685305
1790148600000;м1-20260923-005;vehicle-905;55,7753899;37,5870515;8,0;0,25;5041554170
1790146800000;м1-20260923-006;vehicle-906;55,7128767;37,5884966;8,0;0,25;10030509207
1790146860000;м1-20260923-006;vehicle-906;55,7150562;37,5914428;0,0;0,25;10030509207
1790146920000;м1-20260923-006;vehicle-906;55,7174937;37,5948765;0,0;0,25;10030509206
1790146980000;м1-20260923-006;vehicle-906;55,719657;37,5980323;8,0;0,25;10030517759
1790147040000;м1-20260923-006;vehicle-906;55,7213146;37,600482;8,0;0,25;10030509203
1790147100000;м1-20260923-006;vehicle-906;55,7242324;37,6048602;0,0;0,25;10030509203
1790147160000;м1-20260923-006;vehicle-906;55,7262742;37,6078429;8,0;0,25;9113867001
1790147220000;м1-20260923-006;vehicle-906;55,7282056;37,6110364;0,0;0,25;9113867001
1790147280000;м1-20260923-006;vehicle-906;55,7312996;37,6122626;0,0;0,25;9113867003
1790147340000;м1-20260923-006;vehicle-906;55,7339244;37,6128837;8,0;0,25;9113867005
1790147400000;м1-20260923-006;vehicle-906;55,7359975;37,6139237;8,0;0,25;9113867008
1790147460000;м1-20260923-006;vehicle-906;55,7380085;37,6152548;8,0;0,25;9113867007
1790147520000;м1-20260923-006;vehicle-906;55,7400045;37,6165709;8,0;0,25;2443311250
1790147580000;м1-20260923-006;vehicle-906;55,7437836;37,6148143;0,0;0,25;2443311250
1790147640000;м1-20260923-006;vehicle-906;55,7460823;37,6129999;8,0;0,25;1253685229
1790147700000;м1-20260923-006;vehicle-906;55,7497054;37,6093083;8,0;0,25;1253685229
1790147760000;м1-20260923-006;vehicle-906;55,7529412;37,6113549;0,0;0,25;1253685229
1790147820000;м1-20260923-006;vehicle-906;55,7556709;37,6134467;8,0;0,25;1253685308
1790147880000;м1-20260923-006;vehicle-906;55,7575462;37,6140434;0,0;0,25;1253685308
1790147940000;м1-20260923-006;vehicle-906;55,7610388;37,6101732;8,0;0,25;1253685159
1790148000000;м1-20260923-006;vehicle-906;55,7628552;37,6080624;8,0;0,25;1253685175
1790148060000;м1-20260923-006;vehicle-906;55,7657482;37,6036903;0,0;0,25;1253685175
1790148120000;м1-20260923-006;vehicle-906;55,7676199;37,6002606;8,0;0,25;1253685248
1790148180000;м1-20260923-006;vehicle-906;55,7691098;37,5975638;8,0;0,25;1253685322
1790148240000;м1-20260923-006;vehicle-906;55,7707012;37,5950458;8,0;0,25;1253685220
1790148300000;м1-20260923-006;vehicle-906;55,7726083;37,5918008;0,0;0,25;1253685220
1790148360000;м1-20260923-006;vehicle-906;55,7748853;37,5879374;0,0;0,25;1253685305
1790148420000;м1-20260923-006;vehicle-906;55,7766422;37,5848201;0,0;0,25;5041554170
1790148480000;м1-20260923-006;vehicle-906;55,7783192;37,5814464;8,0;0,25;1253685272
1790148540000;м1-20260923-006;vehicle-906;55,7798996;37,5788533;0,0;0,25;1253685272
1790148600000;м1-20260923-006;vehicle-906;55,7816081;37,575182;0,0;0,25;1253685152
1790146800000;м1-20260923-007;vehicle-907;55,7215857;37,6009038;8,0;-0,3333333333333333;10030509203
1790146860000;м1-20260923-007;vehicle-907;55,7242324;37,6048602;0,0;-0,3333333333333333;10030509203
1790146920000;м1-20260923-007;vehicle-907;55,7265509;37,6082442;8,0;-0,3333333333333333;9113867001
1790146980000;м1-20260923-007;vehicle-907;55,7282056;37,6110364;0,0;-0,3333333333333333;9113867001
1790147040000;м1-20260923-007;vehicle-907;55,7312996;37,6122626;0,0;-0,3333333333333333;9113867003
1790147100000;м1-20260923-007;vehicle-907;55,7342748;37,6130197;8,0;-0,3333333333333333;9113867005
1790147160000;м1-20260923-007;vehicle-907;55,7363343;37,614148;8,0;-0,3333333333333333;9113867008
1790147220000;м1-20260923-007;vehicle-907;55,7383391;37,6154739;8,0;-0,3333333333333333;9113867007
1790147280000;м1-20260923-007;vehicle-907;55,7403509;37,6167595;8,0;-0,3333333333333333;2443311250
1790147340000;м1-20260923-007;vehicle-907;55,7437836;37,6148143;0,0;-0,3333333333333333;2443311250
1790147400000;м1-20260923-007;vehicle-907;55,7464085;37,6127317;8,0;-0,3333333333333333;1253685229
1790147460000;м1-20260923-007;vehicle-907;55,7500545;37,6094502;8,0;-0,3333333333333333;1253685229
1790147520000;м1-20260923-007;vehicle-907;55,7529412;37,6113549;0,0;-0,3333333333333333;1253685229
1790147580000;м1-20260923-007;vehicle-907;55,7559732;37,6137833;8,0;-0,3333333333333333;1253685308
1790147640000;м1-20260923-007;vehicle-907;55,757648;37,6138599;8,0;-0,3333333333333333;1253685159
1790147700000;м1-20260923-007;vehicle-907;55,7613536;37,6098537;8,0;-0,3333333333333333;1253685159
1790147760000;м1-20260923-007;vehicle-907;55,7631476;37,60769;8,0;-0,3333333333333333;1253685175
1790147820000;м1-20260923-007;vehicle-907;55,7657482;37,6036903;0,0;-0,3333333333333333;1253685175
1790147880000;м1-20260923-007;vehicle-907;55,7676694;37,6001661;0,0;-0,3333333333333333;1253685248
1790147940000;м1-20260923-007;vehicle-907;55,7693629;37,5971235;8,0;-0,3333333333333333;1253685322
1790148000000;м1-20260923-007;vehicle-907;55,7709662;37,5945954;8,0;-0,3333333333333333;1253685220
1790148060000;м1-20260923-007;vehicle-907;55,7726083;37,5918008;0,0;-0,3333333333333333;1253685220
1790148120000;м1-20260923-007;vehicle-907;55,7748853;37,5879374;0,0;-0,3333333333333333;1253685305
1790148180000;м1-20260923-007;vehicle-907;55,7766422;37,5848201;0,0;-0,3333333333333333;5041554170
1790148240000;м1-20260923-007;vehicle-907;55,7785711;37,5809887;8,0;-0,3333333333333333;1253685272
1790148300000;м1-20260923-007;vehicle-907;55,780129;37,5783551;8,0;-0,3333333333333333;1253685152
1790148360000;м1-20260923-007;vehicle-907;55,7816081;37,575182;0,0;-0,3333333333333333;1253685152
1790148420000;м1-20260923-007;vehicle-907;55,782884;37,5723892;0,0;-0,3333333333333333;1253685235
1790148480000;м1-20260923-007;vehicle-907;55,7849872;37,5678453;0,0;-0,3333333333333333;1253685318
1790148540000;м1-20260923-007;vehicle-907;55,7869681;37,5634562;8,0;-0,3333333333333333;1253685218
1790148600000;м1-20260923-007;vehicle-907;55,7888881;37,559142;0,0;-0,3333333333333333;1253685218
1790146800000;418-20260923-000;vehicle-910;55,7926128;37,6331945;0,0;0,25;1032423329
1790146860000;418-20260923-000;vehicle-910;55,7919261;37,6324928;8,0;0,25;10742508013
1790146920000;418-20260923-000;vehicle-910;55,7926349;37,627398;0,0;0,25;10742508013
1790146980000;418-20260923-000;vehicle-910;55,792829;37,6238154;0,0;0,25;10742508012
1790147040000;418-20260923-000;vehicle-910;55,793269;37,6181949;0,0;0,25;3617771183
1790147100000;418-20260923-000;vehicle-910;55,7933203;37,6143805;0,0;0,25;10769947765
1790147160000;418-20260923-000;vehicle-910;55,7931428;37,6099022;8,0;0,25;10769947764
1790147220000;418-20260923-000;vehicle-910;55,7929405;37,6061011;8,0;0,25;10769947766
1790147280000;418-20260923-000;vehicle-910;55,7927283;37,6023303;8,0;0,25;10769940169
1790147340000;418-20260923-000;vehicle-910;55,7923026;37,5949606;0,0;0,25;10769940169
1790147400000;418-20260923-000;vehicle-910;55,7923551;37,5908455;8,0;0,25;10770758620
1790147460000;418-20260923-000;vehicle-910;55,7889124;37,5882979;0,0;0,25;10770758620
1790147520000;418-20260923-000;vehicle-910;55,7867873;37,5877058;8,0;0,25;10770758618
1790147580000;418-20260923-000;vehicle-910;55,7846656;37,5870978;8,0;0,25;1136163537
1790147640000;418-20260923-000;vehicle-910;55,780493;37,5859149;0,0;0,25;1136163537
1790147700000;418-20260923-000;vehicle-910;55,7785408;37,5853444;0,0;0,25;10770758615
1790147760000;418-20260923-000;vehicle-910;55,7773244;37,5828086;8,0;0,25;5129194363
1790147820000;418-20260923-000;vehicle-910;55,775426;37,5831198;8,0;0,25;10599880588
1790147880000;418-20260923-000;vehicle-910;55,7742388;37,5802953;8,0;0,25;10599880590
1790147940000;418-20260923-000;vehicle-910;55,7731141;37,5769818;8,0;0,25;10599880595
1790148000000;418-20260923-000;vehicle-910;55,7720463;37,5716635;0,0;0,25;10599880595
1790148060000;418-20260923-000;vehicle-910;55,7704061;37,5670162;8,0;0,25;10599880596
1790148120000;418-20260923-000;vehicle-910;55,7689659;37,5652651;8,0;0,25;10599880600
1790148180000;418-20260923-000;vehicle-910;55,7668261;37,5646581;8,0;0,25;8185422663
1790148240000;418-20260923-000;vehicle-910;55,7637349;37,5637731;0,0;0,25;8185422663
1790148300000;418-20260923-000;vehicle-910;55,7607265;37,5613262;8,0;0,25;10601114153
1790148360000;418-20260923-000;vehicle-910;55,7590182;37,5592702;8,0;0,25;10601114156
1790148420000;418-20260923-000;vehicle-910;55,7584623;37,5522625;0,0;0,25;10601114156
1790148480000;418-20260923-000;vehicle-910;55,7577237;37,5480146;8,0;0,25;10601114158
1790148540000;418-20260923-000;vehicle-910;55,7571599;37,5443279;8,0;0,25;10599895153
1790148600000;418-20260923-000;vehicle-910;55,7569541;37,540219;0,0;0,25;10599895153
1790146800000;418-20260923-001;vehicle-911;55,7930552;37,6213989;8,0;0,25;3617771183
1790146860000;418-20260923-001;vehicle-911;55,7933042;37,6175608;8,0;0,25;10769947765
1790146920000;418-20260923-001;vehicle-911;55,7932988;37,6137403;8,0;0,25;10769947764
1790146980000;418-20260923-001;vehicle-911;55,7930415;37,6074717;0,0;0,25;10769947764
1790147040000;418-20260923-001;vehicle-911;55,7927744;37,6034792;0,0;0,25;10769947766
1790147100000;418-20260923-001;vehicle-911;55,7924929;37,5985156;8,0;0,25;10769940169
1790147160000;418-20260923-001;vehicle-911;55,7923159;37,5947044;8,0;0,25;10770758620
1790147220000;418-20260923-001;vehicle-911;55,7910719;37,5885449;8,0;0,25;10770758620
1790147280000;418-20260923-001;vehicle-911;55,7889124;37,5882979;0,0;0,25;10770758620
1790147340000;418-20260923-001;vehicle-911;55,7862912;37,5875705;0,0;0,25;10770758618
1790147400000;418-20260923-001;vehicle-911;55,7825444;37,5864913;8,0;0,25;1136163537
1790147460000;418-20260923-001;vehicle-911;55,7804207;37,585894;8,0;0,25;10770758615
1790147520000;418-20260923-001;vehicle-911;55,7782667;37,5852291;8,0;0,25;5129194363
1790147580000;418-20260923-001;vehicle-911;55,7770584;37,5823941;0,0;0,25;5129194363
1790147640000;418-20260923-001;vehicle-911;55,7749865;37,5825288;0,0;0,25;10599880588
1790147700000;418-20260923-001;vehicle-911;55,7735191;37,5781835;0,0;0,25;10599880590
1790147760000;418-20260923-001;vehicle-911;55,7727278;37,5734533;8,0;0,25;10599880595
1790147820000;418-20260923-001;vehicle-911;55,7715499;37,5702591;8,0;0,25;10599880596
1790147880000;418-20260923-001;vehicle-911;55,7700976;37,5661553;0,0;0,25;10599880596
1790147940000;418-20260923-001;vehicle-911;55,7669668;37,5646972;0,0;0,25;10599880600
1790148000000;418-20260923-001;vehicle-911;55,7647174;37,5640662;8,0;0,25;8185422663
1790148060000;418-20260923-001;vehicle-911;55,7626676;37,5630357;8,0;0,25;10601114153
1790148120000;418-20260923-001;vehicle-911;55,7599343;37,5606996;0,0;0,25;10601114153
1790148180000;418-20260923-001;vehicle-911;55,7587916;37,5554227;8,0;0,25;10601114156
1790148240000;418-20260923-001;vehicle-911;55,7583548;37,5516567;8,0;0,25;10601114158
1790148300000;418-20260923-001;vehicle-911;55,7572849;37,5451999;0,0;0,25;10601114158
1790148360000;418-20260923-001;vehicle-911;55,7565099;37,5408772;8,0;0,25;10599895153
1790148420000;418-20260923-001;vehicle-911;55,7583019;37,5388332;8,0;0,25;10624387952
1790148480000;418-20260923-001;vehicle-911;55,760386;37,5392304;8,0;0,25;10599895158
1790148540000;418-20260923-001;vehicle-911;55,7619238;37,5385082;8,0;0,25;10770786423
1790148600000;418-20260923-001;vehicle-911;55,7650882;37,5377387;0,0;0,25;10770786423
1790146800000;418-20260923-002;vehicle-912;55,7929405;37,6061011;8,0;0,25;10769947766
1790146860000;418-20260923-002;vehicle-912;55,7927283;37,6023303;8,0;0,25;10769940169
1790146920000;418-20260923-002;vehicle-912;55,7923026;37,5949606;0,0;0,25;10769940169
1790146980000;418-20260923-002;vehicle-912;55,7923551;37,5908455;8,0;0,25;10770758620
1790147040000;418-20260923-002;vehicle-912;55,7889124;37,5882979;0,0;0,25;10770758620
1790147100000;418-20260923-002;vehicle-912;55,7867873;37,5877058;8,0;0,25;10770758618
1790147160000;418-20260923-002;vehicle-912;55,7846656;37,5870978;8,0;0,25;1136163537
1790147220000;418-20260923-002;vehicle-912;55,780493;37,5859149;0,0;0,25;1136163537
1790147280000;418-20260923-002;vehicle-912;55,7785408;37,5853444;0,0;0,25;10770758615
1790147340000;418-20260923-002;vehicle-912;55,7773244;37,5828086;8,0;0,25;5129194363
1790147400000;418-20260923-002;vehicle-912;55,775426;37,5831198;8,0;0,25;10599880588
1790147460000;418-20260923-002;vehicle-912;55,7742388;37,5802953;8,0;0,25;10599880590
1790147520000;418-20260923-002;vehicle-912;55,7731141;37,5769818;8,0;0,25;10599880595
1790147580000;418-20260923-002;vehicle-912;55,7720463;37,5716635;0,0;0,25;10599880595
1790147640000;418-20260923-002;vehicle-912;55,7704061;37,5670162;8,0;0,25;10599880596
1790147700000;418-20260923-002;vehicle-912;55,7689659;37,5652651;8,0;0,25;10599880600
1790147760000;418-20260923-002;vehicle-912;55,7668261;37,5646581;8,0;0,25;8185422663
1790147820000;418-20260923-002;vehicle-912;55,7637349;37,5637731;0,0;0,25;8185422663
1790147880000;418-20260923-002;vehicle-912;55,7607265;37,5613262;8,0;0,25;10601114153
1790147940000;418-20260923-002;vehicle-912;55,7590182;37,5592702;8,0;0,25;10601114156
1790148000000;418-20260923-002;vehicle-912;55,7584623;37,5522625;0,0;0,25;10601114156
1790148060000;418-20260923-002;vehicle-912;55,7577237;37,5480146;8,0;0,25;10601114158
1790148120000;418-20260923-002;vehicle-912;55,7571599;37,5443279;8,0;0,25;10599895153
1790148180000;418-20260923-002;vehicle-912;55,7569541;37,540219;0,0;0,25;10599895153
1790148240000;418-20260923-002;vehicle-912;55,7588507;37,5386302;0,0;0,25;10624387952
1790148300000;418-20260923-002;vehicle-912;55,7614331;37,5396379;0,0;0,25;10599895158
1790148360000;418-20260923-002;vehicle-912;55,7631951;37,5370198;8,0;0,25;10770786423
1790148420000;418-20260923-002;vehicle-912;55,7653031;37,5378224;8,0;0,25;10770786422
1790148480000;418-20260923-002;vehicle-912;55,7653359;37,5408116;8,0;0,25;10624387951
1790148540000;418-20260923-002;vehicle-912;55,7646177;37,5408693;0,0;0,25;10624387951
1790148600000;418-20260923-002;vehicle-912;55,7646177;37,5408693;0,0;0,25;10624387951
1790146800000;418-20260923-003;vehicle-913;55,7910719;37,5885449;8,0;0,25;10770758620
1790146860000;418-20260923-003;vehicle-913;55,7889124;37,5882979;0,0;0,25;10770758620
1790146920000;418-20260923-003;vehicle-913;55,7862912;37,5875705;0,0;0,25;10770758618
1790146980000;418-20260923-003;vehicle-913;55,7825444;37,5864913;8,0;0,25;1136163537
1790147040000;418-20260923-003;vehicle-913;55,7804207;37,585894;8,0;0,25;10770758615
1790147100000;418-20260923-003;vehicle-913;55,7782667;37,5852291;8,0;0,25;5129194363
1790147160000;418-20260923-003;vehicle-913;55,7770584;37,5823941;0,0;0,25;5129194363
1790147220000;418-20260923-003;vehicle-913;55,7749865;37,5825288;0,0;0,25;10599880588
1790147280000;418-20260923-003;vehicle-913;55,7735191;37,5781835;0,0;0,25;10599880590
1790147340000;418-20260923-003;vehicle-913;55,7727278;37,5734533;8,0;0,25;10599880595
1790147400000;418-20260923-003;vehicle-913;55,7715499;37,5702591;8,0;0,25;10599880596
1790147460000;418-20260923-003;vehicle-913;55,7700976;37,5661553;0,0;0,25;10599880596
1790147520000;418-20260923-003;vehicle-913;55,7669668;37,5646972;0,0;0,25;10599880600
1790147580000;418-20260923-003;vehicle-913;55,7647174;37,5640662;8,0;0,25;8185422663
1790147640000;418-20260923-003;vehicle-913;55,7626676;37,5630357;8,0;0,25;10601114153
1790147700000;418-20260923-003;vehicle-913;55,7599343;37,5606996;0,0;0,25;10601114153
1790147760000;418-20260923-003;vehicle-913;55,7587916;37,5554227;8,0;0,25;10601114156
1790147820000;418-20260923-003;vehicle-913;55,7583548;37,5516567;8,0;0,25;10601114158
1790147880000;418-20260923-003;vehicle-913;55,7572849;37,5451999;0,0;0,25;10601114158
1790147940000;418-20260923-003;vehicle-913;55,7565099;37,5408772;8,0;0,25;10599895153
1790148000000;418-20260923-003;vehicle-913;55,7583019;37,5388332;8,0;0,25;10624387952
1790148060000;418-20260923-003;vehicle-913;55,760386;37,5392304;8,0;0,25;10599895158
1790148120000;418-20260923-003;vehicle-913;55,7619238;37,5385082;8,0;0,25;10770786423
1790148180000;418-20260923-003;vehicle-913;55,7650882;37,5377387;0,0;0,25;10770786423
1790148240000;418-20260923-003;vehicle-913;55,7655522;37,5400178;0,0;0,25;10770786422
1790148300000;418-20260923-003;vehicle-913;55,7646177;37,5408693;0,0;0,25;10624387951
1790148360000;418-20260923-003;vehicle-913;55,7646177;37,5408693;0,0;0,25;10624387951
1790148420000;418-20260923-003;vehicle-913;55,7646177;37,5408693;0,0;0,25;10624387951
1790148480000;418-20260923-003;vehicle-913;55,7646177;37,5408693;0,0;0,25;10624387951
1790148540000;418-20260923-003;vehicle-913;55,7646177;37,5408693;0,0;0,25;10624387951
1790148600000;418-20260923-003;vehicle-913;55,7646177;37,5408693;0,0;0,25;10624387951
1790146800000;418-20260923-004;vehicle-914;55,780493;37,5859149;0,0;0,25;1136163537
1790146860000;418-20260923-004;vehicle-914;55,7785408;37,5853444;0,0;0,25;10770758615
1790146920000;418-20260923-004;vehicle-914;55,7773244;37,5828086;8,0;0,25;5129194363
1790146980000;418-20260923-004;vehicle-914;55,775426;37,5831198;8,0;0,25;10599880588
1790147040000;418-20260923-004;vehicle-914;55,7742388;37,5802953;8,0;0,25;10599880590
1790147100000;418-20260923-004;vehicle-914;55,7731141;37,5769818;8,0;0,25;10599880595
1790147160000;418-20260923-004;vehicle-914;55,7720463;37,5716635;0,0;0,25;10599880595
1790147220000;418-20260923-004;vehicle-914;55,7704061;37,5670162;8,0;0,25;10599880596
1790147280000;418-20260923-004;vehicle-914;55,7689659;37,5652651;8,0;0,25;10599880600
1790147340000;418-20260923-004;vehicle-914;55,7668261;37,5646581;8,0;0,25;8185422663
1790147400000;418-20260923-004;vehicle-914;55,7637349;37,5637731;0,0;0,25;8185422663
1790147460000;418-20260923-004;vehicle-914;55,7607265;37,5613262;8,0;0,25;10601114153
1790147520000;418-20260923-004;vehicle-914;55,7590182;37,5592702;8,0;0,25;10601114156
1790147580000;418-20260923-004;vehicle-914;55,7584623;37,5522625;0,0;0,25;10601114156
1790147640000;418-20260923-004;vehicle-914;55,7577237;37,5480146;8,0;0,25;10601114158
1790147700000;418-20260923-004;vehicle-914;55,7571599;37,5443279;8,0;0,25;10599895153
1790147760000;418-20260923-004;vehicle-914;55,7569541;37,540219;0,0;0,25;10599895153
1790147820000;418-20260923-004;vehicle-914;55,7588507;37,5386302;0,0;0,25;10624387952
1790147880000;418-20260923-004;vehicle-914;55,7614331;37,5396379;0,0;0,25;10599895158
1790147940000;418-20260923-004;vehicle-914;55,7631951;37,5370198;8,0;0,25;10770786423
1790148000000;418-20260923-004;vehicle-914;55,7653031;37,5378224;8,0;0,25;10770786422
1790148060000;418-20260923-004;vehicle-914;55,7653359;37,5408116;8,0;0,25;10624387951
1790148120000;418-20260923-004;vehicle-914;55,7646177;37,5408693;0,0;0,25;10624387951
1790148180000;418-20260923-004;vehicle-914;55,7646177;37,5408693;0,0;0,25;10624387951
1790148240000;418-20260923-004;vehicle-914;55,7646177;37,5408693;0,0;0,25;10624387951
1790148300000;418-20260923-004;vehicle-914;55,7646177;37,5408693;0,0;0,25;10624387951
1790148360000;418-20260923-004;vehicle-914;55,7646177;37,5408693;0,0;0,25;10624387951
1790148420000;418-20260923-004;vehicle-914;55,7646177;37,5408693;0,0;0,25;10624387951
1790148480000;418-20260923-004;vehicle-914;55,7646177;37,5408693;0,0;0,25;10624387951
1790148540000;418-20260923-004;vehicle-914;55,7646177;37,5408693;0,0;0,25;10624387951
1790148600000;418-20260923-004;vehicle-914;55,7646177;37,5408693;0,0;0,25;10624387951
1790146800000;418-20260923-005;vehicle-915;55,7749865;37,5825288;0,0;0,25;10599880588
1790146860000;418-20260923-005;vehicle-915;55,7735191;37,5781835;0,0;0,25;10599880590
1790146920000;418-20260923-005;vehicle-915;55,7727278;37,5734533;8,0;0,25;10599880595
1790146980000;418-20260923-005;vehicle-915;55,7715499;37,5702591;8,0;0,25;10599880596
1790147040000;418-20260923-005;vehicle-915;55,7700976;37,5661553;0,0;0,25;10599880596
1790147100000;418-20260923-005;vehicle-915;55,7669668;37,5646972;0,0;0,25;10599880600
1790147160000;418-20260923-005;vehicle-915;55,7647174;37,5640662;8,0;0,25;8185422663
1790147220000;418-20260923-005;vehicle-915;55,7626676;37,5630357;8,0;0,25;10601114153
1790147280000;418-20260923-005;vehicle-915;55,7599343;37,5606996;0,0;0,25;10601114153
1790147340000;418-20260923-005;vehicle-915;55,7587916;37,5554227;8,0;0,25;10601114156
1790147400000;418-20260923-005;vehicle-915;55,7583548;37,5516567;8,0;0,25;10601114158
1790147460000;418-20260923-005;vehicle-915;55,7572849;37,5451999;0,0;0,25;10601114158
1790147520000;418-20260923-005;vehicle-915;55,7565099;37,5408772;8,0;0,25;10599895153
1790147580000;418-20260923-005;vehicle-915;55,7583019;37,5388332;8,0;0,25;10624387952
1790147640000;418-20260923-005;vehicle-915;55,760386;37,5392304;8,0;0,25;10599895158
1790147700000;418-20260923-005;vehicle-915;55,7619238;37,5385082;8,0;0,25;10770786423
1790147760000;418-20260923-005;vehicle-915;55,7650882;37,5377387;0,0;0,25;10770786423
1790147820000;418-20260923-005;vehicle-915;55,7655522;37,5400178;0,0;0,25;10770786422
1790147880000;418-20260923-005;vehicle-915;55,7646177;37,5408693;0,0;0,25;10624387951
1790147940000;418-20260923-005;vehicle-915;55,7646177;37,5408693;0,0;0,25;10624387951
1790148000000;418-20260923-005;vehicle-915;55,7646177;37,5408693;0,0;0,25;10624387951
1790148060000;418-20260923-005;vehicle-915;55,7646177;37,5408693;0,0;0,25;10624387951
1790148120000;418-20260923-005;vehicle-915;55,7646177;37,5408693;0,0;0,25;10624387951
1790148180000;418-20260923-005;vehicle-915;55,7646177;37,5408693;0,0;0,25;10624387951
1790148240000;418-20260923-005;vehicle-915;55,7646177;37,5408693;0,0;0,25;10624387951
1790148300000;418-20260923-005;vehicle-915;55,7646177;37,5408693;0,0;0,25;10624387951
1790148360000;418-20260923-005;vehicle-915;55,7646177;37,5408693;0,0;0,25;10624387951
1790148420000;418-20260923-005;vehicle-915;55,7646177;37,5408693;0,0;0,25;10624387951
1790148480000;418-20260923-005;vehicle-915;55,7646177;37,5408693;0,0;0,25;10624387951
1790148540000;418-20260923-005;vehicle-915;55,7646177;37,5408693;0,0;0,25;10624387951
1790148600000;418-20260923-005;vehicle-915;55,7646177;37,5408693;0,0;0,25;10624387951
1790146800000;418-20260923-006;vehicle-916;55,7704061;37,5670162;8,0;0,25;10599880596
1790146860000;418-20260923-006;vehicle-916;55,7689659;37,5652651;8,0;0,25;10599880600
1790146920000;418-20260923-006;vehicle-916;55,7668261;37,5646581;8,0;0,25;8185422663
1790146980000;418-20260923-006;vehicle-916;55,7637349;37,5637731;0,0;0,25;8185422663
1790147040000;418-20260923-006;vehicle-916;55,7607265;37,5613262;8,0;0,25;10601114153
1790147100000;418-20260923-006;vehicle-916;55,7590182;37,5592702;8,0;0,25;10601114156
1790147160000;418-20260923-006;vehicle-916;55,7584623;37,5522625;0,0;0,25;10601114156
1790147220000;418-20260923-006;vehicle-916;55,7577237;37,5480146;8,0;0,25;10601114158
1790147280000;418-20260923-006;vehicle-916;55,7571599;37,5443279;8,0;0,25;10599895153
1790147340000;418-20260923-006;vehicle-916;55,7569541;37,540219;0,0;0,25;10599895153
1790147400000;418-20260923-006;vehicle-916;55,7588507;37,5386302;0,0;0,25;10624387952
1790147460000;418-20260923-006;vehicle-916;55,7614331;37,5396379;0,0;0,25;10599895158
1790147520000;418-20260923-006;vehicle-916;55,7631951;37,5370198;8,0;0,25;10770786423
1790147580000;418-20260923-006;vehicle-916;55,7653031;37,5378224;8,0;0,25;10770786422
1790147640000;418-20260923-006;vehicle-916;55,7653359;37,5408116;8,0;0,25;10624387951
1790147700000;418-20260923-006;vehicle-916;55,7646177;37,5408693;0,0;0,25;10624387951
1790147760000;418-20260923-006;vehicle-916;55,7646177;37,5408693;0,0;0,25;10624387951
1790147820000;418-20260923-006;vehicle-916;55,7646177;37,5408693;0,0;0,25;10624387951
1790147880000;418-20260923-006;vehicle-916;55,7646177;37,5408693;0,0;0,25;10624387951
1790147940000;418-20260923-006;vehicle-916;55,7646177;37,5408693;0,0;0,25;10624387951
1790148000000;418-20260923-006;vehicle-916;55,7646177;37,5408693;0,0;0,25;10624387951
1790148060000;418-20260923-006;vehicle-916;55,7646177;37,5408693;0,0;0,25;10624387951
1790148120000;418-20260923-006;vehicle-916;55,7646177;37,5408693;0,0;0,25;10624387951
1790148180000;418-20260923-006;vehicle-916;55,7646177;37,5408693;0,0;0,25;10624387951
1790148240000;418-20260923-006;vehicle-916;55,7646177;37,5408693;0,0;0,25;10624387951
1790148300000;418-20260923-006;vehicle-916;55,7646177;37,5408693;0,0;0,25;10624387951
1790148360000;418-20260923-006;vehicle-916;55,7646177;37,5408693;0,0;0,25;10624387951
1790148420000;418-20260923-006;vehicle-916;55,7646177;37,5408693;0,0;0,25;10624387951
1790148480000;418-20260923-006;vehicle-916;55,7646177;37,5408693;0,0;0,25;10624387951
1790148540000;418-20260923-006;vehicle-916;55,7646177;37,5408693;0,0;0,25;10624387951
1790148600000;418-20260923-006;vehicle-916;55,7646177;37,5408693;0,0;0,25;10624387951
1790146800000;418-20260923-007;vehicle-917;55,7603964;37,5610651;8,0;-0,3333333333333333;10601114153
1790146860000;418-20260923-007;vehicle-917;55,7589772;37,5586296;8,0;-0,3333333333333333;10601114156
1790146920000;418-20260923-007;vehicle-917;55,7584623;37,5522625;0,0;-0,3333333333333333;10601114156
1790146980000;418-20260923-007;vehicle-917;55,7576207;37,5474063;8,0;-0,3333333333333333;10601114158
1790147040000;418-20260923-007;vehicle-917;55,7570462;37,5437183;8,0;-0,3333333333333333;10599895153
1790147100000;418-20260923-007;vehicle-917;55,7569541;37,540219;0,0;-0,3333333333333333;10599895153
1790147160000;418-20260923-007;vehicle-917;55,7588507;37,5386302;0,0;-0,3333333333333333;10624387952
1790147220000;418-20260923-007;vehicle-917;55,7614331;37,5396379;0,0;-0,3333333333333333;10599895158
1790147280000;418-20260923-007;vehicle-917;55,7635457;37,5371524;8,0;-0,3333333333333333;10770786423
1790147340000;418-20260923-007;vehicle-917;55,7656612;37,5379619;8,0;-0,3333333333333333;10770786422
1790147400000;418-20260923-007;vehicle-917;55,7650329;37,5410322;8,0;-0,3333333333333333;10624387951
1790147460000;418-20260923-007;vehicle-917;55,7646177;37,5408693;0,0;-0,3333333333333333;10624387951
1790147520000;418-20260923-007;vehicle-917;55,7646177;37,5408693;0,0;-0,3333333333333333;10624387951
1790147580000;418-20260923-007;vehicle-917;55,7646177;37,5408693;0,0;-0,3333333333333333;10624387951
1790147640000;418-20260923-007;vehicle-917;55,7646177;37,5408693;0,0;-0,3333333333333333;10624387951
1790147700000;418-20260923-007;vehicle-917;55,7646177;37,5408693;0,0;-0,3333333333333333;10624387951
1790147760000;418-20260923-007;vehicle-917;55,7646177;37,5408693;0,0;-0,3333333333333333;10624387951
1790147820000;418-20260923-007;vehicle-917;55,7646177;37,5408693;0,0;-0,3333333333333333;10624387951
1790147880000;418-20260923-007;vehicle-917;55,7646177;37,5408693;0,0;-0,3333333333333333;10624387951
1790147940000;418-20260923-007;vehicle-917;55,7646177;37,5408693;0,0;-0,3333333333333333;10624387951
1790148000000;418-20260923-007;vehicle-917;55,7646177;37,5408693;0,0;-0,3333333333333333;10624387951
1790148060000;418-20260923-007;vehicle-917;55,7646177;37,5408693;0,0;-0,3333333333333333;10624387951
1790148120000;418-20260923-007;vehicle-917;55,7646177;37,5408693;0,0;-0,3333333333333333;10624387951
1790148180000;418-20260923-007;vehicle-917;55,7646177;37,5408693;0,0;-0,3333333333333333;10624387951
1790148240000;418-20260923-007;vehicle-917;55,7646177;37,5408693;0,0;-0,3333333333333333;10624387951
1790148300000;418-20260923-007;vehicle-917;55,7646177;37,5408693;0,0;-0,3333333333333333;10624387951
1790148360000;418-20260923-007;vehicle-917;55,7646177;37,5408693;0,0;-0,3333333333333333;10624387951
1790148420000;418-20260923-007;vehicle-917;55,7646177;37,5408693;0,0;-0,3333333333333333;10624387951
1790148480000;418-20260923-007;vehicle-917;55,7646177;37,5408693;0,0;-0,3333333333333333;10624387951
1790148540000;418-20260923-007;vehicle-917;55,7646177;37,5408693;0,0;-0,3333333333333333;10624387951
1790148600000;418-20260923-007;vehicle-917;55,7646177;37,5408693;0,0;-0,3333333333333333;10624387951
1790146800000;м34-20260923-000;vehicle-920;55,7407754;37,4823436;0,0;0,25;2361337263
1790146860000;м34-20260923-000;vehicle-920;55,7417387;37,481455;8,0;0,25;2407881964
1790146920000;м34-20260923-000;vehicle-920;55,7434408;37,4815235;8,0;0,25;2565946500
1790146980000;м34-20260923-000;vehicle-920;55,7446314;37,4856513;0,0;0,25;2565946500
1790147040000;м34-20260923-000;vehicle-920;55,7460567;37,4905108;0,0;0,25;2565946448
1790147100000;м34-20260923-000;vehicle-920;55,7473876;37,4951701;8,0;0,25;4730949128
1790147160000;м34-20260923-000;vehicle-920;55,7483798;37,4985311;8,0;0,25;4730949129
1790147220000;м34-20260923-000;vehicle-920;55,7493544;37,5019063;0,0;0,25;4730949129
1790147280000;м34-20260923-000;vehicle-920;55,7508702;37,5071687;0,0;0,25;4730949131
1790147340000;м34-20260923-000;vehicle-920;55,7521926;37,5122967;8,0;0,25;597428461
1790147400000;м34-20260923-000;vehicle-920;55,7541182;37,5191968;8,0;0,25;597428461
1790147460000;м34-20260923-000;vehicle-920;55,7550643;37,5226406;8,0;0,25;7490301537
1790147520000;м34-20260923-000;vehicle-920;55,7558238;37,52621;8,0;0,25;10599880586
1790147580000;м34-20260923-000;vehicle-920;55,7560905;37,5302079;0,0;0,25;10599880586
1790147640000;м34-20260923-000;vehicle-920;55,7554454;37,5373572;8,0;0,25;10599895150
1790147700000;м34-20260923-000;vehicle-920;55,7563306;37,5408485;8,0;0,25;10601114157
1790147760000;м34-20260923-000;vehicle-920;55,7573951;37,5460335;0,0;0,25;10601114157
1790147820000;м34-20260923-000;vehicle-920;55,7583773;37,5517836;8,0;0,25;10601114155
1790147880000;м34-20260923-000;vehicle-920;55,7587971;37,5555111;8,0;0,25;10601114154
1790147940000;м34-20260923-000;vehicle-920;55,7590193;37,5592838;8,0;0,25;8185422660
1790148000000;м34-20260923-000;vehicle-920;55,7626754;37,5630426;8,0;0,25;8185422660
1790148060000;м34-20260923-000;vehicle-920;55,7647385;37,5640723;8,0;0,25;10599880601
1790148120000;м34-20260923-000;vehicle-920;55,7686059;37,565163;0,0;0,25;10599880601
1790148180000;м34-20260923-000;vehicle-920;55,7700088;37,5659258;0,0;0,25;10599880597
1790148240000;м34-20260923-000;vehicle-920;55,7716613;37,5705749;8,0;0,25;10599880594
1790148300000;м34-20260923-000;vehicle-920;55,7728389;37,5737853;8,0;0,25;10599880591
1790148360000;м34-20260923-000;vehicle-920;55,7732306;37,577324;8,0;0,25;14170887503
1790148420000;м34-20260923-000;vehicle-920;55,7748528;37,5821228;0,0;0,25;14170887503
1790148480000;м34-20260923-000;vehicle-920;55,7766427;37,5848193;0,0;0,25;5041554170
1790148540000;м34-20260923-000;vehicle-920;55,7766427;37,5848193;0,0;0,25;5041554170
1790148600000;м34-20260923-000;vehicle-920;55,7766427;37,5848193;0,0;0,25;5041554170
1790146800000;м34-20260923-001;vehicle-921;55,7454153;37,4883092;8,0;0,25;2565946448
1790146860000;м34-20260923-001;vehicle-921;55,7464194;37,4917559;8,0;0,25;4730949128
1790146920000;м34-20260923-001;vehicle-921;55,7474552;37,495395;0,0;0,25;4730949128
1790146980000;м34-20260923-001;vehicle-921;55,7493544;37,5019063;0,0;0,25;4730949129
1790147040000;м34-20260923-001;vehicle-921;55,7503515;37,5053312;8,0;0,25;4730949131
1790147100000;м34-20260923-001;vehicle-921;55,7512298;37,5088468;8,0;0,25;597428461
1790147160000;м34-20260923-001;vehicle-921;55,7531554;37,5157466;8,0;0,25;597428461
1790147220000;м34-20260923-001;vehicle-921;55,754728;37,5213818;0,0;0,25;597428461
1790147280000;м34-20260923-001;vehicle-921;55,7554949;37,5246541;0,0;0,25;7490301537
1790147340000;м34-20260923-001;vehicle-921;55,7561174;37,5299567;8,0;0,25;10599880586
1790147400000;м34-20260923-001;vehicle-921;55,7556084;37,5336664;8,0;0,25;10599895150
1790147460000;м34-20260923-001;vehicle-921;55,75608;37,5399195;0,0;0,25;10599895150
1790147520000;м34-20260923-001;vehicle-921;55,7571726;37,5444066;8,0;0,25;10601114157
1790147580000;м34-20260923-001;vehicle-921;55,7577413;37,5481182;8,0;0,25;10601114155
1790147640000;м34-20260923-001;vehicle-921;55,7586731;37,5537557;0,0;0,25;10601114155
1790147700000;м34-20260923-001;vehicle-921;55,7590097;37,5591563;0,0;0,25;10601114154
1790147760000;м34-20260923-001;vehicle-921;55,7607315;37,5613301;8,0;0,25;8185422660
1790147820000;м34-20260923-001;vehicle-921;55,7643877;37,5639651;0,0;0,25;8185422660
1790147880000;м34-20260923-001;vehicle-921;55,7668483;37,5646642;8,0;0,25;10599880601
1790147940000;м34-20260923-001;vehicle-921;55,7689692;37,565266;8,0;0,25;10599880597
1790148000000;м34-20260923-001;vehicle-921;55,7705143;37,5673245;8,0;0,25;10599880594
1790148060000;м34-20260923-001;vehicle-921;55,7722344;37,5722006;0,0;0,25;10599880594
1790148120000;м34-20260923-001;vehicle-921;55,7730817;37,5768893;0,0;0,25;10599880591
1790148180000;м34-20260923-001;vehicle-921;55,7743403;37,580592;8,0;0,25;14170887503
1790148240000;м34-20260923-001;vehicle-921;55,7754806;37,5838562;8,0;0,25;5041554170
1790148300000;м34-20260923-001;vehicle-921;55,7766427;37,5848193;0,0;0,25;5041554170
1790148360000;м34-20260923-001;vehicle-921;55,7766427;37,5848193;0,0;0,25;5041554170
1790148420000;м34-20260923-001;vehicle-921;55,7766427;37,5848193;0,0;0,25;5041554170
1790148480000;м34-20260923-001;vehicle-921;55,7766427;37,5848193;0,0;0,25;5041554170
1790148540000;м34-20260923-001;vehicle-921;55,7766427;37,5848193;0,0;0,25;5041554170
1790148600000;м34-20260923-001;vehicle-921;55,7766427;37,5848193;0,0;0,25;5041554170
1790146800000;м34-20260923-002;vehicle-922;55,7493544;37,5019063;0,0;0,25;4730949129
1790146860000;м34-20260923-002;vehicle-922;55,7508702;37,5071687;0,0;0,25;4730949131
1790146920000;м34-20260923-002;vehicle-922;55,7521926;37,5122967;8,0;0,25;597428461
1790146980000;м34-20260923-002;vehicle-922;55,7541182;37,5191968;8,0;0,25;597428461
1790147040000;м34-20260923-002;vehicle-922;55,7550643;37,5226406;8,0;0,25;7490301537
1790147100000;м34-20260923-002;vehicle-922;55,7558238;37,52621;8,0;0,25;10599880586
1790147160000;м34-20260923-002;vehicle-922;55,7560905;37,5302079;0,0;0,25;10599880586
1790147220000;м34-20260923-002;vehicle-922;55,7554454;37,5373572;8,0;0,25;10599895150
1790147280000;м34-20260923-002;vehicle-922;55,7563306;37,5408485;8,0;0,25;10601114157
1790147340000;м34-20260923-002;vehicle-922;55,7573951;37,5460335;0,0;0,25;10601114157
1790147400000;м34-20260923-002;vehicle-922;55,7583773;37,5517836;8,0;0,25;10601114155
1790147460000;м34-20260923-002;vehicle-922;55,7587971;37,5555111;8,0;0,25;10601114154
1790147520000;м34-20260923-002;vehicle-922;55,7590193;37,5592838;8,0;0,25;8185422660
1790147580000;м34-20260923-002;vehicle-922;55,7626754;37,5630426;8,0;0,25;8185422660
1790147640000;м34-20260923-002;vehicle-922;55,7647385;37,5640723;8,0;0,25;10599880601
1790147700000;м34-20260923-002;vehicle-922;55,7686059;37,565163;0,0;0,25;10599880601
1790147760000;м34-20260923-002;vehicle-922;55,7700088;37,5659258;0,0;0,25;10599880597
1790147820000;м34-20260923-002;vehicle-922;55,7716613;37,5705749;8,0;0,25;10599880594
1790147880000;м34-20260923-002;vehicle-922;55,7728389;37,5737853;8,0;0,25;10599880591
1790147940000;м34-20260923-002;vehicle-922;55,7732306;37,577324;8,0;0,25;14170887503
1790148000000;м34-20260923-002;vehicle-922;55,7748528;37,5821228;0,0;0,25;14170887503
1790148060000;м34-20260923-002;vehicle-922;55,7766427;37,5848193;0,0;0,25;5041554170
1790148120000;м34-20260923-002;vehicle-922;55,7766427;37,5848193;0,0;0,25;5041554170
1790148180000;м34-20260923-002;vehicle-922;55,7766427;37,5848193;0,0;0,25;5041554170
1790148240000;м34-20260923-002;vehicle-922;55,7766427;37,5848193;0,0;0,25;5041554170
1790148300000;м34-20260923-002;vehicle-922;55,7766427;37,5848193;0,0;0,25;5041554170
1790148360000;м34-20260923-002;vehicle-922;55,7766427;37,5848193;0,0;0,25;5041554170
1790148420000;м34-20260923-002;vehicle-922;55,7766427;37,5848193;0,0;0,25;5041554170
1790148480000;м34-20260923-002;vehicle-922;55,7766427;37,5848193;0,0;0,25;5041554170
1790148540000;м34-20260923-002;vehicle-922;55,7766427;37,5848193;0,0;0,25;5041554170
1790148600000;м34-20260923-002;vehicle-922;55,7766427;37,5848193;0,0;0,25;5041554170
1790146800000;м34-20260923-003;vehicle-923;55,754728;37,5213818;0,0;0,25;597428461
1790146860000;м34-20260923-003;vehicle-923;55,7554949;37,5246541;0,0;0,25;7490301537
1790146920000;м34-20260923-003;vehicle-923;55,7561174;37,5299567;8,0;0,25;10599880586
1790146980000;м34-20260923-003;vehicle-923;55,7556084;37,5336664;8,0;0,25;10599895150
1790147040000;м34-20260923-003;vehicle-923;55,75608;37,5399195;0,0;0,25;10599895150
1790147100000;м34-20260923-003;vehicle-923;55,7571726;37,5444066;8,0;0,25;10601114157
1790147160000;м34-20260923-003;vehicle-923;55,7577413;37,5481182;8,0;0,25;10601114155
1790147220000;м34-20260923-003;vehicle-923;55,7586731;37,5537557;0,0;0,25;10601114155
1790147280000;м34-20260923-003;vehicle-923;55,7590097;37,5591563;0,0;0,25;10601114154
1790147340000;м34-20260923-003;vehicle-923;55,7607315;37,5613301;8,0;0,25;8185422660
1790147400000;м34-20260923-003;vehicle-923;55,7643877;37,5639651;0,0;0,25;8185422660
1790147460000;м34-20260923-003;vehicle-923;55,7668483;37,5646642;8,0;0,25;10599880601
1790147520000;м34-20260923-003;vehicle-923;55,7689692;37,565266;8,0;0,25;10599880597
1790147580000;м34-20260923-003;vehicle-923;55,7705143;37,5673245;8,0;0,25;10599880594
1790147640000;м34-20260923-003;vehicle-923;55,7722344;37,5722006;0,0;0,25;10599880594
1790147700000;м34-20260923-003;vehicle-923;55,7730817;37,5768893;0,0;0,25;10599880591
1790147760000;м34-20260923-003;vehicle-923;55,7743403;37,580592;8,0;0,25;14170887503
1790147820000;м34-20260923-003;vehicle-923;55,7754806;37,5838562;8,0;0,25;5041554170
1790147880000;м34-20260923-003;vehicle-923;55,7766427;37,5848193;0,0;0,25;5041554170
1790147940000;м34-20260923-003;vehicle-923;55,7766427;37,5848193;0,0;0,25;5041554170
1790148000000;м34-20260923-003;vehicle-923;55,7766427;37,5848193;0,0;0,25;5041554170
1790148060000;м34-20260923-003;vehicle-923;55,7766427;37,5848193;0,0;0,25;5041554170
1790148120000;м34-20260923-003;vehicle-923;55,7766427;37,5848193;0,0;0,25;5041554170
1790148180000;м34-20260923-003;vehicle-923;55,7766427;37,5848193;0,0;0,25;5041554170
1790148240000;м34-20260923-003;vehicle-923;55,7766427;37,5848193;0,0;0,25;5041554170
1790148300000;м34-20260923-003;vehicle-923;55,7766427;37,5848193;0,0;0,25;5041554170
1790148360000;м34-20260923-003;vehicle-923;55,7766427;37,5848193;0,0;0,25;5041554170
1790148420000;м34-20260923-003;vehicle-923;55,7766427;37,5848193;0,0;0,25;5041554170
1790148480000;м34-20260923-003;vehicle-923;55,7766427;37,5848193;0,0;0,25;5041554170
1790148540000;м34-20260923-003;vehicle-923;55,7766427;37,5848193;0,0;0,25;5041554170
1790148600000;м34-20260923-003;vehicle-923;55,7766427;37,5848193;0,0;0,25;5041554170
1790146800000;м34-20260923-004;vehicle-924;55,7554454;37,5373572;8,0;0,25;10599895150
1790146860000;м34-20260923-004;vehicle-924;55,7563306;37,5408485;8,0;0,25;10601114157
1790146920000;м34-20260923-004;vehicle-924;55,7573951;37,5460335;0,0;0,25;10601114157
1790146980000;м34-20260923-004;vehicle-924;55,7583773;37,5517836;8,0;0,25;10601114155
1790147040000;м34-20260923-004;vehicle-924;55,7587971;37,5555111;8,0;0,25;10601114154
1790147100000;м34-20260923-004;vehicle-924;55,7590193;37,5592838;8,0;0,25;8185422660
1790147160000;м34-20260923-004;vehicle-924;55,7626754;37,5630426;8,0;0,25;8185422660
1790147220000;м34-20260923-004;vehicle-924;55,7647385;37,5640723;8,0;0,25;10599880601
1790147280000;м34-20260923-004;vehicle-924;55,7686059;37,565163;0,0;0,25;10599880601
1790147340000;м34-20260923-004;vehicle-924;55,7700088;37,5659258;0,0;0,25;10599880597
1790147400000;м34-20260923-004;vehicle-924;55,7716613;37,5705749;8,0;0,25;10599880594
1790147460000;м34-20260923-004;vehicle-924;55,7728389;37,5737853;8,0;0,25;10599880591
1790147520000;м34-20260923-004;vehicle-924;55,7732306;37,577324;8,0;0,25;14170887503
1790147580000;м34-20260923-004;vehicle-924;55,7748528;37,5821228;0,0;0,25;14170887503
1790147640000;м34-20260923-004;vehicle-924;55,7766427;37,5848193;0,0;0,25;5041554170
1790147700000;м34-20260923-004;vehicle-924;55,7766427;37,5848193;0,0;0,25;5041554170
1790147760000;м34-20260923-004;vehicle-924;55,7766427;37,5848193;0,0;0,25;5041554170
1790147820000;м34-20260923-004;vehicle-924;55,7766427;37,5848193;0,0;0,25;5041554170
1790147880000;м34-20260923-004;vehicle-924;55,7766427;37,5848193;0,0;0,25;5041554170
1790147940000;м34-20260923-004;vehicle-924;55,7766427;37,5848193;0,0;0,25;5041554170
1790148000000;м34-20260923-004;vehicle-924;55,7766427;37,5848193;0,0;0,25;5041554170
1790148060000;м34-20260923-004;vehicle-924;55,7766427;37,5848193;0,0;0,25;5041554170
1790148120000;м34-20260923-004;vehicle-924;55,7766427;37,5848193;0,0;0,25;5041554170
1790148180000;м34-20260923-004;vehicle-924;55,7766427;37,5848193;0,0;0,25;5041554170
1790148240000;м34-20260923-004;vehicle-924;55,7766427;37,5848193;0,0;0,25;5041554170
1790148300000;м34-20260923-004;vehicle-924;55,7766427;37,5848193;0,0;0,25;5041554170
1790148360000;м34-20260923-004;vehicle-924;55,7766427;37,5848193;0,0;0,25;5041554170
1790148420000;м34-20260923-004;vehicle-924;55,7766427;37,5848193;0,0;0,25;5041554170
1790148480000;м34-20260923-004;vehicle-924;55,7766427;37,5848193;0,0;0,25;5041554170
1790148540000;м34-20260923-004;vehicle-924;55,7766427;37,5848193;0,0;0,25;5041554170
1790148600000;м34-20260923-004;vehicle-924;55,7766427;37,5848193;0,0;0,25;5041554170
1790146800000;м34-20260923-005;vehicle-925;55,7586731;37,5537557;0,0;0,25;10601114155
1790146860000;м34-20260923-005;vehicle-925;55,7590097;37,5591563;0,0;0,25;10601114154
1790146920000;м34-20260923-005;vehicle-925;55,7607315;37,5613301;8,0;0,25;8185422660
1790146980000;м34-20260923-005;vehicle-925;55,7643877;37,5639651;0,0;0,25;8185422660
1790147040000;м34-20260923-005;vehicle-925;55,7668483;37,5646642;8,0;0,25;10599880601
1790147100000;м34-20260923-005;vehicle-925;55,7689692;37,565266;8,0;0,25;10599880597
1790147160000;м34-20260923-005;vehicle-925;55,7705143;37,5673245;8,0;0,25;10599880594
1790147220000;м34-20260923-005;vehicle-925;55,7722344;37,5722006;0,0;0,25;10599880594
1790147280000;м34-20260923-005;vehicle-925;55,7730817;37,5768893;0,0;0,25;10599880591
1790147340000;м34-20260923-005;vehicle-925;55,7743403;37,580592;8,0;0,25;14170887503
1790147400000;м34-20260923-005;vehicle-925;55,7754806;37,5838562;8,0;0,25;5041554170
1790147460000;м34-20260923-005;vehicle-925;55,7766427;37,5848193;0,0;0,25;5041554170
1790147520000;м34-20260923-005;vehicle-925;55,7766427;37,5848193;0,0;0,25;5041554170
1790147580000;м34-20260923-005;vehicle-925;55,7766427;37,5848193;0,0;0,25;5041554170
1790147640000;м34-20260923-005;vehicle-925;55,7766427;37,5848193;0,0;0,25;5041554170
1790147700000;м34-20260923-005;vehicle-925;55,7766427;37,5848193;0,0;0,25;5041554170
1790147760000;м34-20260923-005;vehicle-925;55,7766427;37,5848193;0,0;0,25;5041554170
1790147820000;м34-20260923-005;vehicle-925;55,7766427;37,5848193;0,0;0,25;5041554170
1790147880000;м34-20260923-005;vehicle-925;55,7766427;37,5848193;0,0;0,25;5041554170
1790147940000;м34-20260923-005;vehicle-925;55,7766427;37,5848193;0,0;0,25;5041554170
1790148000000;м34-20260923-005;vehicle-925;55,7766427;37,5848193;0,0;0,25;5041554170
1790148060000;м34-20260923-005;vehicle-925;55,7766427;37,5848193;0,0;0,25;5041554170
1790148120000;м34-20260923-005;vehicle-925;55,7766427;37,5848193;0,0;0,25;5041554170
1790148180000;м34-20260923-005;vehicle-925;55,7766427;37,5848193;0,0;0,25;5041554170
1790148240000;м34-20260923-005;vehicle-925;55,7766427;37,5848193;0,0;0,25;5041554170
1790148300000;м34-20260923-005;vehicle-925;55,7766427;37,5848193;0,0;0,25;5041554170
1790148360000;м34-20260923-005;vehicle-925;55,7766427;37,5848193;0,0;0,25;5041554170
1790148420000;м34-20260923-005;vehicle-925;55,7766427;37,5848193;0,0;0,25;5041554170
1790148480000;м34-20260923-005;vehicle-925;55,7766427;37,5848193;0,0;0,25;5041554170
1790148540000;м34-20260923-005;vehicle-925;55,7766427;37,5848193;0,0;0,25;5041554170
1790148600000;м34-20260923-005;vehicle-925;55,7766427;37,5848193;0,0;0,25;5041554170
1790146800000;м34-20260923-006;vehicle-926;55,7647385;37,5640723;8,0;0,25;10599880601
1790146860000;м34-20260923-006;vehicle-926;55,7686059;37,565163;0,0;0,25;10599880601
1790146920000;м34-20260923-006;vehicle-926;55,7700088;37,5659258;0,0;0,25;10599880597
1790146980000;м34-20260923-006;vehicle-926;55,7716613;37,5705749;8,0;0,25;10599880594
1790147040000;м34-20260923-006;vehicle-926;55,7728389;37,5737853;8,0;0,25;10599880591
1790147100000;м34-20260923-006;vehicle-926;55,7732306;37,577324;8,0;0,25;14170887503
1790147160000;м34-20260923-006;vehicle-926;55,7748528;37,5821228;0,0;0,25;14170887503
1790147220000;м34-20260923-006;vehicle-926;55,7766427;37,5848193;0,0;0,25;5041554170
1790147280000;м34-20260923-006;vehicle-926;55,7766427;37,5848193;0,0;0,25;5041554170
1790147340000;м34-20260923-006;vehicle-926;55,7766427;37,5848193;0,0;0,25;5041554170
1790147400000;м34-20260923-006;vehicle-926;55,7766427;37,5848193;0,0;0,25;5041554170
1790147460000;м34-20260923-006;vehicle-926;55,7766427;37,5848193;0,0;0,25;5041554170
1790147520000;м34-20260923-006;vehicle-926;55,7766427;37,5848193;0,0;0,25;5041554170
1790147580000;м34-20260923-006;vehicle-926;55,7766427;37,5848193;0,0;0,25;5041554170
1790147640000;м34-20260923-006;vehicle-926;55,7766427;37,5848193;0,0;0,25;5041554170
1790147700000;м34-20260923-006;vehicle-926;55,7766427;37,5848193;0,0;0,25;5041554170
1790147760000;м34-20260923-006;vehicle-926;55,7766427;37,5848193;0,0;0,25;5041554170
1790147820000;м34-20260923-006;vehicle-926;55,7766427;37,5848193;0,0;0,25;5041554170
1790147880000;м34-20260923-006;vehicle-926;55,7766427;37,5848193;0,0;0,25;5041554170
1790147940000;м34-20260923-006;vehicle-926;55,7766427;37,5848193;0,0;0,25;5041554170
1790148000000;м34-20260923-006;vehicle-926;55,7766427;37,5848193;0,0;0,25;5041554170
1790148060000;м34-20260923-006;vehicle-926;55,7766427;37,5848193;0,0;0,25;5041554170
1790148120000;м34-20260923-006;vehicle-926;55,7766427;37,5848193;0,0;0,25;5041554170
1790148180000;м34-20260923-006;vehicle-926;55,7766427;37,5848193;0,0;0,25;5041554170
1790148240000;м34-20260923-006;vehicle-926;55,7766427;37,5848193;0,0;0,25;5041554170
1790148300000;м34-20260923-006;vehicle-926;55,7766427;37,5848193;0,0;0,25;5041554170
1790148360000;м34-20260923-006;vehicle-926;55,7766427;37,5848193;0,0;0,25;5041554170
1790148420000;м34-20260923-006;vehicle-926;55,7766427;37,5848193;0,0;0,25;5041554170
1790148480000;м34-20260923-006;vehicle-926;55,7766427;37,5848193;0,0;0,25;5041554170
1790148540000;м34-20260923-006;vehicle-926;55,7766427;37,5848193;0,0;0,25;5041554170
1790148600000;м34-20260923-006;vehicle-926;55,7766427;37,5848193;0,0;0,25;5041554170
1790146800000;м34-20260923-007;vehicle-927;55,7729933;37,5743601;8,0;-0,3333333333333333;10599880591
1790146860000;м34-20260923-007;vehicle-927;55,7734138;37,5778706;8,0;-0,3333333333333333;14170887503
1790146920000;м34-20260923-007;vehicle-927;55,7748528;37,5821228;0,0;-0,3333333333333333;14170887503
1790146980000;м34-20260923-007;vehicle-927;55,7766427;37,5848193;0,0;-0,3333333333333333;5041554170
1790147040000;м34-20260923-007;vehicle-927;55,7766427;37,5848193;0,0;-0,3333333333333333;5041554170
1790147100000;м34-20260923-007;vehicle-927;55,7766427;37,5848193;0,0;-0,3333333333333333;5041554170
1790147160000;м34-20260923-007;vehicle-927;55,7766427;37,5848193;0,0;-0,3333333333333333;5041554170
1790147220000;м34-20260923-007;vehicle-927;55,7766427;37,5848193;0,0;-0,3333333333333333;5041554170
1790147280000;м34-20260923-007;vehicle-927;55,7766427;37,5848193;0,0;-0,3333333333333333;5041554170
1790147340000;м34-20260923-007;vehicle-927;55,7766427;37,5848193;0,0;-0,3333333333333333;5041554170
1790147400000;м34-20260923-007;vehicle-927;55,7766427;37,5848193;0,0;-0,3333333333333333;5041554170
1790147460000;м34-20260923-007;vehicle-927;55,7766427;37,5848193;0,0;-0,3333333333333333;5041554170
1790147520000;м34-20260923-007;vehicle-927;55,7766427;37,5848193;0,0;-0,3333333333333333;5041554170
1790147580000;м34-20260923-007;vehicle-927;55,7766427;37,5848193;0,0;-0,3333333333333333;5041554170
1790147640000;м34-20260923-007;vehicle-927;55,7766427;37,5848193;0,0;-0,3333333333333333;5041554170
1790147700000;м34-20260923-007;vehicle-927;55,7766427;37,5848193;0,0;-0,3333333333333333;5041554170
1790147760000;м34-20260923-007;vehicle-927;55,7766427;37,5848193;0,0;-0,3333333333333333;5041554170
1790147820000;м34-20260923-007;vehicle-927;55,7766427;37,5848193;0,0;-0,3333333333333333;5041554170
1790147880000;м34-20260923-007;vehicle-927;55,7766427;37,5848193;0,0;-0,3333333333333333;5041554170
1790147940000;м34-20260923-007;vehicle-927;55,7766427;37,5848193;0,0;-0,3333333333333333;5041554170
1790148000000;м34-20260923-007;vehicle-927;55,7766427;37,5848193;0,0;-0,3333333333333333;5041554170
1790148060000;м34-20260923-007;vehicle-927;55,7766427;37,5848193;0,0;-0,3333333333333333;5041554170
1790148120000;м34-20260923-007;vehicle-927;55,7766427;37,5848193;0,0;-0,3333333333333333;5041554170
1790148180000;м34-20260923-007;vehicle-927;55,7766427;37,5848193;0,0;-0,3333333333333333;5041554170
1790148240000;м34-20260923-007;vehicle-927;55,7766427;37,5848193;0,0;-0,3333333333333333;5041554170
1790148300000;м34-20260923-007;vehicle-927;55,7766427;37,5848193;0,0;-0,3333333333333333;5041554170
1790148360000;м34-20260923-007;vehicle-927;55,7766427;37,5848193;0,0;-0,3333333333333333;5041554170
1790148420000;м34-20260923-007;vehicle-927;55,7766427;37,5848193;0,0;-0,3333333333333333;5041554170
1790148480000;м34-20260923-007;vehicle-927;55,7766427;37,5848193;0,0;-0,3333333333333333;5041554170
1790148540000;м34-20260923-007;vehicle-927;55,7766427;37,5848193;0,0;-0,3333333333333333;5041554170
1790148600000;м34-20260923-007;vehicle-927;55,7766427;37,5848193;0,0;-0,3333333333333333;5041554170
1790146800000;м90-20260923-000;vehicle-930;55,643175;37,5247213;0,0;0,25;10743189858
1790146860000;м90-20260923-000;vehicle-930;55,6425619;37,5263009;8,0;0,25;10743189857
1790146920000;м90-20260923-000;vehicle-930;55,6416229;37,5297312;8,0;0,25;10743278531
1790146980000;м90-20260923-000;vehicle-930;55,640651;37,5333802;0,0;0,25;10743278531
1790147040000;м90-20260923-000;vehicle-930;55,6400854;37,5388693;8,0;0,25;10743278537
1790147100000;м90-20260923-000;vehicle-930;55,6420143;37,5406312;8,0;0,25;10657545795
1790147160000;м90-20260923-000;vehicle-930;55,6439374;37,5423962;8,0;0,25;10743278540
1790147220000;м90-20260923-000;vehicle-930;55,6467676;37,5455972;0,0;0,25;10743278540
1790147280000;м90-20260923-000;vehicle-930;55,6490562;37,5492655;8,0;0,25;3474605529
1790147340000;м90-20260923-000;vehicle-930;55,6509609;37,5509321;8,0;0,25;10034851401
1790147400000;м90-20260923-000;vehicle-930;55,6508103;37,5541311;8,0;0,25;10034851394
1790147460000;м90-20260923-000;vehicle-930;55,6499128;37,5607861;0,0;0,25;10034851394
1790147520000;м90-20260923-000;vehicle-930;55,6492362;37,5645651;8,0;0,25;10743276657
1790147580000;м90-20260923-000;vehicle-930;55,6512428;37,5655185;8,0;0,25;10743276658
1790147640000;м90-20260923-000;vehicle-930;55,65314;37,5674664;8,0;0,25;10781782841
1790147700000;м90-20260923-000;vehicle-930;55,6549939;37,5694528;8,0;0,25;10735094092
1790147760000;м90-20260923-000;vehicle-930;55,6572728;37,571913;0,0;0,25;10735094092
1790147820000;м90-20260923-000;vehicle-930;55,6596471;37,5744722;0,0;0,25;10735094086
1790147880000;м90-20260923-000;vehicle-930;55,6623349;37,577375;0,0;0,25;10735094098
1790147940000;м90-20260923-000;vehicle-930;55,6641858;37,5793955;8,0;0,25;10735094101
1790148000000;м90-20260923-000;vehicle-930;55,6660408;37,5813864;8,0;0,25;10735094097
1790148060000;м90-20260923-000;vehicle-930;55,6678949;37,5833717;8,0;0,25;10700842468
1790148120000;м90-20260923-000;vehicle-930;55,6697198;37,5853341;8,0;0,25;10700842466
1790148180000;м90-20260923-000;vehicle-930;55,6715378;37,5873247;8,0;0,25;10735116751
1790148240000;м90-20260923-000;vehicle-930;55,6752496;37,5913292;8,0;0,25;10735116751
1790148300000;м90-20260923-000;vehicle-930;55,6770926;37,5932652;8,0;0,25;10735116760
1790148360000;м90-20260923-000;vehicle-930;55,6789377;37,5952039;8,0;0,25;10735116757
1790148420000;м90-20260923-000;vehicle-930;55,6808233;37,5971163;8,0;0,25;10781355827
1790148480000;м90-20260923-000;vehicle-930;55,6845785;37,6005548;0,0;0,25;10781355827
1790148540000;м90-20260923-000;vehicle-930;55,6865765;37,6024001;8,0;0,25;10781602191
1790148600000;м90-20260923-000;vehicle-930;55,6884952;37,604211;8,0;0,25;10777003142
1790146800000;м90-20260923-001;vehicle-931;55,6397861;37,5366449;8,0;0,25;10743278537
1790146860000;м90-20260923-001;vehicle-931;55,6402146;37,5389874;0,0;0,25;10743278537
1790146920000;м90-20260923-001;vehicle-931;55,6433646;37,5418612;0,0;0,25;10657545795
1790146980000;м90-20260923-001;vehicle-931;55,6458502;37,5441675;8,0;0,25;10743278540
1790147040000;м90-20260923-001;vehicle-931;55,64746;37,5467052;8,0;0,25;3474605529
1790147100000;м90-20260923-001;vehicle-931;55,6494435;37,5498307;0,0;0,25;3474605529
1790147160000;м90-20260923-001;vehicle-931;55,6509103;37,5533918;0,0;0,25;10034851401
1790147220000;м90-20260923-001;vehicle-931;55,6503112;37,5578282;8,0;0,25;10034851394
1790147280000;м90-20260923-001;vehicle-931;55,6498142;37,5615271;8,0;0,25;10743276657
1790147340000;м90-20260923-001;vehicle-931;55,6502645;37,564619;0,0;0,25;10743276657
1790147400000;м90-20260923-001;vehicle-931;55,6525212;37,5668034;0,0;0,25;10743276658
1790147460000;м90-20260923-001;vehicle-931;55,6540682;37,5684608;0,0;0,25;10781782841
1790147520000;м90-20260923-001;vehicle-931;55,6568449;37,5714382;8,0;0,25;10735094092
1790147580000;м90-20260923-001;vehicle-931;55,6586667;37,5734407;8,0;0,25;10735094086
1790147640000;м90-20260923-001;vehicle-931;55,6605014;37,5753986;8,0;0,25;10735094098
1790147700000;м90-20260923-001;vehicle-931;55,6623349;37,577375;0,0;0,25;10735094098
1790147760000;м90-20260923-001;vehicle-931;55,6644955;37,5797286;0,0;0,25;10735094101
1790147820000;м90-20260923-001;vehicle-931;55,66635;37,5817177;0,0;0,25;10735094097
1790147880000;м90-20260923-001;vehicle-931;55,668635;37,5841698;0,0;0,25;10700842468
1790147940000;м90-20260923-001;vehicle-931;55,6707986;37,5865149;0,0;0,25;10700842466
1790148000000;м90-20260923-001;vehicle-931;55,6733931;37,5893288;8,0;0,25;10735116751
1790148060000;м90-20260923-001;vehicle-931;55,6755611;37,5916565;0,0;0,25;10735116751
1790148120000;м90-20260923-001;vehicle-931;55,6785014;37,5947455;0,0;0,25;10735116760
1790148180000;м90-20260923-001;vehicle-931;55,6807599;37,5970571;0,0;0,25;10735116757
1790148240000;м90-20260923-001;vehicle-931;55,6827295;37,5988761;8,0;0,25;10781355827
1790148300000;м90-20260923-001;vehicle-931;55,6846429;37,6006147;8,0;0,25;10781602191
1790148360000;м90-20260923-001;vehicle-931;55,6877932;37,6035572;0,0;0,25;10781602191
1790148420000;м90-20260923-001;vehicle-931;55,6904112;37,6059881;8,0;0,25;10777003142
1790148480000;м90-20260923-001;vehicle-931;55,6923251;37,6077661;8,0;0,25;10777003144
1790148540000;м90-20260923-001;vehicle-931;55,694219;37,6095042;8,0;0,25;10777003147
1790148600000;м90-20260923-001;vehicle-931;55,6965812;37,6116815;0,0;0,25;10777003147
1790146800000;м90-20260923-002;vehicle-932;55,6467676;37,5455972;0,0;0,25;10743278540
1790146860000;м90-20260923-002;vehicle-932;55,6490562;37,5492655;8,0;0,25;3474605529
1790146920000;м90-20260923-002;vehicle-932;55,6509609;37,5509321;8,0;0,25;10034851401
1790146980000;м90-20260923-002;vehicle-932;55,6508103;37,5541311;8,0;0,25;10034851394
1790147040000;м90-20260923-002;vehicle-932;55,6499128;37,5607861;0,0;0,25;10034851394
1790147100000;м90-20260923-002;vehicle-932;55,6492362;37,5645651;8,0;0,25;10743276657
1790147160000;м90-20260923-002;vehicle-932;55,6512428;37,5655185;8,0;0,25;10743276658
1790147220000;м90-20260923-002;vehicle-932;55,65314;37,5674664;8,0;0,25;10781782841
1790147280000;м90-20260923-002;vehicle-932;55,6549939;37,5694528;8,0;0,25;10735094092
1790147340000;м90-20260923-002;vehicle-932;55,6572728;37,571913;0,0;0,25;10735094092
1790147400000;м90-20260923-002;vehicle-932;55,6596471;37,5744722;0,0;0,25;10735094086
1790147460000;м90-20260923-002;vehicle-932;55,6623349;37,577375;0,0;0,25;10735094098
1790147520000;м90-20260923-002;vehicle-932;55,6641858;37,5793955;8,0;0,25;10735094101
1790147580000;м90-20260923-002;vehicle-932;55,6660408;37,5813864;8,0;0,25;10735094097
1790147640000;м90-20260923-002;vehicle-932;55,6678949;37,5833717;8,0;0,25;10700842468
1790147700000;м90-20260923-002;vehicle-932;55,6697198;37,5853341;8,0;0,25;10700842466
1790147760000;м90-20260923-002;vehicle-932;55,6715378;37,5873247;8,0;0,25;10735116751
1790147820000;м90-20260923-002;vehicle-932;55,6752496;37,5913292;8,0;0,25;10735116751
1790147880000;м90-20260923-002;vehicle-932;55,6770926;37,5932652;8,0;0,25;10735116760
1790147940000;м90-20260923-002;vehicle-932;55,6789377;37,5952039;8,0;0,25;10735116757
1790148000000;м90-20260923-002;vehicle-932;55,6808233;37,5971163;8,0;0,25;10781355827
1790148060000;м90-20260923-002;vehicle-932;55,6845785;37,6005548;0,0;0,25;10781355827
1790148120000;м90-20260923-002;vehicle-932;55,6865765;37,6024001;8,0;0,25;10781602191
1790148180000;м90-20260923-002;vehicle-932;55,6884952;37,604211;8,0;0,25;10777003142
1790148240000;м90-20260923-002;vehicle-932;55,6922617;37,6077092;0,0;0,25;10777003142
1790148300000;м90-20260923-002;vehicle-932;55,6941553;37,6094447;0,0;0,25;10777003144
1790148360000;м90-20260923-002;vehicle-932;55,6961345;37,611269;8,0;0,25;10777003147
1790148420000;м90-20260923-002;vehicle-932;55,6980631;37,612971;8,0;0,25;10777003149
1790148480000;м90-20260923-002;vehicle-932;55,700167;37,6149029;0,0;0,25;10777003149
1790148540000;м90-20260923-002;vehicle-932;55,7027431;37,616828;0,0;0,25;10719762326
1790148600000;м90-20260923-002;vehicle-932;55,7049541;37,6175134;0,0;0,25;10710060863
1790146800000;м90-20260923-003;vehicle-933;55,6503112;37,5578282;8,0;0,25;10034851394
1790146860000;м90-20260923-003;vehicle-933;55,6498142;37,5615271;8,0;0,25;10743276657
1790146920000;м90-20260923-003;vehicle-933;55,6502645;37,564619;0,0;0,25;10743276657
1790146980000;м90-20260923-003;vehicle-933;55,6525212;37,5668034;0,0;0,25;10743276658
1790147040000;м90-20260923-003;vehicle-933;55,6540682;37,5684608;0,0;0,25;10781782841
1790147100000;м90-20260923-003;vehicle-933;55,6568449;37,5714382;8,0;0,25;10735094092
1790147160000;м90-20260923-003;vehicle-933;55,6586667;37,5734407;8,0;0,25;10735094086
1790147220000;м90-20260923-003;vehicle-933;55,6605014;37,5753986;8,0;0,25;10735094098
1790147280000;м90-20260923-003;vehicle-933;55,6623349;37,577375;0,0;0,25;10735094098
1790147340000;м90-20260923-003;vehicle-933;55,6644955;37,5797286;0,0;0,25;10735094101
1790147400000;м90-20260923-003;vehicle-933;55,66635;37,5817177;0,0;0,25;10735094097
1790147460000;м90-20260923-003;vehicle-933;55,668635;37,5841698;0,0;0,25;10700842468
1790147520000;м90-20260923-003;vehicle-933;55,6707986;37,5865149;0,0;0,25;10700842466
1790147580000;м90-20260923-003;vehicle-933;55,6733931;37,5893288;8,0;0,25;10735116751
1790147640000;м90-20260923-003;vehicle-933;55,6755611;37,5916565;0,0;0,25;10735116751
1790147700000;м90-20260923-003;vehicle-933;55,6785014;37,5947455;0,0;0,25;10735116760
1790147760000;м90-20260923-003;vehicle-933;55,6807599;37,5970571;0,0;0,25;10735116757
1790147820000;м90-20260923-003;vehicle-933;55,6827295;37,5988761;8,0;0,25;10781355827
1790147880000;м90-20260923-003;vehicle-933;55,6846429;37,6006147;8,0;0,25;10781602191
1790147940000;м90-20260923-003;vehicle-933;55,6877932;37,6035572;0,0;0,25;10781602191
1790148000000;м90-20260923-003;vehicle-933;55,6904112;37,6059881;8,0;0,25;10777003142
1790148060000;м90-20260923-003;vehicle-933;55,6923251;37,6077661;8,0;0,25;10777003144
1790148120000;м90-20260923-003;vehicle-933;55,694219;37,6095042;8,0;0,25;10777003147
1790148180000;м90-20260923-003;vehicle-933;55,6965812;37,6116815;0,0;0,25;10777003147
1790148240000;м90-20260923-003;vehicle-933;55,6999752;37,6147292;8,0;0,25;10777003149
1790148300000;м90-20260923-003;vehicle-933;55,7019422;37,6162692;8,0;0,25;10719762326
1790148360000;м90-20260923-003;vehicle-933;55,7040022;37,6175159;8,0;0,25;10710060863
1790148420000;м90-20260923-003;vehicle-933;55,7061543;37,6174638;8,0;0,25;10777003131
1790148480000;м90-20260923-003;vehicle-933;55,7082248;37,6184939;8,0;0,25;10777003130
1790148540000;м90-20260923-003;vehicle-933;55,7105105;37,6201143;0,0;0,25;10777003130
1790148600000;м90-20260923-003;vehicle-933;55,7123535;37,6214493;0,0;0,25;10539275620
1790146800000;м90-20260923-004;vehicle-934;55,65314;37,5674664;8,0;0,25;10781782841
1790146860000;м90-20260923-004;vehicle-934;55,6549939;37,5694528;8,0;0,25;10735094092
1790146920000;м90-20260923-004;vehicle-934;55,6572728;37,571913;0,0;0,25;10735094092
1790146980000;м90-20260923-004;vehicle-934;55,6596471;37,5744722;0,0;0,25;10735094086
1790147040000;м90-20260923-004;vehicle-934;55,6623349;37,577375;0,0;0,25;10735094098
1790147100000;м90-20260923-004;vehicle-934;55,6641858;37,5793955;8,0;0,25;10735094101
1790147160000;м90-20260923-004;vehicle-934;55,6660408;37,5813864;8,0;0,25;10735094097
1790147220000;м90-20260923-004;vehicle-934;55,6678949;37,5833717;8,0;0,25;10700842468
1790147280000;м90-20260923-004;vehicle-934;55,6697198;37,5853341;8,0;0,25;10700842466
1790147340000;м90-20260923-004;vehicle-934;55,6715378;37,5873247;8,0;0,25;10735116751
1790147400000;м90-20260923-004;vehicle-934;55,6752496;37,5913292;8,0;0,25;10735116751
1790147460000;м90-20260923-004;vehicle-934;55,6770926;37,5932652;8,0;0,25;10735116760
1790147520000;м90-20260923-004;vehicle-934;55,6789377;37,5952039;8,0;0,25;10735116757
1790147580000;м90-20260923-004;vehicle-934;55,6808233;37,5971163;8,0;0,25;10781355827
1790147640000;м90-20260923-004;vehicle-934;55,6845785;37,6005548;0,0;0,25;10781355827
1790147700000;м90-20260923-004;vehicle-934;55,6865765;37,6024001;8,0;0,25;10781602191
1790147760000;м90-20260923-004;vehicle-934;55,6884952;37,604211;8,0;0,25;10777003142
1790147820000;м90-20260923-004;vehicle-934;55,6922617;37,6077092;0,0;0,25;10777003142
1790147880000;м90-20260923-004;vehicle-934;55,6941553;37,6094447;0,0;0,25;10777003144
1790147940000;м90-20260923-004;vehicle-934;55,6961345;37,611269;8,0;0,25;10777003147
1790148000000;м90-20260923-004;vehicle-934;55,6980631;37,612971;8,0;0,25;10777003149
1790148060000;м90-20260923-004;vehicle-934;55,700167;37,6149029;0,0;0,25;10777003149
1790148120000;м90-20260923-004;vehicle-934;55,7027431;37,616828;0,0;0,25;10719762326
1790148180000;м90-20260923-004;vehicle-934;55,7049541;37,6175134;0,0;0,25;10710060863
1790148240000;м90-20260923-004;vehicle-934;55,7072529;37,6180474;0,0;0,25;10777003131
1790148300000;м90-20260923-004;vehicle-934;55,7102195;37,6197417;8,0;0,25;10777003130
1790148360000;м90-20260923-004;vehicle-934;55,7119398;37,6216452;8,0;0,25;10539275620
1790148420000;м90-20260923-004;vehicle-934;55,7140308;37,620651;8,0;0,25;10781782840
1790148480000;м90-20260923-004;vehicle-934;55,7156722;37,6234528;0,0;0,25;10781782840
1790148540000;м90-20260923-004;vehicle-934;55,7180985;37,6251505;0,0;0,25;10781782838
1790148600000;м90-20260923-004;vehicle-934;55,720498;37,626795;0,0;0,25;10740471007
1790146800000;м90-20260923-005;vehicle-935;55,6605014;37,5753986;8,0;0,25;10735094098
1790146860000;м90-20260923-005;vehicle-935;55,6623349;37,577375;0,0;0,25;10735094098
1790146920000;м90-20260923-005;vehicle-935;55,6644955;37,5797286;0,0;0,25;10735094101
1790146980000;м90-20260923-005;vehicle-935;55,66635;37,5817177;0,0;0,25;10735094097
1790147040000;м90-20260923-005;vehicle-935;55,668635;37,5841698;0,0;0,25;10700842468
1790147100000;м90-20260923-005;vehicle-935;55,6707986;37,5865149;0,0;0,25;10700842466
1790147160000;м90-20260923-005;vehicle-935;55,6733931;37,5893288;8,0;0,25;10735116751
1790147220000;м90-20260923-005;vehicle-935;55,6755611;37,5916565;0,0;0,25;10735116751
1790147280000;м90-20260923-005;vehicle-935;55,6785014;37,5947455;0,0;0,25;10735116760
1790147340000;м90-20260923-005;vehicle-935;55,6807599;37,5970571;0,0;0,25;10735116757
1790147400000;м90-20260923-005;vehicle-935;55,6827295;37,5988761;8,0;0,25;10781355827
1790147460000;м90-20260923-005;vehicle-935;55,6846429;37,6006147;8,0;0,25;10781602191
1790147520000;м90-20260923-005;vehicle-935;55,6877932;37,6035572;0,0;0,25;10781602191
1790147580000;м90-20260923-005;vehicle-935;55,6904112;37,6059881;8,0;0,25;10777003142
1790147640000;м90-20260923-005;vehicle-935;55,6923251;37,6077661;8,0;0,25;10777003144
1790147700000;м90-20260923-005;vehicle-935;55,694219;37,6095042;8,0;0,25;10777003147
1790147760000;м90-20260923-005;vehicle-935;55,6965812;37,6116815;0,0;0,25;10777003147
1790147820000;м90-20260923-005;vehicle-935;55,6999752;37,6147292;8,0;0,25;10777003149
1790147880000;м90-20260923-005;vehicle-935;55,7019422;37,6162692;8,0;0,25;10719762326
1790147940000;м90-20260923-005;vehicle-935;55,7040022;37,6175159;8,0;0,25;10710060863
1790148000000;м90-20260923-005;vehicle-935;55,7061543;37,6174638;8,0;0,25;10777003131
1790148060000;м90-20260923-005;vehicle-935;55,7082248;37,6184939;8,0;0,25;10777003130
1790148120000;м90-20260923-005;vehicle-935;55,7105105;37,6201143;0,0;0,25;10777003130
1790148180000;м90-20260923-005;vehicle-935;55,7123535;37,6214493;0,0;0,25;10539275620
1790148240000;м90-20260923-005;vehicle-935;55,7148576;37,6229223;8,0;0,25;10781782840
1790148300000;м90-20260923-005;vehicle-935;55,7168825;37,6243142;8,0;0,25;10781782838
1790148360000;м90-20260923-005;vehicle-935;55,7188981;37,6256995;8,0;0,25;10740471007
1790148420000;м90-20260923-005;vehicle-935;55,7209029;37,6270649;8,0;0,25;10711256696
1790148480000;м90-20260923-005;vehicle-935;55,7249692;37,6260677;0,0;0,25;10711256696
1790148540000;м90-20260923-005;vehicle-935;55,7270667;37,6250386;0,0;0,25;10711256697
1790148600000;м90-20260923-005;vehicle-935;55,729309;37,625453;8,0;0,25;10781782847
1790146800000;м90-20260923-006;vehicle-936;55,6678949;37,5833717;8,0;0,25;10700842468
1790146860000;м90-20260923-006;vehicle-936;55,6697198;37,5853341;8,0;0,25;10700842466
1790146920000;м90-20260923-006;vehicle-936;55,6715378;37,5873247;8,0;0,25;10735116751
1790146980000;м90-20260923-006;vehicle-936;55,6752496;37,5913292;8,0;0,25;10735116751
1790147040000;м90-20260923-006;vehicle-936;55,6770926;37,5932652;8,0;0,25;10735116760
1790147100000;м90-20260923-006;vehicle-936;55,6789377;37,5952039;8,0;0,25;10735116757
1790147160000;м90-20260923-006;vehicle-936;55,6808233;37,5971163;8,0;0,25;10781355827
1790147220000;м90-20260923-006;vehicle-936;55,6845785;37,6005548;0,0;0,25;10781355827
1790147280000;м90-20260923-006;vehicle-936;55,6865765;37,6024001;8,0;0,25;10781602191
1790147340000;м90-20260923-006;vehicle-936;55,6884952;37,604211;8,0;0,25;10777003142
1790147400000;м90-20260923-006;vehicle-936;55,6922617;37,6077092;0,0;0,25;10777003142
1790147460000;м90-20260923-006;vehicle-936;55,6941553;37,6094447;0,0;0,25;10777003144
1790147520000;м90-20260923-006;vehicle-936;55,6961345;37,611269;8,0;0,25;10777003147
1790147580000;м90-20260923-006;vehicle-936;55,6980631;37,612971;8,0;0,25;10777003149
1790147640000;м90-20260923-006;vehicle-936;55,700167;37,6149029;0,0;0,25;10777003149
1790147700000;м90-20260923-006;vehicle-936;55,7027431;37,616828;0,0;0,25;10719762326
1790147760000;м90-20260923-006;vehicle-936;55,7049541;37,6175134;0,0;0,25;10710060863
1790147820000;м90-20260923-006;vehicle-936;55,7072529;37,6180474;0,0;0,25;10777003131
1790147880000;м90-20260923-006;vehicle-936;55,7102195;37,6197417;8,0;0,25;10777003130
1790147940000;м90-20260923-006;vehicle-936;55,7119398;37,6216452;8,0;0,25;10539275620
1790148000000;м90-20260923-006;vehicle-936;55,7140308;37,620651;8,0;0,25;10781782840
1790148060000;м90-20260923-006;vehicle-936;55,7156722;37,6234528;0,0;0,25;10781782840
1790148120000;м90-20260923-006;vehicle-936;55,7180985;37,6251505;0,0;0,25;10781782838
1790148180000;м90-20260923-006;vehicle-936;55,720498;37,626795;0,0;0,25;10740471007
1790148240000;м90-20260923-006;vehicle-936;55,7230288;37,6270549;8,0;0,25;10711256696
1790148300000;м90-20260923-006;vehicle-936;55,7251041;37,625999;8,0;0,25;10711256697
1790148360000;м90-20260923-006;vehicle-936;55,7271378;37,625009;8,0;0,25;10781782847
1790148420000;м90-20260923-006;vehicle-936;55,7310921;37,6260456;0,0;0,25;10781782847
1790148480000;м90-20260923-006;vehicle-936;55,7334047;37,6275964;8,0;0,25;10781782846
1790148540000;м90-20260923-006;vehicle-936;55,7356084;37,6278247;0,0;0,25;10781782846
1790148600000;м90-20260923-006;vehicle-936;55,7391823;37,6283754;0,0;0,25;5007785274
1790146800000;м90-20260923-007;vehicle-937;55,677399;37,5935866;8,0;-0,3333333333333333;10735116760
1790146860000;м90-20260923-007;vehicle-937;55,6792492;37,5955317;8,0;-0,3333333333333333;10735116757
1790146920000;м90-20260923-007;vehicle-937;55,6811403;37,5974123;8,0;-0,3333333333333333;10781355827
1790146980000;м90-20260923-007;vehicle-937;55,6845785;37,6005548;0,0;-0,3333333333333333;10781355827
1790147040000;м90-20260923-007;vehicle-937;55,6868991;37,6026964;8,0;-0,3333333333333333;10781602191
1790147100000;м90-20260923-007;vehicle-937;55,6888154;37,6045042;8,0;-0,3333333333333333;10777003142
1790147160000;м90-20260923-007;vehicle-937;55,6922617;37,6077092;0,0;-0,3333333333333333;10777003142
1790147220000;м90-20260923-007;vehicle-937;55,6941553;37,6094447;0,0;-0,3333333333333333;10777003144
1790147280000;м90-20260923-007;vehicle-937;55,6964536;37,6115637;8,0;-0,3333333333333333;10777003147
1790147340000;м90-20260923-007;vehicle-937;55,6983813;37,6132656;8,0;-0,3333333333333333;10777003149
1790147400000;м90-20260923-007;vehicle-937;55,700295;37,6150177;8,0;-0,3333333333333333;10719762326
1790147460000;м90-20260923-007;vehicle-937;55,7027431;37,616828;0,0;-0,3333333333333333;10719762326
1790147520000;м90-20260923-007;vehicle-937;55,7049541;37,6175134;0,0;-0,3333333333333333;10710060863
1790147580000;м90-20260923-007;vehicle-937;55,7072529;37,6180474;0,0;-0,3333333333333333;10777003131
1790147640000;м90-20260923-007;vehicle-937;55,7105105;37,6201143;0,0;-0,3333333333333333;10777003130
1790147700000;м90-20260923-007;vehicle-937;55,7122845;37,6214819;8,0;-0,3333333333333333;10539275620
1790147760000;м90-20260923-007;vehicle-937;55,7143811;37,6204907;8,0;-0,3333333333333333;10781782840
1790147820000;м90-20260923-007;vehicle-937;55,7156722;37,6234528;0,0;-0,3333333333333333;10781782840
1790147880000;м90-20260923-007;vehicle-937;55,7180985;37,6251505;0,0;-0,3333333333333333;10781782838
1790147940000;м90-20260923-007;vehicle-937;55,720498;37,626795;0,0;-0,3333333333333333;10740471007
1790148000000;м90-20260923-007;vehicle-937;55,7233754;37,6268794;8,0;-0,3333333333333333;10711256696
1790148060000;м90-20260923-007;vehicle-937;55,7254415;37,6258271;8,0;-0,3333333333333333;10711256697
1790148120000;м90-20260923-007;vehicle-937;55,7275016;37,6250226;8,0;-0,3333333333333333;10781782847
1790148180000;м90-20260923-007;vehicle-937;55,7310921;37,6260456;0,0;-0,3333333333333333;10781782847
1790148240000;м90-20260923-007;vehicle-937;55,7337587;37,6276689;8,0;-0,3333333333333333;10781782846
1790148300000;м90-20260923-007;vehicle-937;55,7358946;37,6278628;8,0;-0,3333333333333333;5007785274
1790148360000;м90-20260923-007;vehicle-937;55,7391823;37,6283754;0,0;-0,3333333333333333;5007785274
1790148420000;м90-20260923-007;vehicle-937;55,7422265;37,6284875;0,0;-0,3333333333333333;9825498517
1790148480000;м90-20260923-007;vehicle-937;55,7444533;37,6276064;8,0;-0,3333333333333333;10781782852
1790148540000;м90-20260923-007;vehicle-937;55,7464283;37,6261086;8,0;-0,3333333333333333;9284083804
1790148600000;м90-20260923-007;vehicle-937;55,7478128;37,6247861;8,0;-0,3333333333333333;5166349030
1790146800000;384-20260923-000;vehicle-940;55,7759813;37,5845022;0,0;0,25;5041552958
1790146860000;384-20260923-000;vehicle-940;55,7760692;37,5830552;8,0;0,25;1253685272
1790146920000;384-20260923-000;vehicle-940;55,7793453;37,5800273;8,0;0,25;1253685272
1790146980000;384-20260923-000;vehicle-940;55,780726;37,5770583;8,0;0,25;1253685152
1790147040000;384-20260923-000;vehicle-940;55,7821102;37,5740841;8,0;0,25;1253685235
1790147100000;384-20260923-000;vehicle-940;55,7834814;37,5711076;8,0;0,25;1253685318
1790147160000;384-20260923-000;vehicle-940;55,7849877;37,5678441;0,0;0,25;1253685318
1790147220000;384-20260923-000;vehicle-940;55,7870464;37,5676861;8,0;0,25;1390556618
1790147280000;384-20260923-000;vehicle-940;55,783664;37,5629678;8,0;0,25;1390556618
1790147340000;384-20260923-000;vehicle-940;55,7817912;37,5604017;0,0;0,25;1390556618
1790147400000;384-20260923-000;vehicle-940;55,7803731;37,5572364;0,0;0,25;2250377775
1790147460000;384-20260923-000;vehicle-940;55,7822752;37,5540874;0,0;0,25;10770807633
1790147520000;384-20260923-000;vehicle-940;55,7831062;37,5509498;0,0;0,25;10770807635
1790147580000;384-20260923-000;vehicle-940;55,7812913;37,5469383;8,0;0,25;10770807638
1790147640000;384-20260923-000;vehicle-940;55,7799183;37,5439651;8,0;0,25;10770807640
1790147700000;384-20260923-000;vehicle-940;55,7819462;37,5382892;8,0;0,25;10770807640
1790147760000;384-20260923-000;vehicle-940;55,7821759;37,534861;8,0;0,25;1449161160
1790147820000;384-20260923-000;vehicle-940;55,783718;37,5357136;8,0;0,25;1457589281
1790147880000;384-20260923-000;vehicle-940;55,7869894;37,5378787;8,0;0,25;1457589281
1790147940000;384-20260923-000;vehicle-940;55,7887497;37,5400725;8,0;0,25;10777614858
1790148000000;384-20260923-000;vehicle-940;55,7904355;37,5424408;8,0;0,25;1251642862
1790148060000;384-20260923-000;vehicle-940;55,7932643;37,547329;8,0;0,25;1251642862
1790148120000;384-20260923-000;vehicle-940;55,7920172;37,5504277;8,0;0,25;5465097778
1790148180000;384-20260923-000;vehicle-940;55,791264;37,5561645;8,0;0,25;5465097778
1790148240000;384-20260923-000;vehicle-940;55,7928372;37,5578687;8,0;0,25;4447489243
1790148300000;384-20260923-000;vehicle-940;55,7930476;37,560766;8,0;0,25;10769940172
1790148360000;384-20260923-000;vehicle-940;55,7959702;37,5587521;0,0;0,25;10769940172
1790148420000;384-20260923-000;vehicle-940;55,7976019;37,554356;8,0;0,25;10769940171
1790148480000;384-20260923-000;vehicle-940;55,7988599;37,5560391;8,0;0,25;10746718173
1790148540000;384-20260923-000;vehicle-940;55,7999367;37,5593616;8,0;0,25;10746718174
1790148600000;384-20260923-000;vehicle-940;55,8012853;37,5637236;0,0;0,25;10746718174
1790146800000;384-20260923-001;vehicle-941;55,7816087;37,5751809;0,0;0,25;1253685152
1790146860000;384-20260923-001;vehicle-941;55,7828846;37,572388;0,0;0,25;1253685235
1790146920000;384-20260923-001;vehicle-941;55,7848487;37,5681377;8,0;0,25;1253685318
1790146980000;384-20260923-001;vehicle-941;55,7863894;37,5661145;8,0;0,25;1390556618
1790147040000;384-20260923-001;vehicle-941;55,7853568;37,5653233;8,0;0,25;1390556618
1790147100000;384-20260923-001;vehicle-941;55,7819624;37,5606328;8,0;0,25;1390556618
1790147160000;384-20260923-001;vehicle-941;55,7802404;37,5582273;8,0;0,25;2250377775
1790147220000;384-20260923-001;vehicle-941;55,7814027;37,5555366;8,0;0,25;10770807633
1790147280000;384-20260923-001;vehicle-941;55,7829656;37,5529467;8,0;0,25;10770807635
1790147340000;384-20260923-001;vehicle-941;55,782712;37,5498653;8,0;0,25;10770807638
1790147400000;384-20260923-001;vehicle-941;55,7803457;37,5449804;0,0;0,25;10770807638
1790147460000;384-20260923-001;vehicle-941;55,7811776;37,5416874;8,0;0,25;10770807640
1790147520000;384-20260923-001;vehicle-941;55,7819397;37,5380359;0,0;0,25;10770807640
1790147580000;384-20260923-001;vehicle-941;55,7830691;37,5346813;0,0;0,25;1449161160
1790147640000;384-20260923-001;vehicle-941;55,7855831;37,5349468;8,0;0,25;1457589281
1790147700000;384-20260923-001;vehicle-941;55,7872784;37,5382698;0,0;0,25;1457589281
1790147760000;384-20260923-001;vehicle-941;55,7896501;37,5413277;0,0;0,25;10777614858
1790147820000;384-20260923-001;vehicle-941;55,7921289;37,544803;8,0;0,25;1251642862
1790147880000;384-20260923-001;vehicle-941;55,792785;37,5484441;0,0;0,25;1251642862
1790147940000;384-20260923-001;vehicle-941;55,7927931;37,5537589;8,0;0,25;5465097778
1790148000000;384-20260923-001;vehicle-941;55,7915613;37,5568027;0,0;0,25;5465097778
1790148060000;384-20260923-001;vehicle-941;55,7929443;37,5591436;0,0;0,25;4447489243
1790148120000;384-20260923-001;vehicle-941;55,7946669;37,5589817;8,0;0,25;10769940172
1790148180000;384-20260923-001;vehicle-941;55,7964815;37,5576778;8,0;0,25;10769940171
1790148240000;384-20260923-001;vehicle-941;55,7976366;37,5542427;0,0;0,25;10769940171
1790148300000;384-20260923-001;vehicle-941;55,799469;37,5579252;0,0;0,25;10746718173
1790148360000;384-20260923-001;vehicle-941;55,8009807;37,5627102;8,0;0,25;10746718174
1790148420000;384-20260923-001;vehicle-941;55,8007756;37,5654344;8,0;0,25;10746718168
1790148480000;384-20260923-001;vehicle-941;55,800138;37,568262;8,0;0,25;10746718159
1790148540000;384-20260923-001;vehicle-941;55,8004915;37,5720572;8,0;0,25;10746718163
1790148600000;384-20260923-001;vehicle-941;55,8003481;37,5756471;0,0;0,25;10746718163
1790146800000;384-20260923-002;vehicle-942;55,7870464;37,5676861;8,0;0,25;1390556618
1790146860000;384-20260923-002;vehicle-942;55,783664;37,5629678;8,0;0,25;1390556618
1790146920000;384-20260923-002;vehicle-942;55,7817912;37,5604017;0,0;0,25;1390556618
1790146980000;384-20260923-002;vehicle-942;55,7803731;37,5572364;0,0;0,25;2250377775
1790147040000;384-20260923-002;vehicle-942;55,7822752;37,5540874;0,0;0,25;10770807633
1790147100000;384-20260923-002;vehicle-942;55,7831062;37,5509498;0,0;0,25;10770807635
1790147160000;384-20260923-002;vehicle-942;55,7812913;37,5469383;8,0;0,25;10770807638
1790147220000;384-20260923-002;vehicle-942;55,7799183;37,5439651;8,0;0,25;10770807640
1790147280000;384-20260923-002;vehicle-942;55,7819462;37,5382892;8,0;0,25;10770807640
1790147340000;384-20260923-002;vehicle-942;55,7821759;37,534861;8,0;0,25;1449161160
1790147400000;384-20260923-002;vehicle-942;55,783718;37,5357136;8,0;0,25;1457589281
1790147460000;384-20260923-002;vehicle-942;55,7869894;37,5378787;8,0;0,25;1457589281
1790147520000;384-20260923-002;vehicle-942;55,7887497;37,5400725;8,0;0,25;10777614858
1790147580000;384-20260923-002;vehicle-942;55,7904355;37,5424408;8,0;0,25;1251642862
1790147640000;384-20260923-002;vehicle-942;55,7932643;37,547329;8,0;0,25;1251642862
1790147700000;384-20260923-002;vehicle-942;55,7920172;37,5504277;8,0;0,25;5465097778
1790147760000;384-20260923-002;vehicle-942;55,791264;37,5561645;8,0;0,25;5465097778
1790147820000;384-20260923-002;vehicle-942;55,7928372;37,5578687;8,0;0,25;4447489243
1790147880000;384-20260923-002;vehicle-942;55,7930476;37,560766;8,0;0,25;10769940172
1790147940000;384-20260923-002;vehicle-942;55,7959702;37,5587521;0,0;0,25;10769940172
1790148000000;384-20260923-002;vehicle-942;55,7976019;37,554356;8,0;0,25;10769940171
1790148060000;384-20260923-002;vehicle-942;55,7988599;37,5560391;8,0;0,25;10746718173
1790148120000;384-20260923-002;vehicle-942;55,7999367;37,5593616;8,0;0,25;10746718174
1790148180000;384-20260923-002;vehicle-942;55,8012853;37,5637236;0,0;0,25;10746718174
1790148240000;384-20260923-002;vehicle-942;55,8000801;37,5676303;0,0;0,25;10746718168
1790148300000;384-20260923-002;vehicle-942;55,800416;37,5712938;0,0;0,25;10746718159
1790148360000;384-20260923-002;vehicle-942;55,8006374;37,5756017;8,0;0,25;10746718163
1790148420000;384-20260923-002;vehicle-942;55,7984774;37,5759624;8,0;0,25;10746718156
1790148480000;384-20260923-002;vehicle-942;55,7963246;37,5764099;8,0;0,25;10746718153
1790148540000;384-20260923-002;vehicle-942;55,7951654;37,5794387;0,0;0,25;10746718153
1790148600000;384-20260923-002;vehicle-942;55,7954607;37,5827879;0,0;0,25;10746494151
1790146800000;384-20260923-003;vehicle-943;55,7814027;37,5555366;8,0;0,25;10770807633
1790146860000;384-20260923-003;vehicle-943;55,7829656;37,5529467;8,0;0,25;10770807635
1790146920000;384-20260923-003;vehicle-943;55,782712;37,5498653;8,0;0,25;10770807638
1790146980000;384-20260923-003;vehicle-943;55,7803457;37,5449804;0,0;0,25;10770807638
1790147040000;384-20260923-003;vehicle-943;55,7811776;37,5416874;8,0;0,25;10770807640
1790147100000;384-20260923-003;vehicle-943;55,7819397;37,5380359;0,0;0,25;10770807640
1790147160000;384-20260923-003;vehicle-943;55,7830691;37,5346813;0,0;0,25;1449161160
1790147220000;384-20260923-003;vehicle-943;55,7855831;37,5349468;8,0;0,25;1457589281
1790147280000;384-20260923-003;vehicle-943;55,7872784;37,5382698;0,0;0,25;1457589281
1790147340000;384-20260923-003;vehicle-943;55,7896501;37,5413277;0,0;0,25;10777614858
1790147400000;384-20260923-003;vehicle-943;55,7921289;37,544803;8,0;0,25;1251642862
1790147460000;384-20260923-003;vehicle-943;55,792785;37,5484441;0,0;0,25;1251642862
1790147520000;384-20260923-003;vehicle-943;55,7927931;37,5537589;8,0;0,25;5465097778
1790147580000;384-20260923-003;vehicle-943;55,7915613;37,5568027;0,0;0,25;5465097778
1790147640000;384-20260923-003;vehicle-943;55,7929443;37,5591436;0,0;0,25;4447489243
1790147700000;384-20260923-003;vehicle-943;55,7946669;37,5589817;8,0;0,25;10769940172
1790147760000;384-20260923-003;vehicle-943;55,7964815;37,5576778;8,0;0,25;10769940171
1790147820000;384-20260923-003;vehicle-943;55,7976366;37,5542427;0,0;0,25;10769940171
1790147880000;384-20260923-003;vehicle-943;55,799469;37,5579252;0,0;0,25;10746718173
1790147940000;384-20260923-003;vehicle-943;55,8009807;37,5627102;8,0;0,25;10746718174
1790148000000;384-20260923-003;vehicle-943;55,8007756;37,5654344;8,0;0,25;10746718168
1790148060000;384-20260923-003;vehicle-943;55,800138;37,568262;8,0;0,25;10746718159
1790148120000;384-20260923-003;vehicle-943;55,8004915;37,5720572;8,0;0,25;10746718163
1790148180000;384-20260923-003;vehicle-943;55,8003481;37,5756471;0,0;0,25;10746718163
1790148240000;384-20260923-003;vehicle-943;55,7963958;37,5763956;0,0;0,25;10746718156
1790148300000;384-20260923-003;vehicle-943;55,7950452;37,5780523;8,0;0,25;10746718153
1790148360000;384-20260923-003;vehicle-943;55,7954484;37,5817831;8,0;0,25;10746494151
1790148420000;384-20260923-003;vehicle-943;55,7945082;37,5844188;8,0;0,25;8518855615
1790148480000;384-20260923-003;vehicle-943;55,79325;37,5862928;8,0;0,25;8518855615
1790148540000;384-20260923-003;vehicle-943;55,7937878;37,5878803;0,0;0,25;8518855615
1790148600000;384-20260923-003;vehicle-943;55,7937878;37,5878803;0,0;0,25;8518855615
1790146800000;384-20260923-004;vehicle-944;55,7799183;37,5439651;8,0;0,25;10770807640
1790146860000;384-20260923-004;vehicle-944;55,7819462;37,5382892;8,0;0,25;10770807640
1790146920000;384-20260923-004;vehicle-944;55,7821759;37,534861;8,0;0,25;1449161160
1790146980000;384-20260923-004;vehicle-944;55,783718;37,5357136;8,0;0,25;1457589281
1790147040000;384-20260923-004;vehicle-944;55,7869894;37,5378787;8,0;0,25;1457589281
1790147100000;384-20260923-004;vehicle-944;55,7887497;37,5400725;8,0;0,25;10777614858
1790147160000;384-20260923-004;vehicle-944;55,7904355;37,5424408;8,0;0,25;1251642862
1790147220000;384-20260923-004;vehicle-944;55,7932643;37,547329;8,0;0,25;1251642862
1790147280000;384-20260923-004;vehicle-944;55,7920172;37,5504277;8,0;0,25;5465097778
1790147340000;384-20260923-004;vehicle-944;55,791264;37,5561645;8,0;0,25;5465097778
1790147400000;384-20260923-004;vehicle-944;55,7928372;37,5578687;8,0;0,25;4447489243
1790147460000;384-20260923-004;vehicle-944;55,7930476;37,560766;8,0;0,25;10769940172
1790147520000;384-20260923-004;vehicle-944;55,7959702;37,5587521;0,0;0,25;10769940172
1790147580000;384-20260923-004;vehicle-944;55,7976019;37,554356;8,0;0,25;10769940171
1790147640000;384-20260923-004;vehicle-944;55,7988599;37,5560391;8,0;0,25;10746718173
1790147700000;384-20260923-004;vehicle-944;55,7999367;37,5593616;8,0;0,25;10746718174
1790147760000;384-20260923-004;vehicle-944;55,8012853;37,5637236;0,0;0,25;10746718174
1790147820000;384-20260923-004;vehicle-944;55,8000801;37,5676303;0,0;0,25;10746718168
1790147880000;384-20260923-004;vehicle-944;55,800416;37,5712938;0,0;0,25;10746718159
1790147940000;384-20260923-004;vehicle-944;55,8006374;37,5756017;8,0;0,25;10746718163
1790148000000;384-20260923-004;vehicle-944;55,7984774;37,5759624;8,0;0,25;10746718156
1790148060000;384-20260923-004;vehicle-944;55,7963246;37,5764099;8,0;0,25;10746718153
1790148120000;384-20260923-004;vehicle-944;55,7951654;37,5794387;0,0;0,25;10746718153
1790148180000;384-20260923-004;vehicle-944;55,7954607;37,5827879;0,0;0,25;10746494151
1790148240000;384-20260923-004;vehicle-944;55,792922;37,5870166;8,0;0,25;8518855615
1790148300000;384-20260923-004;vehicle-944;55,7937003;37,5880844;8,0;0,25;8518855615
1790148360000;384-20260923-004;vehicle-944;55,7937878;37,5878803;0,0;0,25;8518855615
1790148420000;384-20260923-004;vehicle-944;55,7937878;37,5878803;0,0;0,25;8518855615
1790148480000;384-20260923-004;vehicle-944;55,7937878;37,5878803;0,0;0,25;8518855615
1790148540000;384-20260923-004;vehicle-944;55,7937878;37,5878803;0,0;0,25;8518855615
1790148600000;384-20260923-004;vehicle-944;55,7937878;37,5878803;0,0;0,25;8518855615
1790146800000;384-20260923-005;vehicle-945;55,7855831;37,5349468;8,0;0,25;1457589281
1790146860000;384-20260923-005;vehicle-945;55,7872784;37,5382698;0,0;0,25;1457589281
1790146920000;384-20260923-005;vehicle-945;55,7896501;37,5413277;0,0;0,25;10777614858
1790146980000;384-20260923-005;vehicle-945;55,7921289;37,544803;8,0;0,25;1251642862
1790147040000;384-20260923-005;vehicle-945;55,792785;37,5484441;0,0;0,25;1251642862
1790147100000;384-20260923-005;vehicle-945;55,7927931;37,5537589;8,0;0,25;5465097778
1790147160000;384-20260923-005;vehicle-945;55,7915613;37,5568027;0,0;0,25;5465097778
1790147220000;384-20260923-005;vehicle-945;55,7929443;37,5591436;0,0;0,25;4447489243
1790147280000;384-20260923-005;vehicle-945;55,7946669;37,5589817;8,0;0,25;10769940172
1790147340000;384-20260923-005;vehicle-945;55,7964815;37,5576778;8,0;0,25;10769940171
1790147400000;384-20260923-005;vehicle-945;55,7976366;37,5542427;0,0;0,25;10769940171
1790147460000;384-20260923-005;vehicle-945;55,799469;37,5579252;0,0;0,25;10746718173
1790147520000;384-20260923-005;vehicle-945;55,8009807;37,5627102;8,0;0,25;10746718174
1790147580000;384-20260923-005;vehicle-945;55,8007756;37,5654344;8,0;0,25;10746718168
1790147640000;384-20260923-005;vehicle-945;55,800138;37,568262;8,0;0,25;10746718159
1790147700000;384-20260923-005;vehicle-945;55,8004915;37,5720572;8,0;0,25;10746718163
1790147760000;384-20260923-005;vehicle-945;55,8003481;37,5756471;0,0;0,25;10746718163
1790147820000;384-20260923-005;vehicle-945;55,7963958;37,5763956;0,0;0,25;10746718156
1790147880000;384-20260923-005;vehicle-945;55,7950452;37,5780523;8,0;0,25;10746718153
1790147940000;384-20260923-005;vehicle-945;55,7954484;37,5817831;8,0;0,25;10746494151
1790148000000;384-20260923-005;vehicle-945;55,7945082;37,5844188;8,0;0,25;8518855615
1790148060000;384-20260923-005;vehicle-945;55,79325;37,5862928;8,0;0,25;8518855615
1790148120000;384-20260923-005;vehicle-945;55,7937878;37,5878803;0,0;0,25;8518855615
1790148180000;384-20260923-005;vehicle-945;55,7937878;37,5878803;0,0;0,25;8518855615
1790148240000;384-20260923-005;vehicle-945;55,7937878;37,5878803;0,0;0,25;8518855615
1790148300000;384-20260923-005;vehicle-945;55,7937878;37,5878803;0,0;0,25;8518855615
1790148360000;384-20260923-005;vehicle-945;55,7937878;37,5878803;0,0;0,25;8518855615
1790148420000;384-20260923-005;vehicle-945;55,7937878;37,5878803;0,0;0,25;8518855615
1790148480000;384-20260923-005;vehicle-945;55,7937878;37,5878803;0,0;0,25;8518855615
1790148540000;384-20260923-005;vehicle-945;55,7937878;37,5878803;0,0;0,25;8518855615
1790148600000;384-20260923-005;vehicle-945;55,7937878;37,5878803;0,0;0,25;8518855615
1790146800000;384-20260923-006;vehicle-946;55,7932643;37,547329;8,0;0,25;1251642862
1790146860000;384-20260923-006;vehicle-946;55,7920172;37,5504277;8,0;0,25;5465097778
1790146920000;384-20260923-006;vehicle-946;55,791264;37,5561645;8,0;0,25;5465097778
1790146980000;384-20260923-006;vehicle-946;55,7928372;37,5578687;8,0;0,25;4447489243
1790147040000;384-20260923-006;vehicle-946;55,7930476;37,560766;8,0;0,25;10769940172
1790147100000;384-20260923-006;vehicle-946;55,7959702;37,5587521;0,0;0,25;10769940172
1790147160000;384-20260923-006;vehicle-946;55,7976019;37,554356;8,0;0,25;10769940171
1790147220000;384-20260923-006;vehicle-946;55,7988599;37,5560391;8,0;0,25;10746718173
1790147280000;384-20260923-006;vehicle-946;55,7999367;37,5593616;8,0;0,25;10746718174
1790147340000;384-20260923-006;vehicle-946;55,8012853;37,5637236;0,0;0,25;10746718174
1790147400000;384-20260923-006;vehicle-946;55,8000801;37,5676303;0,0;0,25;10746718168
1790147460000;384-20260923-006;vehicle-946;55,800416;37,5712938;0,0;0,25;10746718159
1790147520000;384-20260923-006;vehicle-946;55,8006374;37,5756017;8,0;0,25;10746718163
1790147580000;384-20260923-006;vehicle-946;55,7984774;37,5759624;8,0;0,25;10746718156
1790147640000;384-20260923-006;vehicle-946;55,7963246;37,5764099;8,0;0,25;10746718153
1790147700000;384-20260923-006;vehicle-946;55,7951654;37,5794387;0,0;0,25;10746718153
1790147760000;384-20260923-006;vehicle-946;55,7954607;37,5827879;0,0;0,25;10746494151
1790147820000;384-20260923-006;vehicle-946;55,792922;37,5870166;8,0;0,25;8518855615
1790147880000;384-20260923-006;vehicle-946;55,7937003;37,5880844;8,0;0,25;8518855615
1790147940000;384-20260923-006;vehicle-946;55,7937878;37,5878803;0,0;0,25;8518855615
1790148000000;384-20260923-006;vehicle-946;55,7937878;37,5878803;0,0;0,25;8518855615
1790148060000;384-20260923-006;vehicle-946;55,7937878;37,5878803;0,0;0,25;8518855615
1790148120000;384-20260923-006;vehicle-946;55,7937878;37,5878803;0,0;0,25;8518855615
1790148180000;384-20260923-006;vehicle-946;55,7937878;37,5878803;0,0;0,25;8518855615
1790148240000;384-20260923-006;vehicle-946;55,7937878;37,5878803;0,0;0,25;8518855615
1790148300000;384-20260923-006;vehicle-946;55,7937878;37,5878803;0,0;0,25;8518855615
1790148360000;384-20260923-006;vehicle-946;55,7937878;37,5878803;0,0;0,25;8518855615
1790148420000;384-20260923-006;vehicle-946;55,7937878;37,5878803;0,0;0,25;8518855615
1790148480000;384-20260923-006;vehicle-946;55,7937878;37,5878803;0,0;0,25;8518855615
1790148540000;384-20260923-006;vehicle-946;55,7937878;37,5878803;0,0;0,25;8518855615
1790148600000;384-20260923-006;vehicle-946;55,7937878;37,5878803;0,0;0,25;8518855615
1790146800000;384-20260923-007;vehicle-947;55,7933365;37,5607109;8,0;-0,3333333333333333;10769940172
1790146860000;384-20260923-007;vehicle-947;55,7959702;37,5587521;0,0;-0,3333333333333333;10769940172
1790146920000;384-20260923-007;vehicle-947;55,7976366;37,5542427;0,0;-0,3333333333333333;10769940171
1790146980000;384-20260923-007;vehicle-947;55,7990449;37,5565879;8,0;-0,3333333333333333;10746718173
1790147040000;384-20260923-007;vehicle-947;55,8001195;37,559911;8,0;-0,3333333333333333;10746718174
1790147100000;384-20260923-007;vehicle-947;55,8012853;37,5637236;0,0;-0,3333333333333333;10746718174
1790147160000;384-20260923-007;vehicle-947;55,8000801;37,5676303;0,0;-0,3333333333333333;10746718168
1790147220000;384-20260923-007;vehicle-947;55,800416;37,5712938;0,0;-0,3333333333333333;10746718159
1790147280000;384-20260923-007;vehicle-947;55,8003481;37,5756471;0,0;-0,3333333333333333;10746718163
1790147340000;384-20260923-007;vehicle-947;55,7981183;37,5760331;8,0;-0,3333333333333333;10746718156
1790147400000;384-20260923-007;vehicle-947;55,7959682;37,5764813;8,0;-0,3333333333333333;10746718153
1790147460000;384-20260923-007;vehicle-947;55,7951654;37,5794387;0,0;-0,3333333333333333;10746718153
1790147520000;384-20260923-007;vehicle-947;55,7954607;37,5827879;0,0;-0,3333333333333333;10746494151
1790147580000;384-20260923-007;vehicle-947;55,792606;37,5870225;8,0;-0,3333333333333333;8518855615
1790147640000;384-20260923-007;vehicle-947;55,7937878;37,5878803;0,0;-0,3333333333333333;8518855615
1790147700000;384-20260923-007;vehicle-947;55,7937878;37,5878803;0,0;-0,3333333333333333;8518855615
1790147760000;384-20260923-007;vehicle-947;55,7937878;37,5878803;0,0;-0,3333333333333333;8518855615
1790147820000;384-20260923-007;vehicle-947;55,7937878;37,5878803;0,0;-0,3333333333333333;8518855615
1790147880000;384-20260923-007;vehicle-947;55,7937878;37,5878803;0,0;-0,3333333333333333;8518855615
1790147940000;384-20260923-007;vehicle-947;55,7937878;37,5878803;0,0;-0,3333333333333333;8518855615
1790148000000;384-20260923-007;vehicle-947;55,7937878;37,5878803;0,0;-0,3333333333333333;8518855615
1790148060000;384-20260923-007;vehicle-947;55,7937878;37,5878803;0,0;-0,3333333333333333;8518855615
1790148120000;384-20260923-007;vehicle-947;55,7937878;37,5878803;0,0;-0,3333333333333333;8518855615
1790148180000;384-20260923-007;vehicle-947;55,7937878;37,5878803;0,0;-0,3333333333333333;8518855615
1790148240000;384-20260923-007;vehicle-947;55,7937878;37,5878803;0,0;-0,3333333333333333;8518855615
1790148300000;384-20260923-007;vehicle-947;55,7937878;37,5878803;0,0;-0,3333333333333333;8518855615
1790148360000;384-20260923-007;vehicle-947;55,7937878;37,5878803;0,0;-0,3333333333333333;8518855615
1790148420000;384-20260923-007;vehicle-947;55,7937878;37,5878803;0,0;-0,3333333333333333;8518855615
1790148480000;384-20260923-007;vehicle-947;55,7937878;37,5878803;0,0;-0,3333333333333333;8518855615
1790148540000;384-20260923-007;vehicle-947;55,7937878;37,5878803;0,0;-0,3333333333333333;8518855615
1790148600000;384-20260923-007;vehicle-947;55,7937878;37,5878803;0,0;-0,3333333333333333;8518855615
